recording_id,clip_idx,path,start,end,label_id,split,label_name,dataset
0_1,0,/datasets/audio/deepship/test/0/0_1.wav,0.0,30.0,0,test,Cargo ship,deepship
0_1,1,/datasets/audio/deepship/test/0/0_1.wav,15.0,45.0,0,test,Cargo ship,deepship
0_1,2,/datasets/audio/deepship/test/0/0_1.wav,30.0,60.0,0,test,Cargo ship,deepship
0_1,3,/datasets/audio/deepship/test/0/0_1.wav,45.0,75.0,0,test,Cargo ship,deepship
0_1,4,/datasets/audio/deepship/test/0/0_1.wav,60.0,90.0,0,test,Cargo ship,deepship
0_1,5,/datasets/audio/deepship/test/0/0_1.wav,75.0,105.0,0,test,Cargo ship,deepship
0_1,6,/datasets/audio/deepship/test/0/0_1.wav,90.0,120.0,0,test,Cargo ship,deepship
0_1,7,/datasets/audio/deepship/test/0/0_1.wav,105.0,135.0,0,test,Cargo ship,deepship
0_1,8,/datasets/audio/deepship/test/0/0_1.wav,120.0,150.0,0,test,Cargo ship,deepship
0_1,9,/datasets/audio/deepship/test/0/0_1.wav,135.0,165.0,0,test,Cargo ship,deepship
0_1,10,/datasets/audio/deepship/test/0/0_1.wav,150.0,180.0,0,test,Cargo ship,deepship
0_1,11,/datasets/audio/deepship/test/0/0_1.wav,165.0,195.0,0,test,Cargo ship,deepship
0_1,12,/datasets/audio/deepship/test/0/0_1.wav,180.0,210.0,0,test,Cargo ship,deepship
0_1,13,/datasets/audio/deepship/test/0/0_1.wav,195.0,225.0,0,test,Cargo ship,deepship
0_1,14,/datasets/audio/deepship/test/0/0_1.wav,210.0,240.0,0,test,Cargo ship,deepship
0_1,15,/datasets/audio/deepship/test/0/0_1.wav,225.0,255.0,0,test,Cargo ship,deepship
0_1,16,/datasets/audio/deepship/test/0/0_1.wav,240.0,270.0,0,test,Cargo ship,deepship
0_1,17,/datasets/audio/deepship/test/0/0_1.wav,255.0,285.0,0,test,Cargo ship,deepship
0_1,18,/datasets/audio/deepship/test/0/0_1.wav,270.0,300.0,0,test,Cargo ship,deepship
0_1,19,/datasets/audio/deepship/test/0/0_1.wav,285.0,315.0,0,test,Cargo ship,deepship
0_1,20,/datasets/audio/deepship/test/0/0_1.wav,300.0,330.0,0,test,Cargo ship,deepship
0_1,21,/datasets/audio/deepship/test/0/0_1.wav,315.0,345.0,0,test,Cargo ship,deepship
0_1,22,/datasets/audio/deepship/test/0/0_1.wav,330.0,360.0,0,test,Cargo ship,deepship
0_1,23,/datasets/audio/deepship/test/0/0_1.wav,345.0,375.0,0,test,Cargo ship,deepship
0_1,24,/datasets/audio/deepship/test/0/0_1.wav,360.0,390.0,0,test,Cargo ship,deepship
0_1,25,/datasets/audio/deepship/test/0/0_1.wav,375.0,405.0,0,test,Cargo ship,deepship
0_1,26,/datasets/audio/deepship/test/0/0_1.wav,390.0,420.0,0,test,Cargo ship,deepship
0_1,27,/datasets/audio/deepship/test/0/0_1.wav,405.0,435.0,0,test,Cargo ship,deepship
0_1,28,/datasets/audio/deepship/test/0/0_1.wav,420.0,450.0,0,test,Cargo ship,deepship
0_1,29,/datasets/audio/deepship/test/0/0_1.wav,427.0,457.0,0,test,Cargo ship,deepship
0_100,0,/datasets/audio/deepship/test/0/0_100.wav,0.0,30.0,0,test,Cargo ship,deepship
0_100,1,/datasets/audio/deepship/test/0/0_100.wav,15.0,45.0,0,test,Cargo ship,deepship
0_100,2,/datasets/audio/deepship/test/0/0_100.wav,30.0,60.0,0,test,Cargo ship,deepship
0_100,3,/datasets/audio/deepship/test/0/0_100.wav,45.0,75.0,0,test,Cargo ship,deepship
0_100,4,/datasets/audio/deepship/test/0/0_100.wav,60.0,90.0,0,test,Cargo ship,deepship
0_100,5,/datasets/audio/deepship/test/0/0_100.wav,75.0,105.0,0,test,Cargo ship,deepship
0_100,6,/datasets/audio/deepship/test/0/0_100.wav,90.0,120.0,0,test,Cargo ship,deepship
0_100,7,/datasets/audio/deepship/test/0/0_100.wav,105.0,135.0,0,test,Cargo ship,deepship
0_100,8,/datasets/audio/deepship/test/0/0_100.wav,120.0,150.0,0,test,Cargo ship,deepship
0_100,9,/datasets/audio/deepship/test/0/0_100.wav,135.0,165.0,0,test,Cargo ship,deepship
0_100,10,/datasets/audio/deepship/test/0/0_100.wav,150.0,180.0,0,test,Cargo ship,deepship
0_100,11,/datasets/audio/deepship/test/0/0_100.wav,165.0,195.0,0,test,Cargo ship,deepship
0_100,12,/datasets/audio/deepship/test/0/0_100.wav,180.0,210.0,0,test,Cargo ship,deepship
0_100,13,/datasets/audio/deepship/test/0/0_100.wav,195.0,225.0,0,test,Cargo ship,deepship
0_100,14,/datasets/audio/deepship/test/0/0_100.wav,210.0,240.0,0,test,Cargo ship,deepship
0_100,15,/datasets/audio/deepship/test/0/0_100.wav,225.0,255.0,0,test,Cargo ship,deepship
0_100,16,/datasets/audio/deepship/test/0/0_100.wav,240.0,270.0,0,test,Cargo ship,deepship
0_100,17,/datasets/audio/deepship/test/0/0_100.wav,255.0,285.0,0,test,Cargo ship,deepship
0_100,18,/datasets/audio/deepship/test/0/0_100.wav,270.0,300.0,0,test,Cargo ship,deepship
0_100,19,/datasets/audio/deepship/test/0/0_100.wav,285.0,315.0,0,test,Cargo ship,deepship
0_100,20,/datasets/audio/deepship/test/0/0_100.wav,300.0,330.0,0,test,Cargo ship,deepship
0_100,21,/datasets/audio/deepship/test/0/0_100.wav,315.0,345.0,0,test,Cargo ship,deepship
0_100,22,/datasets/audio/deepship/test/0/0_100.wav,320.0,350.0,0,test,Cargo ship,deepship
0_104,0,/datasets/audio/deepship/test/0/0_104.wav,0.0,30.0,0,test,Cargo ship,deepship
0_104,1,/datasets/audio/deepship/test/0/0_104.wav,15.0,45.0,0,test,Cargo ship,deepship
0_104,2,/datasets/audio/deepship/test/0/0_104.wav,30.0,60.0,0,test,Cargo ship,deepship
0_104,3,/datasets/audio/deepship/test/0/0_104.wav,45.0,75.0,0,test,Cargo ship,deepship
0_104,4,/datasets/audio/deepship/test/0/0_104.wav,60.0,90.0,0,test,Cargo ship,deepship
0_104,5,/datasets/audio/deepship/test/0/0_104.wav,75.0,105.0,0,test,Cargo ship,deepship
0_104,6,/datasets/audio/deepship/test/0/0_104.wav,90.0,120.0,0,test,Cargo ship,deepship
0_104,7,/datasets/audio/deepship/test/0/0_104.wav,105.0,135.0,0,test,Cargo ship,deepship
0_104,8,/datasets/audio/deepship/test/0/0_104.wav,120.0,150.0,0,test,Cargo ship,deepship
0_104,9,/datasets/audio/deepship/test/0/0_104.wav,135.0,165.0,0,test,Cargo ship,deepship
0_104,10,/datasets/audio/deepship/test/0/0_104.wav,150.0,180.0,0,test,Cargo ship,deepship
0_104,11,/datasets/audio/deepship/test/0/0_104.wav,165.0,195.0,0,test,Cargo ship,deepship
0_104,12,/datasets/audio/deepship/test/0/0_104.wav,180.0,210.0,0,test,Cargo ship,deepship
0_104,13,/datasets/audio/deepship/test/0/0_104.wav,195.0,225.0,0,test,Cargo ship,deepship
0_104,14,/datasets/audio/deepship/test/0/0_104.wav,210.0,240.0,0,test,Cargo ship,deepship
0_104,15,/datasets/audio/deepship/test/0/0_104.wav,219.0,249.0,0,test,Cargo ship,deepship
0_18,0,/datasets/audio/deepship/test/0/0_18.wav,0.0,30.0,0,test,Cargo ship,deepship
0_18,1,/datasets/audio/deepship/test/0/0_18.wav,15.0,45.0,0,test,Cargo ship,deepship
0_18,2,/datasets/audio/deepship/test/0/0_18.wav,30.0,60.0,0,test,Cargo ship,deepship
0_18,3,/datasets/audio/deepship/test/0/0_18.wav,45.0,75.0,0,test,Cargo ship,deepship
0_18,4,/datasets/audio/deepship/test/0/0_18.wav,60.0,90.0,0,test,Cargo ship,deepship
0_18,5,/datasets/audio/deepship/test/0/0_18.wav,75.0,105.0,0,test,Cargo ship,deepship
0_18,6,/datasets/audio/deepship/test/0/0_18.wav,90.0,120.0,0,test,Cargo ship,deepship
0_18,7,/datasets/audio/deepship/test/0/0_18.wav,105.0,135.0,0,test,Cargo ship,deepship
0_18,8,/datasets/audio/deepship/test/0/0_18.wav,120.0,150.0,0,test,Cargo ship,deepship
0_18,9,/datasets/audio/deepship/test/0/0_18.wav,135.0,165.0,0,test,Cargo ship,deepship
0_18,10,/datasets/audio/deepship/test/0/0_18.wav,150.0,180.0,0,test,Cargo ship,deepship
0_18,11,/datasets/audio/deepship/test/0/0_18.wav,165.0,195.0,0,test,Cargo ship,deepship
0_18,12,/datasets/audio/deepship/test/0/0_18.wav,180.0,210.0,0,test,Cargo ship,deepship
0_18,13,/datasets/audio/deepship/test/0/0_18.wav,195.0,225.0,0,test,Cargo ship,deepship
0_18,14,/datasets/audio/deepship/test/0/0_18.wav,210.0,240.0,0,test,Cargo ship,deepship
0_18,15,/datasets/audio/deepship/test/0/0_18.wav,225.0,255.0,0,test,Cargo ship,deepship
0_18,16,/datasets/audio/deepship/test/0/0_18.wav,240.0,270.0,0,test,Cargo ship,deepship
0_18,17,/datasets/audio/deepship/test/0/0_18.wav,255.0,285.0,0,test,Cargo ship,deepship
0_18,18,/datasets/audio/deepship/test/0/0_18.wav,270.0,300.0,0,test,Cargo ship,deepship
0_18,19,/datasets/audio/deepship/test/0/0_18.wav,285.0,315.0,0,test,Cargo ship,deepship
0_18,20,/datasets/audio/deepship/test/0/0_18.wav,300.0,330.0,0,test,Cargo ship,deepship
0_18,21,/datasets/audio/deepship/test/0/0_18.wav,315.0,345.0,0,test,Cargo ship,deepship
0_18,22,/datasets/audio/deepship/test/0/0_18.wav,330.0,360.0,0,test,Cargo ship,deepship
0_18,23,/datasets/audio/deepship/test/0/0_18.wav,345.0,375.0,0,test,Cargo ship,deepship
0_18,24,/datasets/audio/deepship/test/0/0_18.wav,360.0,390.0,0,test,Cargo ship,deepship
0_18,25,/datasets/audio/deepship/test/0/0_18.wav,375.0,405.0,0,test,Cargo ship,deepship
0_18,26,/datasets/audio/deepship/test/0/0_18.wav,390.0,420.0,0,test,Cargo ship,deepship
0_18,27,/datasets/audio/deepship/test/0/0_18.wav,405.0,435.0,0,test,Cargo ship,deepship
0_18,28,/datasets/audio/deepship/test/0/0_18.wav,406.0,436.0,0,test,Cargo ship,deepship
0_2,0,/datasets/audio/deepship/test/0/0_2.wav,0.0,30.0,0,test,Cargo ship,deepship
0_2,1,/datasets/audio/deepship/test/0/0_2.wav,15.0,45.0,0,test,Cargo ship,deepship
0_2,2,/datasets/audio/deepship/test/0/0_2.wav,30.0,60.0,0,test,Cargo ship,deepship
0_2,3,/datasets/audio/deepship/test/0/0_2.wav,45.0,75.0,0,test,Cargo ship,deepship
0_2,4,/datasets/audio/deepship/test/0/0_2.wav,60.0,90.0,0,test,Cargo ship,deepship
0_2,5,/datasets/audio/deepship/test/0/0_2.wav,75.0,105.0,0,test,Cargo ship,deepship
0_2,6,/datasets/audio/deepship/test/0/0_2.wav,90.0,120.0,0,test,Cargo ship,deepship
0_2,7,/datasets/audio/deepship/test/0/0_2.wav,105.0,135.0,0,test,Cargo ship,deepship
0_2,8,/datasets/audio/deepship/test/0/0_2.wav,120.0,150.0,0,test,Cargo ship,deepship
0_2,9,/datasets/audio/deepship/test/0/0_2.wav,135.0,165.0,0,test,Cargo ship,deepship
0_2,10,/datasets/audio/deepship/test/0/0_2.wav,150.0,180.0,0,test,Cargo ship,deepship
0_2,11,/datasets/audio/deepship/test/0/0_2.wav,165.0,195.0,0,test,Cargo ship,deepship
0_2,12,/datasets/audio/deepship/test/0/0_2.wav,180.0,210.0,0,test,Cargo ship,deepship
0_2,13,/datasets/audio/deepship/test/0/0_2.wav,195.0,225.0,0,test,Cargo ship,deepship
0_2,14,/datasets/audio/deepship/test/0/0_2.wav,210.0,240.0,0,test,Cargo ship,deepship
0_2,15,/datasets/audio/deepship/test/0/0_2.wav,225.0,255.0,0,test,Cargo ship,deepship
0_2,16,/datasets/audio/deepship/test/0/0_2.wav,240.0,270.0,0,test,Cargo ship,deepship
0_2,17,/datasets/audio/deepship/test/0/0_2.wav,255.0,285.0,0,test,Cargo ship,deepship
0_2,18,/datasets/audio/deepship/test/0/0_2.wav,270.0,300.0,0,test,Cargo ship,deepship
0_2,19,/datasets/audio/deepship/test/0/0_2.wav,285.0,315.0,0,test,Cargo ship,deepship
0_2,20,/datasets/audio/deepship/test/0/0_2.wav,300.0,330.0,0,test,Cargo ship,deepship
0_2,21,/datasets/audio/deepship/test/0/0_2.wav,315.0,345.0,0,test,Cargo ship,deepship
0_2,22,/datasets/audio/deepship/test/0/0_2.wav,330.0,360.0,0,test,Cargo ship,deepship
0_2,23,/datasets/audio/deepship/test/0/0_2.wav,345.0,375.0,0,test,Cargo ship,deepship
0_2,24,/datasets/audio/deepship/test/0/0_2.wav,360.0,390.0,0,test,Cargo ship,deepship
0_2,25,/datasets/audio/deepship/test/0/0_2.wav,375.0,405.0,0,test,Cargo ship,deepship
0_2,26,/datasets/audio/deepship/test/0/0_2.wav,390.0,420.0,0,test,Cargo ship,deepship
0_2,27,/datasets/audio/deepship/test/0/0_2.wav,405.0,435.0,0,test,Cargo ship,deepship
0_2,28,/datasets/audio/deepship/test/0/0_2.wav,410.0,440.0,0,test,Cargo ship,deepship
0_30,0,/datasets/audio/deepship/test/0/0_30.wav,0.0,30.0,0,test,Cargo ship,deepship
0_30,1,/datasets/audio/deepship/test/0/0_30.wav,15.0,45.0,0,test,Cargo ship,deepship
0_30,2,/datasets/audio/deepship/test/0/0_30.wav,30.0,60.0,0,test,Cargo ship,deepship
0_30,3,/datasets/audio/deepship/test/0/0_30.wav,45.0,75.0,0,test,Cargo ship,deepship
0_30,4,/datasets/audio/deepship/test/0/0_30.wav,60.0,90.0,0,test,Cargo ship,deepship
0_30,5,/datasets/audio/deepship/test/0/0_30.wav,75.0,105.0,0,test,Cargo ship,deepship
0_30,6,/datasets/audio/deepship/test/0/0_30.wav,90.0,120.0,0,test,Cargo ship,deepship
0_30,7,/datasets/audio/deepship/test/0/0_30.wav,105.0,135.0,0,test,Cargo ship,deepship
0_30,8,/datasets/audio/deepship/test/0/0_30.wav,120.0,150.0,0,test,Cargo ship,deepship
0_30,9,/datasets/audio/deepship/test/0/0_30.wav,135.0,165.0,0,test,Cargo ship,deepship
0_30,10,/datasets/audio/deepship/test/0/0_30.wav,150.0,180.0,0,test,Cargo ship,deepship
0_30,11,/datasets/audio/deepship/test/0/0_30.wav,165.0,195.0,0,test,Cargo ship,deepship
0_30,12,/datasets/audio/deepship/test/0/0_30.wav,180.0,210.0,0,test,Cargo ship,deepship
0_30,13,/datasets/audio/deepship/test/0/0_30.wav,195.0,225.0,0,test,Cargo ship,deepship
0_30,14,/datasets/audio/deepship/test/0/0_30.wav,210.0,240.0,0,test,Cargo ship,deepship
0_30,15,/datasets/audio/deepship/test/0/0_30.wav,225.0,255.0,0,test,Cargo ship,deepship
0_30,16,/datasets/audio/deepship/test/0/0_30.wav,240.0,270.0,0,test,Cargo ship,deepship
0_30,17,/datasets/audio/deepship/test/0/0_30.wav,255.0,285.0,0,test,Cargo ship,deepship
0_30,18,/datasets/audio/deepship/test/0/0_30.wav,270.0,300.0,0,test,Cargo ship,deepship
0_30,19,/datasets/audio/deepship/test/0/0_30.wav,285.0,315.0,0,test,Cargo ship,deepship
0_30,20,/datasets/audio/deepship/test/0/0_30.wav,294.0,324.0,0,test,Cargo ship,deepship
0_32,0,/datasets/audio/deepship/test/0/0_32.wav,0.0,30.0,0,test,Cargo ship,deepship
0_32,1,/datasets/audio/deepship/test/0/0_32.wav,15.0,45.0,0,test,Cargo ship,deepship
0_32,2,/datasets/audio/deepship/test/0/0_32.wav,30.0,60.0,0,test,Cargo ship,deepship
0_32,3,/datasets/audio/deepship/test/0/0_32.wav,45.0,75.0,0,test,Cargo ship,deepship
0_32,4,/datasets/audio/deepship/test/0/0_32.wav,60.0,90.0,0,test,Cargo ship,deepship
0_32,5,/datasets/audio/deepship/test/0/0_32.wav,75.0,105.0,0,test,Cargo ship,deepship
0_32,6,/datasets/audio/deepship/test/0/0_32.wav,90.0,120.0,0,test,Cargo ship,deepship
0_32,7,/datasets/audio/deepship/test/0/0_32.wav,105.0,135.0,0,test,Cargo ship,deepship
0_32,8,/datasets/audio/deepship/test/0/0_32.wav,120.0,150.0,0,test,Cargo ship,deepship
0_32,9,/datasets/audio/deepship/test/0/0_32.wav,135.0,165.0,0,test,Cargo ship,deepship
0_32,10,/datasets/audio/deepship/test/0/0_32.wav,150.0,180.0,0,test,Cargo ship,deepship
0_32,11,/datasets/audio/deepship/test/0/0_32.wav,165.0,195.0,0,test,Cargo ship,deepship
0_32,12,/datasets/audio/deepship/test/0/0_32.wav,180.0,210.0,0,test,Cargo ship,deepship
0_32,13,/datasets/audio/deepship/test/0/0_32.wav,195.0,225.0,0,test,Cargo ship,deepship
0_32,14,/datasets/audio/deepship/test/0/0_32.wav,210.0,240.0,0,test,Cargo ship,deepship
0_32,15,/datasets/audio/deepship/test/0/0_32.wav,225.0,255.0,0,test,Cargo ship,deepship
0_32,16,/datasets/audio/deepship/test/0/0_32.wav,240.0,270.0,0,test,Cargo ship,deepship
0_32,17,/datasets/audio/deepship/test/0/0_32.wav,255.0,285.0,0,test,Cargo ship,deepship
0_32,18,/datasets/audio/deepship/test/0/0_32.wav,270.0,300.0,0,test,Cargo ship,deepship
0_32,19,/datasets/audio/deepship/test/0/0_32.wav,285.0,315.0,0,test,Cargo ship,deepship
0_32,20,/datasets/audio/deepship/test/0/0_32.wav,300.0,330.0,0,test,Cargo ship,deepship
0_32,21,/datasets/audio/deepship/test/0/0_32.wav,315.0,345.0,0,test,Cargo ship,deepship
0_32,22,/datasets/audio/deepship/test/0/0_32.wav,330.0,360.0,0,test,Cargo ship,deepship
0_32,23,/datasets/audio/deepship/test/0/0_32.wav,345.0,375.0,0,test,Cargo ship,deepship
0_32,24,/datasets/audio/deepship/test/0/0_32.wav,360.0,390.0,0,test,Cargo ship,deepship
0_32,25,/datasets/audio/deepship/test/0/0_32.wav,375.0,405.0,0,test,Cargo ship,deepship
0_32,26,/datasets/audio/deepship/test/0/0_32.wav,390.0,420.0,0,test,Cargo ship,deepship
0_32,27,/datasets/audio/deepship/test/0/0_32.wav,405.0,435.0,0,test,Cargo ship,deepship
0_32,28,/datasets/audio/deepship/test/0/0_32.wav,420.0,450.0,0,test,Cargo ship,deepship
0_32,29,/datasets/audio/deepship/test/0/0_32.wav,435.0,465.0,0,test,Cargo ship,deepship
0_32,30,/datasets/audio/deepship/test/0/0_32.wav,450.0,480.0,0,test,Cargo ship,deepship
0_32,31,/datasets/audio/deepship/test/0/0_32.wav,465.0,495.0,0,test,Cargo ship,deepship
0_32,32,/datasets/audio/deepship/test/0/0_32.wav,480.0,510.0,0,test,Cargo ship,deepship
0_32,33,/datasets/audio/deepship/test/0/0_32.wav,495.0,525.0,0,test,Cargo ship,deepship
0_32,34,/datasets/audio/deepship/test/0/0_32.wav,510.0,540.0,0,test,Cargo ship,deepship
0_32,35,/datasets/audio/deepship/test/0/0_32.wav,525.0,555.0,0,test,Cargo ship,deepship
0_32,36,/datasets/audio/deepship/test/0/0_32.wav,540.0,570.0,0,test,Cargo ship,deepship
0_32,37,/datasets/audio/deepship/test/0/0_32.wav,555.0,585.0,0,test,Cargo ship,deepship
0_32,38,/datasets/audio/deepship/test/0/0_32.wav,570.0,600.0,0,test,Cargo ship,deepship
0_32,39,/datasets/audio/deepship/test/0/0_32.wav,585.0,615.0,0,test,Cargo ship,deepship
0_32,40,/datasets/audio/deepship/test/0/0_32.wav,600.0,630.0,0,test,Cargo ship,deepship
0_32,41,/datasets/audio/deepship/test/0/0_32.wav,615.0,645.0,0,test,Cargo ship,deepship
0_32,42,/datasets/audio/deepship/test/0/0_32.wav,630.0,660.0,0,test,Cargo ship,deepship
0_32,43,/datasets/audio/deepship/test/0/0_32.wav,645.0,675.0,0,test,Cargo ship,deepship
0_32,44,/datasets/audio/deepship/test/0/0_32.wav,660.0,690.0,0,test,Cargo ship,deepship
0_32,45,/datasets/audio/deepship/test/0/0_32.wav,675.0,705.0,0,test,Cargo ship,deepship
0_32,46,/datasets/audio/deepship/test/0/0_32.wav,690.0,720.0,0,test,Cargo ship,deepship
0_32,47,/datasets/audio/deepship/test/0/0_32.wav,705.0,735.0,0,test,Cargo ship,deepship
0_32,48,/datasets/audio/deepship/test/0/0_32.wav,706.0,736.0,0,test,Cargo ship,deepship
0_35,0,/datasets/audio/deepship/test/0/0_35.wav,0.0,30.0,0,test,Cargo ship,deepship
0_35,1,/datasets/audio/deepship/test/0/0_35.wav,15.0,45.0,0,test,Cargo ship,deepship
0_35,2,/datasets/audio/deepship/test/0/0_35.wav,30.0,60.0,0,test,Cargo ship,deepship
0_35,3,/datasets/audio/deepship/test/0/0_35.wav,45.0,75.0,0,test,Cargo ship,deepship
0_35,4,/datasets/audio/deepship/test/0/0_35.wav,60.0,90.0,0,test,Cargo ship,deepship
0_35,5,/datasets/audio/deepship/test/0/0_35.wav,75.0,105.0,0,test,Cargo ship,deepship
0_35,6,/datasets/audio/deepship/test/0/0_35.wav,90.0,120.0,0,test,Cargo ship,deepship
0_35,7,/datasets/audio/deepship/test/0/0_35.wav,105.0,135.0,0,test,Cargo ship,deepship
0_35,8,/datasets/audio/deepship/test/0/0_35.wav,120.0,150.0,0,test,Cargo ship,deepship
0_35,9,/datasets/audio/deepship/test/0/0_35.wav,135.0,165.0,0,test,Cargo ship,deepship
0_35,10,/datasets/audio/deepship/test/0/0_35.wav,150.0,180.0,0,test,Cargo ship,deepship
0_35,11,/datasets/audio/deepship/test/0/0_35.wav,165.0,195.0,0,test,Cargo ship,deepship
0_35,12,/datasets/audio/deepship/test/0/0_35.wav,180.0,210.0,0,test,Cargo ship,deepship
0_35,13,/datasets/audio/deepship/test/0/0_35.wav,195.0,225.0,0,test,Cargo ship,deepship
0_35,14,/datasets/audio/deepship/test/0/0_35.wav,210.0,240.0,0,test,Cargo ship,deepship
0_35,15,/datasets/audio/deepship/test/0/0_35.wav,225.0,255.0,0,test,Cargo ship,deepship
0_35,16,/datasets/audio/deepship/test/0/0_35.wav,240.0,270.0,0,test,Cargo ship,deepship
0_35,17,/datasets/audio/deepship/test/0/0_35.wav,255.0,285.0,0,test,Cargo ship,deepship
0_35,18,/datasets/audio/deepship/test/0/0_35.wav,270.0,300.0,0,test,Cargo ship,deepship
0_35,19,/datasets/audio/deepship/test/0/0_35.wav,273.0,303.0,0,test,Cargo ship,deepship
0_4,0,/datasets/audio/deepship/test/0/0_4.wav,0.0,30.0,0,test,Cargo ship,deepship
0_4,1,/datasets/audio/deepship/test/0/0_4.wav,15.0,45.0,0,test,Cargo ship,deepship
0_4,2,/datasets/audio/deepship/test/0/0_4.wav,30.0,60.0,0,test,Cargo ship,deepship
0_4,3,/datasets/audio/deepship/test/0/0_4.wav,45.0,75.0,0,test,Cargo ship,deepship
0_4,4,/datasets/audio/deepship/test/0/0_4.wav,60.0,90.0,0,test,Cargo ship,deepship
0_4,5,/datasets/audio/deepship/test/0/0_4.wav,75.0,105.0,0,test,Cargo ship,deepship
0_4,6,/datasets/audio/deepship/test/0/0_4.wav,90.0,120.0,0,test,Cargo ship,deepship
0_4,7,/datasets/audio/deepship/test/0/0_4.wav,105.0,135.0,0,test,Cargo ship,deepship
0_4,8,/datasets/audio/deepship/test/0/0_4.wav,120.0,150.0,0,test,Cargo ship,deepship
0_4,9,/datasets/audio/deepship/test/0/0_4.wav,135.0,165.0,0,test,Cargo ship,deepship
0_4,10,/datasets/audio/deepship/test/0/0_4.wav,150.0,180.0,0,test,Cargo ship,deepship
0_4,11,/datasets/audio/deepship/test/0/0_4.wav,165.0,195.0,0,test,Cargo ship,deepship
0_4,12,/datasets/audio/deepship/test/0/0_4.wav,180.0,210.0,0,test,Cargo ship,deepship
0_4,13,/datasets/audio/deepship/test/0/0_4.wav,195.0,225.0,0,test,Cargo ship,deepship
0_4,14,/datasets/audio/deepship/test/0/0_4.wav,210.0,240.0,0,test,Cargo ship,deepship
0_4,15,/datasets/audio/deepship/test/0/0_4.wav,225.0,255.0,0,test,Cargo ship,deepship
0_4,16,/datasets/audio/deepship/test/0/0_4.wav,240.0,270.0,0,test,Cargo ship,deepship
0_4,17,/datasets/audio/deepship/test/0/0_4.wav,255.0,285.0,0,test,Cargo ship,deepship
0_4,18,/datasets/audio/deepship/test/0/0_4.wav,270.0,300.0,0,test,Cargo ship,deepship
0_4,19,/datasets/audio/deepship/test/0/0_4.wav,285.0,315.0,0,test,Cargo ship,deepship
0_4,20,/datasets/audio/deepship/test/0/0_4.wav,298.0,328.0,0,test,Cargo ship,deepship
0_40,0,/datasets/audio/deepship/test/0/0_40.wav,0.0,30.0,0,test,Cargo ship,deepship
0_40,1,/datasets/audio/deepship/test/0/0_40.wav,15.0,45.0,0,test,Cargo ship,deepship
0_40,2,/datasets/audio/deepship/test/0/0_40.wav,30.0,60.0,0,test,Cargo ship,deepship
0_40,3,/datasets/audio/deepship/test/0/0_40.wav,45.0,75.0,0,test,Cargo ship,deepship
0_40,4,/datasets/audio/deepship/test/0/0_40.wav,60.0,90.0,0,test,Cargo ship,deepship
0_40,5,/datasets/audio/deepship/test/0/0_40.wav,75.0,105.0,0,test,Cargo ship,deepship
0_40,6,/datasets/audio/deepship/test/0/0_40.wav,90.0,120.0,0,test,Cargo ship,deepship
0_40,7,/datasets/audio/deepship/test/0/0_40.wav,105.0,135.0,0,test,Cargo ship,deepship
0_40,8,/datasets/audio/deepship/test/0/0_40.wav,120.0,150.0,0,test,Cargo ship,deepship
0_40,9,/datasets/audio/deepship/test/0/0_40.wav,135.0,165.0,0,test,Cargo ship,deepship
0_40,10,/datasets/audio/deepship/test/0/0_40.wav,150.0,180.0,0,test,Cargo ship,deepship
0_40,11,/datasets/audio/deepship/test/0/0_40.wav,165.0,195.0,0,test,Cargo ship,deepship
0_40,12,/datasets/audio/deepship/test/0/0_40.wav,180.0,210.0,0,test,Cargo ship,deepship
0_40,13,/datasets/audio/deepship/test/0/0_40.wav,195.0,225.0,0,test,Cargo ship,deepship
0_40,14,/datasets/audio/deepship/test/0/0_40.wav,210.0,240.0,0,test,Cargo ship,deepship
0_40,15,/datasets/audio/deepship/test/0/0_40.wav,225.0,255.0,0,test,Cargo ship,deepship
0_40,16,/datasets/audio/deepship/test/0/0_40.wav,240.0,270.0,0,test,Cargo ship,deepship
0_40,17,/datasets/audio/deepship/test/0/0_40.wav,255.0,285.0,0,test,Cargo ship,deepship
0_40,18,/datasets/audio/deepship/test/0/0_40.wav,270.0,300.0,0,test,Cargo ship,deepship
0_40,19,/datasets/audio/deepship/test/0/0_40.wav,285.0,315.0,0,test,Cargo ship,deepship
0_40,20,/datasets/audio/deepship/test/0/0_40.wav,300.0,330.0,0,test,Cargo ship,deepship
0_40,21,/datasets/audio/deepship/test/0/0_40.wav,315.0,345.0,0,test,Cargo ship,deepship
0_40,22,/datasets/audio/deepship/test/0/0_40.wav,330.0,360.0,0,test,Cargo ship,deepship
0_40,23,/datasets/audio/deepship/test/0/0_40.wav,345.0,375.0,0,test,Cargo ship,deepship
0_40,24,/datasets/audio/deepship/test/0/0_40.wav,360.0,390.0,0,test,Cargo ship,deepship
0_40,25,/datasets/audio/deepship/test/0/0_40.wav,375.0,405.0,0,test,Cargo ship,deepship
0_40,26,/datasets/audio/deepship/test/0/0_40.wav,390.0,420.0,0,test,Cargo ship,deepship
0_40,27,/datasets/audio/deepship/test/0/0_40.wav,405.0,435.0,0,test,Cargo ship,deepship
0_40,28,/datasets/audio/deepship/test/0/0_40.wav,420.0,450.0,0,test,Cargo ship,deepship
0_40,29,/datasets/audio/deepship/test/0/0_40.wav,435.0,465.0,0,test,Cargo ship,deepship
0_40,30,/datasets/audio/deepship/test/0/0_40.wav,450.0,480.0,0,test,Cargo ship,deepship
0_40,31,/datasets/audio/deepship/test/0/0_40.wav,465.0,495.0,0,test,Cargo ship,deepship
0_40,32,/datasets/audio/deepship/test/0/0_40.wav,480.0,510.0,0,test,Cargo ship,deepship
0_40,33,/datasets/audio/deepship/test/0/0_40.wav,495.0,525.0,0,test,Cargo ship,deepship
0_40,34,/datasets/audio/deepship/test/0/0_40.wav,507.0,537.0,0,test,Cargo ship,deepship
0_48,0,/datasets/audio/deepship/test/0/0_48.wav,0.0,30.0,0,test,Cargo ship,deepship
0_48,1,/datasets/audio/deepship/test/0/0_48.wav,15.0,45.0,0,test,Cargo ship,deepship
0_48,2,/datasets/audio/deepship/test/0/0_48.wav,30.0,60.0,0,test,Cargo ship,deepship
0_48,3,/datasets/audio/deepship/test/0/0_48.wav,45.0,75.0,0,test,Cargo ship,deepship
0_48,4,/datasets/audio/deepship/test/0/0_48.wav,60.0,90.0,0,test,Cargo ship,deepship
0_48,5,/datasets/audio/deepship/test/0/0_48.wav,75.0,105.0,0,test,Cargo ship,deepship
0_48,6,/datasets/audio/deepship/test/0/0_48.wav,90.0,120.0,0,test,Cargo ship,deepship
0_48,7,/datasets/audio/deepship/test/0/0_48.wav,105.0,135.0,0,test,Cargo ship,deepship
0_48,8,/datasets/audio/deepship/test/0/0_48.wav,120.0,150.0,0,test,Cargo ship,deepship
0_48,9,/datasets/audio/deepship/test/0/0_48.wav,135.0,165.0,0,test,Cargo ship,deepship
0_48,10,/datasets/audio/deepship/test/0/0_48.wav,150.0,180.0,0,test,Cargo ship,deepship
0_48,11,/datasets/audio/deepship/test/0/0_48.wav,165.0,195.0,0,test,Cargo ship,deepship
0_48,12,/datasets/audio/deepship/test/0/0_48.wav,180.0,210.0,0,test,Cargo ship,deepship
0_48,13,/datasets/audio/deepship/test/0/0_48.wav,195.0,225.0,0,test,Cargo ship,deepship
0_48,14,/datasets/audio/deepship/test/0/0_48.wav,210.0,240.0,0,test,Cargo ship,deepship
0_48,15,/datasets/audio/deepship/test/0/0_48.wav,225.0,255.0,0,test,Cargo ship,deepship
0_48,16,/datasets/audio/deepship/test/0/0_48.wav,240.0,270.0,0,test,Cargo ship,deepship
0_48,17,/datasets/audio/deepship/test/0/0_48.wav,255.0,285.0,0,test,Cargo ship,deepship
0_48,18,/datasets/audio/deepship/test/0/0_48.wav,270.0,300.0,0,test,Cargo ship,deepship
0_48,19,/datasets/audio/deepship/test/0/0_48.wav,285.0,315.0,0,test,Cargo ship,deepship
0_48,20,/datasets/audio/deepship/test/0/0_48.wav,300.0,330.0,0,test,Cargo ship,deepship
0_48,21,/datasets/audio/deepship/test/0/0_48.wav,315.0,345.0,0,test,Cargo ship,deepship
0_48,22,/datasets/audio/deepship/test/0/0_48.wav,330.0,360.0,0,test,Cargo ship,deepship
0_48,23,/datasets/audio/deepship/test/0/0_48.wav,345.0,375.0,0,test,Cargo ship,deepship
0_48,24,/datasets/audio/deepship/test/0/0_48.wav,360.0,390.0,0,test,Cargo ship,deepship
0_48,25,/datasets/audio/deepship/test/0/0_48.wav,375.0,405.0,0,test,Cargo ship,deepship
0_48,26,/datasets/audio/deepship/test/0/0_48.wav,390.0,420.0,0,test,Cargo ship,deepship
0_48,27,/datasets/audio/deepship/test/0/0_48.wav,405.0,435.0,0,test,Cargo ship,deepship
0_48,28,/datasets/audio/deepship/test/0/0_48.wav,420.0,450.0,0,test,Cargo ship,deepship
0_48,29,/datasets/audio/deepship/test/0/0_48.wav,435.0,465.0,0,test,Cargo ship,deepship
0_48,30,/datasets/audio/deepship/test/0/0_48.wav,450.0,480.0,0,test,Cargo ship,deepship
0_48,31,/datasets/audio/deepship/test/0/0_48.wav,465.0,495.0,0,test,Cargo ship,deepship
0_48,32,/datasets/audio/deepship/test/0/0_48.wav,470.0,500.0,0,test,Cargo ship,deepship
0_5,0,/datasets/audio/deepship/test/0/0_5.wav,0.0,30.0,0,test,Cargo ship,deepship
0_5,1,/datasets/audio/deepship/test/0/0_5.wav,15.0,45.0,0,test,Cargo ship,deepship
0_5,2,/datasets/audio/deepship/test/0/0_5.wav,30.0,60.0,0,test,Cargo ship,deepship
0_5,3,/datasets/audio/deepship/test/0/0_5.wav,45.0,75.0,0,test,Cargo ship,deepship
0_5,4,/datasets/audio/deepship/test/0/0_5.wav,60.0,90.0,0,test,Cargo ship,deepship
0_5,5,/datasets/audio/deepship/test/0/0_5.wav,75.0,105.0,0,test,Cargo ship,deepship
0_5,6,/datasets/audio/deepship/test/0/0_5.wav,90.0,120.0,0,test,Cargo ship,deepship
0_5,7,/datasets/audio/deepship/test/0/0_5.wav,105.0,135.0,0,test,Cargo ship,deepship
0_5,8,/datasets/audio/deepship/test/0/0_5.wav,120.0,150.0,0,test,Cargo ship,deepship
0_5,9,/datasets/audio/deepship/test/0/0_5.wav,135.0,165.0,0,test,Cargo ship,deepship
0_5,10,/datasets/audio/deepship/test/0/0_5.wav,150.0,180.0,0,test,Cargo ship,deepship
0_5,11,/datasets/audio/deepship/test/0/0_5.wav,165.0,195.0,0,test,Cargo ship,deepship
0_5,12,/datasets/audio/deepship/test/0/0_5.wav,178.0,208.0,0,test,Cargo ship,deepship
0_56,0,/datasets/audio/deepship/test/0/0_56.wav,0.0,30.0,0,test,Cargo ship,deepship
0_56,1,/datasets/audio/deepship/test/0/0_56.wav,15.0,45.0,0,test,Cargo ship,deepship
0_56,2,/datasets/audio/deepship/test/0/0_56.wav,30.0,60.0,0,test,Cargo ship,deepship
0_56,3,/datasets/audio/deepship/test/0/0_56.wav,45.0,75.0,0,test,Cargo ship,deepship
0_56,4,/datasets/audio/deepship/test/0/0_56.wav,60.0,90.0,0,test,Cargo ship,deepship
0_56,5,/datasets/audio/deepship/test/0/0_56.wav,75.0,105.0,0,test,Cargo ship,deepship
0_56,6,/datasets/audio/deepship/test/0/0_56.wav,90.0,120.0,0,test,Cargo ship,deepship
0_56,7,/datasets/audio/deepship/test/0/0_56.wav,105.0,135.0,0,test,Cargo ship,deepship
0_56,8,/datasets/audio/deepship/test/0/0_56.wav,120.0,150.0,0,test,Cargo ship,deepship
0_56,9,/datasets/audio/deepship/test/0/0_56.wav,135.0,165.0,0,test,Cargo ship,deepship
0_56,10,/datasets/audio/deepship/test/0/0_56.wav,150.0,180.0,0,test,Cargo ship,deepship
0_56,11,/datasets/audio/deepship/test/0/0_56.wav,165.0,195.0,0,test,Cargo ship,deepship
0_56,12,/datasets/audio/deepship/test/0/0_56.wav,180.0,210.0,0,test,Cargo ship,deepship
0_56,13,/datasets/audio/deepship/test/0/0_56.wav,195.0,225.0,0,test,Cargo ship,deepship
0_56,14,/datasets/audio/deepship/test/0/0_56.wav,210.0,240.0,0,test,Cargo ship,deepship
0_56,15,/datasets/audio/deepship/test/0/0_56.wav,225.0,255.0,0,test,Cargo ship,deepship
0_56,16,/datasets/audio/deepship/test/0/0_56.wav,240.0,270.0,0,test,Cargo ship,deepship
0_56,17,/datasets/audio/deepship/test/0/0_56.wav,255.0,285.0,0,test,Cargo ship,deepship
0_56,18,/datasets/audio/deepship/test/0/0_56.wav,270.0,300.0,0,test,Cargo ship,deepship
0_56,19,/datasets/audio/deepship/test/0/0_56.wav,285.0,315.0,0,test,Cargo ship,deepship
0_56,20,/datasets/audio/deepship/test/0/0_56.wav,300.0,330.0,0,test,Cargo ship,deepship
0_56,21,/datasets/audio/deepship/test/0/0_56.wav,315.0,345.0,0,test,Cargo ship,deepship
0_56,22,/datasets/audio/deepship/test/0/0_56.wav,330.0,360.0,0,test,Cargo ship,deepship
0_56,23,/datasets/audio/deepship/test/0/0_56.wav,345.0,375.0,0,test,Cargo ship,deepship
0_56,24,/datasets/audio/deepship/test/0/0_56.wav,360.0,390.0,0,test,Cargo ship,deepship
0_56,25,/datasets/audio/deepship/test/0/0_56.wav,375.0,405.0,0,test,Cargo ship,deepship
0_56,26,/datasets/audio/deepship/test/0/0_56.wav,390.0,420.0,0,test,Cargo ship,deepship
0_56,27,/datasets/audio/deepship/test/0/0_56.wav,405.0,435.0,0,test,Cargo ship,deepship
0_56,28,/datasets/audio/deepship/test/0/0_56.wav,420.0,450.0,0,test,Cargo ship,deepship
0_56,29,/datasets/audio/deepship/test/0/0_56.wav,435.0,465.0,0,test,Cargo ship,deepship
0_56,30,/datasets/audio/deepship/test/0/0_56.wav,450.0,480.0,0,test,Cargo ship,deepship
0_56,31,/datasets/audio/deepship/test/0/0_56.wav,465.0,495.0,0,test,Cargo ship,deepship
0_56,32,/datasets/audio/deepship/test/0/0_56.wav,480.0,510.0,0,test,Cargo ship,deepship
0_56,33,/datasets/audio/deepship/test/0/0_56.wav,495.0,525.0,0,test,Cargo ship,deepship
0_56,34,/datasets/audio/deepship/test/0/0_56.wav,510.0,540.0,0,test,Cargo ship,deepship
0_56,35,/datasets/audio/deepship/test/0/0_56.wav,513.0,543.0,0,test,Cargo ship,deepship
0_62,0,/datasets/audio/deepship/test/0/0_62.wav,0.0,30.0,0,test,Cargo ship,deepship
0_62,1,/datasets/audio/deepship/test/0/0_62.wav,15.0,45.0,0,test,Cargo ship,deepship
0_62,2,/datasets/audio/deepship/test/0/0_62.wav,30.0,60.0,0,test,Cargo ship,deepship
0_62,3,/datasets/audio/deepship/test/0/0_62.wav,45.0,75.0,0,test,Cargo ship,deepship
0_62,4,/datasets/audio/deepship/test/0/0_62.wav,60.0,90.0,0,test,Cargo ship,deepship
0_62,5,/datasets/audio/deepship/test/0/0_62.wav,75.0,105.0,0,test,Cargo ship,deepship
0_62,6,/datasets/audio/deepship/test/0/0_62.wav,90.0,120.0,0,test,Cargo ship,deepship
0_62,7,/datasets/audio/deepship/test/0/0_62.wav,105.0,135.0,0,test,Cargo ship,deepship
0_62,8,/datasets/audio/deepship/test/0/0_62.wav,120.0,150.0,0,test,Cargo ship,deepship
0_62,9,/datasets/audio/deepship/test/0/0_62.wav,135.0,165.0,0,test,Cargo ship,deepship
0_62,10,/datasets/audio/deepship/test/0/0_62.wav,150.0,180.0,0,test,Cargo ship,deepship
0_62,11,/datasets/audio/deepship/test/0/0_62.wav,165.0,195.0,0,test,Cargo ship,deepship
0_62,12,/datasets/audio/deepship/test/0/0_62.wav,168.0,198.0,0,test,Cargo ship,deepship
0_63,0,/datasets/audio/deepship/test/0/0_63.wav,0.0,30.0,0,test,Cargo ship,deepship
0_63,1,/datasets/audio/deepship/test/0/0_63.wav,15.0,45.0,0,test,Cargo ship,deepship
0_63,2,/datasets/audio/deepship/test/0/0_63.wav,30.0,60.0,0,test,Cargo ship,deepship
0_63,3,/datasets/audio/deepship/test/0/0_63.wav,45.0,75.0,0,test,Cargo ship,deepship
0_63,4,/datasets/audio/deepship/test/0/0_63.wav,60.0,90.0,0,test,Cargo ship,deepship
0_63,5,/datasets/audio/deepship/test/0/0_63.wav,75.0,105.0,0,test,Cargo ship,deepship
0_63,6,/datasets/audio/deepship/test/0/0_63.wav,90.0,120.0,0,test,Cargo ship,deepship
0_63,7,/datasets/audio/deepship/test/0/0_63.wav,105.0,135.0,0,test,Cargo ship,deepship
0_63,8,/datasets/audio/deepship/test/0/0_63.wav,120.0,150.0,0,test,Cargo ship,deepship
0_63,9,/datasets/audio/deepship/test/0/0_63.wav,135.0,165.0,0,test,Cargo ship,deepship
0_63,10,/datasets/audio/deepship/test/0/0_63.wav,150.0,180.0,0,test,Cargo ship,deepship
0_63,11,/datasets/audio/deepship/test/0/0_63.wav,165.0,195.0,0,test,Cargo ship,deepship
0_63,12,/datasets/audio/deepship/test/0/0_63.wav,180.0,210.0,0,test,Cargo ship,deepship
0_63,13,/datasets/audio/deepship/test/0/0_63.wav,195.0,225.0,0,test,Cargo ship,deepship
0_63,14,/datasets/audio/deepship/test/0/0_63.wav,210.0,240.0,0,test,Cargo ship,deepship
0_63,15,/datasets/audio/deepship/test/0/0_63.wav,225.0,255.0,0,test,Cargo ship,deepship
0_63,16,/datasets/audio/deepship/test/0/0_63.wav,240.0,270.0,0,test,Cargo ship,deepship
0_63,17,/datasets/audio/deepship/test/0/0_63.wav,255.0,285.0,0,test,Cargo ship,deepship
0_63,18,/datasets/audio/deepship/test/0/0_63.wav,270.0,300.0,0,test,Cargo ship,deepship
0_63,19,/datasets/audio/deepship/test/0/0_63.wav,285.0,315.0,0,test,Cargo ship,deepship
0_63,20,/datasets/audio/deepship/test/0/0_63.wav,300.0,330.0,0,test,Cargo ship,deepship
0_63,21,/datasets/audio/deepship/test/0/0_63.wav,315.0,345.0,0,test,Cargo ship,deepship
0_63,22,/datasets/audio/deepship/test/0/0_63.wav,330.0,360.0,0,test,Cargo ship,deepship
0_63,23,/datasets/audio/deepship/test/0/0_63.wav,333.0,363.0,0,test,Cargo ship,deepship
0_67,0,/datasets/audio/deepship/test/0/0_67.wav,0.0,30.0,0,test,Cargo ship,deepship
0_67,1,/datasets/audio/deepship/test/0/0_67.wav,15.0,45.0,0,test,Cargo ship,deepship
0_67,2,/datasets/audio/deepship/test/0/0_67.wav,30.0,60.0,0,test,Cargo ship,deepship
0_67,3,/datasets/audio/deepship/test/0/0_67.wav,45.0,75.0,0,test,Cargo ship,deepship
0_67,4,/datasets/audio/deepship/test/0/0_67.wav,60.0,90.0,0,test,Cargo ship,deepship
0_67,5,/datasets/audio/deepship/test/0/0_67.wav,75.0,105.0,0,test,Cargo ship,deepship
0_67,6,/datasets/audio/deepship/test/0/0_67.wav,90.0,120.0,0,test,Cargo ship,deepship
0_67,7,/datasets/audio/deepship/test/0/0_67.wav,105.0,135.0,0,test,Cargo ship,deepship
0_67,8,/datasets/audio/deepship/test/0/0_67.wav,120.0,150.0,0,test,Cargo ship,deepship
0_67,9,/datasets/audio/deepship/test/0/0_67.wav,135.0,165.0,0,test,Cargo ship,deepship
0_67,10,/datasets/audio/deepship/test/0/0_67.wav,150.0,180.0,0,test,Cargo ship,deepship
0_67,11,/datasets/audio/deepship/test/0/0_67.wav,165.0,195.0,0,test,Cargo ship,deepship
0_67,12,/datasets/audio/deepship/test/0/0_67.wav,177.0,207.0,0,test,Cargo ship,deepship
0_68,0,/datasets/audio/deepship/test/0/0_68.wav,0.0,30.0,0,test,Cargo ship,deepship
0_68,1,/datasets/audio/deepship/test/0/0_68.wav,15.0,45.0,0,test,Cargo ship,deepship
0_68,2,/datasets/audio/deepship/test/0/0_68.wav,30.0,60.0,0,test,Cargo ship,deepship
0_68,3,/datasets/audio/deepship/test/0/0_68.wav,45.0,75.0,0,test,Cargo ship,deepship
0_68,4,/datasets/audio/deepship/test/0/0_68.wav,60.0,90.0,0,test,Cargo ship,deepship
0_68,5,/datasets/audio/deepship/test/0/0_68.wav,75.0,105.0,0,test,Cargo ship,deepship
0_68,6,/datasets/audio/deepship/test/0/0_68.wav,90.0,120.0,0,test,Cargo ship,deepship
0_68,7,/datasets/audio/deepship/test/0/0_68.wav,105.0,135.0,0,test,Cargo ship,deepship
0_68,8,/datasets/audio/deepship/test/0/0_68.wav,120.0,150.0,0,test,Cargo ship,deepship
0_68,9,/datasets/audio/deepship/test/0/0_68.wav,135.0,165.0,0,test,Cargo ship,deepship
0_68,10,/datasets/audio/deepship/test/0/0_68.wav,150.0,180.0,0,test,Cargo ship,deepship
0_68,11,/datasets/audio/deepship/test/0/0_68.wav,165.0,195.0,0,test,Cargo ship,deepship
0_68,12,/datasets/audio/deepship/test/0/0_68.wav,180.0,210.0,0,test,Cargo ship,deepship
0_68,13,/datasets/audio/deepship/test/0/0_68.wav,195.0,225.0,0,test,Cargo ship,deepship
0_68,14,/datasets/audio/deepship/test/0/0_68.wav,210.0,240.0,0,test,Cargo ship,deepship
0_68,15,/datasets/audio/deepship/test/0/0_68.wav,225.0,255.0,0,test,Cargo ship,deepship
0_68,16,/datasets/audio/deepship/test/0/0_68.wav,240.0,270.0,0,test,Cargo ship,deepship
0_68,17,/datasets/audio/deepship/test/0/0_68.wav,255.0,285.0,0,test,Cargo ship,deepship
0_68,18,/datasets/audio/deepship/test/0/0_68.wav,270.0,300.0,0,test,Cargo ship,deepship
0_68,19,/datasets/audio/deepship/test/0/0_68.wav,285.0,315.0,0,test,Cargo ship,deepship
0_68,20,/datasets/audio/deepship/test/0/0_68.wav,300.0,330.0,0,test,Cargo ship,deepship
0_68,21,/datasets/audio/deepship/test/0/0_68.wav,315.0,345.0,0,test,Cargo ship,deepship
0_68,22,/datasets/audio/deepship/test/0/0_68.wav,326.0,356.0,0,test,Cargo ship,deepship
0_72,0,/datasets/audio/deepship/test/0/0_72.wav,0.0,30.0,0,test,Cargo ship,deepship
0_72,1,/datasets/audio/deepship/test/0/0_72.wav,15.0,45.0,0,test,Cargo ship,deepship
0_72,2,/datasets/audio/deepship/test/0/0_72.wav,30.0,60.0,0,test,Cargo ship,deepship
0_72,3,/datasets/audio/deepship/test/0/0_72.wav,45.0,75.0,0,test,Cargo ship,deepship
0_72,4,/datasets/audio/deepship/test/0/0_72.wav,60.0,90.0,0,test,Cargo ship,deepship
0_72,5,/datasets/audio/deepship/test/0/0_72.wav,75.0,105.0,0,test,Cargo ship,deepship
0_72,6,/datasets/audio/deepship/test/0/0_72.wav,90.0,120.0,0,test,Cargo ship,deepship
0_72,7,/datasets/audio/deepship/test/0/0_72.wav,105.0,135.0,0,test,Cargo ship,deepship
0_72,8,/datasets/audio/deepship/test/0/0_72.wav,120.0,150.0,0,test,Cargo ship,deepship
0_72,9,/datasets/audio/deepship/test/0/0_72.wav,135.0,165.0,0,test,Cargo ship,deepship
0_72,10,/datasets/audio/deepship/test/0/0_72.wav,150.0,180.0,0,test,Cargo ship,deepship
0_72,11,/datasets/audio/deepship/test/0/0_72.wav,165.0,195.0,0,test,Cargo ship,deepship
0_72,12,/datasets/audio/deepship/test/0/0_72.wav,180.0,210.0,0,test,Cargo ship,deepship
0_72,13,/datasets/audio/deepship/test/0/0_72.wav,195.0,225.0,0,test,Cargo ship,deepship
0_72,14,/datasets/audio/deepship/test/0/0_72.wav,210.0,240.0,0,test,Cargo ship,deepship
0_72,15,/datasets/audio/deepship/test/0/0_72.wav,225.0,255.0,0,test,Cargo ship,deepship
0_72,16,/datasets/audio/deepship/test/0/0_72.wav,240.0,270.0,0,test,Cargo ship,deepship
0_72,17,/datasets/audio/deepship/test/0/0_72.wav,255.0,285.0,0,test,Cargo ship,deepship
0_72,18,/datasets/audio/deepship/test/0/0_72.wav,270.0,300.0,0,test,Cargo ship,deepship
0_72,19,/datasets/audio/deepship/test/0/0_72.wav,283.0,313.0,0,test,Cargo ship,deepship
0_74,0,/datasets/audio/deepship/test/0/0_74.wav,0.0,30.0,0,test,Cargo ship,deepship
0_74,1,/datasets/audio/deepship/test/0/0_74.wav,15.0,45.0,0,test,Cargo ship,deepship
0_74,2,/datasets/audio/deepship/test/0/0_74.wav,30.0,60.0,0,test,Cargo ship,deepship
0_74,3,/datasets/audio/deepship/test/0/0_74.wav,45.0,75.0,0,test,Cargo ship,deepship
0_74,4,/datasets/audio/deepship/test/0/0_74.wav,60.0,90.0,0,test,Cargo ship,deepship
0_74,5,/datasets/audio/deepship/test/0/0_74.wav,75.0,105.0,0,test,Cargo ship,deepship
0_74,6,/datasets/audio/deepship/test/0/0_74.wav,90.0,120.0,0,test,Cargo ship,deepship
0_74,7,/datasets/audio/deepship/test/0/0_74.wav,105.0,135.0,0,test,Cargo ship,deepship
0_74,8,/datasets/audio/deepship/test/0/0_74.wav,120.0,150.0,0,test,Cargo ship,deepship
0_74,9,/datasets/audio/deepship/test/0/0_74.wav,135.0,165.0,0,test,Cargo ship,deepship
0_74,10,/datasets/audio/deepship/test/0/0_74.wav,150.0,180.0,0,test,Cargo ship,deepship
0_74,11,/datasets/audio/deepship/test/0/0_74.wav,165.0,195.0,0,test,Cargo ship,deepship
0_74,12,/datasets/audio/deepship/test/0/0_74.wav,180.0,210.0,0,test,Cargo ship,deepship
0_74,13,/datasets/audio/deepship/test/0/0_74.wav,195.0,225.0,0,test,Cargo ship,deepship
0_74,14,/datasets/audio/deepship/test/0/0_74.wav,210.0,240.0,0,test,Cargo ship,deepship
0_74,15,/datasets/audio/deepship/test/0/0_74.wav,225.0,255.0,0,test,Cargo ship,deepship
0_74,16,/datasets/audio/deepship/test/0/0_74.wav,240.0,270.0,0,test,Cargo ship,deepship
0_74,17,/datasets/audio/deepship/test/0/0_74.wav,255.0,285.0,0,test,Cargo ship,deepship
0_74,18,/datasets/audio/deepship/test/0/0_74.wav,270.0,300.0,0,test,Cargo ship,deepship
0_74,19,/datasets/audio/deepship/test/0/0_74.wav,285.0,315.0,0,test,Cargo ship,deepship
0_74,20,/datasets/audio/deepship/test/0/0_74.wav,300.0,330.0,0,test,Cargo ship,deepship
0_74,21,/datasets/audio/deepship/test/0/0_74.wav,315.0,345.0,0,test,Cargo ship,deepship
0_74,22,/datasets/audio/deepship/test/0/0_74.wav,330.0,360.0,0,test,Cargo ship,deepship
0_74,23,/datasets/audio/deepship/test/0/0_74.wav,345.0,375.0,0,test,Cargo ship,deepship
0_74,24,/datasets/audio/deepship/test/0/0_74.wav,360.0,390.0,0,test,Cargo ship,deepship
0_74,25,/datasets/audio/deepship/test/0/0_74.wav,375.0,405.0,0,test,Cargo ship,deepship
0_74,26,/datasets/audio/deepship/test/0/0_74.wav,380.0,410.0,0,test,Cargo ship,deepship
0_79,0,/datasets/audio/deepship/test/0/0_79.wav,0.0,30.0,0,test,Cargo ship,deepship
0_79,1,/datasets/audio/deepship/test/0/0_79.wav,15.0,45.0,0,test,Cargo ship,deepship
0_79,2,/datasets/audio/deepship/test/0/0_79.wav,30.0,60.0,0,test,Cargo ship,deepship
0_79,3,/datasets/audio/deepship/test/0/0_79.wav,45.0,75.0,0,test,Cargo ship,deepship
0_79,4,/datasets/audio/deepship/test/0/0_79.wav,60.0,90.0,0,test,Cargo ship,deepship
0_79,5,/datasets/audio/deepship/test/0/0_79.wav,75.0,105.0,0,test,Cargo ship,deepship
0_79,6,/datasets/audio/deepship/test/0/0_79.wav,90.0,120.0,0,test,Cargo ship,deepship
0_79,7,/datasets/audio/deepship/test/0/0_79.wav,105.0,135.0,0,test,Cargo ship,deepship
0_79,8,/datasets/audio/deepship/test/0/0_79.wav,120.0,150.0,0,test,Cargo ship,deepship
0_79,9,/datasets/audio/deepship/test/0/0_79.wav,135.0,165.0,0,test,Cargo ship,deepship
0_79,10,/datasets/audio/deepship/test/0/0_79.wav,150.0,180.0,0,test,Cargo ship,deepship
0_79,11,/datasets/audio/deepship/test/0/0_79.wav,165.0,195.0,0,test,Cargo ship,deepship
0_79,12,/datasets/audio/deepship/test/0/0_79.wav,180.0,210.0,0,test,Cargo ship,deepship
0_79,13,/datasets/audio/deepship/test/0/0_79.wav,195.0,225.0,0,test,Cargo ship,deepship
0_79,14,/datasets/audio/deepship/test/0/0_79.wav,210.0,240.0,0,test,Cargo ship,deepship
0_83,0,/datasets/audio/deepship/test/0/0_83.wav,0.0,30.0,0,test,Cargo ship,deepship
0_83,1,/datasets/audio/deepship/test/0/0_83.wav,15.0,45.0,0,test,Cargo ship,deepship
0_83,2,/datasets/audio/deepship/test/0/0_83.wav,30.0,60.0,0,test,Cargo ship,deepship
0_83,3,/datasets/audio/deepship/test/0/0_83.wav,45.0,75.0,0,test,Cargo ship,deepship
0_83,4,/datasets/audio/deepship/test/0/0_83.wav,60.0,90.0,0,test,Cargo ship,deepship
0_83,5,/datasets/audio/deepship/test/0/0_83.wav,75.0,105.0,0,test,Cargo ship,deepship
0_83,6,/datasets/audio/deepship/test/0/0_83.wav,90.0,120.0,0,test,Cargo ship,deepship
0_83,7,/datasets/audio/deepship/test/0/0_83.wav,105.0,135.0,0,test,Cargo ship,deepship
0_83,8,/datasets/audio/deepship/test/0/0_83.wav,120.0,150.0,0,test,Cargo ship,deepship
0_83,9,/datasets/audio/deepship/test/0/0_83.wav,135.0,165.0,0,test,Cargo ship,deepship
0_83,10,/datasets/audio/deepship/test/0/0_83.wav,150.0,180.0,0,test,Cargo ship,deepship
0_83,11,/datasets/audio/deepship/test/0/0_83.wav,165.0,195.0,0,test,Cargo ship,deepship
0_83,12,/datasets/audio/deepship/test/0/0_83.wav,180.0,210.0,0,test,Cargo ship,deepship
0_83,13,/datasets/audio/deepship/test/0/0_83.wav,195.0,225.0,0,test,Cargo ship,deepship
0_83,14,/datasets/audio/deepship/test/0/0_83.wav,210.0,240.0,0,test,Cargo ship,deepship
0_83,15,/datasets/audio/deepship/test/0/0_83.wav,220.0,250.0,0,test,Cargo ship,deepship
0_91,0,/datasets/audio/deepship/test/0/0_91.wav,0.0,30.0,0,test,Cargo ship,deepship
0_91,1,/datasets/audio/deepship/test/0/0_91.wav,15.0,45.0,0,test,Cargo ship,deepship
0_91,2,/datasets/audio/deepship/test/0/0_91.wav,30.0,60.0,0,test,Cargo ship,deepship
0_91,3,/datasets/audio/deepship/test/0/0_91.wav,45.0,75.0,0,test,Cargo ship,deepship
0_91,4,/datasets/audio/deepship/test/0/0_91.wav,60.0,90.0,0,test,Cargo ship,deepship
0_91,5,/datasets/audio/deepship/test/0/0_91.wav,75.0,105.0,0,test,Cargo ship,deepship
0_91,6,/datasets/audio/deepship/test/0/0_91.wav,90.0,120.0,0,test,Cargo ship,deepship
0_91,7,/datasets/audio/deepship/test/0/0_91.wav,105.0,135.0,0,test,Cargo ship,deepship
0_91,8,/datasets/audio/deepship/test/0/0_91.wav,120.0,150.0,0,test,Cargo ship,deepship
0_91,9,/datasets/audio/deepship/test/0/0_91.wav,135.0,165.0,0,test,Cargo ship,deepship
0_91,10,/datasets/audio/deepship/test/0/0_91.wav,150.0,180.0,0,test,Cargo ship,deepship
0_91,11,/datasets/audio/deepship/test/0/0_91.wav,165.0,195.0,0,test,Cargo ship,deepship
0_91,12,/datasets/audio/deepship/test/0/0_91.wav,180.0,210.0,0,test,Cargo ship,deepship
0_91,13,/datasets/audio/deepship/test/0/0_91.wav,195.0,225.0,0,test,Cargo ship,deepship
0_91,14,/datasets/audio/deepship/test/0/0_91.wav,210.0,240.0,0,test,Cargo ship,deepship
0_91,15,/datasets/audio/deepship/test/0/0_91.wav,225.0,255.0,0,test,Cargo ship,deepship
0_92,0,/datasets/audio/deepship/test/0/0_92.wav,0.0,30.0,0,test,Cargo ship,deepship
0_92,1,/datasets/audio/deepship/test/0/0_92.wav,15.0,45.0,0,test,Cargo ship,deepship
0_92,2,/datasets/audio/deepship/test/0/0_92.wav,30.0,60.0,0,test,Cargo ship,deepship
0_92,3,/datasets/audio/deepship/test/0/0_92.wav,45.0,75.0,0,test,Cargo ship,deepship
0_92,4,/datasets/audio/deepship/test/0/0_92.wav,60.0,90.0,0,test,Cargo ship,deepship
0_92,5,/datasets/audio/deepship/test/0/0_92.wav,75.0,105.0,0,test,Cargo ship,deepship
0_92,6,/datasets/audio/deepship/test/0/0_92.wav,90.0,120.0,0,test,Cargo ship,deepship
0_92,7,/datasets/audio/deepship/test/0/0_92.wav,105.0,135.0,0,test,Cargo ship,deepship
0_92,8,/datasets/audio/deepship/test/0/0_92.wav,120.0,150.0,0,test,Cargo ship,deepship
0_92,9,/datasets/audio/deepship/test/0/0_92.wav,135.0,165.0,0,test,Cargo ship,deepship
0_92,10,/datasets/audio/deepship/test/0/0_92.wav,150.0,180.0,0,test,Cargo ship,deepship
0_92,11,/datasets/audio/deepship/test/0/0_92.wav,165.0,195.0,0,test,Cargo ship,deepship
0_92,12,/datasets/audio/deepship/test/0/0_92.wav,180.0,210.0,0,test,Cargo ship,deepship
0_92,13,/datasets/audio/deepship/test/0/0_92.wav,195.0,225.0,0,test,Cargo ship,deepship
0_92,14,/datasets/audio/deepship/test/0/0_92.wav,210.0,240.0,0,test,Cargo ship,deepship
0_92,15,/datasets/audio/deepship/test/0/0_92.wav,225.0,255.0,0,test,Cargo ship,deepship
0_92,16,/datasets/audio/deepship/test/0/0_92.wav,240.0,270.0,0,test,Cargo ship,deepship
0_92,17,/datasets/audio/deepship/test/0/0_92.wav,255.0,285.0,0,test,Cargo ship,deepship
0_92,18,/datasets/audio/deepship/test/0/0_92.wav,270.0,300.0,0,test,Cargo ship,deepship
0_92,19,/datasets/audio/deepship/test/0/0_92.wav,285.0,315.0,0,test,Cargo ship,deepship
0_92,20,/datasets/audio/deepship/test/0/0_92.wav,300.0,330.0,0,test,Cargo ship,deepship
0_92,21,/datasets/audio/deepship/test/0/0_92.wav,315.0,345.0,0,test,Cargo ship,deepship
0_92,22,/datasets/audio/deepship/test/0/0_92.wav,330.0,360.0,0,test,Cargo ship,deepship
0_92,23,/datasets/audio/deepship/test/0/0_92.wav,331.0,361.0,0,test,Cargo ship,deepship
0_93,0,/datasets/audio/deepship/test/0/0_93.wav,0.0,30.0,0,test,Cargo ship,deepship
0_93,1,/datasets/audio/deepship/test/0/0_93.wav,15.0,45.0,0,test,Cargo ship,deepship
0_93,2,/datasets/audio/deepship/test/0/0_93.wav,30.0,60.0,0,test,Cargo ship,deepship
0_93,3,/datasets/audio/deepship/test/0/0_93.wav,45.0,75.0,0,test,Cargo ship,deepship
0_93,4,/datasets/audio/deepship/test/0/0_93.wav,60.0,90.0,0,test,Cargo ship,deepship
0_93,5,/datasets/audio/deepship/test/0/0_93.wav,75.0,105.0,0,test,Cargo ship,deepship
0_93,6,/datasets/audio/deepship/test/0/0_93.wav,90.0,120.0,0,test,Cargo ship,deepship
0_93,7,/datasets/audio/deepship/test/0/0_93.wav,105.0,135.0,0,test,Cargo ship,deepship
0_93,8,/datasets/audio/deepship/test/0/0_93.wav,120.0,150.0,0,test,Cargo ship,deepship
0_93,9,/datasets/audio/deepship/test/0/0_93.wav,135.0,165.0,0,test,Cargo ship,deepship
0_93,10,/datasets/audio/deepship/test/0/0_93.wav,150.0,180.0,0,test,Cargo ship,deepship
0_93,11,/datasets/audio/deepship/test/0/0_93.wav,165.0,195.0,0,test,Cargo ship,deepship
0_93,12,/datasets/audio/deepship/test/0/0_93.wav,176.0,206.0,0,test,Cargo ship,deepship
0_95,0,/datasets/audio/deepship/test/0/0_95.wav,0.0,30.0,0,test,Cargo ship,deepship
0_95,1,/datasets/audio/deepship/test/0/0_95.wav,15.0,45.0,0,test,Cargo ship,deepship
0_95,2,/datasets/audio/deepship/test/0/0_95.wav,30.0,60.0,0,test,Cargo ship,deepship
0_95,3,/datasets/audio/deepship/test/0/0_95.wav,45.0,75.0,0,test,Cargo ship,deepship
0_95,4,/datasets/audio/deepship/test/0/0_95.wav,60.0,90.0,0,test,Cargo ship,deepship
0_95,5,/datasets/audio/deepship/test/0/0_95.wav,75.0,105.0,0,test,Cargo ship,deepship
0_95,6,/datasets/audio/deepship/test/0/0_95.wav,90.0,120.0,0,test,Cargo ship,deepship
0_95,7,/datasets/audio/deepship/test/0/0_95.wav,105.0,135.0,0,test,Cargo ship,deepship
0_95,8,/datasets/audio/deepship/test/0/0_95.wav,120.0,150.0,0,test,Cargo ship,deepship
0_95,9,/datasets/audio/deepship/test/0/0_95.wav,135.0,165.0,0,test,Cargo ship,deepship
0_95,10,/datasets/audio/deepship/test/0/0_95.wav,150.0,180.0,0,test,Cargo ship,deepship
0_95,11,/datasets/audio/deepship/test/0/0_95.wav,165.0,195.0,0,test,Cargo ship,deepship
0_95,12,/datasets/audio/deepship/test/0/0_95.wav,180.0,210.0,0,test,Cargo ship,deepship
0_95,13,/datasets/audio/deepship/test/0/0_95.wav,195.0,225.0,0,test,Cargo ship,deepship
0_95,14,/datasets/audio/deepship/test/0/0_95.wav,210.0,240.0,0,test,Cargo ship,deepship
0_95,15,/datasets/audio/deepship/test/0/0_95.wav,225.0,255.0,0,test,Cargo ship,deepship
0_95,16,/datasets/audio/deepship/test/0/0_95.wav,230.0,260.0,0,test,Cargo ship,deepship
0_97,0,/datasets/audio/deepship/test/0/0_97.wav,0.0,30.0,0,test,Cargo ship,deepship
0_97,1,/datasets/audio/deepship/test/0/0_97.wav,15.0,45.0,0,test,Cargo ship,deepship
0_97,2,/datasets/audio/deepship/test/0/0_97.wav,30.0,60.0,0,test,Cargo ship,deepship
0_97,3,/datasets/audio/deepship/test/0/0_97.wav,45.0,75.0,0,test,Cargo ship,deepship
0_97,4,/datasets/audio/deepship/test/0/0_97.wav,60.0,90.0,0,test,Cargo ship,deepship
0_97,5,/datasets/audio/deepship/test/0/0_97.wav,75.0,105.0,0,test,Cargo ship,deepship
0_97,6,/datasets/audio/deepship/test/0/0_97.wav,90.0,120.0,0,test,Cargo ship,deepship
0_97,7,/datasets/audio/deepship/test/0/0_97.wav,105.0,135.0,0,test,Cargo ship,deepship
0_97,8,/datasets/audio/deepship/test/0/0_97.wav,120.0,150.0,0,test,Cargo ship,deepship
0_97,9,/datasets/audio/deepship/test/0/0_97.wav,135.0,165.0,0,test,Cargo ship,deepship
0_97,10,/datasets/audio/deepship/test/0/0_97.wav,150.0,180.0,0,test,Cargo ship,deepship
0_97,11,/datasets/audio/deepship/test/0/0_97.wav,165.0,195.0,0,test,Cargo ship,deepship
0_97,12,/datasets/audio/deepship/test/0/0_97.wav,180.0,210.0,0,test,Cargo ship,deepship
0_97,13,/datasets/audio/deepship/test/0/0_97.wav,195.0,225.0,0,test,Cargo ship,deepship
0_97,14,/datasets/audio/deepship/test/0/0_97.wav,210.0,240.0,0,test,Cargo ship,deepship
0_97,15,/datasets/audio/deepship/test/0/0_97.wav,225.0,255.0,0,test,Cargo ship,deepship
0_97,16,/datasets/audio/deepship/test/0/0_97.wav,240.0,270.0,0,test,Cargo ship,deepship
0_97,17,/datasets/audio/deepship/test/0/0_97.wav,246.0,276.0,0,test,Cargo ship,deepship
1_101,0,/datasets/audio/deepship/test/1/1_101.wav,0.0,30.0,1,test,Passenger ship,deepship
1_101,1,/datasets/audio/deepship/test/1/1_101.wav,15.0,45.0,1,test,Passenger ship,deepship
1_101,2,/datasets/audio/deepship/test/1/1_101.wav,30.0,60.0,1,test,Passenger ship,deepship
1_101,3,/datasets/audio/deepship/test/1/1_101.wav,45.0,75.0,1,test,Passenger ship,deepship
1_101,4,/datasets/audio/deepship/test/1/1_101.wav,60.0,90.0,1,test,Passenger ship,deepship
1_101,5,/datasets/audio/deepship/test/1/1_101.wav,75.0,105.0,1,test,Passenger ship,deepship
1_101,6,/datasets/audio/deepship/test/1/1_101.wav,90.0,120.0,1,test,Passenger ship,deepship
1_101,7,/datasets/audio/deepship/test/1/1_101.wav,105.0,135.0,1,test,Passenger ship,deepship
1_101,8,/datasets/audio/deepship/test/1/1_101.wav,120.0,150.0,1,test,Passenger ship,deepship
1_101,9,/datasets/audio/deepship/test/1/1_101.wav,135.0,165.0,1,test,Passenger ship,deepship
1_101,10,/datasets/audio/deepship/test/1/1_101.wav,150.0,180.0,1,test,Passenger ship,deepship
1_101,11,/datasets/audio/deepship/test/1/1_101.wav,165.0,195.0,1,test,Passenger ship,deepship
1_101,12,/datasets/audio/deepship/test/1/1_101.wav,180.0,210.0,1,test,Passenger ship,deepship
1_101,13,/datasets/audio/deepship/test/1/1_101.wav,195.0,225.0,1,test,Passenger ship,deepship
1_101,14,/datasets/audio/deepship/test/1/1_101.wav,210.0,240.0,1,test,Passenger ship,deepship
1_101,15,/datasets/audio/deepship/test/1/1_101.wav,225.0,255.0,1,test,Passenger ship,deepship
1_101,16,/datasets/audio/deepship/test/1/1_101.wav,240.0,270.0,1,test,Passenger ship,deepship
1_101,17,/datasets/audio/deepship/test/1/1_101.wav,255.0,285.0,1,test,Passenger ship,deepship
1_101,18,/datasets/audio/deepship/test/1/1_101.wav,270.0,300.0,1,test,Passenger ship,deepship
1_101,19,/datasets/audio/deepship/test/1/1_101.wav,285.0,315.0,1,test,Passenger ship,deepship
1_101,20,/datasets/audio/deepship/test/1/1_101.wav,300.0,330.0,1,test,Passenger ship,deepship
1_101,21,/datasets/audio/deepship/test/1/1_101.wav,315.0,345.0,1,test,Passenger ship,deepship
1_101,22,/datasets/audio/deepship/test/1/1_101.wav,330.0,360.0,1,test,Passenger ship,deepship
1_101,23,/datasets/audio/deepship/test/1/1_101.wav,345.0,375.0,1,test,Passenger ship,deepship
1_101,24,/datasets/audio/deepship/test/1/1_101.wav,360.0,390.0,1,test,Passenger ship,deepship
1_101,25,/datasets/audio/deepship/test/1/1_101.wav,375.0,405.0,1,test,Passenger ship,deepship
1_101,26,/datasets/audio/deepship/test/1/1_101.wav,390.0,420.0,1,test,Passenger ship,deepship
1_101,27,/datasets/audio/deepship/test/1/1_101.wav,405.0,435.0,1,test,Passenger ship,deepship
1_101,28,/datasets/audio/deepship/test/1/1_101.wav,420.0,450.0,1,test,Passenger ship,deepship
1_101,29,/datasets/audio/deepship/test/1/1_101.wav,435.0,465.0,1,test,Passenger ship,deepship
1_101,30,/datasets/audio/deepship/test/1/1_101.wav,450.0,480.0,1,test,Passenger ship,deepship
1_101,31,/datasets/audio/deepship/test/1/1_101.wav,465.0,495.0,1,test,Passenger ship,deepship
1_101,32,/datasets/audio/deepship/test/1/1_101.wav,480.0,510.0,1,test,Passenger ship,deepship
1_101,33,/datasets/audio/deepship/test/1/1_101.wav,495.0,525.0,1,test,Passenger ship,deepship
1_101,34,/datasets/audio/deepship/test/1/1_101.wav,510.0,540.0,1,test,Passenger ship,deepship
1_101,35,/datasets/audio/deepship/test/1/1_101.wav,525.0,555.0,1,test,Passenger ship,deepship
1_101,36,/datasets/audio/deepship/test/1/1_101.wav,540.0,570.0,1,test,Passenger ship,deepship
1_101,37,/datasets/audio/deepship/test/1/1_101.wav,555.0,585.0,1,test,Passenger ship,deepship
1_101,38,/datasets/audio/deepship/test/1/1_101.wav,570.0,600.0,1,test,Passenger ship,deepship
1_101,39,/datasets/audio/deepship/test/1/1_101.wav,585.0,615.0,1,test,Passenger ship,deepship
1_101,40,/datasets/audio/deepship/test/1/1_101.wav,600.0,630.0,1,test,Passenger ship,deepship
1_101,41,/datasets/audio/deepship/test/1/1_101.wav,615.0,645.0,1,test,Passenger ship,deepship
1_101,42,/datasets/audio/deepship/test/1/1_101.wav,630.0,660.0,1,test,Passenger ship,deepship
1_101,43,/datasets/audio/deepship/test/1/1_101.wav,645.0,675.0,1,test,Passenger ship,deepship
1_101,44,/datasets/audio/deepship/test/1/1_101.wav,660.0,690.0,1,test,Passenger ship,deepship
1_101,45,/datasets/audio/deepship/test/1/1_101.wav,675.0,705.0,1,test,Passenger ship,deepship
1_101,46,/datasets/audio/deepship/test/1/1_101.wav,690.0,720.0,1,test,Passenger ship,deepship
1_106,0,/datasets/audio/deepship/test/1/1_106.wav,0.0,30.0,1,test,Passenger ship,deepship
1_106,1,/datasets/audio/deepship/test/1/1_106.wav,9.0,39.0,1,test,Passenger ship,deepship
1_11,0,/datasets/audio/deepship/test/1/1_11.wav,0.0,30.0,1,test,Passenger ship,deepship
1_11,1,/datasets/audio/deepship/test/1/1_11.wav,15.0,45.0,1,test,Passenger ship,deepship
1_11,2,/datasets/audio/deepship/test/1/1_11.wav,30.0,60.0,1,test,Passenger ship,deepship
1_11,3,/datasets/audio/deepship/test/1/1_11.wav,45.0,75.0,1,test,Passenger ship,deepship
1_11,4,/datasets/audio/deepship/test/1/1_11.wav,60.0,90.0,1,test,Passenger ship,deepship
1_11,5,/datasets/audio/deepship/test/1/1_11.wav,75.0,105.0,1,test,Passenger ship,deepship
1_11,6,/datasets/audio/deepship/test/1/1_11.wav,90.0,120.0,1,test,Passenger ship,deepship
1_11,7,/datasets/audio/deepship/test/1/1_11.wav,105.0,135.0,1,test,Passenger ship,deepship
1_11,8,/datasets/audio/deepship/test/1/1_11.wav,120.0,150.0,1,test,Passenger ship,deepship
1_11,9,/datasets/audio/deepship/test/1/1_11.wav,135.0,165.0,1,test,Passenger ship,deepship
1_11,10,/datasets/audio/deepship/test/1/1_11.wav,150.0,180.0,1,test,Passenger ship,deepship
1_11,11,/datasets/audio/deepship/test/1/1_11.wav,165.0,195.0,1,test,Passenger ship,deepship
1_11,12,/datasets/audio/deepship/test/1/1_11.wav,180.0,210.0,1,test,Passenger ship,deepship
1_11,13,/datasets/audio/deepship/test/1/1_11.wav,195.0,225.0,1,test,Passenger ship,deepship
1_11,14,/datasets/audio/deepship/test/1/1_11.wav,210.0,240.0,1,test,Passenger ship,deepship
1_11,15,/datasets/audio/deepship/test/1/1_11.wav,225.0,255.0,1,test,Passenger ship,deepship
1_11,16,/datasets/audio/deepship/test/1/1_11.wav,240.0,270.0,1,test,Passenger ship,deepship
1_11,17,/datasets/audio/deepship/test/1/1_11.wav,255.0,285.0,1,test,Passenger ship,deepship
1_11,18,/datasets/audio/deepship/test/1/1_11.wav,270.0,300.0,1,test,Passenger ship,deepship
1_11,19,/datasets/audio/deepship/test/1/1_11.wav,285.0,315.0,1,test,Passenger ship,deepship
1_11,20,/datasets/audio/deepship/test/1/1_11.wav,300.0,330.0,1,test,Passenger ship,deepship
1_11,21,/datasets/audio/deepship/test/1/1_11.wav,315.0,345.0,1,test,Passenger ship,deepship
1_11,22,/datasets/audio/deepship/test/1/1_11.wav,330.0,360.0,1,test,Passenger ship,deepship
1_11,23,/datasets/audio/deepship/test/1/1_11.wav,345.0,375.0,1,test,Passenger ship,deepship
1_11,24,/datasets/audio/deepship/test/1/1_11.wav,360.0,390.0,1,test,Passenger ship,deepship
1_11,25,/datasets/audio/deepship/test/1/1_11.wav,375.0,405.0,1,test,Passenger ship,deepship
1_11,26,/datasets/audio/deepship/test/1/1_11.wav,390.0,420.0,1,test,Passenger ship,deepship
1_11,27,/datasets/audio/deepship/test/1/1_11.wav,405.0,435.0,1,test,Passenger ship,deepship
1_11,28,/datasets/audio/deepship/test/1/1_11.wav,420.0,450.0,1,test,Passenger ship,deepship
1_11,29,/datasets/audio/deepship/test/1/1_11.wav,435.0,465.0,1,test,Passenger ship,deepship
1_11,30,/datasets/audio/deepship/test/1/1_11.wav,450.0,480.0,1,test,Passenger ship,deepship
1_11,31,/datasets/audio/deepship/test/1/1_11.wav,451.0,481.0,1,test,Passenger ship,deepship
1_113,0,/datasets/audio/deepship/test/1/1_113.wav,0.0,30.0,1,test,Passenger ship,deepship
1_113,1,/datasets/audio/deepship/test/1/1_113.wav,15.0,45.0,1,test,Passenger ship,deepship
1_113,2,/datasets/audio/deepship/test/1/1_113.wav,30.0,60.0,1,test,Passenger ship,deepship
1_113,3,/datasets/audio/deepship/test/1/1_113.wav,45.0,75.0,1,test,Passenger ship,deepship
1_113,4,/datasets/audio/deepship/test/1/1_113.wav,60.0,90.0,1,test,Passenger ship,deepship
1_113,5,/datasets/audio/deepship/test/1/1_113.wav,75.0,105.0,1,test,Passenger ship,deepship
1_113,6,/datasets/audio/deepship/test/1/1_113.wav,90.0,120.0,1,test,Passenger ship,deepship
1_113,7,/datasets/audio/deepship/test/1/1_113.wav,105.0,135.0,1,test,Passenger ship,deepship
1_113,8,/datasets/audio/deepship/test/1/1_113.wav,110.0,140.0,1,test,Passenger ship,deepship
1_122,0,/datasets/audio/deepship/test/1/1_122.wav,0.0,30.0,1,test,Passenger ship,deepship
1_122,1,/datasets/audio/deepship/test/1/1_122.wav,15.0,45.0,1,test,Passenger ship,deepship
1_122,2,/datasets/audio/deepship/test/1/1_122.wav,30.0,60.0,1,test,Passenger ship,deepship
1_122,3,/datasets/audio/deepship/test/1/1_122.wav,45.0,75.0,1,test,Passenger ship,deepship
1_122,4,/datasets/audio/deepship/test/1/1_122.wav,60.0,90.0,1,test,Passenger ship,deepship
1_122,5,/datasets/audio/deepship/test/1/1_122.wav,75.0,105.0,1,test,Passenger ship,deepship
1_122,6,/datasets/audio/deepship/test/1/1_122.wav,90.0,120.0,1,test,Passenger ship,deepship
1_122,7,/datasets/audio/deepship/test/1/1_122.wav,105.0,135.0,1,test,Passenger ship,deepship
1_122,8,/datasets/audio/deepship/test/1/1_122.wav,120.0,150.0,1,test,Passenger ship,deepship
1_122,9,/datasets/audio/deepship/test/1/1_122.wav,135.0,165.0,1,test,Passenger ship,deepship
1_122,10,/datasets/audio/deepship/test/1/1_122.wav,150.0,180.0,1,test,Passenger ship,deepship
1_122,11,/datasets/audio/deepship/test/1/1_122.wav,165.0,195.0,1,test,Passenger ship,deepship
1_122,12,/datasets/audio/deepship/test/1/1_122.wav,180.0,210.0,1,test,Passenger ship,deepship
1_122,13,/datasets/audio/deepship/test/1/1_122.wav,195.0,225.0,1,test,Passenger ship,deepship
1_122,14,/datasets/audio/deepship/test/1/1_122.wav,210.0,240.0,1,test,Passenger ship,deepship
1_122,15,/datasets/audio/deepship/test/1/1_122.wav,225.0,255.0,1,test,Passenger ship,deepship
1_122,16,/datasets/audio/deepship/test/1/1_122.wav,240.0,270.0,1,test,Passenger ship,deepship
1_122,17,/datasets/audio/deepship/test/1/1_122.wav,255.0,285.0,1,test,Passenger ship,deepship
1_122,18,/datasets/audio/deepship/test/1/1_122.wav,270.0,300.0,1,test,Passenger ship,deepship
1_125,0,/datasets/audio/deepship/test/1/1_125.wav,0.0,30.0,1,test,Passenger ship,deepship
1_125,1,/datasets/audio/deepship/test/1/1_125.wav,15.0,45.0,1,test,Passenger ship,deepship
1_125,2,/datasets/audio/deepship/test/1/1_125.wav,30.0,60.0,1,test,Passenger ship,deepship
1_125,3,/datasets/audio/deepship/test/1/1_125.wav,45.0,75.0,1,test,Passenger ship,deepship
1_125,4,/datasets/audio/deepship/test/1/1_125.wav,60.0,90.0,1,test,Passenger ship,deepship
1_125,5,/datasets/audio/deepship/test/1/1_125.wav,75.0,105.0,1,test,Passenger ship,deepship
1_125,6,/datasets/audio/deepship/test/1/1_125.wav,90.0,120.0,1,test,Passenger ship,deepship
1_125,7,/datasets/audio/deepship/test/1/1_125.wav,105.0,135.0,1,test,Passenger ship,deepship
1_125,8,/datasets/audio/deepship/test/1/1_125.wav,120.0,150.0,1,test,Passenger ship,deepship
1_125,9,/datasets/audio/deepship/test/1/1_125.wav,135.0,165.0,1,test,Passenger ship,deepship
1_125,10,/datasets/audio/deepship/test/1/1_125.wav,150.0,180.0,1,test,Passenger ship,deepship
1_125,11,/datasets/audio/deepship/test/1/1_125.wav,165.0,195.0,1,test,Passenger ship,deepship
1_125,12,/datasets/audio/deepship/test/1/1_125.wav,180.0,210.0,1,test,Passenger ship,deepship
1_125,13,/datasets/audio/deepship/test/1/1_125.wav,195.0,225.0,1,test,Passenger ship,deepship
1_125,14,/datasets/audio/deepship/test/1/1_125.wav,210.0,240.0,1,test,Passenger ship,deepship
1_125,15,/datasets/audio/deepship/test/1/1_125.wav,225.0,255.0,1,test,Passenger ship,deepship
1_125,16,/datasets/audio/deepship/test/1/1_125.wav,240.0,270.0,1,test,Passenger ship,deepship
1_125,17,/datasets/audio/deepship/test/1/1_125.wav,255.0,285.0,1,test,Passenger ship,deepship
1_125,18,/datasets/audio/deepship/test/1/1_125.wav,270.0,300.0,1,test,Passenger ship,deepship
1_125,19,/datasets/audio/deepship/test/1/1_125.wav,285.0,315.0,1,test,Passenger ship,deepship
1_125,20,/datasets/audio/deepship/test/1/1_125.wav,300.0,330.0,1,test,Passenger ship,deepship
1_125,21,/datasets/audio/deepship/test/1/1_125.wav,315.0,345.0,1,test,Passenger ship,deepship
1_125,22,/datasets/audio/deepship/test/1/1_125.wav,330.0,360.0,1,test,Passenger ship,deepship
1_125,23,/datasets/audio/deepship/test/1/1_125.wav,345.0,375.0,1,test,Passenger ship,deepship
1_125,24,/datasets/audio/deepship/test/1/1_125.wav,360.0,390.0,1,test,Passenger ship,deepship
1_125,25,/datasets/audio/deepship/test/1/1_125.wav,375.0,405.0,1,test,Passenger ship,deepship
1_125,26,/datasets/audio/deepship/test/1/1_125.wav,390.0,420.0,1,test,Passenger ship,deepship
1_125,27,/datasets/audio/deepship/test/1/1_125.wav,405.0,435.0,1,test,Passenger ship,deepship
1_125,28,/datasets/audio/deepship/test/1/1_125.wav,420.0,450.0,1,test,Passenger ship,deepship
1_125,29,/datasets/audio/deepship/test/1/1_125.wav,435.0,465.0,1,test,Passenger ship,deepship
1_125,30,/datasets/audio/deepship/test/1/1_125.wav,450.0,480.0,1,test,Passenger ship,deepship
1_125,31,/datasets/audio/deepship/test/1/1_125.wav,465.0,495.0,1,test,Passenger ship,deepship
1_125,32,/datasets/audio/deepship/test/1/1_125.wav,480.0,510.0,1,test,Passenger ship,deepship
1_125,33,/datasets/audio/deepship/test/1/1_125.wav,495.0,525.0,1,test,Passenger ship,deepship
1_125,34,/datasets/audio/deepship/test/1/1_125.wav,510.0,540.0,1,test,Passenger ship,deepship
1_125,35,/datasets/audio/deepship/test/1/1_125.wav,514.0,544.0,1,test,Passenger ship,deepship
1_129,0,/datasets/audio/deepship/test/1/1_129.wav,0.0,30.0,1,test,Passenger ship,deepship
1_129,1,/datasets/audio/deepship/test/1/1_129.wav,15.0,45.0,1,test,Passenger ship,deepship
1_129,2,/datasets/audio/deepship/test/1/1_129.wav,30.0,60.0,1,test,Passenger ship,deepship
1_129,3,/datasets/audio/deepship/test/1/1_129.wav,45.0,75.0,1,test,Passenger ship,deepship
1_129,4,/datasets/audio/deepship/test/1/1_129.wav,60.0,90.0,1,test,Passenger ship,deepship
1_129,5,/datasets/audio/deepship/test/1/1_129.wav,75.0,105.0,1,test,Passenger ship,deepship
1_129,6,/datasets/audio/deepship/test/1/1_129.wav,90.0,120.0,1,test,Passenger ship,deepship
1_129,7,/datasets/audio/deepship/test/1/1_129.wav,105.0,135.0,1,test,Passenger ship,deepship
1_129,8,/datasets/audio/deepship/test/1/1_129.wav,120.0,150.0,1,test,Passenger ship,deepship
1_129,9,/datasets/audio/deepship/test/1/1_129.wav,135.0,165.0,1,test,Passenger ship,deepship
1_129,10,/datasets/audio/deepship/test/1/1_129.wav,150.0,180.0,1,test,Passenger ship,deepship
1_129,11,/datasets/audio/deepship/test/1/1_129.wav,165.0,195.0,1,test,Passenger ship,deepship
1_129,12,/datasets/audio/deepship/test/1/1_129.wav,180.0,210.0,1,test,Passenger ship,deepship
1_129,13,/datasets/audio/deepship/test/1/1_129.wav,195.0,225.0,1,test,Passenger ship,deepship
1_129,14,/datasets/audio/deepship/test/1/1_129.wav,210.0,240.0,1,test,Passenger ship,deepship
1_129,15,/datasets/audio/deepship/test/1/1_129.wav,225.0,255.0,1,test,Passenger ship,deepship
1_129,16,/datasets/audio/deepship/test/1/1_129.wav,240.0,270.0,1,test,Passenger ship,deepship
1_129,17,/datasets/audio/deepship/test/1/1_129.wav,255.0,285.0,1,test,Passenger ship,deepship
1_129,18,/datasets/audio/deepship/test/1/1_129.wav,270.0,300.0,1,test,Passenger ship,deepship
1_130,0,/datasets/audio/deepship/test/1/1_130.wav,0.0,30.0,1,test,Passenger ship,deepship
1_130,1,/datasets/audio/deepship/test/1/1_130.wav,15.0,45.0,1,test,Passenger ship,deepship
1_130,2,/datasets/audio/deepship/test/1/1_130.wav,30.0,60.0,1,test,Passenger ship,deepship
1_130,3,/datasets/audio/deepship/test/1/1_130.wav,45.0,75.0,1,test,Passenger ship,deepship
1_130,4,/datasets/audio/deepship/test/1/1_130.wav,60.0,90.0,1,test,Passenger ship,deepship
1_130,5,/datasets/audio/deepship/test/1/1_130.wav,75.0,105.0,1,test,Passenger ship,deepship
1_130,6,/datasets/audio/deepship/test/1/1_130.wav,90.0,120.0,1,test,Passenger ship,deepship
1_130,7,/datasets/audio/deepship/test/1/1_130.wav,105.0,135.0,1,test,Passenger ship,deepship
1_130,8,/datasets/audio/deepship/test/1/1_130.wav,120.0,150.0,1,test,Passenger ship,deepship
1_130,9,/datasets/audio/deepship/test/1/1_130.wav,135.0,165.0,1,test,Passenger ship,deepship
1_130,10,/datasets/audio/deepship/test/1/1_130.wav,150.0,180.0,1,test,Passenger ship,deepship
1_130,11,/datasets/audio/deepship/test/1/1_130.wav,165.0,195.0,1,test,Passenger ship,deepship
1_130,12,/datasets/audio/deepship/test/1/1_130.wav,180.0,210.0,1,test,Passenger ship,deepship
1_130,13,/datasets/audio/deepship/test/1/1_130.wav,195.0,225.0,1,test,Passenger ship,deepship
1_130,14,/datasets/audio/deepship/test/1/1_130.wav,200.0,230.0,1,test,Passenger ship,deepship
1_134,0,/datasets/audio/deepship/test/1/1_134.wav,0.0,30.0,1,test,Passenger ship,deepship
1_135,0,/datasets/audio/deepship/test/1/1_135.wav,0.0,30.0,1,test,Passenger ship,deepship
1_135,1,/datasets/audio/deepship/test/1/1_135.wav,15.0,45.0,1,test,Passenger ship,deepship
1_135,2,/datasets/audio/deepship/test/1/1_135.wav,30.0,60.0,1,test,Passenger ship,deepship
1_135,3,/datasets/audio/deepship/test/1/1_135.wav,45.0,75.0,1,test,Passenger ship,deepship
1_135,4,/datasets/audio/deepship/test/1/1_135.wav,60.0,90.0,1,test,Passenger ship,deepship
1_135,5,/datasets/audio/deepship/test/1/1_135.wav,75.0,105.0,1,test,Passenger ship,deepship
1_135,6,/datasets/audio/deepship/test/1/1_135.wav,90.0,120.0,1,test,Passenger ship,deepship
1_135,7,/datasets/audio/deepship/test/1/1_135.wav,105.0,135.0,1,test,Passenger ship,deepship
1_135,8,/datasets/audio/deepship/test/1/1_135.wav,120.0,150.0,1,test,Passenger ship,deepship
1_135,9,/datasets/audio/deepship/test/1/1_135.wav,135.0,165.0,1,test,Passenger ship,deepship
1_135,10,/datasets/audio/deepship/test/1/1_135.wav,150.0,180.0,1,test,Passenger ship,deepship
1_135,11,/datasets/audio/deepship/test/1/1_135.wav,165.0,195.0,1,test,Passenger ship,deepship
1_135,12,/datasets/audio/deepship/test/1/1_135.wav,180.0,210.0,1,test,Passenger ship,deepship
1_135,13,/datasets/audio/deepship/test/1/1_135.wav,195.0,225.0,1,test,Passenger ship,deepship
1_135,14,/datasets/audio/deepship/test/1/1_135.wav,210.0,240.0,1,test,Passenger ship,deepship
1_135,15,/datasets/audio/deepship/test/1/1_135.wav,225.0,255.0,1,test,Passenger ship,deepship
1_135,16,/datasets/audio/deepship/test/1/1_135.wav,240.0,270.0,1,test,Passenger ship,deepship
1_135,17,/datasets/audio/deepship/test/1/1_135.wav,255.0,285.0,1,test,Passenger ship,deepship
1_135,18,/datasets/audio/deepship/test/1/1_135.wav,270.0,300.0,1,test,Passenger ship,deepship
1_135,19,/datasets/audio/deepship/test/1/1_135.wav,285.0,315.0,1,test,Passenger ship,deepship
1_135,20,/datasets/audio/deepship/test/1/1_135.wav,300.0,330.0,1,test,Passenger ship,deepship
1_135,21,/datasets/audio/deepship/test/1/1_135.wav,309.0,339.0,1,test,Passenger ship,deepship
1_142,0,/datasets/audio/deepship/test/1/1_142.wav,0.0,30.0,1,test,Passenger ship,deepship
1_142,1,/datasets/audio/deepship/test/1/1_142.wav,15.0,45.0,1,test,Passenger ship,deepship
1_142,2,/datasets/audio/deepship/test/1/1_142.wav,30.0,60.0,1,test,Passenger ship,deepship
1_142,3,/datasets/audio/deepship/test/1/1_142.wav,45.0,75.0,1,test,Passenger ship,deepship
1_142,4,/datasets/audio/deepship/test/1/1_142.wav,60.0,90.0,1,test,Passenger ship,deepship
1_142,5,/datasets/audio/deepship/test/1/1_142.wav,75.0,105.0,1,test,Passenger ship,deepship
1_142,6,/datasets/audio/deepship/test/1/1_142.wav,90.0,120.0,1,test,Passenger ship,deepship
1_142,7,/datasets/audio/deepship/test/1/1_142.wav,105.0,135.0,1,test,Passenger ship,deepship
1_142,8,/datasets/audio/deepship/test/1/1_142.wav,120.0,150.0,1,test,Passenger ship,deepship
1_142,9,/datasets/audio/deepship/test/1/1_142.wav,135.0,165.0,1,test,Passenger ship,deepship
1_142,10,/datasets/audio/deepship/test/1/1_142.wav,150.0,180.0,1,test,Passenger ship,deepship
1_142,11,/datasets/audio/deepship/test/1/1_142.wav,165.0,195.0,1,test,Passenger ship,deepship
1_142,12,/datasets/audio/deepship/test/1/1_142.wav,180.0,210.0,1,test,Passenger ship,deepship
1_142,13,/datasets/audio/deepship/test/1/1_142.wav,195.0,225.0,1,test,Passenger ship,deepship
1_142,14,/datasets/audio/deepship/test/1/1_142.wav,210.0,240.0,1,test,Passenger ship,deepship
1_142,15,/datasets/audio/deepship/test/1/1_142.wav,225.0,255.0,1,test,Passenger ship,deepship
1_142,16,/datasets/audio/deepship/test/1/1_142.wav,240.0,270.0,1,test,Passenger ship,deepship
1_142,17,/datasets/audio/deepship/test/1/1_142.wav,255.0,285.0,1,test,Passenger ship,deepship
1_142,18,/datasets/audio/deepship/test/1/1_142.wav,270.0,300.0,1,test,Passenger ship,deepship
1_142,19,/datasets/audio/deepship/test/1/1_142.wav,285.0,315.0,1,test,Passenger ship,deepship
1_142,20,/datasets/audio/deepship/test/1/1_142.wav,300.0,330.0,1,test,Passenger ship,deepship
1_144,0,/datasets/audio/deepship/test/1/1_144.wav,0.0,30.0,1,test,Passenger ship,deepship
1_144,1,/datasets/audio/deepship/test/1/1_144.wav,1.0,31.0,1,test,Passenger ship,deepship
1_15,0,/datasets/audio/deepship/test/1/1_15.wav,0.0,30.0,1,test,Passenger ship,deepship
1_15,1,/datasets/audio/deepship/test/1/1_15.wav,15.0,45.0,1,test,Passenger ship,deepship
1_15,2,/datasets/audio/deepship/test/1/1_15.wav,30.0,60.0,1,test,Passenger ship,deepship
1_15,3,/datasets/audio/deepship/test/1/1_15.wav,45.0,75.0,1,test,Passenger ship,deepship
1_15,4,/datasets/audio/deepship/test/1/1_15.wav,60.0,90.0,1,test,Passenger ship,deepship
1_15,5,/datasets/audio/deepship/test/1/1_15.wav,75.0,105.0,1,test,Passenger ship,deepship
1_15,6,/datasets/audio/deepship/test/1/1_15.wav,90.0,120.0,1,test,Passenger ship,deepship
1_15,7,/datasets/audio/deepship/test/1/1_15.wav,105.0,135.0,1,test,Passenger ship,deepship
1_15,8,/datasets/audio/deepship/test/1/1_15.wav,120.0,150.0,1,test,Passenger ship,deepship
1_15,9,/datasets/audio/deepship/test/1/1_15.wav,135.0,165.0,1,test,Passenger ship,deepship
1_15,10,/datasets/audio/deepship/test/1/1_15.wav,150.0,180.0,1,test,Passenger ship,deepship
1_15,11,/datasets/audio/deepship/test/1/1_15.wav,165.0,195.0,1,test,Passenger ship,deepship
1_15,12,/datasets/audio/deepship/test/1/1_15.wav,180.0,210.0,1,test,Passenger ship,deepship
1_15,13,/datasets/audio/deepship/test/1/1_15.wav,195.0,225.0,1,test,Passenger ship,deepship
1_15,14,/datasets/audio/deepship/test/1/1_15.wav,210.0,240.0,1,test,Passenger ship,deepship
1_15,15,/datasets/audio/deepship/test/1/1_15.wav,225.0,255.0,1,test,Passenger ship,deepship
1_15,16,/datasets/audio/deepship/test/1/1_15.wav,240.0,270.0,1,test,Passenger ship,deepship
1_15,17,/datasets/audio/deepship/test/1/1_15.wav,255.0,285.0,1,test,Passenger ship,deepship
1_15,18,/datasets/audio/deepship/test/1/1_15.wav,270.0,300.0,1,test,Passenger ship,deepship
1_15,19,/datasets/audio/deepship/test/1/1_15.wav,285.0,315.0,1,test,Passenger ship,deepship
1_15,20,/datasets/audio/deepship/test/1/1_15.wav,300.0,330.0,1,test,Passenger ship,deepship
1_15,21,/datasets/audio/deepship/test/1/1_15.wav,315.0,345.0,1,test,Passenger ship,deepship
1_15,22,/datasets/audio/deepship/test/1/1_15.wav,330.0,360.0,1,test,Passenger ship,deepship
1_15,23,/datasets/audio/deepship/test/1/1_15.wav,345.0,375.0,1,test,Passenger ship,deepship
1_15,24,/datasets/audio/deepship/test/1/1_15.wav,360.0,390.0,1,test,Passenger ship,deepship
1_15,25,/datasets/audio/deepship/test/1/1_15.wav,375.0,405.0,1,test,Passenger ship,deepship
1_15,26,/datasets/audio/deepship/test/1/1_15.wav,390.0,420.0,1,test,Passenger ship,deepship
1_15,27,/datasets/audio/deepship/test/1/1_15.wav,405.0,435.0,1,test,Passenger ship,deepship
1_15,28,/datasets/audio/deepship/test/1/1_15.wav,420.0,450.0,1,test,Passenger ship,deepship
1_15,29,/datasets/audio/deepship/test/1/1_15.wav,428.0,458.0,1,test,Passenger ship,deepship
1_152,0,/datasets/audio/deepship/test/1/1_152.wav,0.0,30.0,1,test,Passenger ship,deepship
1_152,1,/datasets/audio/deepship/test/1/1_152.wav,15.0,45.0,1,test,Passenger ship,deepship
1_152,2,/datasets/audio/deepship/test/1/1_152.wav,30.0,60.0,1,test,Passenger ship,deepship
1_152,3,/datasets/audio/deepship/test/1/1_152.wav,45.0,75.0,1,test,Passenger ship,deepship
1_152,4,/datasets/audio/deepship/test/1/1_152.wav,60.0,90.0,1,test,Passenger ship,deepship
1_152,5,/datasets/audio/deepship/test/1/1_152.wav,75.0,105.0,1,test,Passenger ship,deepship
1_152,6,/datasets/audio/deepship/test/1/1_152.wav,89.0,119.0,1,test,Passenger ship,deepship
1_157,0,/datasets/audio/deepship/test/1/1_157.wav,0.0,30.0,1,test,Passenger ship,deepship
1_157,1,/datasets/audio/deepship/test/1/1_157.wav,15.0,45.0,1,test,Passenger ship,deepship
1_157,2,/datasets/audio/deepship/test/1/1_157.wav,30.0,60.0,1,test,Passenger ship,deepship
1_157,3,/datasets/audio/deepship/test/1/1_157.wav,45.0,75.0,1,test,Passenger ship,deepship
1_157,4,/datasets/audio/deepship/test/1/1_157.wav,60.0,90.0,1,test,Passenger ship,deepship
1_157,5,/datasets/audio/deepship/test/1/1_157.wav,75.0,105.0,1,test,Passenger ship,deepship
1_157,6,/datasets/audio/deepship/test/1/1_157.wav,90.0,120.0,1,test,Passenger ship,deepship
1_157,7,/datasets/audio/deepship/test/1/1_157.wav,105.0,135.0,1,test,Passenger ship,deepship
1_157,8,/datasets/audio/deepship/test/1/1_157.wav,120.0,150.0,1,test,Passenger ship,deepship
1_157,9,/datasets/audio/deepship/test/1/1_157.wav,135.0,165.0,1,test,Passenger ship,deepship
1_157,10,/datasets/audio/deepship/test/1/1_157.wav,150.0,180.0,1,test,Passenger ship,deepship
1_157,11,/datasets/audio/deepship/test/1/1_157.wav,165.0,195.0,1,test,Passenger ship,deepship
1_157,12,/datasets/audio/deepship/test/1/1_157.wav,180.0,210.0,1,test,Passenger ship,deepship
1_157,13,/datasets/audio/deepship/test/1/1_157.wav,195.0,225.0,1,test,Passenger ship,deepship
1_157,14,/datasets/audio/deepship/test/1/1_157.wav,210.0,240.0,1,test,Passenger ship,deepship
1_157,15,/datasets/audio/deepship/test/1/1_157.wav,225.0,255.0,1,test,Passenger ship,deepship
1_157,16,/datasets/audio/deepship/test/1/1_157.wav,240.0,270.0,1,test,Passenger ship,deepship
1_157,17,/datasets/audio/deepship/test/1/1_157.wav,255.0,285.0,1,test,Passenger ship,deepship
1_157,18,/datasets/audio/deepship/test/1/1_157.wav,270.0,300.0,1,test,Passenger ship,deepship
1_157,19,/datasets/audio/deepship/test/1/1_157.wav,285.0,315.0,1,test,Passenger ship,deepship
1_157,20,/datasets/audio/deepship/test/1/1_157.wav,300.0,330.0,1,test,Passenger ship,deepship
1_157,21,/datasets/audio/deepship/test/1/1_157.wav,315.0,345.0,1,test,Passenger ship,deepship
1_157,22,/datasets/audio/deepship/test/1/1_157.wav,330.0,360.0,1,test,Passenger ship,deepship
1_159,0,/datasets/audio/deepship/test/1/1_159.wav,0.0,30.0,1,test,Passenger ship,deepship
1_159,1,/datasets/audio/deepship/test/1/1_159.wav,15.0,45.0,1,test,Passenger ship,deepship
1_159,2,/datasets/audio/deepship/test/1/1_159.wav,30.0,60.0,1,test,Passenger ship,deepship
1_159,3,/datasets/audio/deepship/test/1/1_159.wav,45.0,75.0,1,test,Passenger ship,deepship
1_159,4,/datasets/audio/deepship/test/1/1_159.wav,60.0,90.0,1,test,Passenger ship,deepship
1_159,5,/datasets/audio/deepship/test/1/1_159.wav,75.0,105.0,1,test,Passenger ship,deepship
1_159,6,/datasets/audio/deepship/test/1/1_159.wav,90.0,120.0,1,test,Passenger ship,deepship
1_159,7,/datasets/audio/deepship/test/1/1_159.wav,105.0,135.0,1,test,Passenger ship,deepship
1_159,8,/datasets/audio/deepship/test/1/1_159.wav,120.0,150.0,1,test,Passenger ship,deepship
1_159,9,/datasets/audio/deepship/test/1/1_159.wav,135.0,165.0,1,test,Passenger ship,deepship
1_159,10,/datasets/audio/deepship/test/1/1_159.wav,150.0,180.0,1,test,Passenger ship,deepship
1_159,11,/datasets/audio/deepship/test/1/1_159.wav,165.0,195.0,1,test,Passenger ship,deepship
1_159,12,/datasets/audio/deepship/test/1/1_159.wav,180.0,210.0,1,test,Passenger ship,deepship
1_159,13,/datasets/audio/deepship/test/1/1_159.wav,195.0,225.0,1,test,Passenger ship,deepship
1_159,14,/datasets/audio/deepship/test/1/1_159.wav,210.0,240.0,1,test,Passenger ship,deepship
1_159,15,/datasets/audio/deepship/test/1/1_159.wav,225.0,255.0,1,test,Passenger ship,deepship
1_159,16,/datasets/audio/deepship/test/1/1_159.wav,240.0,270.0,1,test,Passenger ship,deepship
1_159,17,/datasets/audio/deepship/test/1/1_159.wav,255.0,285.0,1,test,Passenger ship,deepship
1_159,18,/datasets/audio/deepship/test/1/1_159.wav,270.0,300.0,1,test,Passenger ship,deepship
1_159,19,/datasets/audio/deepship/test/1/1_159.wav,285.0,315.0,1,test,Passenger ship,deepship
1_159,20,/datasets/audio/deepship/test/1/1_159.wav,300.0,330.0,1,test,Passenger ship,deepship
1_159,21,/datasets/audio/deepship/test/1/1_159.wav,315.0,345.0,1,test,Passenger ship,deepship
1_159,22,/datasets/audio/deepship/test/1/1_159.wav,330.0,360.0,1,test,Passenger ship,deepship
1_159,23,/datasets/audio/deepship/test/1/1_159.wav,334.0,364.0,1,test,Passenger ship,deepship
1_161,0,/datasets/audio/deepship/test/1/1_161.wav,0.0,30.0,1,test,Passenger ship,deepship
1_161,1,/datasets/audio/deepship/test/1/1_161.wav,15.0,45.0,1,test,Passenger ship,deepship
1_161,2,/datasets/audio/deepship/test/1/1_161.wav,30.0,60.0,1,test,Passenger ship,deepship
1_161,3,/datasets/audio/deepship/test/1/1_161.wav,45.0,75.0,1,test,Passenger ship,deepship
1_161,4,/datasets/audio/deepship/test/1/1_161.wav,60.0,90.0,1,test,Passenger ship,deepship
1_161,5,/datasets/audio/deepship/test/1/1_161.wav,75.0,105.0,1,test,Passenger ship,deepship
1_161,6,/datasets/audio/deepship/test/1/1_161.wav,90.0,120.0,1,test,Passenger ship,deepship
1_161,7,/datasets/audio/deepship/test/1/1_161.wav,105.0,135.0,1,test,Passenger ship,deepship
1_161,8,/datasets/audio/deepship/test/1/1_161.wav,120.0,150.0,1,test,Passenger ship,deepship
1_161,9,/datasets/audio/deepship/test/1/1_161.wav,135.0,165.0,1,test,Passenger ship,deepship
1_161,10,/datasets/audio/deepship/test/1/1_161.wav,150.0,180.0,1,test,Passenger ship,deepship
1_161,11,/datasets/audio/deepship/test/1/1_161.wav,165.0,195.0,1,test,Passenger ship,deepship
1_161,12,/datasets/audio/deepship/test/1/1_161.wav,180.0,210.0,1,test,Passenger ship,deepship
1_161,13,/datasets/audio/deepship/test/1/1_161.wav,195.0,225.0,1,test,Passenger ship,deepship
1_161,14,/datasets/audio/deepship/test/1/1_161.wav,210.0,240.0,1,test,Passenger ship,deepship
1_161,15,/datasets/audio/deepship/test/1/1_161.wav,225.0,255.0,1,test,Passenger ship,deepship
1_161,16,/datasets/audio/deepship/test/1/1_161.wav,240.0,270.0,1,test,Passenger ship,deepship
1_161,17,/datasets/audio/deepship/test/1/1_161.wav,255.0,285.0,1,test,Passenger ship,deepship
1_161,18,/datasets/audio/deepship/test/1/1_161.wav,270.0,300.0,1,test,Passenger ship,deepship
1_161,19,/datasets/audio/deepship/test/1/1_161.wav,285.0,315.0,1,test,Passenger ship,deepship
1_161,20,/datasets/audio/deepship/test/1/1_161.wav,300.0,330.0,1,test,Passenger ship,deepship
1_161,21,/datasets/audio/deepship/test/1/1_161.wav,309.0,339.0,1,test,Passenger ship,deepship
1_167,0,/datasets/audio/deepship/test/1/1_167.wav,0.0,30.0,1,test,Passenger ship,deepship
1_168,0,/datasets/audio/deepship/test/1/1_168.wav,0.0,30.0,1,test,Passenger ship,deepship
1_168,1,/datasets/audio/deepship/test/1/1_168.wav,15.0,45.0,1,test,Passenger ship,deepship
1_168,2,/datasets/audio/deepship/test/1/1_168.wav,30.0,60.0,1,test,Passenger ship,deepship
1_168,3,/datasets/audio/deepship/test/1/1_168.wav,45.0,75.0,1,test,Passenger ship,deepship
1_168,4,/datasets/audio/deepship/test/1/1_168.wav,60.0,90.0,1,test,Passenger ship,deepship
1_168,5,/datasets/audio/deepship/test/1/1_168.wav,75.0,105.0,1,test,Passenger ship,deepship
1_168,6,/datasets/audio/deepship/test/1/1_168.wav,78.0,108.0,1,test,Passenger ship,deepship
1_17,0,/datasets/audio/deepship/test/1/1_17.wav,0.0,30.0,1,test,Passenger ship,deepship
1_177,0,/datasets/audio/deepship/test/1/1_177.wav,0.0,30.0,1,test,Passenger ship,deepship
1_177,1,/datasets/audio/deepship/test/1/1_177.wav,15.0,45.0,1,test,Passenger ship,deepship
1_177,2,/datasets/audio/deepship/test/1/1_177.wav,30.0,60.0,1,test,Passenger ship,deepship
1_177,3,/datasets/audio/deepship/test/1/1_177.wav,45.0,75.0,1,test,Passenger ship,deepship
1_177,4,/datasets/audio/deepship/test/1/1_177.wav,60.0,90.0,1,test,Passenger ship,deepship
1_177,5,/datasets/audio/deepship/test/1/1_177.wav,75.0,105.0,1,test,Passenger ship,deepship
1_177,6,/datasets/audio/deepship/test/1/1_177.wav,90.0,120.0,1,test,Passenger ship,deepship
1_177,7,/datasets/audio/deepship/test/1/1_177.wav,105.0,135.0,1,test,Passenger ship,deepship
1_177,8,/datasets/audio/deepship/test/1/1_177.wav,120.0,150.0,1,test,Passenger ship,deepship
1_177,9,/datasets/audio/deepship/test/1/1_177.wav,135.0,165.0,1,test,Passenger ship,deepship
1_177,10,/datasets/audio/deepship/test/1/1_177.wav,150.0,180.0,1,test,Passenger ship,deepship
1_177,11,/datasets/audio/deepship/test/1/1_177.wav,165.0,195.0,1,test,Passenger ship,deepship
1_177,12,/datasets/audio/deepship/test/1/1_177.wav,178.0,208.0,1,test,Passenger ship,deepship
1_179,0,/datasets/audio/deepship/test/1/1_179.wav,0.0,30.0,1,test,Passenger ship,deepship
1_179,1,/datasets/audio/deepship/test/1/1_179.wav,15.0,45.0,1,test,Passenger ship,deepship
1_179,2,/datasets/audio/deepship/test/1/1_179.wav,30.0,60.0,1,test,Passenger ship,deepship
1_179,3,/datasets/audio/deepship/test/1/1_179.wav,45.0,75.0,1,test,Passenger ship,deepship
1_179,4,/datasets/audio/deepship/test/1/1_179.wav,60.0,90.0,1,test,Passenger ship,deepship
1_179,5,/datasets/audio/deepship/test/1/1_179.wav,75.0,105.0,1,test,Passenger ship,deepship
1_179,6,/datasets/audio/deepship/test/1/1_179.wav,90.0,120.0,1,test,Passenger ship,deepship
1_179,7,/datasets/audio/deepship/test/1/1_179.wav,105.0,135.0,1,test,Passenger ship,deepship
1_179,8,/datasets/audio/deepship/test/1/1_179.wav,120.0,150.0,1,test,Passenger ship,deepship
1_179,9,/datasets/audio/deepship/test/1/1_179.wav,135.0,165.0,1,test,Passenger ship,deepship
1_179,10,/datasets/audio/deepship/test/1/1_179.wav,150.0,180.0,1,test,Passenger ship,deepship
1_179,11,/datasets/audio/deepship/test/1/1_179.wav,165.0,195.0,1,test,Passenger ship,deepship
1_179,12,/datasets/audio/deepship/test/1/1_179.wav,180.0,210.0,1,test,Passenger ship,deepship
1_179,13,/datasets/audio/deepship/test/1/1_179.wav,195.0,225.0,1,test,Passenger ship,deepship
1_179,14,/datasets/audio/deepship/test/1/1_179.wav,210.0,240.0,1,test,Passenger ship,deepship
1_179,15,/datasets/audio/deepship/test/1/1_179.wav,225.0,255.0,1,test,Passenger ship,deepship
1_179,16,/datasets/audio/deepship/test/1/1_179.wav,240.0,270.0,1,test,Passenger ship,deepship
1_179,17,/datasets/audio/deepship/test/1/1_179.wav,255.0,285.0,1,test,Passenger ship,deepship
1_179,18,/datasets/audio/deepship/test/1/1_179.wav,270.0,300.0,1,test,Passenger ship,deepship
1_179,19,/datasets/audio/deepship/test/1/1_179.wav,285.0,315.0,1,test,Passenger ship,deepship
1_179,20,/datasets/audio/deepship/test/1/1_179.wav,300.0,330.0,1,test,Passenger ship,deepship
1_179,21,/datasets/audio/deepship/test/1/1_179.wav,315.0,345.0,1,test,Passenger ship,deepship
1_179,22,/datasets/audio/deepship/test/1/1_179.wav,330.0,360.0,1,test,Passenger ship,deepship
1_179,23,/datasets/audio/deepship/test/1/1_179.wav,345.0,375.0,1,test,Passenger ship,deepship
1_179,24,/datasets/audio/deepship/test/1/1_179.wav,360.0,390.0,1,test,Passenger ship,deepship
1_179,25,/datasets/audio/deepship/test/1/1_179.wav,375.0,405.0,1,test,Passenger ship,deepship
1_179,26,/datasets/audio/deepship/test/1/1_179.wav,390.0,420.0,1,test,Passenger ship,deepship
1_179,27,/datasets/audio/deepship/test/1/1_179.wav,405.0,435.0,1,test,Passenger ship,deepship
1_179,28,/datasets/audio/deepship/test/1/1_179.wav,420.0,450.0,1,test,Passenger ship,deepship
1_179,29,/datasets/audio/deepship/test/1/1_179.wav,435.0,465.0,1,test,Passenger ship,deepship
1_179,30,/datasets/audio/deepship/test/1/1_179.wav,450.0,480.0,1,test,Passenger ship,deepship
1_179,31,/datasets/audio/deepship/test/1/1_179.wav,465.0,495.0,1,test,Passenger ship,deepship
1_179,32,/datasets/audio/deepship/test/1/1_179.wav,480.0,510.0,1,test,Passenger ship,deepship
1_179,33,/datasets/audio/deepship/test/1/1_179.wav,495.0,525.0,1,test,Passenger ship,deepship
1_179,34,/datasets/audio/deepship/test/1/1_179.wav,510.0,540.0,1,test,Passenger ship,deepship
1_179,35,/datasets/audio/deepship/test/1/1_179.wav,525.0,555.0,1,test,Passenger ship,deepship
1_179,36,/datasets/audio/deepship/test/1/1_179.wav,540.0,570.0,1,test,Passenger ship,deepship
1_179,37,/datasets/audio/deepship/test/1/1_179.wav,555.0,585.0,1,test,Passenger ship,deepship
1_179,38,/datasets/audio/deepship/test/1/1_179.wav,570.0,600.0,1,test,Passenger ship,deepship
1_179,39,/datasets/audio/deepship/test/1/1_179.wav,585.0,615.0,1,test,Passenger ship,deepship
1_179,40,/datasets/audio/deepship/test/1/1_179.wav,596.0,626.0,1,test,Passenger ship,deepship
1_187,0,/datasets/audio/deepship/test/1/1_187.wav,0.0,30.0,1,test,Passenger ship,deepship
1_187,1,/datasets/audio/deepship/test/1/1_187.wav,10.0,40.0,1,test,Passenger ship,deepship
1_188,0,/datasets/audio/deepship/test/1/1_188.wav,0.0,30.0,1,test,Passenger ship,deepship
1_188,1,/datasets/audio/deepship/test/1/1_188.wav,14.0,44.0,1,test,Passenger ship,deepship
1_189,0,/datasets/audio/deepship/test/1/1_189.wav,0.0,30.0,1,test,Passenger ship,deepship
1_19,0,/datasets/audio/deepship/test/1/1_19.wav,0.0,30.0,1,test,Passenger ship,deepship
1_19,1,/datasets/audio/deepship/test/1/1_19.wav,15.0,45.0,1,test,Passenger ship,deepship
1_19,2,/datasets/audio/deepship/test/1/1_19.wav,30.0,60.0,1,test,Passenger ship,deepship
1_19,3,/datasets/audio/deepship/test/1/1_19.wav,45.0,75.0,1,test,Passenger ship,deepship
1_19,4,/datasets/audio/deepship/test/1/1_19.wav,60.0,90.0,1,test,Passenger ship,deepship
1_19,5,/datasets/audio/deepship/test/1/1_19.wav,75.0,105.0,1,test,Passenger ship,deepship
1_19,6,/datasets/audio/deepship/test/1/1_19.wav,90.0,120.0,1,test,Passenger ship,deepship
1_19,7,/datasets/audio/deepship/test/1/1_19.wav,105.0,135.0,1,test,Passenger ship,deepship
1_19,8,/datasets/audio/deepship/test/1/1_19.wav,120.0,150.0,1,test,Passenger ship,deepship
1_19,9,/datasets/audio/deepship/test/1/1_19.wav,130.0,160.0,1,test,Passenger ship,deepship
1_2,0,/datasets/audio/deepship/test/1/1_2.wav,0.0,30.0,1,test,Passenger ship,deepship
1_2,1,/datasets/audio/deepship/test/1/1_2.wav,15.0,45.0,1,test,Passenger ship,deepship
1_2,2,/datasets/audio/deepship/test/1/1_2.wav,30.0,60.0,1,test,Passenger ship,deepship
1_2,3,/datasets/audio/deepship/test/1/1_2.wav,45.0,75.0,1,test,Passenger ship,deepship
1_2,4,/datasets/audio/deepship/test/1/1_2.wav,60.0,90.0,1,test,Passenger ship,deepship
1_2,5,/datasets/audio/deepship/test/1/1_2.wav,75.0,105.0,1,test,Passenger ship,deepship
1_2,6,/datasets/audio/deepship/test/1/1_2.wav,90.0,120.0,1,test,Passenger ship,deepship
1_2,7,/datasets/audio/deepship/test/1/1_2.wav,105.0,135.0,1,test,Passenger ship,deepship
1_2,8,/datasets/audio/deepship/test/1/1_2.wav,120.0,150.0,1,test,Passenger ship,deepship
1_2,9,/datasets/audio/deepship/test/1/1_2.wav,135.0,165.0,1,test,Passenger ship,deepship
1_2,10,/datasets/audio/deepship/test/1/1_2.wav,150.0,180.0,1,test,Passenger ship,deepship
1_2,11,/datasets/audio/deepship/test/1/1_2.wav,165.0,195.0,1,test,Passenger ship,deepship
1_2,12,/datasets/audio/deepship/test/1/1_2.wav,180.0,210.0,1,test,Passenger ship,deepship
1_2,13,/datasets/audio/deepship/test/1/1_2.wav,195.0,225.0,1,test,Passenger ship,deepship
1_2,14,/datasets/audio/deepship/test/1/1_2.wav,210.0,240.0,1,test,Passenger ship,deepship
1_2,15,/datasets/audio/deepship/test/1/1_2.wav,225.0,255.0,1,test,Passenger ship,deepship
1_2,16,/datasets/audio/deepship/test/1/1_2.wav,240.0,270.0,1,test,Passenger ship,deepship
1_2,17,/datasets/audio/deepship/test/1/1_2.wav,255.0,285.0,1,test,Passenger ship,deepship
1_2,18,/datasets/audio/deepship/test/1/1_2.wav,270.0,300.0,1,test,Passenger ship,deepship
1_2,19,/datasets/audio/deepship/test/1/1_2.wav,285.0,315.0,1,test,Passenger ship,deepship
1_2,20,/datasets/audio/deepship/test/1/1_2.wav,300.0,330.0,1,test,Passenger ship,deepship
1_2,21,/datasets/audio/deepship/test/1/1_2.wav,304.0,334.0,1,test,Passenger ship,deepship
1_20,0,/datasets/audio/deepship/test/1/1_20.wav,0.0,30.0,1,test,Passenger ship,deepship
1_20,1,/datasets/audio/deepship/test/1/1_20.wav,15.0,45.0,1,test,Passenger ship,deepship
1_20,2,/datasets/audio/deepship/test/1/1_20.wav,30.0,60.0,1,test,Passenger ship,deepship
1_20,3,/datasets/audio/deepship/test/1/1_20.wav,45.0,75.0,1,test,Passenger ship,deepship
1_20,4,/datasets/audio/deepship/test/1/1_20.wav,60.0,90.0,1,test,Passenger ship,deepship
1_20,5,/datasets/audio/deepship/test/1/1_20.wav,75.0,105.0,1,test,Passenger ship,deepship
1_20,6,/datasets/audio/deepship/test/1/1_20.wav,90.0,120.0,1,test,Passenger ship,deepship
1_20,7,/datasets/audio/deepship/test/1/1_20.wav,105.0,135.0,1,test,Passenger ship,deepship
1_20,8,/datasets/audio/deepship/test/1/1_20.wav,120.0,150.0,1,test,Passenger ship,deepship
1_20,9,/datasets/audio/deepship/test/1/1_20.wav,135.0,165.0,1,test,Passenger ship,deepship
1_20,10,/datasets/audio/deepship/test/1/1_20.wav,150.0,180.0,1,test,Passenger ship,deepship
1_20,11,/datasets/audio/deepship/test/1/1_20.wav,165.0,195.0,1,test,Passenger ship,deepship
1_20,12,/datasets/audio/deepship/test/1/1_20.wav,180.0,210.0,1,test,Passenger ship,deepship
1_20,13,/datasets/audio/deepship/test/1/1_20.wav,195.0,225.0,1,test,Passenger ship,deepship
1_20,14,/datasets/audio/deepship/test/1/1_20.wav,210.0,240.0,1,test,Passenger ship,deepship
1_20,15,/datasets/audio/deepship/test/1/1_20.wav,225.0,255.0,1,test,Passenger ship,deepship
1_20,16,/datasets/audio/deepship/test/1/1_20.wav,240.0,270.0,1,test,Passenger ship,deepship
1_20,17,/datasets/audio/deepship/test/1/1_20.wav,255.0,285.0,1,test,Passenger ship,deepship
1_20,18,/datasets/audio/deepship/test/1/1_20.wav,270.0,300.0,1,test,Passenger ship,deepship
1_20,19,/datasets/audio/deepship/test/1/1_20.wav,285.0,315.0,1,test,Passenger ship,deepship
1_20,20,/datasets/audio/deepship/test/1/1_20.wav,300.0,330.0,1,test,Passenger ship,deepship
1_20,21,/datasets/audio/deepship/test/1/1_20.wav,315.0,345.0,1,test,Passenger ship,deepship
1_20,22,/datasets/audio/deepship/test/1/1_20.wav,330.0,360.0,1,test,Passenger ship,deepship
1_20,23,/datasets/audio/deepship/test/1/1_20.wav,345.0,375.0,1,test,Passenger ship,deepship
1_20,24,/datasets/audio/deepship/test/1/1_20.wav,360.0,390.0,1,test,Passenger ship,deepship
1_23,0,/datasets/audio/deepship/test/1/1_23.wav,0.0,30.0,1,test,Passenger ship,deepship
1_23,1,/datasets/audio/deepship/test/1/1_23.wav,15.0,45.0,1,test,Passenger ship,deepship
1_23,2,/datasets/audio/deepship/test/1/1_23.wav,30.0,60.0,1,test,Passenger ship,deepship
1_23,3,/datasets/audio/deepship/test/1/1_23.wav,45.0,75.0,1,test,Passenger ship,deepship
1_23,4,/datasets/audio/deepship/test/1/1_23.wav,60.0,90.0,1,test,Passenger ship,deepship
1_23,5,/datasets/audio/deepship/test/1/1_23.wav,75.0,105.0,1,test,Passenger ship,deepship
1_23,6,/datasets/audio/deepship/test/1/1_23.wav,90.0,120.0,1,test,Passenger ship,deepship
1_23,7,/datasets/audio/deepship/test/1/1_23.wav,100.0,130.0,1,test,Passenger ship,deepship
1_30,0,/datasets/audio/deepship/test/1/1_30.wav,0.0,30.0,1,test,Passenger ship,deepship
1_31,0,/datasets/audio/deepship/test/1/1_31.wav,0.0,30.0,1,test,Passenger ship,deepship
1_37,0,/datasets/audio/deepship/test/1/1_37.wav,0.0,30.0,1,test,Passenger ship,deepship
1_37,1,/datasets/audio/deepship/test/1/1_37.wav,15.0,45.0,1,test,Passenger ship,deepship
1_37,2,/datasets/audio/deepship/test/1/1_37.wav,30.0,60.0,1,test,Passenger ship,deepship
1_37,3,/datasets/audio/deepship/test/1/1_37.wav,45.0,75.0,1,test,Passenger ship,deepship
1_37,4,/datasets/audio/deepship/test/1/1_37.wav,60.0,90.0,1,test,Passenger ship,deepship
1_37,5,/datasets/audio/deepship/test/1/1_37.wav,75.0,105.0,1,test,Passenger ship,deepship
1_37,6,/datasets/audio/deepship/test/1/1_37.wav,90.0,120.0,1,test,Passenger ship,deepship
1_37,7,/datasets/audio/deepship/test/1/1_37.wav,105.0,135.0,1,test,Passenger ship,deepship
1_37,8,/datasets/audio/deepship/test/1/1_37.wav,120.0,150.0,1,test,Passenger ship,deepship
1_37,9,/datasets/audio/deepship/test/1/1_37.wav,132.0,162.0,1,test,Passenger ship,deepship
1_4,0,/datasets/audio/deepship/test/1/1_4.wav,0.0,30.0,1,test,Passenger ship,deepship
1_4,1,/datasets/audio/deepship/test/1/1_4.wav,15.0,45.0,1,test,Passenger ship,deepship
1_4,2,/datasets/audio/deepship/test/1/1_4.wav,30.0,60.0,1,test,Passenger ship,deepship
1_4,3,/datasets/audio/deepship/test/1/1_4.wav,45.0,75.0,1,test,Passenger ship,deepship
1_4,4,/datasets/audio/deepship/test/1/1_4.wav,60.0,90.0,1,test,Passenger ship,deepship
1_4,5,/datasets/audio/deepship/test/1/1_4.wav,75.0,105.0,1,test,Passenger ship,deepship
1_4,6,/datasets/audio/deepship/test/1/1_4.wav,90.0,120.0,1,test,Passenger ship,deepship
1_4,7,/datasets/audio/deepship/test/1/1_4.wav,105.0,135.0,1,test,Passenger ship,deepship
1_4,8,/datasets/audio/deepship/test/1/1_4.wav,120.0,150.0,1,test,Passenger ship,deepship
1_4,9,/datasets/audio/deepship/test/1/1_4.wav,135.0,165.0,1,test,Passenger ship,deepship
1_4,10,/datasets/audio/deepship/test/1/1_4.wav,150.0,180.0,1,test,Passenger ship,deepship
1_4,11,/datasets/audio/deepship/test/1/1_4.wav,165.0,195.0,1,test,Passenger ship,deepship
1_4,12,/datasets/audio/deepship/test/1/1_4.wav,174.0,204.0,1,test,Passenger ship,deepship
1_45,0,/datasets/audio/deepship/test/1/1_45.wav,0.0,30.0,1,test,Passenger ship,deepship
1_45,1,/datasets/audio/deepship/test/1/1_45.wav,15.0,45.0,1,test,Passenger ship,deepship
1_45,2,/datasets/audio/deepship/test/1/1_45.wav,30.0,60.0,1,test,Passenger ship,deepship
1_45,3,/datasets/audio/deepship/test/1/1_45.wav,45.0,75.0,1,test,Passenger ship,deepship
1_45,4,/datasets/audio/deepship/test/1/1_45.wav,60.0,90.0,1,test,Passenger ship,deepship
1_45,5,/datasets/audio/deepship/test/1/1_45.wav,75.0,105.0,1,test,Passenger ship,deepship
1_45,6,/datasets/audio/deepship/test/1/1_45.wav,90.0,120.0,1,test,Passenger ship,deepship
1_45,7,/datasets/audio/deepship/test/1/1_45.wav,105.0,135.0,1,test,Passenger ship,deepship
1_45,8,/datasets/audio/deepship/test/1/1_45.wav,120.0,150.0,1,test,Passenger ship,deepship
1_45,9,/datasets/audio/deepship/test/1/1_45.wav,135.0,165.0,1,test,Passenger ship,deepship
1_45,10,/datasets/audio/deepship/test/1/1_45.wav,150.0,180.0,1,test,Passenger ship,deepship
1_45,11,/datasets/audio/deepship/test/1/1_45.wav,165.0,195.0,1,test,Passenger ship,deepship
1_45,12,/datasets/audio/deepship/test/1/1_45.wav,180.0,210.0,1,test,Passenger ship,deepship
1_45,13,/datasets/audio/deepship/test/1/1_45.wav,195.0,225.0,1,test,Passenger ship,deepship
1_45,14,/datasets/audio/deepship/test/1/1_45.wav,210.0,240.0,1,test,Passenger ship,deepship
1_45,15,/datasets/audio/deepship/test/1/1_45.wav,225.0,255.0,1,test,Passenger ship,deepship
1_45,16,/datasets/audio/deepship/test/1/1_45.wav,240.0,270.0,1,test,Passenger ship,deepship
1_45,17,/datasets/audio/deepship/test/1/1_45.wav,255.0,285.0,1,test,Passenger ship,deepship
1_45,18,/datasets/audio/deepship/test/1/1_45.wav,270.0,300.0,1,test,Passenger ship,deepship
1_45,19,/datasets/audio/deepship/test/1/1_45.wav,285.0,315.0,1,test,Passenger ship,deepship
1_45,20,/datasets/audio/deepship/test/1/1_45.wav,290.0,320.0,1,test,Passenger ship,deepship
1_46,0,/datasets/audio/deepship/test/1/1_46.wav,0.0,30.0,1,test,Passenger ship,deepship
1_46,1,/datasets/audio/deepship/test/1/1_46.wav,15.0,45.0,1,test,Passenger ship,deepship
1_46,2,/datasets/audio/deepship/test/1/1_46.wav,30.0,60.0,1,test,Passenger ship,deepship
1_46,3,/datasets/audio/deepship/test/1/1_46.wav,45.0,75.0,1,test,Passenger ship,deepship
1_46,4,/datasets/audio/deepship/test/1/1_46.wav,60.0,90.0,1,test,Passenger ship,deepship
1_46,5,/datasets/audio/deepship/test/1/1_46.wav,75.0,105.0,1,test,Passenger ship,deepship
1_46,6,/datasets/audio/deepship/test/1/1_46.wav,90.0,120.0,1,test,Passenger ship,deepship
1_46,7,/datasets/audio/deepship/test/1/1_46.wav,105.0,135.0,1,test,Passenger ship,deepship
1_46,8,/datasets/audio/deepship/test/1/1_46.wav,120.0,150.0,1,test,Passenger ship,deepship
1_46,9,/datasets/audio/deepship/test/1/1_46.wav,135.0,165.0,1,test,Passenger ship,deepship
1_46,10,/datasets/audio/deepship/test/1/1_46.wav,150.0,180.0,1,test,Passenger ship,deepship
1_46,11,/datasets/audio/deepship/test/1/1_46.wav,165.0,195.0,1,test,Passenger ship,deepship
1_46,12,/datasets/audio/deepship/test/1/1_46.wav,180.0,210.0,1,test,Passenger ship,deepship
1_46,13,/datasets/audio/deepship/test/1/1_46.wav,195.0,225.0,1,test,Passenger ship,deepship
1_46,14,/datasets/audio/deepship/test/1/1_46.wav,210.0,240.0,1,test,Passenger ship,deepship
1_46,15,/datasets/audio/deepship/test/1/1_46.wav,225.0,255.0,1,test,Passenger ship,deepship
1_46,16,/datasets/audio/deepship/test/1/1_46.wav,240.0,270.0,1,test,Passenger ship,deepship
1_46,17,/datasets/audio/deepship/test/1/1_46.wav,255.0,285.0,1,test,Passenger ship,deepship
1_46,18,/datasets/audio/deepship/test/1/1_46.wav,270.0,300.0,1,test,Passenger ship,deepship
1_46,19,/datasets/audio/deepship/test/1/1_46.wav,285.0,315.0,1,test,Passenger ship,deepship
1_46,20,/datasets/audio/deepship/test/1/1_46.wav,300.0,330.0,1,test,Passenger ship,deepship
1_46,21,/datasets/audio/deepship/test/1/1_46.wav,307.0,337.0,1,test,Passenger ship,deepship
1_5,0,/datasets/audio/deepship/test/1/1_5.wav,0.0,30.0,1,test,Passenger ship,deepship
1_53,0,/datasets/audio/deepship/test/1/1_53.wav,0.0,30.0,1,test,Passenger ship,deepship
1_53,1,/datasets/audio/deepship/test/1/1_53.wav,15.0,45.0,1,test,Passenger ship,deepship
1_53,2,/datasets/audio/deepship/test/1/1_53.wav,23.0,53.0,1,test,Passenger ship,deepship
1_60,0,/datasets/audio/deepship/test/1/1_60.wav,0.0,30.0,1,test,Passenger ship,deepship
1_61,0,/datasets/audio/deepship/test/1/1_61.wav,0.0,30.0,1,test,Passenger ship,deepship
1_61,1,/datasets/audio/deepship/test/1/1_61.wav,15.0,45.0,1,test,Passenger ship,deepship
1_61,2,/datasets/audio/deepship/test/1/1_61.wav,30.0,60.0,1,test,Passenger ship,deepship
1_61,3,/datasets/audio/deepship/test/1/1_61.wav,45.0,75.0,1,test,Passenger ship,deepship
1_61,4,/datasets/audio/deepship/test/1/1_61.wav,60.0,90.0,1,test,Passenger ship,deepship
1_61,5,/datasets/audio/deepship/test/1/1_61.wav,75.0,105.0,1,test,Passenger ship,deepship
1_61,6,/datasets/audio/deepship/test/1/1_61.wav,90.0,120.0,1,test,Passenger ship,deepship
1_61,7,/datasets/audio/deepship/test/1/1_61.wav,105.0,135.0,1,test,Passenger ship,deepship
1_61,8,/datasets/audio/deepship/test/1/1_61.wav,113.0,143.0,1,test,Passenger ship,deepship
1_62,0,/datasets/audio/deepship/test/1/1_62.wav,0.0,30.0,1,test,Passenger ship,deepship
1_62,1,/datasets/audio/deepship/test/1/1_62.wav,15.0,45.0,1,test,Passenger ship,deepship
1_62,2,/datasets/audio/deepship/test/1/1_62.wav,30.0,60.0,1,test,Passenger ship,deepship
1_62,3,/datasets/audio/deepship/test/1/1_62.wav,45.0,75.0,1,test,Passenger ship,deepship
1_62,4,/datasets/audio/deepship/test/1/1_62.wav,60.0,90.0,1,test,Passenger ship,deepship
1_62,5,/datasets/audio/deepship/test/1/1_62.wav,75.0,105.0,1,test,Passenger ship,deepship
1_62,6,/datasets/audio/deepship/test/1/1_62.wav,90.0,120.0,1,test,Passenger ship,deepship
1_62,7,/datasets/audio/deepship/test/1/1_62.wav,105.0,135.0,1,test,Passenger ship,deepship
1_62,8,/datasets/audio/deepship/test/1/1_62.wav,120.0,150.0,1,test,Passenger ship,deepship
1_62,9,/datasets/audio/deepship/test/1/1_62.wav,135.0,165.0,1,test,Passenger ship,deepship
1_62,10,/datasets/audio/deepship/test/1/1_62.wav,146.0,176.0,1,test,Passenger ship,deepship
1_67,0,/datasets/audio/deepship/test/1/1_67.wav,0.0,30.0,1,test,Passenger ship,deepship
1_67,1,/datasets/audio/deepship/test/1/1_67.wav,15.0,45.0,1,test,Passenger ship,deepship
1_67,2,/datasets/audio/deepship/test/1/1_67.wav,30.0,60.0,1,test,Passenger ship,deepship
1_67,3,/datasets/audio/deepship/test/1/1_67.wav,45.0,75.0,1,test,Passenger ship,deepship
1_67,4,/datasets/audio/deepship/test/1/1_67.wav,60.0,90.0,1,test,Passenger ship,deepship
1_67,5,/datasets/audio/deepship/test/1/1_67.wav,75.0,105.0,1,test,Passenger ship,deepship
1_67,6,/datasets/audio/deepship/test/1/1_67.wav,90.0,120.0,1,test,Passenger ship,deepship
1_67,7,/datasets/audio/deepship/test/1/1_67.wav,105.0,135.0,1,test,Passenger ship,deepship
1_67,8,/datasets/audio/deepship/test/1/1_67.wav,120.0,150.0,1,test,Passenger ship,deepship
1_67,9,/datasets/audio/deepship/test/1/1_67.wav,135.0,165.0,1,test,Passenger ship,deepship
1_67,10,/datasets/audio/deepship/test/1/1_67.wav,150.0,180.0,1,test,Passenger ship,deepship
1_67,11,/datasets/audio/deepship/test/1/1_67.wav,165.0,195.0,1,test,Passenger ship,deepship
1_67,12,/datasets/audio/deepship/test/1/1_67.wav,180.0,210.0,1,test,Passenger ship,deepship
1_67,13,/datasets/audio/deepship/test/1/1_67.wav,195.0,225.0,1,test,Passenger ship,deepship
1_67,14,/datasets/audio/deepship/test/1/1_67.wav,210.0,240.0,1,test,Passenger ship,deepship
1_67,15,/datasets/audio/deepship/test/1/1_67.wav,225.0,255.0,1,test,Passenger ship,deepship
1_67,16,/datasets/audio/deepship/test/1/1_67.wav,235.0,265.0,1,test,Passenger ship,deepship
1_68,0,/datasets/audio/deepship/test/1/1_68.wav,0.0,30.0,1,test,Passenger ship,deepship
1_68,1,/datasets/audio/deepship/test/1/1_68.wav,15.0,45.0,1,test,Passenger ship,deepship
1_68,2,/datasets/audio/deepship/test/1/1_68.wav,30.0,60.0,1,test,Passenger ship,deepship
1_68,3,/datasets/audio/deepship/test/1/1_68.wav,45.0,75.0,1,test,Passenger ship,deepship
1_68,4,/datasets/audio/deepship/test/1/1_68.wav,60.0,90.0,1,test,Passenger ship,deepship
1_68,5,/datasets/audio/deepship/test/1/1_68.wav,75.0,105.0,1,test,Passenger ship,deepship
1_68,6,/datasets/audio/deepship/test/1/1_68.wav,79.0,109.0,1,test,Passenger ship,deepship
1_7,0,/datasets/audio/deepship/test/1/1_7.wav,0.0,30.0,1,test,Passenger ship,deepship
1_7,1,/datasets/audio/deepship/test/1/1_7.wav,15.0,45.0,1,test,Passenger ship,deepship
1_7,2,/datasets/audio/deepship/test/1/1_7.wav,30.0,60.0,1,test,Passenger ship,deepship
1_7,3,/datasets/audio/deepship/test/1/1_7.wav,45.0,75.0,1,test,Passenger ship,deepship
1_7,4,/datasets/audio/deepship/test/1/1_7.wav,60.0,90.0,1,test,Passenger ship,deepship
1_7,5,/datasets/audio/deepship/test/1/1_7.wav,75.0,105.0,1,test,Passenger ship,deepship
1_7,6,/datasets/audio/deepship/test/1/1_7.wav,90.0,120.0,1,test,Passenger ship,deepship
1_7,7,/datasets/audio/deepship/test/1/1_7.wav,105.0,135.0,1,test,Passenger ship,deepship
1_7,8,/datasets/audio/deepship/test/1/1_7.wav,120.0,150.0,1,test,Passenger ship,deepship
1_7,9,/datasets/audio/deepship/test/1/1_7.wav,135.0,165.0,1,test,Passenger ship,deepship
1_7,10,/datasets/audio/deepship/test/1/1_7.wav,150.0,180.0,1,test,Passenger ship,deepship
1_7,11,/datasets/audio/deepship/test/1/1_7.wav,165.0,195.0,1,test,Passenger ship,deepship
1_7,12,/datasets/audio/deepship/test/1/1_7.wav,180.0,210.0,1,test,Passenger ship,deepship
1_7,13,/datasets/audio/deepship/test/1/1_7.wav,195.0,225.0,1,test,Passenger ship,deepship
1_7,14,/datasets/audio/deepship/test/1/1_7.wav,210.0,240.0,1,test,Passenger ship,deepship
1_7,15,/datasets/audio/deepship/test/1/1_7.wav,225.0,255.0,1,test,Passenger ship,deepship
1_7,16,/datasets/audio/deepship/test/1/1_7.wav,240.0,270.0,1,test,Passenger ship,deepship
1_7,17,/datasets/audio/deepship/test/1/1_7.wav,255.0,285.0,1,test,Passenger ship,deepship
1_7,18,/datasets/audio/deepship/test/1/1_7.wav,270.0,300.0,1,test,Passenger ship,deepship
1_7,19,/datasets/audio/deepship/test/1/1_7.wav,285.0,315.0,1,test,Passenger ship,deepship
1_7,20,/datasets/audio/deepship/test/1/1_7.wav,300.0,330.0,1,test,Passenger ship,deepship
1_7,21,/datasets/audio/deepship/test/1/1_7.wav,315.0,345.0,1,test,Passenger ship,deepship
1_7,22,/datasets/audio/deepship/test/1/1_7.wav,320.0,350.0,1,test,Passenger ship,deepship
1_70,0,/datasets/audio/deepship/test/1/1_70.wav,0.0,30.0,1,test,Passenger ship,deepship
1_75,0,/datasets/audio/deepship/test/1/1_75.wav,0.0,30.0,1,test,Passenger ship,deepship
1_75,1,/datasets/audio/deepship/test/1/1_75.wav,15.0,45.0,1,test,Passenger ship,deepship
1_75,2,/datasets/audio/deepship/test/1/1_75.wav,30.0,60.0,1,test,Passenger ship,deepship
1_75,3,/datasets/audio/deepship/test/1/1_75.wav,45.0,75.0,1,test,Passenger ship,deepship
1_75,4,/datasets/audio/deepship/test/1/1_75.wav,60.0,90.0,1,test,Passenger ship,deepship
1_75,5,/datasets/audio/deepship/test/1/1_75.wav,75.0,105.0,1,test,Passenger ship,deepship
1_75,6,/datasets/audio/deepship/test/1/1_75.wav,90.0,120.0,1,test,Passenger ship,deepship
1_75,7,/datasets/audio/deepship/test/1/1_75.wav,105.0,135.0,1,test,Passenger ship,deepship
1_75,8,/datasets/audio/deepship/test/1/1_75.wav,120.0,150.0,1,test,Passenger ship,deepship
1_75,9,/datasets/audio/deepship/test/1/1_75.wav,135.0,165.0,1,test,Passenger ship,deepship
1_75,10,/datasets/audio/deepship/test/1/1_75.wav,150.0,180.0,1,test,Passenger ship,deepship
1_75,11,/datasets/audio/deepship/test/1/1_75.wav,165.0,195.0,1,test,Passenger ship,deepship
1_75,12,/datasets/audio/deepship/test/1/1_75.wav,180.0,210.0,1,test,Passenger ship,deepship
1_75,13,/datasets/audio/deepship/test/1/1_75.wav,195.0,225.0,1,test,Passenger ship,deepship
1_75,14,/datasets/audio/deepship/test/1/1_75.wav,210.0,240.0,1,test,Passenger ship,deepship
1_75,15,/datasets/audio/deepship/test/1/1_75.wav,225.0,255.0,1,test,Passenger ship,deepship
1_75,16,/datasets/audio/deepship/test/1/1_75.wav,240.0,270.0,1,test,Passenger ship,deepship
1_75,17,/datasets/audio/deepship/test/1/1_75.wav,255.0,285.0,1,test,Passenger ship,deepship
1_75,18,/datasets/audio/deepship/test/1/1_75.wav,270.0,300.0,1,test,Passenger ship,deepship
1_75,19,/datasets/audio/deepship/test/1/1_75.wav,285.0,315.0,1,test,Passenger ship,deepship
1_75,20,/datasets/audio/deepship/test/1/1_75.wav,300.0,330.0,1,test,Passenger ship,deepship
1_75,21,/datasets/audio/deepship/test/1/1_75.wav,315.0,345.0,1,test,Passenger ship,deepship
1_75,22,/datasets/audio/deepship/test/1/1_75.wav,320.0,350.0,1,test,Passenger ship,deepship
1_76,0,/datasets/audio/deepship/test/1/1_76.wav,0.0,30.0,1,test,Passenger ship,deepship
1_76,1,/datasets/audio/deepship/test/1/1_76.wav,15.0,45.0,1,test,Passenger ship,deepship
1_76,2,/datasets/audio/deepship/test/1/1_76.wav,30.0,60.0,1,test,Passenger ship,deepship
1_76,3,/datasets/audio/deepship/test/1/1_76.wav,45.0,75.0,1,test,Passenger ship,deepship
1_76,4,/datasets/audio/deepship/test/1/1_76.wav,60.0,90.0,1,test,Passenger ship,deepship
1_76,5,/datasets/audio/deepship/test/1/1_76.wav,75.0,105.0,1,test,Passenger ship,deepship
1_76,6,/datasets/audio/deepship/test/1/1_76.wav,90.0,120.0,1,test,Passenger ship,deepship
1_76,7,/datasets/audio/deepship/test/1/1_76.wav,105.0,135.0,1,test,Passenger ship,deepship
1_76,8,/datasets/audio/deepship/test/1/1_76.wav,120.0,150.0,1,test,Passenger ship,deepship
1_76,9,/datasets/audio/deepship/test/1/1_76.wav,135.0,165.0,1,test,Passenger ship,deepship
1_76,10,/datasets/audio/deepship/test/1/1_76.wav,150.0,180.0,1,test,Passenger ship,deepship
1_76,11,/datasets/audio/deepship/test/1/1_76.wav,165.0,195.0,1,test,Passenger ship,deepship
1_76,12,/datasets/audio/deepship/test/1/1_76.wav,180.0,210.0,1,test,Passenger ship,deepship
1_76,13,/datasets/audio/deepship/test/1/1_76.wav,195.0,225.0,1,test,Passenger ship,deepship
1_76,14,/datasets/audio/deepship/test/1/1_76.wav,210.0,240.0,1,test,Passenger ship,deepship
1_76,15,/datasets/audio/deepship/test/1/1_76.wav,225.0,255.0,1,test,Passenger ship,deepship
1_76,16,/datasets/audio/deepship/test/1/1_76.wav,240.0,270.0,1,test,Passenger ship,deepship
1_76,17,/datasets/audio/deepship/test/1/1_76.wav,255.0,285.0,1,test,Passenger ship,deepship
1_76,18,/datasets/audio/deepship/test/1/1_76.wav,270.0,300.0,1,test,Passenger ship,deepship
1_76,19,/datasets/audio/deepship/test/1/1_76.wav,285.0,315.0,1,test,Passenger ship,deepship
1_76,20,/datasets/audio/deepship/test/1/1_76.wav,300.0,330.0,1,test,Passenger ship,deepship
1_76,21,/datasets/audio/deepship/test/1/1_76.wav,315.0,345.0,1,test,Passenger ship,deepship
1_76,22,/datasets/audio/deepship/test/1/1_76.wav,330.0,360.0,1,test,Passenger ship,deepship
1_76,23,/datasets/audio/deepship/test/1/1_76.wav,345.0,375.0,1,test,Passenger ship,deepship
1_76,24,/datasets/audio/deepship/test/1/1_76.wav,360.0,390.0,1,test,Passenger ship,deepship
1_76,25,/datasets/audio/deepship/test/1/1_76.wav,375.0,405.0,1,test,Passenger ship,deepship
1_76,26,/datasets/audio/deepship/test/1/1_76.wav,390.0,420.0,1,test,Passenger ship,deepship
1_76,27,/datasets/audio/deepship/test/1/1_76.wav,405.0,435.0,1,test,Passenger ship,deepship
1_76,28,/datasets/audio/deepship/test/1/1_76.wav,420.0,450.0,1,test,Passenger ship,deepship
1_76,29,/datasets/audio/deepship/test/1/1_76.wav,435.0,465.0,1,test,Passenger ship,deepship
1_76,30,/datasets/audio/deepship/test/1/1_76.wav,450.0,480.0,1,test,Passenger ship,deepship
1_76,31,/datasets/audio/deepship/test/1/1_76.wav,465.0,495.0,1,test,Passenger ship,deepship
1_76,32,/datasets/audio/deepship/test/1/1_76.wav,480.0,510.0,1,test,Passenger ship,deepship
1_76,33,/datasets/audio/deepship/test/1/1_76.wav,495.0,525.0,1,test,Passenger ship,deepship
1_76,34,/datasets/audio/deepship/test/1/1_76.wav,510.0,540.0,1,test,Passenger ship,deepship
1_76,35,/datasets/audio/deepship/test/1/1_76.wav,525.0,555.0,1,test,Passenger ship,deepship
1_76,36,/datasets/audio/deepship/test/1/1_76.wav,539.0,569.0,1,test,Passenger ship,deepship
1_77,0,/datasets/audio/deepship/test/1/1_77.wav,0.0,30.0,1,test,Passenger ship,deepship
1_77,1,/datasets/audio/deepship/test/1/1_77.wav,15.0,45.0,1,test,Passenger ship,deepship
1_77,2,/datasets/audio/deepship/test/1/1_77.wav,30.0,60.0,1,test,Passenger ship,deepship
1_77,3,/datasets/audio/deepship/test/1/1_77.wav,45.0,75.0,1,test,Passenger ship,deepship
1_77,4,/datasets/audio/deepship/test/1/1_77.wav,60.0,90.0,1,test,Passenger ship,deepship
1_77,5,/datasets/audio/deepship/test/1/1_77.wav,75.0,105.0,1,test,Passenger ship,deepship
1_77,6,/datasets/audio/deepship/test/1/1_77.wav,90.0,120.0,1,test,Passenger ship,deepship
1_77,7,/datasets/audio/deepship/test/1/1_77.wav,105.0,135.0,1,test,Passenger ship,deepship
1_77,8,/datasets/audio/deepship/test/1/1_77.wav,120.0,150.0,1,test,Passenger ship,deepship
1_77,9,/datasets/audio/deepship/test/1/1_77.wav,135.0,165.0,1,test,Passenger ship,deepship
1_77,10,/datasets/audio/deepship/test/1/1_77.wav,150.0,180.0,1,test,Passenger ship,deepship
1_77,11,/datasets/audio/deepship/test/1/1_77.wav,165.0,195.0,1,test,Passenger ship,deepship
1_84,0,/datasets/audio/deepship/test/1/1_84.wav,0.0,30.0,1,test,Passenger ship,deepship
1_84,1,/datasets/audio/deepship/test/1/1_84.wav,15.0,45.0,1,test,Passenger ship,deepship
1_84,2,/datasets/audio/deepship/test/1/1_84.wav,30.0,60.0,1,test,Passenger ship,deepship
1_84,3,/datasets/audio/deepship/test/1/1_84.wav,45.0,75.0,1,test,Passenger ship,deepship
1_84,4,/datasets/audio/deepship/test/1/1_84.wav,60.0,90.0,1,test,Passenger ship,deepship
1_84,5,/datasets/audio/deepship/test/1/1_84.wav,75.0,105.0,1,test,Passenger ship,deepship
1_84,6,/datasets/audio/deepship/test/1/1_84.wav,88.0,118.0,1,test,Passenger ship,deepship
1_86,0,/datasets/audio/deepship/test/1/1_86.wav,0.0,30.0,1,test,Passenger ship,deepship
1_86,1,/datasets/audio/deepship/test/1/1_86.wav,15.0,45.0,1,test,Passenger ship,deepship
1_86,2,/datasets/audio/deepship/test/1/1_86.wav,23.0,53.0,1,test,Passenger ship,deepship
1_91,0,/datasets/audio/deepship/test/1/1_91.wav,0.0,30.0,1,test,Passenger ship,deepship
2_106,0,/datasets/audio/deepship/test/2/2_106.wav,0.0,30.0,2,test,Oil tanker,deepship
2_106,1,/datasets/audio/deepship/test/2/2_106.wav,15.0,45.0,2,test,Oil tanker,deepship
2_106,2,/datasets/audio/deepship/test/2/2_106.wav,30.0,60.0,2,test,Oil tanker,deepship
2_106,3,/datasets/audio/deepship/test/2/2_106.wav,45.0,75.0,2,test,Oil tanker,deepship
2_106,4,/datasets/audio/deepship/test/2/2_106.wav,60.0,90.0,2,test,Oil tanker,deepship
2_106,5,/datasets/audio/deepship/test/2/2_106.wav,75.0,105.0,2,test,Oil tanker,deepship
2_106,6,/datasets/audio/deepship/test/2/2_106.wav,90.0,120.0,2,test,Oil tanker,deepship
2_106,7,/datasets/audio/deepship/test/2/2_106.wav,105.0,135.0,2,test,Oil tanker,deepship
2_106,8,/datasets/audio/deepship/test/2/2_106.wav,120.0,150.0,2,test,Oil tanker,deepship
2_106,9,/datasets/audio/deepship/test/2/2_106.wav,135.0,165.0,2,test,Oil tanker,deepship
2_106,10,/datasets/audio/deepship/test/2/2_106.wav,150.0,180.0,2,test,Oil tanker,deepship
2_106,11,/datasets/audio/deepship/test/2/2_106.wav,165.0,195.0,2,test,Oil tanker,deepship
2_106,12,/datasets/audio/deepship/test/2/2_106.wav,180.0,210.0,2,test,Oil tanker,deepship
2_106,13,/datasets/audio/deepship/test/2/2_106.wav,190.0,220.0,2,test,Oil tanker,deepship
2_115,0,/datasets/audio/deepship/test/2/2_115.wav,0.0,30.0,2,test,Oil tanker,deepship
2_115,1,/datasets/audio/deepship/test/2/2_115.wav,15.0,45.0,2,test,Oil tanker,deepship
2_115,2,/datasets/audio/deepship/test/2/2_115.wav,30.0,60.0,2,test,Oil tanker,deepship
2_115,3,/datasets/audio/deepship/test/2/2_115.wav,45.0,75.0,2,test,Oil tanker,deepship
2_115,4,/datasets/audio/deepship/test/2/2_115.wav,60.0,90.0,2,test,Oil tanker,deepship
2_115,5,/datasets/audio/deepship/test/2/2_115.wav,75.0,105.0,2,test,Oil tanker,deepship
2_115,6,/datasets/audio/deepship/test/2/2_115.wav,90.0,120.0,2,test,Oil tanker,deepship
2_115,7,/datasets/audio/deepship/test/2/2_115.wav,105.0,135.0,2,test,Oil tanker,deepship
2_115,8,/datasets/audio/deepship/test/2/2_115.wav,120.0,150.0,2,test,Oil tanker,deepship
2_115,9,/datasets/audio/deepship/test/2/2_115.wav,135.0,165.0,2,test,Oil tanker,deepship
2_115,10,/datasets/audio/deepship/test/2/2_115.wav,150.0,180.0,2,test,Oil tanker,deepship
2_115,11,/datasets/audio/deepship/test/2/2_115.wav,165.0,195.0,2,test,Oil tanker,deepship
2_115,12,/datasets/audio/deepship/test/2/2_115.wav,180.0,210.0,2,test,Oil tanker,deepship
2_115,13,/datasets/audio/deepship/test/2/2_115.wav,195.0,225.0,2,test,Oil tanker,deepship
2_115,14,/datasets/audio/deepship/test/2/2_115.wav,210.0,240.0,2,test,Oil tanker,deepship
2_115,15,/datasets/audio/deepship/test/2/2_115.wav,225.0,255.0,2,test,Oil tanker,deepship
2_115,16,/datasets/audio/deepship/test/2/2_115.wav,240.0,270.0,2,test,Oil tanker,deepship
2_115,17,/datasets/audio/deepship/test/2/2_115.wav,255.0,285.0,2,test,Oil tanker,deepship
2_115,18,/datasets/audio/deepship/test/2/2_115.wav,270.0,300.0,2,test,Oil tanker,deepship
2_115,19,/datasets/audio/deepship/test/2/2_115.wav,285.0,315.0,2,test,Oil tanker,deepship
2_115,20,/datasets/audio/deepship/test/2/2_115.wav,300.0,330.0,2,test,Oil tanker,deepship
2_115,21,/datasets/audio/deepship/test/2/2_115.wav,315.0,345.0,2,test,Oil tanker,deepship
2_115,22,/datasets/audio/deepship/test/2/2_115.wav,330.0,360.0,2,test,Oil tanker,deepship
2_115,23,/datasets/audio/deepship/test/2/2_115.wav,345.0,375.0,2,test,Oil tanker,deepship
2_115,24,/datasets/audio/deepship/test/2/2_115.wav,360.0,390.0,2,test,Oil tanker,deepship
2_115,25,/datasets/audio/deepship/test/2/2_115.wav,375.0,405.0,2,test,Oil tanker,deepship
2_115,26,/datasets/audio/deepship/test/2/2_115.wav,390.0,420.0,2,test,Oil tanker,deepship
2_115,27,/datasets/audio/deepship/test/2/2_115.wav,402.0,432.0,2,test,Oil tanker,deepship
2_118,0,/datasets/audio/deepship/test/2/2_118.wav,0.0,30.0,2,test,Oil tanker,deepship
2_118,1,/datasets/audio/deepship/test/2/2_118.wav,15.0,45.0,2,test,Oil tanker,deepship
2_118,2,/datasets/audio/deepship/test/2/2_118.wav,30.0,60.0,2,test,Oil tanker,deepship
2_118,3,/datasets/audio/deepship/test/2/2_118.wav,45.0,75.0,2,test,Oil tanker,deepship
2_118,4,/datasets/audio/deepship/test/2/2_118.wav,60.0,90.0,2,test,Oil tanker,deepship
2_118,5,/datasets/audio/deepship/test/2/2_118.wav,61.0,91.0,2,test,Oil tanker,deepship
2_124,0,/datasets/audio/deepship/test/2/2_124.wav,0.0,30.0,2,test,Oil tanker,deepship
2_126,0,/datasets/audio/deepship/test/2/2_126.wav,0.0,30.0,2,test,Oil tanker,deepship
2_126,1,/datasets/audio/deepship/test/2/2_126.wav,15.0,45.0,2,test,Oil tanker,deepship
2_126,2,/datasets/audio/deepship/test/2/2_126.wav,19.0,49.0,2,test,Oil tanker,deepship
2_127,0,/datasets/audio/deepship/test/2/2_127.wav,0.0,30.0,2,test,Oil tanker,deepship
2_13,0,/datasets/audio/deepship/test/2/2_13.wav,0.0,30.0,2,test,Oil tanker,deepship
2_13,1,/datasets/audio/deepship/test/2/2_13.wav,15.0,45.0,2,test,Oil tanker,deepship
2_13,2,/datasets/audio/deepship/test/2/2_13.wav,30.0,60.0,2,test,Oil tanker,deepship
2_13,3,/datasets/audio/deepship/test/2/2_13.wav,45.0,75.0,2,test,Oil tanker,deepship
2_13,4,/datasets/audio/deepship/test/2/2_13.wav,60.0,90.0,2,test,Oil tanker,deepship
2_13,5,/datasets/audio/deepship/test/2/2_13.wav,75.0,105.0,2,test,Oil tanker,deepship
2_13,6,/datasets/audio/deepship/test/2/2_13.wav,90.0,120.0,2,test,Oil tanker,deepship
2_13,7,/datasets/audio/deepship/test/2/2_13.wav,105.0,135.0,2,test,Oil tanker,deepship
2_13,8,/datasets/audio/deepship/test/2/2_13.wav,120.0,150.0,2,test,Oil tanker,deepship
2_13,9,/datasets/audio/deepship/test/2/2_13.wav,127.0,157.0,2,test,Oil tanker,deepship
2_131,0,/datasets/audio/deepship/test/2/2_131.wav,0.0,30.0,2,test,Oil tanker,deepship
2_134,0,/datasets/audio/deepship/test/2/2_134.wav,0.0,30.0,2,test,Oil tanker,deepship
2_14,0,/datasets/audio/deepship/test/2/2_14.wav,0.0,30.0,2,test,Oil tanker,deepship
2_141,0,/datasets/audio/deepship/test/2/2_141.wav,0.0,30.0,2,test,Oil tanker,deepship
2_141,1,/datasets/audio/deepship/test/2/2_141.wav,15.0,45.0,2,test,Oil tanker,deepship
2_141,2,/datasets/audio/deepship/test/2/2_141.wav,30.0,60.0,2,test,Oil tanker,deepship
2_141,3,/datasets/audio/deepship/test/2/2_141.wav,45.0,75.0,2,test,Oil tanker,deepship
2_141,4,/datasets/audio/deepship/test/2/2_141.wav,57.0,87.0,2,test,Oil tanker,deepship
2_144,0,/datasets/audio/deepship/test/2/2_144.wav,0.0,30.0,2,test,Oil tanker,deepship
2_144,1,/datasets/audio/deepship/test/2/2_144.wav,15.0,45.0,2,test,Oil tanker,deepship
2_144,2,/datasets/audio/deepship/test/2/2_144.wav,30.0,60.0,2,test,Oil tanker,deepship
2_144,3,/datasets/audio/deepship/test/2/2_144.wav,38.0,68.0,2,test,Oil tanker,deepship
2_147,0,/datasets/audio/deepship/test/2/2_147.wav,0.0,30.0,2,test,Oil tanker,deepship
2_15,0,/datasets/audio/deepship/test/2/2_15.wav,0.0,30.0,2,test,Oil tanker,deepship
2_15,1,/datasets/audio/deepship/test/2/2_15.wav,15.0,45.0,2,test,Oil tanker,deepship
2_15,2,/datasets/audio/deepship/test/2/2_15.wav,30.0,60.0,2,test,Oil tanker,deepship
2_15,3,/datasets/audio/deepship/test/2/2_15.wav,45.0,75.0,2,test,Oil tanker,deepship
2_15,4,/datasets/audio/deepship/test/2/2_15.wav,60.0,90.0,2,test,Oil tanker,deepship
2_15,5,/datasets/audio/deepship/test/2/2_15.wav,75.0,105.0,2,test,Oil tanker,deepship
2_15,6,/datasets/audio/deepship/test/2/2_15.wav,90.0,120.0,2,test,Oil tanker,deepship
2_15,7,/datasets/audio/deepship/test/2/2_15.wav,105.0,135.0,2,test,Oil tanker,deepship
2_15,8,/datasets/audio/deepship/test/2/2_15.wav,120.0,150.0,2,test,Oil tanker,deepship
2_15,9,/datasets/audio/deepship/test/2/2_15.wav,135.0,165.0,2,test,Oil tanker,deepship
2_15,10,/datasets/audio/deepship/test/2/2_15.wav,150.0,180.0,2,test,Oil tanker,deepship
2_15,11,/datasets/audio/deepship/test/2/2_15.wav,165.0,195.0,2,test,Oil tanker,deepship
2_15,12,/datasets/audio/deepship/test/2/2_15.wav,180.0,210.0,2,test,Oil tanker,deepship
2_15,13,/datasets/audio/deepship/test/2/2_15.wav,195.0,225.0,2,test,Oil tanker,deepship
2_15,14,/datasets/audio/deepship/test/2/2_15.wav,210.0,240.0,2,test,Oil tanker,deepship
2_15,15,/datasets/audio/deepship/test/2/2_15.wav,225.0,255.0,2,test,Oil tanker,deepship
2_15,16,/datasets/audio/deepship/test/2/2_15.wav,240.0,270.0,2,test,Oil tanker,deepship
2_15,17,/datasets/audio/deepship/test/2/2_15.wav,255.0,285.0,2,test,Oil tanker,deepship
2_15,18,/datasets/audio/deepship/test/2/2_15.wav,270.0,300.0,2,test,Oil tanker,deepship
2_15,19,/datasets/audio/deepship/test/2/2_15.wav,285.0,315.0,2,test,Oil tanker,deepship
2_15,20,/datasets/audio/deepship/test/2/2_15.wav,300.0,330.0,2,test,Oil tanker,deepship
2_15,21,/datasets/audio/deepship/test/2/2_15.wav,315.0,345.0,2,test,Oil tanker,deepship
2_15,22,/datasets/audio/deepship/test/2/2_15.wav,330.0,360.0,2,test,Oil tanker,deepship
2_15,23,/datasets/audio/deepship/test/2/2_15.wav,345.0,375.0,2,test,Oil tanker,deepship
2_15,24,/datasets/audio/deepship/test/2/2_15.wav,360.0,390.0,2,test,Oil tanker,deepship
2_15,25,/datasets/audio/deepship/test/2/2_15.wav,371.0,401.0,2,test,Oil tanker,deepship
2_151,0,/datasets/audio/deepship/test/2/2_151.wav,0.0,30.0,2,test,Oil tanker,deepship
2_153,0,/datasets/audio/deepship/test/2/2_153.wav,0.0,30.0,2,test,Oil tanker,deepship
2_156,0,/datasets/audio/deepship/test/2/2_156.wav,0.0,30.0,2,test,Oil tanker,deepship
2_156,1,/datasets/audio/deepship/test/2/2_156.wav,15.0,45.0,2,test,Oil tanker,deepship
2_156,2,/datasets/audio/deepship/test/2/2_156.wav,30.0,60.0,2,test,Oil tanker,deepship
2_156,3,/datasets/audio/deepship/test/2/2_156.wav,45.0,75.0,2,test,Oil tanker,deepship
2_156,4,/datasets/audio/deepship/test/2/2_156.wav,60.0,90.0,2,test,Oil tanker,deepship
2_156,5,/datasets/audio/deepship/test/2/2_156.wav,71.0,101.0,2,test,Oil tanker,deepship
2_158,0,/datasets/audio/deepship/test/2/2_158.wav,0.0,30.0,2,test,Oil tanker,deepship
2_158,1,/datasets/audio/deepship/test/2/2_158.wav,15.0,45.0,2,test,Oil tanker,deepship
2_158,2,/datasets/audio/deepship/test/2/2_158.wav,30.0,60.0,2,test,Oil tanker,deepship
2_158,3,/datasets/audio/deepship/test/2/2_158.wav,45.0,75.0,2,test,Oil tanker,deepship
2_158,4,/datasets/audio/deepship/test/2/2_158.wav,60.0,90.0,2,test,Oil tanker,deepship
2_158,5,/datasets/audio/deepship/test/2/2_158.wav,75.0,105.0,2,test,Oil tanker,deepship
2_158,6,/datasets/audio/deepship/test/2/2_158.wav,90.0,120.0,2,test,Oil tanker,deepship
2_158,7,/datasets/audio/deepship/test/2/2_158.wav,105.0,135.0,2,test,Oil tanker,deepship
2_158,8,/datasets/audio/deepship/test/2/2_158.wav,120.0,150.0,2,test,Oil tanker,deepship
2_158,9,/datasets/audio/deepship/test/2/2_158.wav,135.0,165.0,2,test,Oil tanker,deepship
2_158,10,/datasets/audio/deepship/test/2/2_158.wav,150.0,180.0,2,test,Oil tanker,deepship
2_158,11,/datasets/audio/deepship/test/2/2_158.wav,165.0,195.0,2,test,Oil tanker,deepship
2_158,12,/datasets/audio/deepship/test/2/2_158.wav,180.0,210.0,2,test,Oil tanker,deepship
2_158,13,/datasets/audio/deepship/test/2/2_158.wav,195.0,225.0,2,test,Oil tanker,deepship
2_158,14,/datasets/audio/deepship/test/2/2_158.wav,210.0,240.0,2,test,Oil tanker,deepship
2_158,15,/datasets/audio/deepship/test/2/2_158.wav,225.0,255.0,2,test,Oil tanker,deepship
2_158,16,/datasets/audio/deepship/test/2/2_158.wav,240.0,270.0,2,test,Oil tanker,deepship
2_158,17,/datasets/audio/deepship/test/2/2_158.wav,255.0,285.0,2,test,Oil tanker,deepship
2_158,18,/datasets/audio/deepship/test/2/2_158.wav,270.0,300.0,2,test,Oil tanker,deepship
2_158,19,/datasets/audio/deepship/test/2/2_158.wav,285.0,315.0,2,test,Oil tanker,deepship
2_158,20,/datasets/audio/deepship/test/2/2_158.wav,300.0,330.0,2,test,Oil tanker,deepship
2_158,21,/datasets/audio/deepship/test/2/2_158.wav,315.0,345.0,2,test,Oil tanker,deepship
2_158,22,/datasets/audio/deepship/test/2/2_158.wav,330.0,360.0,2,test,Oil tanker,deepship
2_158,23,/datasets/audio/deepship/test/2/2_158.wav,345.0,375.0,2,test,Oil tanker,deepship
2_158,24,/datasets/audio/deepship/test/2/2_158.wav,360.0,390.0,2,test,Oil tanker,deepship
2_158,25,/datasets/audio/deepship/test/2/2_158.wav,375.0,405.0,2,test,Oil tanker,deepship
2_158,26,/datasets/audio/deepship/test/2/2_158.wav,379.0,409.0,2,test,Oil tanker,deepship
2_167,0,/datasets/audio/deepship/test/2/2_167.wav,0.0,30.0,2,test,Oil tanker,deepship
2_171,0,/datasets/audio/deepship/test/2/2_171.wav,0.0,30.0,2,test,Oil tanker,deepship
2_171,1,/datasets/audio/deepship/test/2/2_171.wav,15.0,45.0,2,test,Oil tanker,deepship
2_171,2,/datasets/audio/deepship/test/2/2_171.wav,30.0,60.0,2,test,Oil tanker,deepship
2_171,3,/datasets/audio/deepship/test/2/2_171.wav,45.0,75.0,2,test,Oil tanker,deepship
2_171,4,/datasets/audio/deepship/test/2/2_171.wav,60.0,90.0,2,test,Oil tanker,deepship
2_171,5,/datasets/audio/deepship/test/2/2_171.wav,75.0,105.0,2,test,Oil tanker,deepship
2_171,6,/datasets/audio/deepship/test/2/2_171.wav,90.0,120.0,2,test,Oil tanker,deepship
2_171,7,/datasets/audio/deepship/test/2/2_171.wav,105.0,135.0,2,test,Oil tanker,deepship
2_171,8,/datasets/audio/deepship/test/2/2_171.wav,120.0,150.0,2,test,Oil tanker,deepship
2_171,9,/datasets/audio/deepship/test/2/2_171.wav,135.0,165.0,2,test,Oil tanker,deepship
2_171,10,/datasets/audio/deepship/test/2/2_171.wav,150.0,180.0,2,test,Oil tanker,deepship
2_171,11,/datasets/audio/deepship/test/2/2_171.wav,165.0,195.0,2,test,Oil tanker,deepship
2_171,12,/datasets/audio/deepship/test/2/2_171.wav,180.0,210.0,2,test,Oil tanker,deepship
2_171,13,/datasets/audio/deepship/test/2/2_171.wav,195.0,225.0,2,test,Oil tanker,deepship
2_171,14,/datasets/audio/deepship/test/2/2_171.wav,210.0,240.0,2,test,Oil tanker,deepship
2_171,15,/datasets/audio/deepship/test/2/2_171.wav,225.0,255.0,2,test,Oil tanker,deepship
2_171,16,/datasets/audio/deepship/test/2/2_171.wav,240.0,270.0,2,test,Oil tanker,deepship
2_171,17,/datasets/audio/deepship/test/2/2_171.wav,255.0,285.0,2,test,Oil tanker,deepship
2_171,18,/datasets/audio/deepship/test/2/2_171.wav,270.0,300.0,2,test,Oil tanker,deepship
2_171,19,/datasets/audio/deepship/test/2/2_171.wav,285.0,315.0,2,test,Oil tanker,deepship
2_171,20,/datasets/audio/deepship/test/2/2_171.wav,300.0,330.0,2,test,Oil tanker,deepship
2_171,21,/datasets/audio/deepship/test/2/2_171.wav,315.0,345.0,2,test,Oil tanker,deepship
2_171,22,/datasets/audio/deepship/test/2/2_171.wav,323.0,353.0,2,test,Oil tanker,deepship
2_178,0,/datasets/audio/deepship/test/2/2_178.wav,0.0,30.0,2,test,Oil tanker,deepship
2_178,1,/datasets/audio/deepship/test/2/2_178.wav,15.0,45.0,2,test,Oil tanker,deepship
2_178,2,/datasets/audio/deepship/test/2/2_178.wav,30.0,60.0,2,test,Oil tanker,deepship
2_178,3,/datasets/audio/deepship/test/2/2_178.wav,45.0,75.0,2,test,Oil tanker,deepship
2_178,4,/datasets/audio/deepship/test/2/2_178.wav,60.0,90.0,2,test,Oil tanker,deepship
2_178,5,/datasets/audio/deepship/test/2/2_178.wav,75.0,105.0,2,test,Oil tanker,deepship
2_178,6,/datasets/audio/deepship/test/2/2_178.wav,90.0,120.0,2,test,Oil tanker,deepship
2_178,7,/datasets/audio/deepship/test/2/2_178.wav,105.0,135.0,2,test,Oil tanker,deepship
2_178,8,/datasets/audio/deepship/test/2/2_178.wav,120.0,150.0,2,test,Oil tanker,deepship
2_178,9,/datasets/audio/deepship/test/2/2_178.wav,135.0,165.0,2,test,Oil tanker,deepship
2_178,10,/datasets/audio/deepship/test/2/2_178.wav,150.0,180.0,2,test,Oil tanker,deepship
2_178,11,/datasets/audio/deepship/test/2/2_178.wav,165.0,195.0,2,test,Oil tanker,deepship
2_178,12,/datasets/audio/deepship/test/2/2_178.wav,180.0,210.0,2,test,Oil tanker,deepship
2_178,13,/datasets/audio/deepship/test/2/2_178.wav,195.0,225.0,2,test,Oil tanker,deepship
2_178,14,/datasets/audio/deepship/test/2/2_178.wav,210.0,240.0,2,test,Oil tanker,deepship
2_178,15,/datasets/audio/deepship/test/2/2_178.wav,225.0,255.0,2,test,Oil tanker,deepship
2_178,16,/datasets/audio/deepship/test/2/2_178.wav,240.0,270.0,2,test,Oil tanker,deepship
2_178,17,/datasets/audio/deepship/test/2/2_178.wav,255.0,285.0,2,test,Oil tanker,deepship
2_178,18,/datasets/audio/deepship/test/2/2_178.wav,270.0,300.0,2,test,Oil tanker,deepship
2_178,19,/datasets/audio/deepship/test/2/2_178.wav,285.0,315.0,2,test,Oil tanker,deepship
2_178,20,/datasets/audio/deepship/test/2/2_178.wav,300.0,330.0,2,test,Oil tanker,deepship
2_178,21,/datasets/audio/deepship/test/2/2_178.wav,315.0,345.0,2,test,Oil tanker,deepship
2_178,22,/datasets/audio/deepship/test/2/2_178.wav,330.0,360.0,2,test,Oil tanker,deepship
2_178,23,/datasets/audio/deepship/test/2/2_178.wav,345.0,375.0,2,test,Oil tanker,deepship
2_178,24,/datasets/audio/deepship/test/2/2_178.wav,360.0,390.0,2,test,Oil tanker,deepship
2_178,25,/datasets/audio/deepship/test/2/2_178.wav,375.0,405.0,2,test,Oil tanker,deepship
2_178,26,/datasets/audio/deepship/test/2/2_178.wav,390.0,420.0,2,test,Oil tanker,deepship
2_178,27,/datasets/audio/deepship/test/2/2_178.wav,405.0,435.0,2,test,Oil tanker,deepship
2_178,28,/datasets/audio/deepship/test/2/2_178.wav,420.0,450.0,2,test,Oil tanker,deepship
2_178,29,/datasets/audio/deepship/test/2/2_178.wav,435.0,465.0,2,test,Oil tanker,deepship
2_178,30,/datasets/audio/deepship/test/2/2_178.wav,450.0,480.0,2,test,Oil tanker,deepship
2_178,31,/datasets/audio/deepship/test/2/2_178.wav,453.0,483.0,2,test,Oil tanker,deepship
2_179,0,/datasets/audio/deepship/test/2/2_179.wav,0.0,30.0,2,test,Oil tanker,deepship
2_179,1,/datasets/audio/deepship/test/2/2_179.wav,15.0,45.0,2,test,Oil tanker,deepship
2_179,2,/datasets/audio/deepship/test/2/2_179.wav,30.0,60.0,2,test,Oil tanker,deepship
2_179,3,/datasets/audio/deepship/test/2/2_179.wav,45.0,75.0,2,test,Oil tanker,deepship
2_179,4,/datasets/audio/deepship/test/2/2_179.wav,60.0,90.0,2,test,Oil tanker,deepship
2_179,5,/datasets/audio/deepship/test/2/2_179.wav,75.0,105.0,2,test,Oil tanker,deepship
2_179,6,/datasets/audio/deepship/test/2/2_179.wav,90.0,120.0,2,test,Oil tanker,deepship
2_179,7,/datasets/audio/deepship/test/2/2_179.wav,105.0,135.0,2,test,Oil tanker,deepship
2_179,8,/datasets/audio/deepship/test/2/2_179.wav,120.0,150.0,2,test,Oil tanker,deepship
2_179,9,/datasets/audio/deepship/test/2/2_179.wav,135.0,165.0,2,test,Oil tanker,deepship
2_179,10,/datasets/audio/deepship/test/2/2_179.wav,150.0,180.0,2,test,Oil tanker,deepship
2_179,11,/datasets/audio/deepship/test/2/2_179.wav,165.0,195.0,2,test,Oil tanker,deepship
2_179,12,/datasets/audio/deepship/test/2/2_179.wav,180.0,210.0,2,test,Oil tanker,deepship
2_179,13,/datasets/audio/deepship/test/2/2_179.wav,195.0,225.0,2,test,Oil tanker,deepship
2_179,14,/datasets/audio/deepship/test/2/2_179.wav,210.0,240.0,2,test,Oil tanker,deepship
2_179,15,/datasets/audio/deepship/test/2/2_179.wav,225.0,255.0,2,test,Oil tanker,deepship
2_179,16,/datasets/audio/deepship/test/2/2_179.wav,240.0,270.0,2,test,Oil tanker,deepship
2_179,17,/datasets/audio/deepship/test/2/2_179.wav,255.0,285.0,2,test,Oil tanker,deepship
2_179,18,/datasets/audio/deepship/test/2/2_179.wav,270.0,300.0,2,test,Oil tanker,deepship
2_179,19,/datasets/audio/deepship/test/2/2_179.wav,285.0,315.0,2,test,Oil tanker,deepship
2_179,20,/datasets/audio/deepship/test/2/2_179.wav,300.0,330.0,2,test,Oil tanker,deepship
2_179,21,/datasets/audio/deepship/test/2/2_179.wav,315.0,345.0,2,test,Oil tanker,deepship
2_179,22,/datasets/audio/deepship/test/2/2_179.wav,330.0,360.0,2,test,Oil tanker,deepship
2_179,23,/datasets/audio/deepship/test/2/2_179.wav,345.0,375.0,2,test,Oil tanker,deepship
2_179,24,/datasets/audio/deepship/test/2/2_179.wav,354.0,384.0,2,test,Oil tanker,deepship
2_185,0,/datasets/audio/deepship/test/2/2_185.wav,0.0,30.0,2,test,Oil tanker,deepship
2_186,0,/datasets/audio/deepship/test/2/2_186.wav,0.0,30.0,2,test,Oil tanker,deepship
2_186,1,/datasets/audio/deepship/test/2/2_186.wav,15.0,45.0,2,test,Oil tanker,deepship
2_186,2,/datasets/audio/deepship/test/2/2_186.wav,30.0,60.0,2,test,Oil tanker,deepship
2_186,3,/datasets/audio/deepship/test/2/2_186.wav,45.0,75.0,2,test,Oil tanker,deepship
2_186,4,/datasets/audio/deepship/test/2/2_186.wav,60.0,90.0,2,test,Oil tanker,deepship
2_186,5,/datasets/audio/deepship/test/2/2_186.wav,75.0,105.0,2,test,Oil tanker,deepship
2_186,6,/datasets/audio/deepship/test/2/2_186.wav,90.0,120.0,2,test,Oil tanker,deepship
2_186,7,/datasets/audio/deepship/test/2/2_186.wav,105.0,135.0,2,test,Oil tanker,deepship
2_186,8,/datasets/audio/deepship/test/2/2_186.wav,120.0,150.0,2,test,Oil tanker,deepship
2_186,9,/datasets/audio/deepship/test/2/2_186.wav,127.0,157.0,2,test,Oil tanker,deepship
2_19,0,/datasets/audio/deepship/test/2/2_19.wav,0.0,30.0,2,test,Oil tanker,deepship
2_190,0,/datasets/audio/deepship/test/2/2_190.wav,0.0,30.0,2,test,Oil tanker,deepship
2_190,1,/datasets/audio/deepship/test/2/2_190.wav,15.0,45.0,2,test,Oil tanker,deepship
2_190,2,/datasets/audio/deepship/test/2/2_190.wav,30.0,60.0,2,test,Oil tanker,deepship
2_190,3,/datasets/audio/deepship/test/2/2_190.wav,45.0,75.0,2,test,Oil tanker,deepship
2_190,4,/datasets/audio/deepship/test/2/2_190.wav,60.0,90.0,2,test,Oil tanker,deepship
2_190,5,/datasets/audio/deepship/test/2/2_190.wav,75.0,105.0,2,test,Oil tanker,deepship
2_190,6,/datasets/audio/deepship/test/2/2_190.wav,90.0,120.0,2,test,Oil tanker,deepship
2_190,7,/datasets/audio/deepship/test/2/2_190.wav,105.0,135.0,2,test,Oil tanker,deepship
2_190,8,/datasets/audio/deepship/test/2/2_190.wav,120.0,150.0,2,test,Oil tanker,deepship
2_190,9,/datasets/audio/deepship/test/2/2_190.wav,135.0,165.0,2,test,Oil tanker,deepship
2_190,10,/datasets/audio/deepship/test/2/2_190.wav,150.0,180.0,2,test,Oil tanker,deepship
2_190,11,/datasets/audio/deepship/test/2/2_190.wav,165.0,195.0,2,test,Oil tanker,deepship
2_190,12,/datasets/audio/deepship/test/2/2_190.wav,180.0,210.0,2,test,Oil tanker,deepship
2_190,13,/datasets/audio/deepship/test/2/2_190.wav,195.0,225.0,2,test,Oil tanker,deepship
2_190,14,/datasets/audio/deepship/test/2/2_190.wav,210.0,240.0,2,test,Oil tanker,deepship
2_190,15,/datasets/audio/deepship/test/2/2_190.wav,221.0,251.0,2,test,Oil tanker,deepship
2_192,0,/datasets/audio/deepship/test/2/2_192.wav,0.0,30.0,2,test,Oil tanker,deepship
2_192,1,/datasets/audio/deepship/test/2/2_192.wav,15.0,45.0,2,test,Oil tanker,deepship
2_192,2,/datasets/audio/deepship/test/2/2_192.wav,30.0,60.0,2,test,Oil tanker,deepship
2_192,3,/datasets/audio/deepship/test/2/2_192.wav,45.0,75.0,2,test,Oil tanker,deepship
2_192,4,/datasets/audio/deepship/test/2/2_192.wav,60.0,90.0,2,test,Oil tanker,deepship
2_192,5,/datasets/audio/deepship/test/2/2_192.wav,75.0,105.0,2,test,Oil tanker,deepship
2_192,6,/datasets/audio/deepship/test/2/2_192.wav,90.0,120.0,2,test,Oil tanker,deepship
2_192,7,/datasets/audio/deepship/test/2/2_192.wav,105.0,135.0,2,test,Oil tanker,deepship
2_192,8,/datasets/audio/deepship/test/2/2_192.wav,120.0,150.0,2,test,Oil tanker,deepship
2_192,9,/datasets/audio/deepship/test/2/2_192.wav,135.0,165.0,2,test,Oil tanker,deepship
2_192,10,/datasets/audio/deepship/test/2/2_192.wav,150.0,180.0,2,test,Oil tanker,deepship
2_192,11,/datasets/audio/deepship/test/2/2_192.wav,165.0,195.0,2,test,Oil tanker,deepship
2_192,12,/datasets/audio/deepship/test/2/2_192.wav,180.0,210.0,2,test,Oil tanker,deepship
2_192,13,/datasets/audio/deepship/test/2/2_192.wav,195.0,225.0,2,test,Oil tanker,deepship
2_192,14,/datasets/audio/deepship/test/2/2_192.wav,210.0,240.0,2,test,Oil tanker,deepship
2_192,15,/datasets/audio/deepship/test/2/2_192.wav,225.0,255.0,2,test,Oil tanker,deepship
2_192,16,/datasets/audio/deepship/test/2/2_192.wav,240.0,270.0,2,test,Oil tanker,deepship
2_192,17,/datasets/audio/deepship/test/2/2_192.wav,255.0,285.0,2,test,Oil tanker,deepship
2_192,18,/datasets/audio/deepship/test/2/2_192.wav,263.0,293.0,2,test,Oil tanker,deepship
2_193,0,/datasets/audio/deepship/test/2/2_193.wav,0.0,30.0,2,test,Oil tanker,deepship
2_193,1,/datasets/audio/deepship/test/2/2_193.wav,15.0,45.0,2,test,Oil tanker,deepship
2_193,2,/datasets/audio/deepship/test/2/2_193.wav,30.0,60.0,2,test,Oil tanker,deepship
2_193,3,/datasets/audio/deepship/test/2/2_193.wav,45.0,75.0,2,test,Oil tanker,deepship
2_193,4,/datasets/audio/deepship/test/2/2_193.wav,60.0,90.0,2,test,Oil tanker,deepship
2_193,5,/datasets/audio/deepship/test/2/2_193.wav,75.0,105.0,2,test,Oil tanker,deepship
2_193,6,/datasets/audio/deepship/test/2/2_193.wav,90.0,120.0,2,test,Oil tanker,deepship
2_193,7,/datasets/audio/deepship/test/2/2_193.wav,105.0,135.0,2,test,Oil tanker,deepship
2_193,8,/datasets/audio/deepship/test/2/2_193.wav,120.0,150.0,2,test,Oil tanker,deepship
2_193,9,/datasets/audio/deepship/test/2/2_193.wav,135.0,165.0,2,test,Oil tanker,deepship
2_193,10,/datasets/audio/deepship/test/2/2_193.wav,150.0,180.0,2,test,Oil tanker,deepship
2_193,11,/datasets/audio/deepship/test/2/2_193.wav,165.0,195.0,2,test,Oil tanker,deepship
2_193,12,/datasets/audio/deepship/test/2/2_193.wav,180.0,210.0,2,test,Oil tanker,deepship
2_193,13,/datasets/audio/deepship/test/2/2_193.wav,195.0,225.0,2,test,Oil tanker,deepship
2_193,14,/datasets/audio/deepship/test/2/2_193.wav,210.0,240.0,2,test,Oil tanker,deepship
2_193,15,/datasets/audio/deepship/test/2/2_193.wav,225.0,255.0,2,test,Oil tanker,deepship
2_193,16,/datasets/audio/deepship/test/2/2_193.wav,240.0,270.0,2,test,Oil tanker,deepship
2_193,17,/datasets/audio/deepship/test/2/2_193.wav,255.0,285.0,2,test,Oil tanker,deepship
2_193,18,/datasets/audio/deepship/test/2/2_193.wav,270.0,300.0,2,test,Oil tanker,deepship
2_193,19,/datasets/audio/deepship/test/2/2_193.wav,285.0,315.0,2,test,Oil tanker,deepship
2_193,20,/datasets/audio/deepship/test/2/2_193.wav,300.0,330.0,2,test,Oil tanker,deepship
2_193,21,/datasets/audio/deepship/test/2/2_193.wav,315.0,345.0,2,test,Oil tanker,deepship
2_193,22,/datasets/audio/deepship/test/2/2_193.wav,330.0,360.0,2,test,Oil tanker,deepship
2_193,23,/datasets/audio/deepship/test/2/2_193.wav,345.0,375.0,2,test,Oil tanker,deepship
2_193,24,/datasets/audio/deepship/test/2/2_193.wav,360.0,390.0,2,test,Oil tanker,deepship
2_193,25,/datasets/audio/deepship/test/2/2_193.wav,375.0,405.0,2,test,Oil tanker,deepship
2_193,26,/datasets/audio/deepship/test/2/2_193.wav,390.0,420.0,2,test,Oil tanker,deepship
2_193,27,/datasets/audio/deepship/test/2/2_193.wav,405.0,435.0,2,test,Oil tanker,deepship
2_193,28,/datasets/audio/deepship/test/2/2_193.wav,412.0,442.0,2,test,Oil tanker,deepship
2_2,0,/datasets/audio/deepship/test/2/2_2.wav,0.0,30.0,2,test,Oil tanker,deepship
2_2,1,/datasets/audio/deepship/test/2/2_2.wav,15.0,45.0,2,test,Oil tanker,deepship
2_2,2,/datasets/audio/deepship/test/2/2_2.wav,30.0,60.0,2,test,Oil tanker,deepship
2_2,3,/datasets/audio/deepship/test/2/2_2.wav,45.0,75.0,2,test,Oil tanker,deepship
2_2,4,/datasets/audio/deepship/test/2/2_2.wav,60.0,90.0,2,test,Oil tanker,deepship
2_2,5,/datasets/audio/deepship/test/2/2_2.wav,75.0,105.0,2,test,Oil tanker,deepship
2_2,6,/datasets/audio/deepship/test/2/2_2.wav,90.0,120.0,2,test,Oil tanker,deepship
2_2,7,/datasets/audio/deepship/test/2/2_2.wav,105.0,135.0,2,test,Oil tanker,deepship
2_2,8,/datasets/audio/deepship/test/2/2_2.wav,120.0,150.0,2,test,Oil tanker,deepship
2_201,0,/datasets/audio/deepship/test/2/2_201.wav,0.0,30.0,2,test,Oil tanker,deepship
2_201,1,/datasets/audio/deepship/test/2/2_201.wav,15.0,45.0,2,test,Oil tanker,deepship
2_201,2,/datasets/audio/deepship/test/2/2_201.wav,30.0,60.0,2,test,Oil tanker,deepship
2_201,3,/datasets/audio/deepship/test/2/2_201.wav,45.0,75.0,2,test,Oil tanker,deepship
2_201,4,/datasets/audio/deepship/test/2/2_201.wav,60.0,90.0,2,test,Oil tanker,deepship
2_201,5,/datasets/audio/deepship/test/2/2_201.wav,75.0,105.0,2,test,Oil tanker,deepship
2_201,6,/datasets/audio/deepship/test/2/2_201.wav,90.0,120.0,2,test,Oil tanker,deepship
2_201,7,/datasets/audio/deepship/test/2/2_201.wav,105.0,135.0,2,test,Oil tanker,deepship
2_201,8,/datasets/audio/deepship/test/2/2_201.wav,120.0,150.0,2,test,Oil tanker,deepship
2_201,9,/datasets/audio/deepship/test/2/2_201.wav,135.0,165.0,2,test,Oil tanker,deepship
2_201,10,/datasets/audio/deepship/test/2/2_201.wav,150.0,180.0,2,test,Oil tanker,deepship
2_201,11,/datasets/audio/deepship/test/2/2_201.wav,165.0,195.0,2,test,Oil tanker,deepship
2_201,12,/datasets/audio/deepship/test/2/2_201.wav,180.0,210.0,2,test,Oil tanker,deepship
2_201,13,/datasets/audio/deepship/test/2/2_201.wav,195.0,225.0,2,test,Oil tanker,deepship
2_201,14,/datasets/audio/deepship/test/2/2_201.wav,210.0,240.0,2,test,Oil tanker,deepship
2_201,15,/datasets/audio/deepship/test/2/2_201.wav,225.0,255.0,2,test,Oil tanker,deepship
2_201,16,/datasets/audio/deepship/test/2/2_201.wav,240.0,270.0,2,test,Oil tanker,deepship
2_201,17,/datasets/audio/deepship/test/2/2_201.wav,255.0,285.0,2,test,Oil tanker,deepship
2_201,18,/datasets/audio/deepship/test/2/2_201.wav,270.0,300.0,2,test,Oil tanker,deepship
2_201,19,/datasets/audio/deepship/test/2/2_201.wav,285.0,315.0,2,test,Oil tanker,deepship
2_201,20,/datasets/audio/deepship/test/2/2_201.wav,300.0,330.0,2,test,Oil tanker,deepship
2_201,21,/datasets/audio/deepship/test/2/2_201.wav,315.0,345.0,2,test,Oil tanker,deepship
2_201,22,/datasets/audio/deepship/test/2/2_201.wav,330.0,360.0,2,test,Oil tanker,deepship
2_201,23,/datasets/audio/deepship/test/2/2_201.wav,340.0,370.0,2,test,Oil tanker,deepship
2_205,0,/datasets/audio/deepship/test/2/2_205.wav,0.0,30.0,2,test,Oil tanker,deepship
2_205,1,/datasets/audio/deepship/test/2/2_205.wav,15.0,45.0,2,test,Oil tanker,deepship
2_205,2,/datasets/audio/deepship/test/2/2_205.wav,30.0,60.0,2,test,Oil tanker,deepship
2_205,3,/datasets/audio/deepship/test/2/2_205.wav,45.0,75.0,2,test,Oil tanker,deepship
2_205,4,/datasets/audio/deepship/test/2/2_205.wav,60.0,90.0,2,test,Oil tanker,deepship
2_205,5,/datasets/audio/deepship/test/2/2_205.wav,75.0,105.0,2,test,Oil tanker,deepship
2_205,6,/datasets/audio/deepship/test/2/2_205.wav,90.0,120.0,2,test,Oil tanker,deepship
2_205,7,/datasets/audio/deepship/test/2/2_205.wav,105.0,135.0,2,test,Oil tanker,deepship
2_205,8,/datasets/audio/deepship/test/2/2_205.wav,120.0,150.0,2,test,Oil tanker,deepship
2_205,9,/datasets/audio/deepship/test/2/2_205.wav,135.0,165.0,2,test,Oil tanker,deepship
2_205,10,/datasets/audio/deepship/test/2/2_205.wav,150.0,180.0,2,test,Oil tanker,deepship
2_205,11,/datasets/audio/deepship/test/2/2_205.wav,165.0,195.0,2,test,Oil tanker,deepship
2_205,12,/datasets/audio/deepship/test/2/2_205.wav,180.0,210.0,2,test,Oil tanker,deepship
2_205,13,/datasets/audio/deepship/test/2/2_205.wav,195.0,225.0,2,test,Oil tanker,deepship
2_205,14,/datasets/audio/deepship/test/2/2_205.wav,210.0,240.0,2,test,Oil tanker,deepship
2_205,15,/datasets/audio/deepship/test/2/2_205.wav,225.0,255.0,2,test,Oil tanker,deepship
2_205,16,/datasets/audio/deepship/test/2/2_205.wav,240.0,270.0,2,test,Oil tanker,deepship
2_205,17,/datasets/audio/deepship/test/2/2_205.wav,255.0,285.0,2,test,Oil tanker,deepship
2_205,18,/datasets/audio/deepship/test/2/2_205.wav,270.0,300.0,2,test,Oil tanker,deepship
2_205,19,/datasets/audio/deepship/test/2/2_205.wav,285.0,315.0,2,test,Oil tanker,deepship
2_205,20,/datasets/audio/deepship/test/2/2_205.wav,286.0,316.0,2,test,Oil tanker,deepship
2_213,0,/datasets/audio/deepship/test/2/2_213.wav,0.0,30.0,2,test,Oil tanker,deepship
2_213,1,/datasets/audio/deepship/test/2/2_213.wav,15.0,45.0,2,test,Oil tanker,deepship
2_213,2,/datasets/audio/deepship/test/2/2_213.wav,30.0,60.0,2,test,Oil tanker,deepship
2_213,3,/datasets/audio/deepship/test/2/2_213.wav,45.0,75.0,2,test,Oil tanker,deepship
2_213,4,/datasets/audio/deepship/test/2/2_213.wav,60.0,90.0,2,test,Oil tanker,deepship
2_213,5,/datasets/audio/deepship/test/2/2_213.wav,75.0,105.0,2,test,Oil tanker,deepship
2_213,6,/datasets/audio/deepship/test/2/2_213.wav,90.0,120.0,2,test,Oil tanker,deepship
2_213,7,/datasets/audio/deepship/test/2/2_213.wav,105.0,135.0,2,test,Oil tanker,deepship
2_213,8,/datasets/audio/deepship/test/2/2_213.wav,110.0,140.0,2,test,Oil tanker,deepship
2_217,0,/datasets/audio/deepship/test/2/2_217.wav,0.0,30.0,2,test,Oil tanker,deepship
2_217,1,/datasets/audio/deepship/test/2/2_217.wav,15.0,45.0,2,test,Oil tanker,deepship
2_217,2,/datasets/audio/deepship/test/2/2_217.wav,30.0,60.0,2,test,Oil tanker,deepship
2_217,3,/datasets/audio/deepship/test/2/2_217.wav,45.0,75.0,2,test,Oil tanker,deepship
2_217,4,/datasets/audio/deepship/test/2/2_217.wav,60.0,90.0,2,test,Oil tanker,deepship
2_217,5,/datasets/audio/deepship/test/2/2_217.wav,75.0,105.0,2,test,Oil tanker,deepship
2_217,6,/datasets/audio/deepship/test/2/2_217.wav,90.0,120.0,2,test,Oil tanker,deepship
2_217,7,/datasets/audio/deepship/test/2/2_217.wav,105.0,135.0,2,test,Oil tanker,deepship
2_217,8,/datasets/audio/deepship/test/2/2_217.wav,120.0,150.0,2,test,Oil tanker,deepship
2_217,9,/datasets/audio/deepship/test/2/2_217.wav,135.0,165.0,2,test,Oil tanker,deepship
2_217,10,/datasets/audio/deepship/test/2/2_217.wav,150.0,180.0,2,test,Oil tanker,deepship
2_217,11,/datasets/audio/deepship/test/2/2_217.wav,165.0,195.0,2,test,Oil tanker,deepship
2_217,12,/datasets/audio/deepship/test/2/2_217.wav,180.0,210.0,2,test,Oil tanker,deepship
2_217,13,/datasets/audio/deepship/test/2/2_217.wav,195.0,225.0,2,test,Oil tanker,deepship
2_217,14,/datasets/audio/deepship/test/2/2_217.wav,210.0,240.0,2,test,Oil tanker,deepship
2_217,15,/datasets/audio/deepship/test/2/2_217.wav,225.0,255.0,2,test,Oil tanker,deepship
2_217,16,/datasets/audio/deepship/test/2/2_217.wav,240.0,270.0,2,test,Oil tanker,deepship
2_217,17,/datasets/audio/deepship/test/2/2_217.wav,255.0,285.0,2,test,Oil tanker,deepship
2_217,18,/datasets/audio/deepship/test/2/2_217.wav,270.0,300.0,2,test,Oil tanker,deepship
2_217,19,/datasets/audio/deepship/test/2/2_217.wav,285.0,315.0,2,test,Oil tanker,deepship
2_217,20,/datasets/audio/deepship/test/2/2_217.wav,300.0,330.0,2,test,Oil tanker,deepship
2_217,21,/datasets/audio/deepship/test/2/2_217.wav,315.0,345.0,2,test,Oil tanker,deepship
2_217,22,/datasets/audio/deepship/test/2/2_217.wav,321.0,351.0,2,test,Oil tanker,deepship
2_22,0,/datasets/audio/deepship/test/2/2_22.wav,0.0,30.0,2,test,Oil tanker,deepship
2_22,1,/datasets/audio/deepship/test/2/2_22.wav,15.0,45.0,2,test,Oil tanker,deepship
2_22,2,/datasets/audio/deepship/test/2/2_22.wav,30.0,60.0,2,test,Oil tanker,deepship
2_22,3,/datasets/audio/deepship/test/2/2_22.wav,45.0,75.0,2,test,Oil tanker,deepship
2_22,4,/datasets/audio/deepship/test/2/2_22.wav,60.0,90.0,2,test,Oil tanker,deepship
2_22,5,/datasets/audio/deepship/test/2/2_22.wav,75.0,105.0,2,test,Oil tanker,deepship
2_22,6,/datasets/audio/deepship/test/2/2_22.wav,90.0,120.0,2,test,Oil tanker,deepship
2_22,7,/datasets/audio/deepship/test/2/2_22.wav,105.0,135.0,2,test,Oil tanker,deepship
2_22,8,/datasets/audio/deepship/test/2/2_22.wav,120.0,150.0,2,test,Oil tanker,deepship
2_22,9,/datasets/audio/deepship/test/2/2_22.wav,135.0,165.0,2,test,Oil tanker,deepship
2_22,10,/datasets/audio/deepship/test/2/2_22.wav,150.0,180.0,2,test,Oil tanker,deepship
2_22,11,/datasets/audio/deepship/test/2/2_22.wav,165.0,195.0,2,test,Oil tanker,deepship
2_22,12,/datasets/audio/deepship/test/2/2_22.wav,180.0,210.0,2,test,Oil tanker,deepship
2_22,13,/datasets/audio/deepship/test/2/2_22.wav,195.0,225.0,2,test,Oil tanker,deepship
2_22,14,/datasets/audio/deepship/test/2/2_22.wav,210.0,240.0,2,test,Oil tanker,deepship
2_22,15,/datasets/audio/deepship/test/2/2_22.wav,225.0,255.0,2,test,Oil tanker,deepship
2_22,16,/datasets/audio/deepship/test/2/2_22.wav,240.0,270.0,2,test,Oil tanker,deepship
2_22,17,/datasets/audio/deepship/test/2/2_22.wav,255.0,285.0,2,test,Oil tanker,deepship
2_22,18,/datasets/audio/deepship/test/2/2_22.wav,270.0,300.0,2,test,Oil tanker,deepship
2_22,19,/datasets/audio/deepship/test/2/2_22.wav,285.0,315.0,2,test,Oil tanker,deepship
2_22,20,/datasets/audio/deepship/test/2/2_22.wav,300.0,330.0,2,test,Oil tanker,deepship
2_22,21,/datasets/audio/deepship/test/2/2_22.wav,315.0,345.0,2,test,Oil tanker,deepship
2_22,22,/datasets/audio/deepship/test/2/2_22.wav,330.0,360.0,2,test,Oil tanker,deepship
2_22,23,/datasets/audio/deepship/test/2/2_22.wav,345.0,375.0,2,test,Oil tanker,deepship
2_22,24,/datasets/audio/deepship/test/2/2_22.wav,360.0,390.0,2,test,Oil tanker,deepship
2_22,25,/datasets/audio/deepship/test/2/2_22.wav,375.0,405.0,2,test,Oil tanker,deepship
2_228,0,/datasets/audio/deepship/test/2/2_228.wav,0.0,30.0,2,test,Oil tanker,deepship
2_228,1,/datasets/audio/deepship/test/2/2_228.wav,15.0,45.0,2,test,Oil tanker,deepship
2_228,2,/datasets/audio/deepship/test/2/2_228.wav,30.0,60.0,2,test,Oil tanker,deepship
2_228,3,/datasets/audio/deepship/test/2/2_228.wav,45.0,75.0,2,test,Oil tanker,deepship
2_228,4,/datasets/audio/deepship/test/2/2_228.wav,60.0,90.0,2,test,Oil tanker,deepship
2_228,5,/datasets/audio/deepship/test/2/2_228.wav,75.0,105.0,2,test,Oil tanker,deepship
2_228,6,/datasets/audio/deepship/test/2/2_228.wav,90.0,120.0,2,test,Oil tanker,deepship
2_228,7,/datasets/audio/deepship/test/2/2_228.wav,105.0,135.0,2,test,Oil tanker,deepship
2_228,8,/datasets/audio/deepship/test/2/2_228.wav,120.0,150.0,2,test,Oil tanker,deepship
2_228,9,/datasets/audio/deepship/test/2/2_228.wav,135.0,165.0,2,test,Oil tanker,deepship
2_228,10,/datasets/audio/deepship/test/2/2_228.wav,150.0,180.0,2,test,Oil tanker,deepship
2_228,11,/datasets/audio/deepship/test/2/2_228.wav,165.0,195.0,2,test,Oil tanker,deepship
2_228,12,/datasets/audio/deepship/test/2/2_228.wav,180.0,210.0,2,test,Oil tanker,deepship
2_228,13,/datasets/audio/deepship/test/2/2_228.wav,195.0,225.0,2,test,Oil tanker,deepship
2_228,14,/datasets/audio/deepship/test/2/2_228.wav,210.0,240.0,2,test,Oil tanker,deepship
2_228,15,/datasets/audio/deepship/test/2/2_228.wav,225.0,255.0,2,test,Oil tanker,deepship
2_228,16,/datasets/audio/deepship/test/2/2_228.wav,240.0,270.0,2,test,Oil tanker,deepship
2_228,17,/datasets/audio/deepship/test/2/2_228.wav,255.0,285.0,2,test,Oil tanker,deepship
2_228,18,/datasets/audio/deepship/test/2/2_228.wav,270.0,300.0,2,test,Oil tanker,deepship
2_228,19,/datasets/audio/deepship/test/2/2_228.wav,285.0,315.0,2,test,Oil tanker,deepship
2_228,20,/datasets/audio/deepship/test/2/2_228.wav,300.0,330.0,2,test,Oil tanker,deepship
2_228,21,/datasets/audio/deepship/test/2/2_228.wav,315.0,345.0,2,test,Oil tanker,deepship
2_228,22,/datasets/audio/deepship/test/2/2_228.wav,321.0,351.0,2,test,Oil tanker,deepship
2_233,0,/datasets/audio/deepship/test/2/2_233.wav,0.0,30.0,2,test,Oil tanker,deepship
2_25,0,/datasets/audio/deepship/test/2/2_25.wav,0.0,30.0,2,test,Oil tanker,deepship
2_25,1,/datasets/audio/deepship/test/2/2_25.wav,15.0,45.0,2,test,Oil tanker,deepship
2_25,2,/datasets/audio/deepship/test/2/2_25.wav,30.0,60.0,2,test,Oil tanker,deepship
2_25,3,/datasets/audio/deepship/test/2/2_25.wav,45.0,75.0,2,test,Oil tanker,deepship
2_25,4,/datasets/audio/deepship/test/2/2_25.wav,60.0,90.0,2,test,Oil tanker,deepship
2_25,5,/datasets/audio/deepship/test/2/2_25.wav,75.0,105.0,2,test,Oil tanker,deepship
2_25,6,/datasets/audio/deepship/test/2/2_25.wav,90.0,120.0,2,test,Oil tanker,deepship
2_25,7,/datasets/audio/deepship/test/2/2_25.wav,105.0,135.0,2,test,Oil tanker,deepship
2_25,8,/datasets/audio/deepship/test/2/2_25.wav,120.0,150.0,2,test,Oil tanker,deepship
2_25,9,/datasets/audio/deepship/test/2/2_25.wav,135.0,165.0,2,test,Oil tanker,deepship
2_25,10,/datasets/audio/deepship/test/2/2_25.wav,150.0,180.0,2,test,Oil tanker,deepship
2_25,11,/datasets/audio/deepship/test/2/2_25.wav,165.0,195.0,2,test,Oil tanker,deepship
2_25,12,/datasets/audio/deepship/test/2/2_25.wav,180.0,210.0,2,test,Oil tanker,deepship
2_25,13,/datasets/audio/deepship/test/2/2_25.wav,195.0,225.0,2,test,Oil tanker,deepship
2_25,14,/datasets/audio/deepship/test/2/2_25.wav,210.0,240.0,2,test,Oil tanker,deepship
2_25,15,/datasets/audio/deepship/test/2/2_25.wav,225.0,255.0,2,test,Oil tanker,deepship
2_25,16,/datasets/audio/deepship/test/2/2_25.wav,240.0,270.0,2,test,Oil tanker,deepship
2_25,17,/datasets/audio/deepship/test/2/2_25.wav,255.0,285.0,2,test,Oil tanker,deepship
2_25,18,/datasets/audio/deepship/test/2/2_25.wav,270.0,300.0,2,test,Oil tanker,deepship
2_25,19,/datasets/audio/deepship/test/2/2_25.wav,285.0,315.0,2,test,Oil tanker,deepship
2_25,20,/datasets/audio/deepship/test/2/2_25.wav,300.0,330.0,2,test,Oil tanker,deepship
2_25,21,/datasets/audio/deepship/test/2/2_25.wav,315.0,345.0,2,test,Oil tanker,deepship
2_25,22,/datasets/audio/deepship/test/2/2_25.wav,330.0,360.0,2,test,Oil tanker,deepship
2_25,23,/datasets/audio/deepship/test/2/2_25.wav,345.0,375.0,2,test,Oil tanker,deepship
2_25,24,/datasets/audio/deepship/test/2/2_25.wav,360.0,390.0,2,test,Oil tanker,deepship
2_25,25,/datasets/audio/deepship/test/2/2_25.wav,375.0,405.0,2,test,Oil tanker,deepship
2_25,26,/datasets/audio/deepship/test/2/2_25.wav,390.0,420.0,2,test,Oil tanker,deepship
2_25,27,/datasets/audio/deepship/test/2/2_25.wav,405.0,435.0,2,test,Oil tanker,deepship
2_25,28,/datasets/audio/deepship/test/2/2_25.wav,420.0,450.0,2,test,Oil tanker,deepship
2_25,29,/datasets/audio/deepship/test/2/2_25.wav,435.0,465.0,2,test,Oil tanker,deepship
2_25,30,/datasets/audio/deepship/test/2/2_25.wav,450.0,480.0,2,test,Oil tanker,deepship
2_25,31,/datasets/audio/deepship/test/2/2_25.wav,465.0,495.0,2,test,Oil tanker,deepship
2_25,32,/datasets/audio/deepship/test/2/2_25.wav,480.0,510.0,2,test,Oil tanker,deepship
2_25,33,/datasets/audio/deepship/test/2/2_25.wav,483.0,513.0,2,test,Oil tanker,deepship
2_28,0,/datasets/audio/deepship/test/2/2_28.wav,0.0,30.0,2,test,Oil tanker,deepship
2_28,1,/datasets/audio/deepship/test/2/2_28.wav,15.0,45.0,2,test,Oil tanker,deepship
2_28,2,/datasets/audio/deepship/test/2/2_28.wav,30.0,60.0,2,test,Oil tanker,deepship
2_28,3,/datasets/audio/deepship/test/2/2_28.wav,45.0,75.0,2,test,Oil tanker,deepship
2_28,4,/datasets/audio/deepship/test/2/2_28.wav,60.0,90.0,2,test,Oil tanker,deepship
2_28,5,/datasets/audio/deepship/test/2/2_28.wav,75.0,105.0,2,test,Oil tanker,deepship
2_28,6,/datasets/audio/deepship/test/2/2_28.wav,90.0,120.0,2,test,Oil tanker,deepship
2_28,7,/datasets/audio/deepship/test/2/2_28.wav,105.0,135.0,2,test,Oil tanker,deepship
2_28,8,/datasets/audio/deepship/test/2/2_28.wav,120.0,150.0,2,test,Oil tanker,deepship
2_28,9,/datasets/audio/deepship/test/2/2_28.wav,135.0,165.0,2,test,Oil tanker,deepship
2_28,10,/datasets/audio/deepship/test/2/2_28.wav,150.0,180.0,2,test,Oil tanker,deepship
2_28,11,/datasets/audio/deepship/test/2/2_28.wav,165.0,195.0,2,test,Oil tanker,deepship
2_28,12,/datasets/audio/deepship/test/2/2_28.wav,180.0,210.0,2,test,Oil tanker,deepship
2_28,13,/datasets/audio/deepship/test/2/2_28.wav,195.0,225.0,2,test,Oil tanker,deepship
2_28,14,/datasets/audio/deepship/test/2/2_28.wav,210.0,240.0,2,test,Oil tanker,deepship
2_28,15,/datasets/audio/deepship/test/2/2_28.wav,225.0,255.0,2,test,Oil tanker,deepship
2_28,16,/datasets/audio/deepship/test/2/2_28.wav,240.0,270.0,2,test,Oil tanker,deepship
2_28,17,/datasets/audio/deepship/test/2/2_28.wav,255.0,285.0,2,test,Oil tanker,deepship
2_28,18,/datasets/audio/deepship/test/2/2_28.wav,270.0,300.0,2,test,Oil tanker,deepship
2_28,19,/datasets/audio/deepship/test/2/2_28.wav,285.0,315.0,2,test,Oil tanker,deepship
2_28,20,/datasets/audio/deepship/test/2/2_28.wav,300.0,330.0,2,test,Oil tanker,deepship
2_28,21,/datasets/audio/deepship/test/2/2_28.wav,315.0,345.0,2,test,Oil tanker,deepship
2_28,22,/datasets/audio/deepship/test/2/2_28.wav,330.0,360.0,2,test,Oil tanker,deepship
2_28,23,/datasets/audio/deepship/test/2/2_28.wav,345.0,375.0,2,test,Oil tanker,deepship
2_28,24,/datasets/audio/deepship/test/2/2_28.wav,360.0,390.0,2,test,Oil tanker,deepship
2_3,0,/datasets/audio/deepship/test/2/2_3.wav,0.0,30.0,2,test,Oil tanker,deepship
2_3,1,/datasets/audio/deepship/test/2/2_3.wav,15.0,45.0,2,test,Oil tanker,deepship
2_3,2,/datasets/audio/deepship/test/2/2_3.wav,30.0,60.0,2,test,Oil tanker,deepship
2_3,3,/datasets/audio/deepship/test/2/2_3.wav,45.0,75.0,2,test,Oil tanker,deepship
2_3,4,/datasets/audio/deepship/test/2/2_3.wav,60.0,90.0,2,test,Oil tanker,deepship
2_3,5,/datasets/audio/deepship/test/2/2_3.wav,75.0,105.0,2,test,Oil tanker,deepship
2_3,6,/datasets/audio/deepship/test/2/2_3.wav,90.0,120.0,2,test,Oil tanker,deepship
2_3,7,/datasets/audio/deepship/test/2/2_3.wav,105.0,135.0,2,test,Oil tanker,deepship
2_3,8,/datasets/audio/deepship/test/2/2_3.wav,120.0,150.0,2,test,Oil tanker,deepship
2_3,9,/datasets/audio/deepship/test/2/2_3.wav,135.0,165.0,2,test,Oil tanker,deepship
2_3,10,/datasets/audio/deepship/test/2/2_3.wav,150.0,180.0,2,test,Oil tanker,deepship
2_3,11,/datasets/audio/deepship/test/2/2_3.wav,165.0,195.0,2,test,Oil tanker,deepship
2_3,12,/datasets/audio/deepship/test/2/2_3.wav,180.0,210.0,2,test,Oil tanker,deepship
2_3,13,/datasets/audio/deepship/test/2/2_3.wav,195.0,225.0,2,test,Oil tanker,deepship
2_3,14,/datasets/audio/deepship/test/2/2_3.wav,210.0,240.0,2,test,Oil tanker,deepship
2_3,15,/datasets/audio/deepship/test/2/2_3.wav,225.0,255.0,2,test,Oil tanker,deepship
2_3,16,/datasets/audio/deepship/test/2/2_3.wav,240.0,270.0,2,test,Oil tanker,deepship
2_3,17,/datasets/audio/deepship/test/2/2_3.wav,255.0,285.0,2,test,Oil tanker,deepship
2_3,18,/datasets/audio/deepship/test/2/2_3.wav,270.0,300.0,2,test,Oil tanker,deepship
2_3,19,/datasets/audio/deepship/test/2/2_3.wav,285.0,315.0,2,test,Oil tanker,deepship
2_3,20,/datasets/audio/deepship/test/2/2_3.wav,300.0,330.0,2,test,Oil tanker,deepship
2_3,21,/datasets/audio/deepship/test/2/2_3.wav,315.0,345.0,2,test,Oil tanker,deepship
2_3,22,/datasets/audio/deepship/test/2/2_3.wav,330.0,360.0,2,test,Oil tanker,deepship
2_3,23,/datasets/audio/deepship/test/2/2_3.wav,345.0,375.0,2,test,Oil tanker,deepship
2_3,24,/datasets/audio/deepship/test/2/2_3.wav,353.0,383.0,2,test,Oil tanker,deepship
2_35,0,/datasets/audio/deepship/test/2/2_35.wav,0.0,30.0,2,test,Oil tanker,deepship
2_37,0,/datasets/audio/deepship/test/2/2_37.wav,0.0,30.0,2,test,Oil tanker,deepship
2_37,1,/datasets/audio/deepship/test/2/2_37.wav,15.0,45.0,2,test,Oil tanker,deepship
2_37,2,/datasets/audio/deepship/test/2/2_37.wav,30.0,60.0,2,test,Oil tanker,deepship
2_37,3,/datasets/audio/deepship/test/2/2_37.wav,45.0,75.0,2,test,Oil tanker,deepship
2_37,4,/datasets/audio/deepship/test/2/2_37.wav,60.0,90.0,2,test,Oil tanker,deepship
2_37,5,/datasets/audio/deepship/test/2/2_37.wav,75.0,105.0,2,test,Oil tanker,deepship
2_37,6,/datasets/audio/deepship/test/2/2_37.wav,90.0,120.0,2,test,Oil tanker,deepship
2_37,7,/datasets/audio/deepship/test/2/2_37.wav,105.0,135.0,2,test,Oil tanker,deepship
2_37,8,/datasets/audio/deepship/test/2/2_37.wav,120.0,150.0,2,test,Oil tanker,deepship
2_37,9,/datasets/audio/deepship/test/2/2_37.wav,135.0,165.0,2,test,Oil tanker,deepship
2_37,10,/datasets/audio/deepship/test/2/2_37.wav,150.0,180.0,2,test,Oil tanker,deepship
2_37,11,/datasets/audio/deepship/test/2/2_37.wav,165.0,195.0,2,test,Oil tanker,deepship
2_37,12,/datasets/audio/deepship/test/2/2_37.wav,180.0,210.0,2,test,Oil tanker,deepship
2_37,13,/datasets/audio/deepship/test/2/2_37.wav,195.0,225.0,2,test,Oil tanker,deepship
2_37,14,/datasets/audio/deepship/test/2/2_37.wav,208.0,238.0,2,test,Oil tanker,deepship
2_4,0,/datasets/audio/deepship/test/2/2_4.wav,0.0,30.0,2,test,Oil tanker,deepship
2_4,1,/datasets/audio/deepship/test/2/2_4.wav,15.0,45.0,2,test,Oil tanker,deepship
2_4,2,/datasets/audio/deepship/test/2/2_4.wav,30.0,60.0,2,test,Oil tanker,deepship
2_4,3,/datasets/audio/deepship/test/2/2_4.wav,45.0,75.0,2,test,Oil tanker,deepship
2_4,4,/datasets/audio/deepship/test/2/2_4.wav,60.0,90.0,2,test,Oil tanker,deepship
2_4,5,/datasets/audio/deepship/test/2/2_4.wav,75.0,105.0,2,test,Oil tanker,deepship
2_4,6,/datasets/audio/deepship/test/2/2_4.wav,90.0,120.0,2,test,Oil tanker,deepship
2_4,7,/datasets/audio/deepship/test/2/2_4.wav,105.0,135.0,2,test,Oil tanker,deepship
2_4,8,/datasets/audio/deepship/test/2/2_4.wav,120.0,150.0,2,test,Oil tanker,deepship
2_4,9,/datasets/audio/deepship/test/2/2_4.wav,135.0,165.0,2,test,Oil tanker,deepship
2_4,10,/datasets/audio/deepship/test/2/2_4.wav,150.0,180.0,2,test,Oil tanker,deepship
2_4,11,/datasets/audio/deepship/test/2/2_4.wav,165.0,195.0,2,test,Oil tanker,deepship
2_4,12,/datasets/audio/deepship/test/2/2_4.wav,180.0,210.0,2,test,Oil tanker,deepship
2_4,13,/datasets/audio/deepship/test/2/2_4.wav,195.0,225.0,2,test,Oil tanker,deepship
2_4,14,/datasets/audio/deepship/test/2/2_4.wav,210.0,240.0,2,test,Oil tanker,deepship
2_4,15,/datasets/audio/deepship/test/2/2_4.wav,225.0,255.0,2,test,Oil tanker,deepship
2_4,16,/datasets/audio/deepship/test/2/2_4.wav,240.0,270.0,2,test,Oil tanker,deepship
2_4,17,/datasets/audio/deepship/test/2/2_4.wav,247.0,277.0,2,test,Oil tanker,deepship
2_46,0,/datasets/audio/deepship/test/2/2_46.wav,0.0,30.0,2,test,Oil tanker,deepship
2_46,1,/datasets/audio/deepship/test/2/2_46.wav,15.0,45.0,2,test,Oil tanker,deepship
2_46,2,/datasets/audio/deepship/test/2/2_46.wav,30.0,60.0,2,test,Oil tanker,deepship
2_46,3,/datasets/audio/deepship/test/2/2_46.wav,45.0,75.0,2,test,Oil tanker,deepship
2_46,4,/datasets/audio/deepship/test/2/2_46.wav,60.0,90.0,2,test,Oil tanker,deepship
2_46,5,/datasets/audio/deepship/test/2/2_46.wav,75.0,105.0,2,test,Oil tanker,deepship
2_46,6,/datasets/audio/deepship/test/2/2_46.wav,90.0,120.0,2,test,Oil tanker,deepship
2_46,7,/datasets/audio/deepship/test/2/2_46.wav,105.0,135.0,2,test,Oil tanker,deepship
2_46,8,/datasets/audio/deepship/test/2/2_46.wav,120.0,150.0,2,test,Oil tanker,deepship
2_46,9,/datasets/audio/deepship/test/2/2_46.wav,135.0,165.0,2,test,Oil tanker,deepship
2_46,10,/datasets/audio/deepship/test/2/2_46.wav,150.0,180.0,2,test,Oil tanker,deepship
2_46,11,/datasets/audio/deepship/test/2/2_46.wav,165.0,195.0,2,test,Oil tanker,deepship
2_46,12,/datasets/audio/deepship/test/2/2_46.wav,180.0,210.0,2,test,Oil tanker,deepship
2_46,13,/datasets/audio/deepship/test/2/2_46.wav,195.0,225.0,2,test,Oil tanker,deepship
2_46,14,/datasets/audio/deepship/test/2/2_46.wav,210.0,240.0,2,test,Oil tanker,deepship
2_46,15,/datasets/audio/deepship/test/2/2_46.wav,225.0,255.0,2,test,Oil tanker,deepship
2_46,16,/datasets/audio/deepship/test/2/2_46.wav,240.0,270.0,2,test,Oil tanker,deepship
2_46,17,/datasets/audio/deepship/test/2/2_46.wav,255.0,285.0,2,test,Oil tanker,deepship
2_46,18,/datasets/audio/deepship/test/2/2_46.wav,270.0,300.0,2,test,Oil tanker,deepship
2_46,19,/datasets/audio/deepship/test/2/2_46.wav,285.0,315.0,2,test,Oil tanker,deepship
2_46,20,/datasets/audio/deepship/test/2/2_46.wav,300.0,330.0,2,test,Oil tanker,deepship
2_46,21,/datasets/audio/deepship/test/2/2_46.wav,315.0,345.0,2,test,Oil tanker,deepship
2_46,22,/datasets/audio/deepship/test/2/2_46.wav,316.0,346.0,2,test,Oil tanker,deepship
2_58,0,/datasets/audio/deepship/test/2/2_58.wav,0.0,30.0,2,test,Oil tanker,deepship
2_58,1,/datasets/audio/deepship/test/2/2_58.wav,15.0,45.0,2,test,Oil tanker,deepship
2_58,2,/datasets/audio/deepship/test/2/2_58.wav,30.0,60.0,2,test,Oil tanker,deepship
2_58,3,/datasets/audio/deepship/test/2/2_58.wav,45.0,75.0,2,test,Oil tanker,deepship
2_58,4,/datasets/audio/deepship/test/2/2_58.wav,60.0,90.0,2,test,Oil tanker,deepship
2_58,5,/datasets/audio/deepship/test/2/2_58.wav,75.0,105.0,2,test,Oil tanker,deepship
2_58,6,/datasets/audio/deepship/test/2/2_58.wav,90.0,120.0,2,test,Oil tanker,deepship
2_58,7,/datasets/audio/deepship/test/2/2_58.wav,105.0,135.0,2,test,Oil tanker,deepship
2_58,8,/datasets/audio/deepship/test/2/2_58.wav,120.0,150.0,2,test,Oil tanker,deepship
2_58,9,/datasets/audio/deepship/test/2/2_58.wav,135.0,165.0,2,test,Oil tanker,deepship
2_58,10,/datasets/audio/deepship/test/2/2_58.wav,150.0,180.0,2,test,Oil tanker,deepship
2_58,11,/datasets/audio/deepship/test/2/2_58.wav,165.0,195.0,2,test,Oil tanker,deepship
2_58,12,/datasets/audio/deepship/test/2/2_58.wav,180.0,210.0,2,test,Oil tanker,deepship
2_58,13,/datasets/audio/deepship/test/2/2_58.wav,195.0,225.0,2,test,Oil tanker,deepship
2_58,14,/datasets/audio/deepship/test/2/2_58.wav,210.0,240.0,2,test,Oil tanker,deepship
2_58,15,/datasets/audio/deepship/test/2/2_58.wav,225.0,255.0,2,test,Oil tanker,deepship
2_58,16,/datasets/audio/deepship/test/2/2_58.wav,240.0,270.0,2,test,Oil tanker,deepship
2_58,17,/datasets/audio/deepship/test/2/2_58.wav,255.0,285.0,2,test,Oil tanker,deepship
2_58,18,/datasets/audio/deepship/test/2/2_58.wav,270.0,300.0,2,test,Oil tanker,deepship
2_58,19,/datasets/audio/deepship/test/2/2_58.wav,285.0,315.0,2,test,Oil tanker,deepship
2_58,20,/datasets/audio/deepship/test/2/2_58.wav,300.0,330.0,2,test,Oil tanker,deepship
2_58,21,/datasets/audio/deepship/test/2/2_58.wav,315.0,345.0,2,test,Oil tanker,deepship
2_58,22,/datasets/audio/deepship/test/2/2_58.wav,330.0,360.0,2,test,Oil tanker,deepship
2_58,23,/datasets/audio/deepship/test/2/2_58.wav,345.0,375.0,2,test,Oil tanker,deepship
2_58,24,/datasets/audio/deepship/test/2/2_58.wav,360.0,390.0,2,test,Oil tanker,deepship
2_58,25,/datasets/audio/deepship/test/2/2_58.wav,375.0,405.0,2,test,Oil tanker,deepship
2_58,26,/datasets/audio/deepship/test/2/2_58.wav,390.0,420.0,2,test,Oil tanker,deepship
2_58,27,/datasets/audio/deepship/test/2/2_58.wav,405.0,435.0,2,test,Oil tanker,deepship
2_58,28,/datasets/audio/deepship/test/2/2_58.wav,412.0,442.0,2,test,Oil tanker,deepship
2_62,0,/datasets/audio/deepship/test/2/2_62.wav,0.0,30.0,2,test,Oil tanker,deepship
2_7,0,/datasets/audio/deepship/test/2/2_7.wav,0.0,30.0,2,test,Oil tanker,deepship
2_7,1,/datasets/audio/deepship/test/2/2_7.wav,15.0,45.0,2,test,Oil tanker,deepship
2_7,2,/datasets/audio/deepship/test/2/2_7.wav,30.0,60.0,2,test,Oil tanker,deepship
2_7,3,/datasets/audio/deepship/test/2/2_7.wav,45.0,75.0,2,test,Oil tanker,deepship
2_7,4,/datasets/audio/deepship/test/2/2_7.wav,60.0,90.0,2,test,Oil tanker,deepship
2_7,5,/datasets/audio/deepship/test/2/2_7.wav,75.0,105.0,2,test,Oil tanker,deepship
2_7,6,/datasets/audio/deepship/test/2/2_7.wav,90.0,120.0,2,test,Oil tanker,deepship
2_7,7,/datasets/audio/deepship/test/2/2_7.wav,105.0,135.0,2,test,Oil tanker,deepship
2_7,8,/datasets/audio/deepship/test/2/2_7.wav,120.0,150.0,2,test,Oil tanker,deepship
2_7,9,/datasets/audio/deepship/test/2/2_7.wav,135.0,165.0,2,test,Oil tanker,deepship
2_7,10,/datasets/audio/deepship/test/2/2_7.wav,150.0,180.0,2,test,Oil tanker,deepship
2_7,11,/datasets/audio/deepship/test/2/2_7.wav,165.0,195.0,2,test,Oil tanker,deepship
2_7,12,/datasets/audio/deepship/test/2/2_7.wav,180.0,210.0,2,test,Oil tanker,deepship
2_7,13,/datasets/audio/deepship/test/2/2_7.wav,195.0,225.0,2,test,Oil tanker,deepship
2_7,14,/datasets/audio/deepship/test/2/2_7.wav,210.0,240.0,2,test,Oil tanker,deepship
2_7,15,/datasets/audio/deepship/test/2/2_7.wav,225.0,255.0,2,test,Oil tanker,deepship
2_7,16,/datasets/audio/deepship/test/2/2_7.wav,240.0,270.0,2,test,Oil tanker,deepship
2_7,17,/datasets/audio/deepship/test/2/2_7.wav,255.0,285.0,2,test,Oil tanker,deepship
2_7,18,/datasets/audio/deepship/test/2/2_7.wav,270.0,300.0,2,test,Oil tanker,deepship
2_7,19,/datasets/audio/deepship/test/2/2_7.wav,285.0,315.0,2,test,Oil tanker,deepship
2_7,20,/datasets/audio/deepship/test/2/2_7.wav,300.0,330.0,2,test,Oil tanker,deepship
2_7,21,/datasets/audio/deepship/test/2/2_7.wav,315.0,345.0,2,test,Oil tanker,deepship
2_7,22,/datasets/audio/deepship/test/2/2_7.wav,330.0,360.0,2,test,Oil tanker,deepship
2_7,23,/datasets/audio/deepship/test/2/2_7.wav,345.0,375.0,2,test,Oil tanker,deepship
2_7,24,/datasets/audio/deepship/test/2/2_7.wav,360.0,390.0,2,test,Oil tanker,deepship
2_7,25,/datasets/audio/deepship/test/2/2_7.wav,375.0,405.0,2,test,Oil tanker,deepship
2_7,26,/datasets/audio/deepship/test/2/2_7.wav,390.0,420.0,2,test,Oil tanker,deepship
2_7,27,/datasets/audio/deepship/test/2/2_7.wav,405.0,435.0,2,test,Oil tanker,deepship
2_7,28,/datasets/audio/deepship/test/2/2_7.wav,420.0,450.0,2,test,Oil tanker,deepship
2_7,29,/datasets/audio/deepship/test/2/2_7.wav,435.0,465.0,2,test,Oil tanker,deepship
2_7,30,/datasets/audio/deepship/test/2/2_7.wav,450.0,480.0,2,test,Oil tanker,deepship
2_7,31,/datasets/audio/deepship/test/2/2_7.wav,465.0,495.0,2,test,Oil tanker,deepship
2_7,32,/datasets/audio/deepship/test/2/2_7.wav,473.0,503.0,2,test,Oil tanker,deepship
2_71,0,/datasets/audio/deepship/test/2/2_71.wav,0.0,30.0,2,test,Oil tanker,deepship
2_73,0,/datasets/audio/deepship/test/2/2_73.wav,0.0,30.0,2,test,Oil tanker,deepship
2_79,0,/datasets/audio/deepship/test/2/2_79.wav,0.0,30.0,2,test,Oil tanker,deepship
2_79,1,/datasets/audio/deepship/test/2/2_79.wav,1.0,31.0,2,test,Oil tanker,deepship
2_8,0,/datasets/audio/deepship/test/2/2_8.wav,0.0,30.0,2,test,Oil tanker,deepship
2_8,1,/datasets/audio/deepship/test/2/2_8.wav,14.0,44.0,2,test,Oil tanker,deepship
2_82,0,/datasets/audio/deepship/test/2/2_82.wav,0.0,30.0,2,test,Oil tanker,deepship
2_82,1,/datasets/audio/deepship/test/2/2_82.wav,15.0,45.0,2,test,Oil tanker,deepship
2_82,2,/datasets/audio/deepship/test/2/2_82.wav,30.0,60.0,2,test,Oil tanker,deepship
2_82,3,/datasets/audio/deepship/test/2/2_82.wav,45.0,75.0,2,test,Oil tanker,deepship
2_82,4,/datasets/audio/deepship/test/2/2_82.wav,60.0,90.0,2,test,Oil tanker,deepship
2_82,5,/datasets/audio/deepship/test/2/2_82.wav,75.0,105.0,2,test,Oil tanker,deepship
2_82,6,/datasets/audio/deepship/test/2/2_82.wav,90.0,120.0,2,test,Oil tanker,deepship
2_82,7,/datasets/audio/deepship/test/2/2_82.wav,105.0,135.0,2,test,Oil tanker,deepship
2_82,8,/datasets/audio/deepship/test/2/2_82.wav,120.0,150.0,2,test,Oil tanker,deepship
2_82,9,/datasets/audio/deepship/test/2/2_82.wav,135.0,165.0,2,test,Oil tanker,deepship
2_82,10,/datasets/audio/deepship/test/2/2_82.wav,150.0,180.0,2,test,Oil tanker,deepship
2_82,11,/datasets/audio/deepship/test/2/2_82.wav,165.0,195.0,2,test,Oil tanker,deepship
2_82,12,/datasets/audio/deepship/test/2/2_82.wav,180.0,210.0,2,test,Oil tanker,deepship
2_82,13,/datasets/audio/deepship/test/2/2_82.wav,195.0,225.0,2,test,Oil tanker,deepship
2_82,14,/datasets/audio/deepship/test/2/2_82.wav,210.0,240.0,2,test,Oil tanker,deepship
2_82,15,/datasets/audio/deepship/test/2/2_82.wav,225.0,255.0,2,test,Oil tanker,deepship
2_82,16,/datasets/audio/deepship/test/2/2_82.wav,240.0,270.0,2,test,Oil tanker,deepship
2_82,17,/datasets/audio/deepship/test/2/2_82.wav,255.0,285.0,2,test,Oil tanker,deepship
2_82,18,/datasets/audio/deepship/test/2/2_82.wav,266.0,296.0,2,test,Oil tanker,deepship
2_84,0,/datasets/audio/deepship/test/2/2_84.wav,0.0,30.0,2,test,Oil tanker,deepship
2_84,1,/datasets/audio/deepship/test/2/2_84.wav,15.0,45.0,2,test,Oil tanker,deepship
2_84,2,/datasets/audio/deepship/test/2/2_84.wav,30.0,60.0,2,test,Oil tanker,deepship
2_84,3,/datasets/audio/deepship/test/2/2_84.wav,45.0,75.0,2,test,Oil tanker,deepship
2_84,4,/datasets/audio/deepship/test/2/2_84.wav,60.0,90.0,2,test,Oil tanker,deepship
2_84,5,/datasets/audio/deepship/test/2/2_84.wav,75.0,105.0,2,test,Oil tanker,deepship
2_84,6,/datasets/audio/deepship/test/2/2_84.wav,90.0,120.0,2,test,Oil tanker,deepship
2_84,7,/datasets/audio/deepship/test/2/2_84.wav,105.0,135.0,2,test,Oil tanker,deepship
2_84,8,/datasets/audio/deepship/test/2/2_84.wav,120.0,150.0,2,test,Oil tanker,deepship
2_84,9,/datasets/audio/deepship/test/2/2_84.wav,135.0,165.0,2,test,Oil tanker,deepship
2_84,10,/datasets/audio/deepship/test/2/2_84.wav,150.0,180.0,2,test,Oil tanker,deepship
2_84,11,/datasets/audio/deepship/test/2/2_84.wav,165.0,195.0,2,test,Oil tanker,deepship
2_84,12,/datasets/audio/deepship/test/2/2_84.wav,180.0,210.0,2,test,Oil tanker,deepship
2_84,13,/datasets/audio/deepship/test/2/2_84.wav,195.0,225.0,2,test,Oil tanker,deepship
2_84,14,/datasets/audio/deepship/test/2/2_84.wav,206.0,236.0,2,test,Oil tanker,deepship
2_88,0,/datasets/audio/deepship/test/2/2_88.wav,0.0,30.0,2,test,Oil tanker,deepship
2_89,0,/datasets/audio/deepship/test/2/2_89.wav,0.0,30.0,2,test,Oil tanker,deepship
2_89,1,/datasets/audio/deepship/test/2/2_89.wav,15.0,45.0,2,test,Oil tanker,deepship
2_89,2,/datasets/audio/deepship/test/2/2_89.wav,30.0,60.0,2,test,Oil tanker,deepship
2_89,3,/datasets/audio/deepship/test/2/2_89.wav,45.0,75.0,2,test,Oil tanker,deepship
2_89,4,/datasets/audio/deepship/test/2/2_89.wav,60.0,90.0,2,test,Oil tanker,deepship
2_89,5,/datasets/audio/deepship/test/2/2_89.wav,75.0,105.0,2,test,Oil tanker,deepship
2_89,6,/datasets/audio/deepship/test/2/2_89.wav,90.0,120.0,2,test,Oil tanker,deepship
2_89,7,/datasets/audio/deepship/test/2/2_89.wav,105.0,135.0,2,test,Oil tanker,deepship
2_89,8,/datasets/audio/deepship/test/2/2_89.wav,120.0,150.0,2,test,Oil tanker,deepship
2_89,9,/datasets/audio/deepship/test/2/2_89.wav,135.0,165.0,2,test,Oil tanker,deepship
2_89,10,/datasets/audio/deepship/test/2/2_89.wav,150.0,180.0,2,test,Oil tanker,deepship
2_89,11,/datasets/audio/deepship/test/2/2_89.wav,165.0,195.0,2,test,Oil tanker,deepship
2_89,12,/datasets/audio/deepship/test/2/2_89.wav,180.0,210.0,2,test,Oil tanker,deepship
2_89,13,/datasets/audio/deepship/test/2/2_89.wav,195.0,225.0,2,test,Oil tanker,deepship
2_89,14,/datasets/audio/deepship/test/2/2_89.wav,210.0,240.0,2,test,Oil tanker,deepship
2_89,15,/datasets/audio/deepship/test/2/2_89.wav,214.0,244.0,2,test,Oil tanker,deepship
2_92,0,/datasets/audio/deepship/test/2/2_92.wav,0.0,30.0,2,test,Oil tanker,deepship
2_99,0,/datasets/audio/deepship/test/2/2_99.wav,0.0,30.0,2,test,Oil tanker,deepship
2_99,1,/datasets/audio/deepship/test/2/2_99.wav,15.0,45.0,2,test,Oil tanker,deepship
2_99,2,/datasets/audio/deepship/test/2/2_99.wav,30.0,60.0,2,test,Oil tanker,deepship
2_99,3,/datasets/audio/deepship/test/2/2_99.wav,45.0,75.0,2,test,Oil tanker,deepship
2_99,4,/datasets/audio/deepship/test/2/2_99.wav,51.0,81.0,2,test,Oil tanker,deepship
3_18,0,/datasets/audio/deepship/test/3/3_18.wav,0.0,30.0,3,test,Tug boat,deepship
3_18,1,/datasets/audio/deepship/test/3/3_18.wav,15.0,45.0,3,test,Tug boat,deepship
3_18,2,/datasets/audio/deepship/test/3/3_18.wav,30.0,60.0,3,test,Tug boat,deepship
3_18,3,/datasets/audio/deepship/test/3/3_18.wav,45.0,75.0,3,test,Tug boat,deepship
3_18,4,/datasets/audio/deepship/test/3/3_18.wav,60.0,90.0,3,test,Tug boat,deepship
3_18,5,/datasets/audio/deepship/test/3/3_18.wav,75.0,105.0,3,test,Tug boat,deepship
3_18,6,/datasets/audio/deepship/test/3/3_18.wav,90.0,120.0,3,test,Tug boat,deepship
3_18,7,/datasets/audio/deepship/test/3/3_18.wav,105.0,135.0,3,test,Tug boat,deepship
3_18,8,/datasets/audio/deepship/test/3/3_18.wav,120.0,150.0,3,test,Tug boat,deepship
3_18,9,/datasets/audio/deepship/test/3/3_18.wav,135.0,165.0,3,test,Tug boat,deepship
3_18,10,/datasets/audio/deepship/test/3/3_18.wav,150.0,180.0,3,test,Tug boat,deepship
3_18,11,/datasets/audio/deepship/test/3/3_18.wav,165.0,195.0,3,test,Tug boat,deepship
3_18,12,/datasets/audio/deepship/test/3/3_18.wav,180.0,210.0,3,test,Tug boat,deepship
3_18,13,/datasets/audio/deepship/test/3/3_18.wav,195.0,225.0,3,test,Tug boat,deepship
3_18,14,/datasets/audio/deepship/test/3/3_18.wav,210.0,240.0,3,test,Tug boat,deepship
3_18,15,/datasets/audio/deepship/test/3/3_18.wav,225.0,255.0,3,test,Tug boat,deepship
3_18,16,/datasets/audio/deepship/test/3/3_18.wav,240.0,270.0,3,test,Tug boat,deepship
3_18,17,/datasets/audio/deepship/test/3/3_18.wav,255.0,285.0,3,test,Tug boat,deepship
3_18,18,/datasets/audio/deepship/test/3/3_18.wav,270.0,300.0,3,test,Tug boat,deepship
3_18,19,/datasets/audio/deepship/test/3/3_18.wav,285.0,315.0,3,test,Tug boat,deepship
3_18,20,/datasets/audio/deepship/test/3/3_18.wav,300.0,330.0,3,test,Tug boat,deepship
3_18,21,/datasets/audio/deepship/test/3/3_18.wav,315.0,345.0,3,test,Tug boat,deepship
3_18,22,/datasets/audio/deepship/test/3/3_18.wav,330.0,360.0,3,test,Tug boat,deepship
3_18,23,/datasets/audio/deepship/test/3/3_18.wav,345.0,375.0,3,test,Tug boat,deepship
3_18,24,/datasets/audio/deepship/test/3/3_18.wav,360.0,390.0,3,test,Tug boat,deepship
3_20,0,/datasets/audio/deepship/test/3/3_20.wav,0.0,30.0,3,test,Tug boat,deepship
3_20,1,/datasets/audio/deepship/test/3/3_20.wav,15.0,45.0,3,test,Tug boat,deepship
3_20,2,/datasets/audio/deepship/test/3/3_20.wav,30.0,60.0,3,test,Tug boat,deepship
3_20,3,/datasets/audio/deepship/test/3/3_20.wav,45.0,75.0,3,test,Tug boat,deepship
3_20,4,/datasets/audio/deepship/test/3/3_20.wav,60.0,90.0,3,test,Tug boat,deepship
3_20,5,/datasets/audio/deepship/test/3/3_20.wav,75.0,105.0,3,test,Tug boat,deepship
3_20,6,/datasets/audio/deepship/test/3/3_20.wav,90.0,120.0,3,test,Tug boat,deepship
3_20,7,/datasets/audio/deepship/test/3/3_20.wav,105.0,135.0,3,test,Tug boat,deepship
3_20,8,/datasets/audio/deepship/test/3/3_20.wav,120.0,150.0,3,test,Tug boat,deepship
3_20,9,/datasets/audio/deepship/test/3/3_20.wav,135.0,165.0,3,test,Tug boat,deepship
3_20,10,/datasets/audio/deepship/test/3/3_20.wav,150.0,180.0,3,test,Tug boat,deepship
3_20,11,/datasets/audio/deepship/test/3/3_20.wav,165.0,195.0,3,test,Tug boat,deepship
3_20,12,/datasets/audio/deepship/test/3/3_20.wav,180.0,210.0,3,test,Tug boat,deepship
3_20,13,/datasets/audio/deepship/test/3/3_20.wav,195.0,225.0,3,test,Tug boat,deepship
3_20,14,/datasets/audio/deepship/test/3/3_20.wav,210.0,240.0,3,test,Tug boat,deepship
3_20,15,/datasets/audio/deepship/test/3/3_20.wav,225.0,255.0,3,test,Tug boat,deepship
3_20,16,/datasets/audio/deepship/test/3/3_20.wav,240.0,270.0,3,test,Tug boat,deepship
3_20,17,/datasets/audio/deepship/test/3/3_20.wav,255.0,285.0,3,test,Tug boat,deepship
3_20,18,/datasets/audio/deepship/test/3/3_20.wav,270.0,300.0,3,test,Tug boat,deepship
3_20,19,/datasets/audio/deepship/test/3/3_20.wav,285.0,315.0,3,test,Tug boat,deepship
3_20,20,/datasets/audio/deepship/test/3/3_20.wav,300.0,330.0,3,test,Tug boat,deepship
3_20,21,/datasets/audio/deepship/test/3/3_20.wav,315.0,345.0,3,test,Tug boat,deepship
3_20,22,/datasets/audio/deepship/test/3/3_20.wav,330.0,360.0,3,test,Tug boat,deepship
3_20,23,/datasets/audio/deepship/test/3/3_20.wav,345.0,375.0,3,test,Tug boat,deepship
3_20,24,/datasets/audio/deepship/test/3/3_20.wav,360.0,390.0,3,test,Tug boat,deepship
3_20,25,/datasets/audio/deepship/test/3/3_20.wav,375.0,405.0,3,test,Tug boat,deepship
3_20,26,/datasets/audio/deepship/test/3/3_20.wav,390.0,420.0,3,test,Tug boat,deepship
3_20,27,/datasets/audio/deepship/test/3/3_20.wav,405.0,435.0,3,test,Tug boat,deepship
3_20,28,/datasets/audio/deepship/test/3/3_20.wav,420.0,450.0,3,test,Tug boat,deepship
3_20,29,/datasets/audio/deepship/test/3/3_20.wav,435.0,465.0,3,test,Tug boat,deepship
3_20,30,/datasets/audio/deepship/test/3/3_20.wav,450.0,480.0,3,test,Tug boat,deepship
3_20,31,/datasets/audio/deepship/test/3/3_20.wav,465.0,495.0,3,test,Tug boat,deepship
3_20,32,/datasets/audio/deepship/test/3/3_20.wav,480.0,510.0,3,test,Tug boat,deepship
3_20,33,/datasets/audio/deepship/test/3/3_20.wav,495.0,525.0,3,test,Tug boat,deepship
3_20,34,/datasets/audio/deepship/test/3/3_20.wav,510.0,540.0,3,test,Tug boat,deepship
3_20,35,/datasets/audio/deepship/test/3/3_20.wav,525.0,555.0,3,test,Tug boat,deepship
3_20,36,/datasets/audio/deepship/test/3/3_20.wav,540.0,570.0,3,test,Tug boat,deepship
3_20,37,/datasets/audio/deepship/test/3/3_20.wav,555.0,585.0,3,test,Tug boat,deepship
3_20,38,/datasets/audio/deepship/test/3/3_20.wav,570.0,600.0,3,test,Tug boat,deepship
3_20,39,/datasets/audio/deepship/test/3/3_20.wav,585.0,615.0,3,test,Tug boat,deepship
3_20,40,/datasets/audio/deepship/test/3/3_20.wav,600.0,630.0,3,test,Tug boat,deepship
3_20,41,/datasets/audio/deepship/test/3/3_20.wav,615.0,645.0,3,test,Tug boat,deepship
3_20,42,/datasets/audio/deepship/test/3/3_20.wav,630.0,660.0,3,test,Tug boat,deepship
3_20,43,/datasets/audio/deepship/test/3/3_20.wav,645.0,675.0,3,test,Tug boat,deepship
3_20,44,/datasets/audio/deepship/test/3/3_20.wav,660.0,690.0,3,test,Tug boat,deepship
3_20,45,/datasets/audio/deepship/test/3/3_20.wav,675.0,705.0,3,test,Tug boat,deepship
3_20,46,/datasets/audio/deepship/test/3/3_20.wav,688.0,718.0,3,test,Tug boat,deepship
3_24,0,/datasets/audio/deepship/test/3/3_24.wav,0.0,30.0,3,test,Tug boat,deepship
3_24,1,/datasets/audio/deepship/test/3/3_24.wav,15.0,45.0,3,test,Tug boat,deepship
3_24,2,/datasets/audio/deepship/test/3/3_24.wav,30.0,60.0,3,test,Tug boat,deepship
3_24,3,/datasets/audio/deepship/test/3/3_24.wav,45.0,75.0,3,test,Tug boat,deepship
3_24,4,/datasets/audio/deepship/test/3/3_24.wav,60.0,90.0,3,test,Tug boat,deepship
3_24,5,/datasets/audio/deepship/test/3/3_24.wav,75.0,105.0,3,test,Tug boat,deepship
3_24,6,/datasets/audio/deepship/test/3/3_24.wav,90.0,120.0,3,test,Tug boat,deepship
3_24,7,/datasets/audio/deepship/test/3/3_24.wav,105.0,135.0,3,test,Tug boat,deepship
3_24,8,/datasets/audio/deepship/test/3/3_24.wav,120.0,150.0,3,test,Tug boat,deepship
3_24,9,/datasets/audio/deepship/test/3/3_24.wav,135.0,165.0,3,test,Tug boat,deepship
3_24,10,/datasets/audio/deepship/test/3/3_24.wav,150.0,180.0,3,test,Tug boat,deepship
3_24,11,/datasets/audio/deepship/test/3/3_24.wav,165.0,195.0,3,test,Tug boat,deepship
3_24,12,/datasets/audio/deepship/test/3/3_24.wav,180.0,210.0,3,test,Tug boat,deepship
3_24,13,/datasets/audio/deepship/test/3/3_24.wav,195.0,225.0,3,test,Tug boat,deepship
3_24,14,/datasets/audio/deepship/test/3/3_24.wav,210.0,240.0,3,test,Tug boat,deepship
3_24,15,/datasets/audio/deepship/test/3/3_24.wav,225.0,255.0,3,test,Tug boat,deepship
3_24,16,/datasets/audio/deepship/test/3/3_24.wav,240.0,270.0,3,test,Tug boat,deepship
3_24,17,/datasets/audio/deepship/test/3/3_24.wav,255.0,285.0,3,test,Tug boat,deepship
3_24,18,/datasets/audio/deepship/test/3/3_24.wav,270.0,300.0,3,test,Tug boat,deepship
3_24,19,/datasets/audio/deepship/test/3/3_24.wav,285.0,315.0,3,test,Tug boat,deepship
3_24,20,/datasets/audio/deepship/test/3/3_24.wav,300.0,330.0,3,test,Tug boat,deepship
3_24,21,/datasets/audio/deepship/test/3/3_24.wav,315.0,345.0,3,test,Tug boat,deepship
3_24,22,/datasets/audio/deepship/test/3/3_24.wav,330.0,360.0,3,test,Tug boat,deepship
3_24,23,/datasets/audio/deepship/test/3/3_24.wav,345.0,375.0,3,test,Tug boat,deepship
3_24,24,/datasets/audio/deepship/test/3/3_24.wav,360.0,390.0,3,test,Tug boat,deepship
3_24,25,/datasets/audio/deepship/test/3/3_24.wav,375.0,405.0,3,test,Tug boat,deepship
3_24,26,/datasets/audio/deepship/test/3/3_24.wav,390.0,420.0,3,test,Tug boat,deepship
3_24,27,/datasets/audio/deepship/test/3/3_24.wav,405.0,435.0,3,test,Tug boat,deepship
3_24,28,/datasets/audio/deepship/test/3/3_24.wav,420.0,450.0,3,test,Tug boat,deepship
3_24,29,/datasets/audio/deepship/test/3/3_24.wav,435.0,465.0,3,test,Tug boat,deepship
3_24,30,/datasets/audio/deepship/test/3/3_24.wav,450.0,480.0,3,test,Tug boat,deepship
3_24,31,/datasets/audio/deepship/test/3/3_24.wav,465.0,495.0,3,test,Tug boat,deepship
3_24,32,/datasets/audio/deepship/test/3/3_24.wav,480.0,510.0,3,test,Tug boat,deepship
3_24,33,/datasets/audio/deepship/test/3/3_24.wav,495.0,525.0,3,test,Tug boat,deepship
3_24,34,/datasets/audio/deepship/test/3/3_24.wav,510.0,540.0,3,test,Tug boat,deepship
3_24,35,/datasets/audio/deepship/test/3/3_24.wav,525.0,555.0,3,test,Tug boat,deepship
3_24,36,/datasets/audio/deepship/test/3/3_24.wav,540.0,570.0,3,test,Tug boat,deepship
3_24,37,/datasets/audio/deepship/test/3/3_24.wav,555.0,585.0,3,test,Tug boat,deepship
3_24,38,/datasets/audio/deepship/test/3/3_24.wav,570.0,600.0,3,test,Tug boat,deepship
3_24,39,/datasets/audio/deepship/test/3/3_24.wav,585.0,615.0,3,test,Tug boat,deepship
3_24,40,/datasets/audio/deepship/test/3/3_24.wav,600.0,630.0,3,test,Tug boat,deepship
3_24,41,/datasets/audio/deepship/test/3/3_24.wav,615.0,645.0,3,test,Tug boat,deepship
3_24,42,/datasets/audio/deepship/test/3/3_24.wav,630.0,660.0,3,test,Tug boat,deepship
3_24,43,/datasets/audio/deepship/test/3/3_24.wav,645.0,675.0,3,test,Tug boat,deepship
3_24,44,/datasets/audio/deepship/test/3/3_24.wav,660.0,690.0,3,test,Tug boat,deepship
3_24,45,/datasets/audio/deepship/test/3/3_24.wav,675.0,705.0,3,test,Tug boat,deepship
3_24,46,/datasets/audio/deepship/test/3/3_24.wav,690.0,720.0,3,test,Tug boat,deepship
3_24,47,/datasets/audio/deepship/test/3/3_24.wav,705.0,735.0,3,test,Tug boat,deepship
3_24,48,/datasets/audio/deepship/test/3/3_24.wav,720.0,750.0,3,test,Tug boat,deepship
3_24,49,/datasets/audio/deepship/test/3/3_24.wav,735.0,765.0,3,test,Tug boat,deepship
3_24,50,/datasets/audio/deepship/test/3/3_24.wav,750.0,780.0,3,test,Tug boat,deepship
3_24,51,/datasets/audio/deepship/test/3/3_24.wav,765.0,795.0,3,test,Tug boat,deepship
3_24,52,/datasets/audio/deepship/test/3/3_24.wav,780.0,810.0,3,test,Tug boat,deepship
3_24,53,/datasets/audio/deepship/test/3/3_24.wav,795.0,825.0,3,test,Tug boat,deepship
3_24,54,/datasets/audio/deepship/test/3/3_24.wav,810.0,840.0,3,test,Tug boat,deepship
3_24,55,/datasets/audio/deepship/test/3/3_24.wav,825.0,855.0,3,test,Tug boat,deepship
3_24,56,/datasets/audio/deepship/test/3/3_24.wav,840.0,870.0,3,test,Tug boat,deepship
3_24,57,/datasets/audio/deepship/test/3/3_24.wav,855.0,885.0,3,test,Tug boat,deepship
3_24,58,/datasets/audio/deepship/test/3/3_24.wav,870.0,900.0,3,test,Tug boat,deepship
3_24,59,/datasets/audio/deepship/test/3/3_24.wav,885.0,915.0,3,test,Tug boat,deepship
3_24,60,/datasets/audio/deepship/test/3/3_24.wav,900.0,930.0,3,test,Tug boat,deepship
3_24,61,/datasets/audio/deepship/test/3/3_24.wav,915.0,945.0,3,test,Tug boat,deepship
3_24,62,/datasets/audio/deepship/test/3/3_24.wav,930.0,960.0,3,test,Tug boat,deepship
3_24,63,/datasets/audio/deepship/test/3/3_24.wav,945.0,975.0,3,test,Tug boat,deepship
3_24,64,/datasets/audio/deepship/test/3/3_24.wav,960.0,990.0,3,test,Tug boat,deepship
3_24,65,/datasets/audio/deepship/test/3/3_24.wav,975.0,1005.0,3,test,Tug boat,deepship
3_24,66,/datasets/audio/deepship/test/3/3_24.wav,990.0,1020.0,3,test,Tug boat,deepship
3_24,67,/datasets/audio/deepship/test/3/3_24.wav,1005.0,1035.0,3,test,Tug boat,deepship
3_24,68,/datasets/audio/deepship/test/3/3_24.wav,1020.0,1050.0,3,test,Tug boat,deepship
3_24,69,/datasets/audio/deepship/test/3/3_24.wav,1035.0,1065.0,3,test,Tug boat,deepship
3_24,70,/datasets/audio/deepship/test/3/3_24.wav,1050.0,1080.0,3,test,Tug boat,deepship
3_24,71,/datasets/audio/deepship/test/3/3_24.wav,1065.0,1095.0,3,test,Tug boat,deepship
3_24,72,/datasets/audio/deepship/test/3/3_24.wav,1080.0,1110.0,3,test,Tug boat,deepship
3_24,73,/datasets/audio/deepship/test/3/3_24.wav,1095.0,1125.0,3,test,Tug boat,deepship
3_24,74,/datasets/audio/deepship/test/3/3_24.wav,1110.0,1140.0,3,test,Tug boat,deepship
3_24,75,/datasets/audio/deepship/test/3/3_24.wav,1125.0,1155.0,3,test,Tug boat,deepship
3_24,76,/datasets/audio/deepship/test/3/3_24.wav,1140.0,1170.0,3,test,Tug boat,deepship
3_24,77,/datasets/audio/deepship/test/3/3_24.wav,1155.0,1185.0,3,test,Tug boat,deepship
3_24,78,/datasets/audio/deepship/test/3/3_24.wav,1170.0,1200.0,3,test,Tug boat,deepship
3_24,79,/datasets/audio/deepship/test/3/3_24.wav,1185.0,1215.0,3,test,Tug boat,deepship
3_24,80,/datasets/audio/deepship/test/3/3_24.wav,1200.0,1230.0,3,test,Tug boat,deepship
3_24,81,/datasets/audio/deepship/test/3/3_24.wav,1215.0,1245.0,3,test,Tug boat,deepship
3_24,82,/datasets/audio/deepship/test/3/3_24.wav,1230.0,1260.0,3,test,Tug boat,deepship
3_24,83,/datasets/audio/deepship/test/3/3_24.wav,1245.0,1275.0,3,test,Tug boat,deepship
3_24,84,/datasets/audio/deepship/test/3/3_24.wav,1260.0,1290.0,3,test,Tug boat,deepship
3_24,85,/datasets/audio/deepship/test/3/3_24.wav,1275.0,1305.0,3,test,Tug boat,deepship
3_24,86,/datasets/audio/deepship/test/3/3_24.wav,1290.0,1320.0,3,test,Tug boat,deepship
3_24,87,/datasets/audio/deepship/test/3/3_24.wav,1305.0,1335.0,3,test,Tug boat,deepship
3_24,88,/datasets/audio/deepship/test/3/3_24.wav,1320.0,1350.0,3,test,Tug boat,deepship
3_24,89,/datasets/audio/deepship/test/3/3_24.wav,1335.0,1365.0,3,test,Tug boat,deepship
3_24,90,/datasets/audio/deepship/test/3/3_24.wav,1350.0,1380.0,3,test,Tug boat,deepship
3_24,91,/datasets/audio/deepship/test/3/3_24.wav,1365.0,1395.0,3,test,Tug boat,deepship
3_24,92,/datasets/audio/deepship/test/3/3_24.wav,1380.0,1410.0,3,test,Tug boat,deepship
3_24,93,/datasets/audio/deepship/test/3/3_24.wav,1395.0,1425.0,3,test,Tug boat,deepship
3_24,94,/datasets/audio/deepship/test/3/3_24.wav,1410.0,1440.0,3,test,Tug boat,deepship
3_24,95,/datasets/audio/deepship/test/3/3_24.wav,1425.0,1455.0,3,test,Tug boat,deepship
3_24,96,/datasets/audio/deepship/test/3/3_24.wav,1440.0,1470.0,3,test,Tug boat,deepship
3_24,97,/datasets/audio/deepship/test/3/3_24.wav,1455.0,1485.0,3,test,Tug boat,deepship
3_24,98,/datasets/audio/deepship/test/3/3_24.wav,1470.0,1500.0,3,test,Tug boat,deepship
3_24,99,/datasets/audio/deepship/test/3/3_24.wav,1485.0,1515.0,3,test,Tug boat,deepship
3_24,100,/datasets/audio/deepship/test/3/3_24.wav,1500.0,1530.0,3,test,Tug boat,deepship
3_24,101,/datasets/audio/deepship/test/3/3_24.wav,1515.0,1545.0,3,test,Tug boat,deepship
3_24,102,/datasets/audio/deepship/test/3/3_24.wav,1530.0,1560.0,3,test,Tug boat,deepship
3_24,103,/datasets/audio/deepship/test/3/3_24.wav,1545.0,1575.0,3,test,Tug boat,deepship
3_24,104,/datasets/audio/deepship/test/3/3_24.wav,1560.0,1590.0,3,test,Tug boat,deepship
3_24,105,/datasets/audio/deepship/test/3/3_24.wav,1575.0,1605.0,3,test,Tug boat,deepship
3_24,106,/datasets/audio/deepship/test/3/3_24.wav,1590.0,1620.0,3,test,Tug boat,deepship
3_24,107,/datasets/audio/deepship/test/3/3_24.wav,1605.0,1635.0,3,test,Tug boat,deepship
3_24,108,/datasets/audio/deepship/test/3/3_24.wav,1620.0,1650.0,3,test,Tug boat,deepship
3_24,109,/datasets/audio/deepship/test/3/3_24.wav,1635.0,1665.0,3,test,Tug boat,deepship
3_24,110,/datasets/audio/deepship/test/3/3_24.wav,1650.0,1680.0,3,test,Tug boat,deepship
3_24,111,/datasets/audio/deepship/test/3/3_24.wav,1665.0,1695.0,3,test,Tug boat,deepship
3_24,112,/datasets/audio/deepship/test/3/3_24.wav,1680.0,1710.0,3,test,Tug boat,deepship
3_24,113,/datasets/audio/deepship/test/3/3_24.wav,1695.0,1725.0,3,test,Tug boat,deepship
3_24,114,/datasets/audio/deepship/test/3/3_24.wav,1710.0,1740.0,3,test,Tug boat,deepship
3_24,115,/datasets/audio/deepship/test/3/3_24.wav,1720.0,1750.0,3,test,Tug boat,deepship
3_25,0,/datasets/audio/deepship/test/3/3_25.wav,0.0,30.0,3,test,Tug boat,deepship
3_25,1,/datasets/audio/deepship/test/3/3_25.wav,15.0,45.0,3,test,Tug boat,deepship
3_25,2,/datasets/audio/deepship/test/3/3_25.wav,30.0,60.0,3,test,Tug boat,deepship
3_25,3,/datasets/audio/deepship/test/3/3_25.wav,45.0,75.0,3,test,Tug boat,deepship
3_25,4,/datasets/audio/deepship/test/3/3_25.wav,60.0,90.0,3,test,Tug boat,deepship
3_25,5,/datasets/audio/deepship/test/3/3_25.wav,75.0,105.0,3,test,Tug boat,deepship
3_25,6,/datasets/audio/deepship/test/3/3_25.wav,90.0,120.0,3,test,Tug boat,deepship
3_25,7,/datasets/audio/deepship/test/3/3_25.wav,105.0,135.0,3,test,Tug boat,deepship
3_25,8,/datasets/audio/deepship/test/3/3_25.wav,120.0,150.0,3,test,Tug boat,deepship
3_25,9,/datasets/audio/deepship/test/3/3_25.wav,135.0,165.0,3,test,Tug boat,deepship
3_25,10,/datasets/audio/deepship/test/3/3_25.wav,150.0,180.0,3,test,Tug boat,deepship
3_25,11,/datasets/audio/deepship/test/3/3_25.wav,165.0,195.0,3,test,Tug boat,deepship
3_25,12,/datasets/audio/deepship/test/3/3_25.wav,180.0,210.0,3,test,Tug boat,deepship
3_25,13,/datasets/audio/deepship/test/3/3_25.wav,195.0,225.0,3,test,Tug boat,deepship
3_25,14,/datasets/audio/deepship/test/3/3_25.wav,210.0,240.0,3,test,Tug boat,deepship
3_25,15,/datasets/audio/deepship/test/3/3_25.wav,225.0,255.0,3,test,Tug boat,deepship
3_25,16,/datasets/audio/deepship/test/3/3_25.wav,240.0,270.0,3,test,Tug boat,deepship
3_25,17,/datasets/audio/deepship/test/3/3_25.wav,255.0,285.0,3,test,Tug boat,deepship
3_25,18,/datasets/audio/deepship/test/3/3_25.wav,270.0,300.0,3,test,Tug boat,deepship
3_25,19,/datasets/audio/deepship/test/3/3_25.wav,285.0,315.0,3,test,Tug boat,deepship
3_25,20,/datasets/audio/deepship/test/3/3_25.wav,300.0,330.0,3,test,Tug boat,deepship
3_25,21,/datasets/audio/deepship/test/3/3_25.wav,315.0,345.0,3,test,Tug boat,deepship
3_25,22,/datasets/audio/deepship/test/3/3_25.wav,330.0,360.0,3,test,Tug boat,deepship
3_25,23,/datasets/audio/deepship/test/3/3_25.wav,345.0,375.0,3,test,Tug boat,deepship
3_25,24,/datasets/audio/deepship/test/3/3_25.wav,360.0,390.0,3,test,Tug boat,deepship
3_25,25,/datasets/audio/deepship/test/3/3_25.wav,375.0,405.0,3,test,Tug boat,deepship
3_25,26,/datasets/audio/deepship/test/3/3_25.wav,390.0,420.0,3,test,Tug boat,deepship
3_25,27,/datasets/audio/deepship/test/3/3_25.wav,405.0,435.0,3,test,Tug boat,deepship
3_25,28,/datasets/audio/deepship/test/3/3_25.wav,420.0,450.0,3,test,Tug boat,deepship
3_25,29,/datasets/audio/deepship/test/3/3_25.wav,435.0,465.0,3,test,Tug boat,deepship
3_25,30,/datasets/audio/deepship/test/3/3_25.wav,450.0,480.0,3,test,Tug boat,deepship
3_25,31,/datasets/audio/deepship/test/3/3_25.wav,465.0,495.0,3,test,Tug boat,deepship
3_25,32,/datasets/audio/deepship/test/3/3_25.wav,480.0,510.0,3,test,Tug boat,deepship
3_25,33,/datasets/audio/deepship/test/3/3_25.wav,495.0,525.0,3,test,Tug boat,deepship
3_25,34,/datasets/audio/deepship/test/3/3_25.wav,510.0,540.0,3,test,Tug boat,deepship
3_25,35,/datasets/audio/deepship/test/3/3_25.wav,525.0,555.0,3,test,Tug boat,deepship
3_25,36,/datasets/audio/deepship/test/3/3_25.wav,540.0,570.0,3,test,Tug boat,deepship
3_25,37,/datasets/audio/deepship/test/3/3_25.wav,555.0,585.0,3,test,Tug boat,deepship
3_25,38,/datasets/audio/deepship/test/3/3_25.wav,570.0,600.0,3,test,Tug boat,deepship
3_25,39,/datasets/audio/deepship/test/3/3_25.wav,585.0,615.0,3,test,Tug boat,deepship
3_25,40,/datasets/audio/deepship/test/3/3_25.wav,600.0,630.0,3,test,Tug boat,deepship
3_25,41,/datasets/audio/deepship/test/3/3_25.wav,615.0,645.0,3,test,Tug boat,deepship
3_25,42,/datasets/audio/deepship/test/3/3_25.wav,630.0,660.0,3,test,Tug boat,deepship
3_25,43,/datasets/audio/deepship/test/3/3_25.wav,645.0,675.0,3,test,Tug boat,deepship
3_25,44,/datasets/audio/deepship/test/3/3_25.wav,660.0,690.0,3,test,Tug boat,deepship
3_25,45,/datasets/audio/deepship/test/3/3_25.wav,675.0,705.0,3,test,Tug boat,deepship
3_25,46,/datasets/audio/deepship/test/3/3_25.wav,690.0,720.0,3,test,Tug boat,deepship
3_25,47,/datasets/audio/deepship/test/3/3_25.wav,705.0,735.0,3,test,Tug boat,deepship
3_25,48,/datasets/audio/deepship/test/3/3_25.wav,720.0,750.0,3,test,Tug boat,deepship
3_25,49,/datasets/audio/deepship/test/3/3_25.wav,735.0,765.0,3,test,Tug boat,deepship
3_25,50,/datasets/audio/deepship/test/3/3_25.wav,750.0,780.0,3,test,Tug boat,deepship
3_25,51,/datasets/audio/deepship/test/3/3_25.wav,765.0,795.0,3,test,Tug boat,deepship
3_25,52,/datasets/audio/deepship/test/3/3_25.wav,780.0,810.0,3,test,Tug boat,deepship
3_25,53,/datasets/audio/deepship/test/3/3_25.wav,795.0,825.0,3,test,Tug boat,deepship
3_25,54,/datasets/audio/deepship/test/3/3_25.wav,810.0,840.0,3,test,Tug boat,deepship
3_25,55,/datasets/audio/deepship/test/3/3_25.wav,825.0,855.0,3,test,Tug boat,deepship
3_25,56,/datasets/audio/deepship/test/3/3_25.wav,840.0,870.0,3,test,Tug boat,deepship
3_25,57,/datasets/audio/deepship/test/3/3_25.wav,855.0,885.0,3,test,Tug boat,deepship
3_25,58,/datasets/audio/deepship/test/3/3_25.wav,870.0,900.0,3,test,Tug boat,deepship
3_25,59,/datasets/audio/deepship/test/3/3_25.wav,885.0,915.0,3,test,Tug boat,deepship
3_25,60,/datasets/audio/deepship/test/3/3_25.wav,891.0,921.0,3,test,Tug boat,deepship
3_27,0,/datasets/audio/deepship/test/3/3_27.wav,0.0,30.0,3,test,Tug boat,deepship
3_27,1,/datasets/audio/deepship/test/3/3_27.wav,15.0,45.0,3,test,Tug boat,deepship
3_27,2,/datasets/audio/deepship/test/3/3_27.wav,30.0,60.0,3,test,Tug boat,deepship
3_27,3,/datasets/audio/deepship/test/3/3_27.wav,45.0,75.0,3,test,Tug boat,deepship
3_27,4,/datasets/audio/deepship/test/3/3_27.wav,60.0,90.0,3,test,Tug boat,deepship
3_27,5,/datasets/audio/deepship/test/3/3_27.wav,75.0,105.0,3,test,Tug boat,deepship
3_27,6,/datasets/audio/deepship/test/3/3_27.wav,90.0,120.0,3,test,Tug boat,deepship
3_27,7,/datasets/audio/deepship/test/3/3_27.wav,105.0,135.0,3,test,Tug boat,deepship
3_27,8,/datasets/audio/deepship/test/3/3_27.wav,120.0,150.0,3,test,Tug boat,deepship
3_27,9,/datasets/audio/deepship/test/3/3_27.wav,135.0,165.0,3,test,Tug boat,deepship
3_27,10,/datasets/audio/deepship/test/3/3_27.wav,150.0,180.0,3,test,Tug boat,deepship
3_27,11,/datasets/audio/deepship/test/3/3_27.wav,165.0,195.0,3,test,Tug boat,deepship
3_27,12,/datasets/audio/deepship/test/3/3_27.wav,180.0,210.0,3,test,Tug boat,deepship
3_27,13,/datasets/audio/deepship/test/3/3_27.wav,195.0,225.0,3,test,Tug boat,deepship
3_27,14,/datasets/audio/deepship/test/3/3_27.wav,210.0,240.0,3,test,Tug boat,deepship
3_27,15,/datasets/audio/deepship/test/3/3_27.wav,225.0,255.0,3,test,Tug boat,deepship
3_27,16,/datasets/audio/deepship/test/3/3_27.wav,240.0,270.0,3,test,Tug boat,deepship
3_27,17,/datasets/audio/deepship/test/3/3_27.wav,255.0,285.0,3,test,Tug boat,deepship
3_27,18,/datasets/audio/deepship/test/3/3_27.wav,270.0,300.0,3,test,Tug boat,deepship
3_27,19,/datasets/audio/deepship/test/3/3_27.wav,285.0,315.0,3,test,Tug boat,deepship
3_27,20,/datasets/audio/deepship/test/3/3_27.wav,300.0,330.0,3,test,Tug boat,deepship
3_27,21,/datasets/audio/deepship/test/3/3_27.wav,315.0,345.0,3,test,Tug boat,deepship
3_27,22,/datasets/audio/deepship/test/3/3_27.wav,330.0,360.0,3,test,Tug boat,deepship
3_27,23,/datasets/audio/deepship/test/3/3_27.wav,345.0,375.0,3,test,Tug boat,deepship
3_27,24,/datasets/audio/deepship/test/3/3_27.wav,360.0,390.0,3,test,Tug boat,deepship
3_27,25,/datasets/audio/deepship/test/3/3_27.wav,375.0,405.0,3,test,Tug boat,deepship
3_27,26,/datasets/audio/deepship/test/3/3_27.wav,390.0,420.0,3,test,Tug boat,deepship
3_27,27,/datasets/audio/deepship/test/3/3_27.wav,405.0,435.0,3,test,Tug boat,deepship
3_27,28,/datasets/audio/deepship/test/3/3_27.wav,420.0,450.0,3,test,Tug boat,deepship
3_27,29,/datasets/audio/deepship/test/3/3_27.wav,435.0,465.0,3,test,Tug boat,deepship
3_27,30,/datasets/audio/deepship/test/3/3_27.wav,450.0,480.0,3,test,Tug boat,deepship
3_27,31,/datasets/audio/deepship/test/3/3_27.wav,465.0,495.0,3,test,Tug boat,deepship
3_27,32,/datasets/audio/deepship/test/3/3_27.wav,480.0,510.0,3,test,Tug boat,deepship
3_27,33,/datasets/audio/deepship/test/3/3_27.wav,486.0,516.0,3,test,Tug boat,deepship
3_29,0,/datasets/audio/deepship/test/3/3_29.wav,0.0,30.0,3,test,Tug boat,deepship
3_29,1,/datasets/audio/deepship/test/3/3_29.wav,15.0,45.0,3,test,Tug boat,deepship
3_29,2,/datasets/audio/deepship/test/3/3_29.wav,30.0,60.0,3,test,Tug boat,deepship
3_29,3,/datasets/audio/deepship/test/3/3_29.wav,45.0,75.0,3,test,Tug boat,deepship
3_29,4,/datasets/audio/deepship/test/3/3_29.wav,60.0,90.0,3,test,Tug boat,deepship
3_29,5,/datasets/audio/deepship/test/3/3_29.wav,75.0,105.0,3,test,Tug boat,deepship
3_29,6,/datasets/audio/deepship/test/3/3_29.wav,90.0,120.0,3,test,Tug boat,deepship
3_29,7,/datasets/audio/deepship/test/3/3_29.wav,105.0,135.0,3,test,Tug boat,deepship
3_29,8,/datasets/audio/deepship/test/3/3_29.wav,120.0,150.0,3,test,Tug boat,deepship
3_29,9,/datasets/audio/deepship/test/3/3_29.wav,135.0,165.0,3,test,Tug boat,deepship
3_29,10,/datasets/audio/deepship/test/3/3_29.wav,150.0,180.0,3,test,Tug boat,deepship
3_29,11,/datasets/audio/deepship/test/3/3_29.wav,165.0,195.0,3,test,Tug boat,deepship
3_29,12,/datasets/audio/deepship/test/3/3_29.wav,180.0,210.0,3,test,Tug boat,deepship
3_29,13,/datasets/audio/deepship/test/3/3_29.wav,195.0,225.0,3,test,Tug boat,deepship
3_29,14,/datasets/audio/deepship/test/3/3_29.wav,203.0,233.0,3,test,Tug boat,deepship
3_32,0,/datasets/audio/deepship/test/3/3_32.wav,0.0,30.0,3,test,Tug boat,deepship
3_32,1,/datasets/audio/deepship/test/3/3_32.wav,15.0,45.0,3,test,Tug boat,deepship
3_32,2,/datasets/audio/deepship/test/3/3_32.wav,30.0,60.0,3,test,Tug boat,deepship
3_32,3,/datasets/audio/deepship/test/3/3_32.wav,45.0,75.0,3,test,Tug boat,deepship
3_32,4,/datasets/audio/deepship/test/3/3_32.wav,60.0,90.0,3,test,Tug boat,deepship
3_32,5,/datasets/audio/deepship/test/3/3_32.wav,75.0,105.0,3,test,Tug boat,deepship
3_32,6,/datasets/audio/deepship/test/3/3_32.wav,90.0,120.0,3,test,Tug boat,deepship
3_32,7,/datasets/audio/deepship/test/3/3_32.wav,105.0,135.0,3,test,Tug boat,deepship
3_32,8,/datasets/audio/deepship/test/3/3_32.wav,120.0,150.0,3,test,Tug boat,deepship
3_32,9,/datasets/audio/deepship/test/3/3_32.wav,135.0,165.0,3,test,Tug boat,deepship
3_32,10,/datasets/audio/deepship/test/3/3_32.wav,150.0,180.0,3,test,Tug boat,deepship
3_32,11,/datasets/audio/deepship/test/3/3_32.wav,165.0,195.0,3,test,Tug boat,deepship
3_32,12,/datasets/audio/deepship/test/3/3_32.wav,180.0,210.0,3,test,Tug boat,deepship
3_32,13,/datasets/audio/deepship/test/3/3_32.wav,195.0,225.0,3,test,Tug boat,deepship
3_32,14,/datasets/audio/deepship/test/3/3_32.wav,210.0,240.0,3,test,Tug boat,deepship
3_32,15,/datasets/audio/deepship/test/3/3_32.wav,225.0,255.0,3,test,Tug boat,deepship
3_32,16,/datasets/audio/deepship/test/3/3_32.wav,240.0,270.0,3,test,Tug boat,deepship
3_32,17,/datasets/audio/deepship/test/3/3_32.wav,255.0,285.0,3,test,Tug boat,deepship
3_32,18,/datasets/audio/deepship/test/3/3_32.wav,270.0,300.0,3,test,Tug boat,deepship
3_32,19,/datasets/audio/deepship/test/3/3_32.wav,285.0,315.0,3,test,Tug boat,deepship
3_32,20,/datasets/audio/deepship/test/3/3_32.wav,300.0,330.0,3,test,Tug boat,deepship
3_32,21,/datasets/audio/deepship/test/3/3_32.wav,315.0,345.0,3,test,Tug boat,deepship
3_32,22,/datasets/audio/deepship/test/3/3_32.wav,330.0,360.0,3,test,Tug boat,deepship
3_32,23,/datasets/audio/deepship/test/3/3_32.wav,345.0,375.0,3,test,Tug boat,deepship
3_32,24,/datasets/audio/deepship/test/3/3_32.wav,360.0,390.0,3,test,Tug boat,deepship
3_32,25,/datasets/audio/deepship/test/3/3_32.wav,375.0,405.0,3,test,Tug boat,deepship
3_32,26,/datasets/audio/deepship/test/3/3_32.wav,390.0,420.0,3,test,Tug boat,deepship
3_32,27,/datasets/audio/deepship/test/3/3_32.wav,405.0,435.0,3,test,Tug boat,deepship
3_32,28,/datasets/audio/deepship/test/3/3_32.wav,420.0,450.0,3,test,Tug boat,deepship
3_32,29,/datasets/audio/deepship/test/3/3_32.wav,435.0,465.0,3,test,Tug boat,deepship
3_32,30,/datasets/audio/deepship/test/3/3_32.wav,450.0,480.0,3,test,Tug boat,deepship
3_32,31,/datasets/audio/deepship/test/3/3_32.wav,465.0,495.0,3,test,Tug boat,deepship
3_32,32,/datasets/audio/deepship/test/3/3_32.wav,478.0,508.0,3,test,Tug boat,deepship
3_33,0,/datasets/audio/deepship/test/3/3_33.wav,0.0,30.0,3,test,Tug boat,deepship
3_33,1,/datasets/audio/deepship/test/3/3_33.wav,15.0,45.0,3,test,Tug boat,deepship
3_33,2,/datasets/audio/deepship/test/3/3_33.wav,30.0,60.0,3,test,Tug boat,deepship
3_33,3,/datasets/audio/deepship/test/3/3_33.wav,45.0,75.0,3,test,Tug boat,deepship
3_33,4,/datasets/audio/deepship/test/3/3_33.wav,60.0,90.0,3,test,Tug boat,deepship
3_33,5,/datasets/audio/deepship/test/3/3_33.wav,75.0,105.0,3,test,Tug boat,deepship
3_33,6,/datasets/audio/deepship/test/3/3_33.wav,90.0,120.0,3,test,Tug boat,deepship
3_33,7,/datasets/audio/deepship/test/3/3_33.wav,105.0,135.0,3,test,Tug boat,deepship
3_33,8,/datasets/audio/deepship/test/3/3_33.wav,120.0,150.0,3,test,Tug boat,deepship
3_33,9,/datasets/audio/deepship/test/3/3_33.wav,135.0,165.0,3,test,Tug boat,deepship
3_33,10,/datasets/audio/deepship/test/3/3_33.wav,150.0,180.0,3,test,Tug boat,deepship
3_33,11,/datasets/audio/deepship/test/3/3_33.wav,165.0,195.0,3,test,Tug boat,deepship
3_33,12,/datasets/audio/deepship/test/3/3_33.wav,180.0,210.0,3,test,Tug boat,deepship
3_33,13,/datasets/audio/deepship/test/3/3_33.wav,195.0,225.0,3,test,Tug boat,deepship
3_33,14,/datasets/audio/deepship/test/3/3_33.wav,210.0,240.0,3,test,Tug boat,deepship
3_33,15,/datasets/audio/deepship/test/3/3_33.wav,225.0,255.0,3,test,Tug boat,deepship
3_33,16,/datasets/audio/deepship/test/3/3_33.wav,240.0,270.0,3,test,Tug boat,deepship
3_33,17,/datasets/audio/deepship/test/3/3_33.wav,255.0,285.0,3,test,Tug boat,deepship
3_33,18,/datasets/audio/deepship/test/3/3_33.wav,270.0,300.0,3,test,Tug boat,deepship
3_33,19,/datasets/audio/deepship/test/3/3_33.wav,285.0,315.0,3,test,Tug boat,deepship
3_33,20,/datasets/audio/deepship/test/3/3_33.wav,300.0,330.0,3,test,Tug boat,deepship
3_33,21,/datasets/audio/deepship/test/3/3_33.wav,315.0,345.0,3,test,Tug boat,deepship
3_33,22,/datasets/audio/deepship/test/3/3_33.wav,330.0,360.0,3,test,Tug boat,deepship
3_33,23,/datasets/audio/deepship/test/3/3_33.wav,345.0,375.0,3,test,Tug boat,deepship
3_33,24,/datasets/audio/deepship/test/3/3_33.wav,360.0,390.0,3,test,Tug boat,deepship
3_33,25,/datasets/audio/deepship/test/3/3_33.wav,375.0,405.0,3,test,Tug boat,deepship
3_33,26,/datasets/audio/deepship/test/3/3_33.wav,390.0,420.0,3,test,Tug boat,deepship
3_33,27,/datasets/audio/deepship/test/3/3_33.wav,405.0,435.0,3,test,Tug boat,deepship
3_33,28,/datasets/audio/deepship/test/3/3_33.wav,420.0,450.0,3,test,Tug boat,deepship
3_33,29,/datasets/audio/deepship/test/3/3_33.wav,435.0,465.0,3,test,Tug boat,deepship
3_33,30,/datasets/audio/deepship/test/3/3_33.wav,450.0,480.0,3,test,Tug boat,deepship
3_33,31,/datasets/audio/deepship/test/3/3_33.wav,465.0,495.0,3,test,Tug boat,deepship
3_33,32,/datasets/audio/deepship/test/3/3_33.wav,480.0,510.0,3,test,Tug boat,deepship
3_33,33,/datasets/audio/deepship/test/3/3_33.wav,495.0,525.0,3,test,Tug boat,deepship
3_33,34,/datasets/audio/deepship/test/3/3_33.wav,510.0,540.0,3,test,Tug boat,deepship
3_33,35,/datasets/audio/deepship/test/3/3_33.wav,525.0,555.0,3,test,Tug boat,deepship
3_33,36,/datasets/audio/deepship/test/3/3_33.wav,540.0,570.0,3,test,Tug boat,deepship
3_33,37,/datasets/audio/deepship/test/3/3_33.wav,555.0,585.0,3,test,Tug boat,deepship
3_33,38,/datasets/audio/deepship/test/3/3_33.wav,570.0,600.0,3,test,Tug boat,deepship
3_33,39,/datasets/audio/deepship/test/3/3_33.wav,582.0,612.0,3,test,Tug boat,deepship
3_37,0,/datasets/audio/deepship/test/3/3_37.wav,0.0,30.0,3,test,Tug boat,deepship
3_37,1,/datasets/audio/deepship/test/3/3_37.wav,15.0,45.0,3,test,Tug boat,deepship
3_37,2,/datasets/audio/deepship/test/3/3_37.wav,30.0,60.0,3,test,Tug boat,deepship
3_37,3,/datasets/audio/deepship/test/3/3_37.wav,45.0,75.0,3,test,Tug boat,deepship
3_37,4,/datasets/audio/deepship/test/3/3_37.wav,60.0,90.0,3,test,Tug boat,deepship
3_37,5,/datasets/audio/deepship/test/3/3_37.wav,75.0,105.0,3,test,Tug boat,deepship
3_37,6,/datasets/audio/deepship/test/3/3_37.wav,90.0,120.0,3,test,Tug boat,deepship
3_37,7,/datasets/audio/deepship/test/3/3_37.wav,105.0,135.0,3,test,Tug boat,deepship
3_37,8,/datasets/audio/deepship/test/3/3_37.wav,120.0,150.0,3,test,Tug boat,deepship
3_37,9,/datasets/audio/deepship/test/3/3_37.wav,135.0,165.0,3,test,Tug boat,deepship
3_37,10,/datasets/audio/deepship/test/3/3_37.wav,150.0,180.0,3,test,Tug boat,deepship
3_37,11,/datasets/audio/deepship/test/3/3_37.wav,165.0,195.0,3,test,Tug boat,deepship
3_37,12,/datasets/audio/deepship/test/3/3_37.wav,180.0,210.0,3,test,Tug boat,deepship
3_37,13,/datasets/audio/deepship/test/3/3_37.wav,195.0,225.0,3,test,Tug boat,deepship
3_37,14,/datasets/audio/deepship/test/3/3_37.wav,210.0,240.0,3,test,Tug boat,deepship
3_37,15,/datasets/audio/deepship/test/3/3_37.wav,225.0,255.0,3,test,Tug boat,deepship
3_37,16,/datasets/audio/deepship/test/3/3_37.wav,240.0,270.0,3,test,Tug boat,deepship
3_37,17,/datasets/audio/deepship/test/3/3_37.wav,255.0,285.0,3,test,Tug boat,deepship
3_37,18,/datasets/audio/deepship/test/3/3_37.wav,270.0,300.0,3,test,Tug boat,deepship
3_37,19,/datasets/audio/deepship/test/3/3_37.wav,285.0,315.0,3,test,Tug boat,deepship
3_37,20,/datasets/audio/deepship/test/3/3_37.wav,300.0,330.0,3,test,Tug boat,deepship
3_37,21,/datasets/audio/deepship/test/3/3_37.wav,315.0,345.0,3,test,Tug boat,deepship
3_37,22,/datasets/audio/deepship/test/3/3_37.wav,327.0,357.0,3,test,Tug boat,deepship
3_39,0,/datasets/audio/deepship/test/3/3_39.wav,0.0,30.0,3,test,Tug boat,deepship
3_39,1,/datasets/audio/deepship/test/3/3_39.wav,15.0,45.0,3,test,Tug boat,deepship
3_39,2,/datasets/audio/deepship/test/3/3_39.wav,30.0,60.0,3,test,Tug boat,deepship
3_39,3,/datasets/audio/deepship/test/3/3_39.wav,45.0,75.0,3,test,Tug boat,deepship
3_39,4,/datasets/audio/deepship/test/3/3_39.wav,60.0,90.0,3,test,Tug boat,deepship
3_39,5,/datasets/audio/deepship/test/3/3_39.wav,75.0,105.0,3,test,Tug boat,deepship
3_39,6,/datasets/audio/deepship/test/3/3_39.wav,90.0,120.0,3,test,Tug boat,deepship
3_39,7,/datasets/audio/deepship/test/3/3_39.wav,105.0,135.0,3,test,Tug boat,deepship
3_39,8,/datasets/audio/deepship/test/3/3_39.wav,120.0,150.0,3,test,Tug boat,deepship
3_39,9,/datasets/audio/deepship/test/3/3_39.wav,135.0,165.0,3,test,Tug boat,deepship
3_39,10,/datasets/audio/deepship/test/3/3_39.wav,150.0,180.0,3,test,Tug boat,deepship
3_39,11,/datasets/audio/deepship/test/3/3_39.wav,165.0,195.0,3,test,Tug boat,deepship
3_39,12,/datasets/audio/deepship/test/3/3_39.wav,180.0,210.0,3,test,Tug boat,deepship
3_39,13,/datasets/audio/deepship/test/3/3_39.wav,195.0,225.0,3,test,Tug boat,deepship
3_39,14,/datasets/audio/deepship/test/3/3_39.wav,210.0,240.0,3,test,Tug boat,deepship
3_39,15,/datasets/audio/deepship/test/3/3_39.wav,225.0,255.0,3,test,Tug boat,deepship
3_39,16,/datasets/audio/deepship/test/3/3_39.wav,240.0,270.0,3,test,Tug boat,deepship
3_39,17,/datasets/audio/deepship/test/3/3_39.wav,255.0,285.0,3,test,Tug boat,deepship
3_39,18,/datasets/audio/deepship/test/3/3_39.wav,270.0,300.0,3,test,Tug boat,deepship
3_39,19,/datasets/audio/deepship/test/3/3_39.wav,285.0,315.0,3,test,Tug boat,deepship
3_39,20,/datasets/audio/deepship/test/3/3_39.wav,300.0,330.0,3,test,Tug boat,deepship
3_39,21,/datasets/audio/deepship/test/3/3_39.wav,315.0,345.0,3,test,Tug boat,deepship
3_39,22,/datasets/audio/deepship/test/3/3_39.wav,330.0,360.0,3,test,Tug boat,deepship
3_39,23,/datasets/audio/deepship/test/3/3_39.wav,345.0,375.0,3,test,Tug boat,deepship
3_39,24,/datasets/audio/deepship/test/3/3_39.wav,360.0,390.0,3,test,Tug boat,deepship
3_39,25,/datasets/audio/deepship/test/3/3_39.wav,375.0,405.0,3,test,Tug boat,deepship
3_39,26,/datasets/audio/deepship/test/3/3_39.wav,390.0,420.0,3,test,Tug boat,deepship
3_39,27,/datasets/audio/deepship/test/3/3_39.wav,405.0,435.0,3,test,Tug boat,deepship
3_39,28,/datasets/audio/deepship/test/3/3_39.wav,420.0,450.0,3,test,Tug boat,deepship
3_39,29,/datasets/audio/deepship/test/3/3_39.wav,435.0,465.0,3,test,Tug boat,deepship
3_39,30,/datasets/audio/deepship/test/3/3_39.wav,450.0,480.0,3,test,Tug boat,deepship
3_39,31,/datasets/audio/deepship/test/3/3_39.wav,465.0,495.0,3,test,Tug boat,deepship
3_39,32,/datasets/audio/deepship/test/3/3_39.wav,480.0,510.0,3,test,Tug boat,deepship
3_39,33,/datasets/audio/deepship/test/3/3_39.wav,495.0,525.0,3,test,Tug boat,deepship
3_39,34,/datasets/audio/deepship/test/3/3_39.wav,510.0,540.0,3,test,Tug boat,deepship
3_39,35,/datasets/audio/deepship/test/3/3_39.wav,525.0,555.0,3,test,Tug boat,deepship
3_39,36,/datasets/audio/deepship/test/3/3_39.wav,540.0,570.0,3,test,Tug boat,deepship
3_39,37,/datasets/audio/deepship/test/3/3_39.wav,555.0,585.0,3,test,Tug boat,deepship
3_39,38,/datasets/audio/deepship/test/3/3_39.wav,570.0,600.0,3,test,Tug boat,deepship
3_39,39,/datasets/audio/deepship/test/3/3_39.wav,585.0,615.0,3,test,Tug boat,deepship
3_39,40,/datasets/audio/deepship/test/3/3_39.wav,600.0,630.0,3,test,Tug boat,deepship
3_39,41,/datasets/audio/deepship/test/3/3_39.wav,615.0,645.0,3,test,Tug boat,deepship
3_39,42,/datasets/audio/deepship/test/3/3_39.wav,630.0,660.0,3,test,Tug boat,deepship
3_39,43,/datasets/audio/deepship/test/3/3_39.wav,645.0,675.0,3,test,Tug boat,deepship
3_39,44,/datasets/audio/deepship/test/3/3_39.wav,660.0,690.0,3,test,Tug boat,deepship
3_39,45,/datasets/audio/deepship/test/3/3_39.wav,675.0,705.0,3,test,Tug boat,deepship
3_39,46,/datasets/audio/deepship/test/3/3_39.wav,690.0,720.0,3,test,Tug boat,deepship
3_39,47,/datasets/audio/deepship/test/3/3_39.wav,693.0,723.0,3,test,Tug boat,deepship
3_40,0,/datasets/audio/deepship/test/3/3_40.wav,0.0,30.0,3,test,Tug boat,deepship
3_40,1,/datasets/audio/deepship/test/3/3_40.wav,15.0,45.0,3,test,Tug boat,deepship
3_40,2,/datasets/audio/deepship/test/3/3_40.wav,30.0,60.0,3,test,Tug boat,deepship
3_40,3,/datasets/audio/deepship/test/3/3_40.wav,45.0,75.0,3,test,Tug boat,deepship
3_40,4,/datasets/audio/deepship/test/3/3_40.wav,60.0,90.0,3,test,Tug boat,deepship
3_40,5,/datasets/audio/deepship/test/3/3_40.wav,75.0,105.0,3,test,Tug boat,deepship
3_40,6,/datasets/audio/deepship/test/3/3_40.wav,90.0,120.0,3,test,Tug boat,deepship
3_40,7,/datasets/audio/deepship/test/3/3_40.wav,105.0,135.0,3,test,Tug boat,deepship
3_40,8,/datasets/audio/deepship/test/3/3_40.wav,120.0,150.0,3,test,Tug boat,deepship
3_40,9,/datasets/audio/deepship/test/3/3_40.wav,135.0,165.0,3,test,Tug boat,deepship
3_40,10,/datasets/audio/deepship/test/3/3_40.wav,150.0,180.0,3,test,Tug boat,deepship
3_40,11,/datasets/audio/deepship/test/3/3_40.wav,165.0,195.0,3,test,Tug boat,deepship
3_40,12,/datasets/audio/deepship/test/3/3_40.wav,170.0,200.0,3,test,Tug boat,deepship
3_44,0,/datasets/audio/deepship/test/3/3_44.wav,0.0,30.0,3,test,Tug boat,deepship
3_44,1,/datasets/audio/deepship/test/3/3_44.wav,15.0,45.0,3,test,Tug boat,deepship
3_44,2,/datasets/audio/deepship/test/3/3_44.wav,30.0,60.0,3,test,Tug boat,deepship
3_44,3,/datasets/audio/deepship/test/3/3_44.wav,45.0,75.0,3,test,Tug boat,deepship
3_44,4,/datasets/audio/deepship/test/3/3_44.wav,60.0,90.0,3,test,Tug boat,deepship
3_44,5,/datasets/audio/deepship/test/3/3_44.wav,75.0,105.0,3,test,Tug boat,deepship
3_44,6,/datasets/audio/deepship/test/3/3_44.wav,90.0,120.0,3,test,Tug boat,deepship
3_44,7,/datasets/audio/deepship/test/3/3_44.wav,105.0,135.0,3,test,Tug boat,deepship
3_44,8,/datasets/audio/deepship/test/3/3_44.wav,120.0,150.0,3,test,Tug boat,deepship
3_44,9,/datasets/audio/deepship/test/3/3_44.wav,135.0,165.0,3,test,Tug boat,deepship
3_44,10,/datasets/audio/deepship/test/3/3_44.wav,150.0,180.0,3,test,Tug boat,deepship
3_44,11,/datasets/audio/deepship/test/3/3_44.wav,165.0,195.0,3,test,Tug boat,deepship
3_44,12,/datasets/audio/deepship/test/3/3_44.wav,180.0,210.0,3,test,Tug boat,deepship
3_44,13,/datasets/audio/deepship/test/3/3_44.wav,195.0,225.0,3,test,Tug boat,deepship
3_44,14,/datasets/audio/deepship/test/3/3_44.wav,210.0,240.0,3,test,Tug boat,deepship
3_44,15,/datasets/audio/deepship/test/3/3_44.wav,225.0,255.0,3,test,Tug boat,deepship
3_44,16,/datasets/audio/deepship/test/3/3_44.wav,240.0,270.0,3,test,Tug boat,deepship
3_44,17,/datasets/audio/deepship/test/3/3_44.wav,255.0,285.0,3,test,Tug boat,deepship
3_44,18,/datasets/audio/deepship/test/3/3_44.wav,270.0,300.0,3,test,Tug boat,deepship
3_44,19,/datasets/audio/deepship/test/3/3_44.wav,285.0,315.0,3,test,Tug boat,deepship
3_44,20,/datasets/audio/deepship/test/3/3_44.wav,300.0,330.0,3,test,Tug boat,deepship
3_44,21,/datasets/audio/deepship/test/3/3_44.wav,315.0,345.0,3,test,Tug boat,deepship
3_44,22,/datasets/audio/deepship/test/3/3_44.wav,330.0,360.0,3,test,Tug boat,deepship
3_44,23,/datasets/audio/deepship/test/3/3_44.wav,345.0,375.0,3,test,Tug boat,deepship
3_44,24,/datasets/audio/deepship/test/3/3_44.wav,360.0,390.0,3,test,Tug boat,deepship
3_44,25,/datasets/audio/deepship/test/3/3_44.wav,370.0,400.0,3,test,Tug boat,deepship
3_45,0,/datasets/audio/deepship/test/3/3_45.wav,0.0,30.0,3,test,Tug boat,deepship
3_45,1,/datasets/audio/deepship/test/3/3_45.wav,15.0,45.0,3,test,Tug boat,deepship
3_45,2,/datasets/audio/deepship/test/3/3_45.wav,30.0,60.0,3,test,Tug boat,deepship
3_45,3,/datasets/audio/deepship/test/3/3_45.wav,45.0,75.0,3,test,Tug boat,deepship
3_45,4,/datasets/audio/deepship/test/3/3_45.wav,60.0,90.0,3,test,Tug boat,deepship
3_45,5,/datasets/audio/deepship/test/3/3_45.wav,75.0,105.0,3,test,Tug boat,deepship
3_45,6,/datasets/audio/deepship/test/3/3_45.wav,90.0,120.0,3,test,Tug boat,deepship
3_45,7,/datasets/audio/deepship/test/3/3_45.wav,105.0,135.0,3,test,Tug boat,deepship
3_45,8,/datasets/audio/deepship/test/3/3_45.wav,120.0,150.0,3,test,Tug boat,deepship
3_45,9,/datasets/audio/deepship/test/3/3_45.wav,135.0,165.0,3,test,Tug boat,deepship
3_45,10,/datasets/audio/deepship/test/3/3_45.wav,150.0,180.0,3,test,Tug boat,deepship
3_45,11,/datasets/audio/deepship/test/3/3_45.wav,165.0,195.0,3,test,Tug boat,deepship
3_45,12,/datasets/audio/deepship/test/3/3_45.wav,180.0,210.0,3,test,Tug boat,deepship
3_45,13,/datasets/audio/deepship/test/3/3_45.wav,195.0,225.0,3,test,Tug boat,deepship
3_45,14,/datasets/audio/deepship/test/3/3_45.wav,210.0,240.0,3,test,Tug boat,deepship
3_45,15,/datasets/audio/deepship/test/3/3_45.wav,225.0,255.0,3,test,Tug boat,deepship
3_45,16,/datasets/audio/deepship/test/3/3_45.wav,240.0,270.0,3,test,Tug boat,deepship
3_45,17,/datasets/audio/deepship/test/3/3_45.wav,255.0,285.0,3,test,Tug boat,deepship
3_45,18,/datasets/audio/deepship/test/3/3_45.wav,270.0,300.0,3,test,Tug boat,deepship
3_45,19,/datasets/audio/deepship/test/3/3_45.wav,285.0,315.0,3,test,Tug boat,deepship
3_45,20,/datasets/audio/deepship/test/3/3_45.wav,296.0,326.0,3,test,Tug boat,deepship
3_56,0,/datasets/audio/deepship/test/3/3_56.wav,0.0,30.0,3,test,Tug boat,deepship
3_56,1,/datasets/audio/deepship/test/3/3_56.wav,15.0,45.0,3,test,Tug boat,deepship
3_56,2,/datasets/audio/deepship/test/3/3_56.wav,30.0,60.0,3,test,Tug boat,deepship
3_56,3,/datasets/audio/deepship/test/3/3_56.wav,45.0,75.0,3,test,Tug boat,deepship
3_56,4,/datasets/audio/deepship/test/3/3_56.wav,60.0,90.0,3,test,Tug boat,deepship
3_56,5,/datasets/audio/deepship/test/3/3_56.wav,75.0,105.0,3,test,Tug boat,deepship
3_56,6,/datasets/audio/deepship/test/3/3_56.wav,90.0,120.0,3,test,Tug boat,deepship
3_56,7,/datasets/audio/deepship/test/3/3_56.wav,105.0,135.0,3,test,Tug boat,deepship
3_56,8,/datasets/audio/deepship/test/3/3_56.wav,120.0,150.0,3,test,Tug boat,deepship
3_56,9,/datasets/audio/deepship/test/3/3_56.wav,135.0,165.0,3,test,Tug boat,deepship
3_56,10,/datasets/audio/deepship/test/3/3_56.wav,150.0,180.0,3,test,Tug boat,deepship
3_56,11,/datasets/audio/deepship/test/3/3_56.wav,165.0,195.0,3,test,Tug boat,deepship
3_56,12,/datasets/audio/deepship/test/3/3_56.wav,180.0,210.0,3,test,Tug boat,deepship
3_56,13,/datasets/audio/deepship/test/3/3_56.wav,195.0,225.0,3,test,Tug boat,deepship
3_56,14,/datasets/audio/deepship/test/3/3_56.wav,210.0,240.0,3,test,Tug boat,deepship
3_56,15,/datasets/audio/deepship/test/3/3_56.wav,225.0,255.0,3,test,Tug boat,deepship
3_56,16,/datasets/audio/deepship/test/3/3_56.wav,233.0,263.0,3,test,Tug boat,deepship
3_59,0,/datasets/audio/deepship/test/3/3_59.wav,0.0,30.0,3,test,Tug boat,deepship
3_59,1,/datasets/audio/deepship/test/3/3_59.wav,15.0,45.0,3,test,Tug boat,deepship
3_59,2,/datasets/audio/deepship/test/3/3_59.wav,30.0,60.0,3,test,Tug boat,deepship
3_59,3,/datasets/audio/deepship/test/3/3_59.wav,45.0,75.0,3,test,Tug boat,deepship
3_59,4,/datasets/audio/deepship/test/3/3_59.wav,60.0,90.0,3,test,Tug boat,deepship
3_59,5,/datasets/audio/deepship/test/3/3_59.wav,75.0,105.0,3,test,Tug boat,deepship
3_59,6,/datasets/audio/deepship/test/3/3_59.wav,90.0,120.0,3,test,Tug boat,deepship
3_59,7,/datasets/audio/deepship/test/3/3_59.wav,105.0,135.0,3,test,Tug boat,deepship
3_59,8,/datasets/audio/deepship/test/3/3_59.wav,120.0,150.0,3,test,Tug boat,deepship
3_59,9,/datasets/audio/deepship/test/3/3_59.wav,135.0,165.0,3,test,Tug boat,deepship
3_59,10,/datasets/audio/deepship/test/3/3_59.wav,150.0,180.0,3,test,Tug boat,deepship
3_59,11,/datasets/audio/deepship/test/3/3_59.wav,165.0,195.0,3,test,Tug boat,deepship
3_59,12,/datasets/audio/deepship/test/3/3_59.wav,180.0,210.0,3,test,Tug boat,deepship
3_59,13,/datasets/audio/deepship/test/3/3_59.wav,195.0,225.0,3,test,Tug boat,deepship
3_59,14,/datasets/audio/deepship/test/3/3_59.wav,210.0,240.0,3,test,Tug boat,deepship
3_59,15,/datasets/audio/deepship/test/3/3_59.wav,225.0,255.0,3,test,Tug boat,deepship
3_59,16,/datasets/audio/deepship/test/3/3_59.wav,240.0,270.0,3,test,Tug boat,deepship
3_59,17,/datasets/audio/deepship/test/3/3_59.wav,255.0,285.0,3,test,Tug boat,deepship
3_59,18,/datasets/audio/deepship/test/3/3_59.wav,270.0,300.0,3,test,Tug boat,deepship
3_59,19,/datasets/audio/deepship/test/3/3_59.wav,285.0,315.0,3,test,Tug boat,deepship
3_59,20,/datasets/audio/deepship/test/3/3_59.wav,300.0,330.0,3,test,Tug boat,deepship
3_59,21,/datasets/audio/deepship/test/3/3_59.wav,315.0,345.0,3,test,Tug boat,deepship
3_59,22,/datasets/audio/deepship/test/3/3_59.wav,330.0,360.0,3,test,Tug boat,deepship
3_59,23,/datasets/audio/deepship/test/3/3_59.wav,345.0,375.0,3,test,Tug boat,deepship
3_59,24,/datasets/audio/deepship/test/3/3_59.wav,360.0,390.0,3,test,Tug boat,deepship
3_59,25,/datasets/audio/deepship/test/3/3_59.wav,375.0,405.0,3,test,Tug boat,deepship
3_59,26,/datasets/audio/deepship/test/3/3_59.wav,390.0,420.0,3,test,Tug boat,deepship
3_59,27,/datasets/audio/deepship/test/3/3_59.wav,405.0,435.0,3,test,Tug boat,deepship
3_59,28,/datasets/audio/deepship/test/3/3_59.wav,420.0,450.0,3,test,Tug boat,deepship
3_59,29,/datasets/audio/deepship/test/3/3_59.wav,435.0,465.0,3,test,Tug boat,deepship
3_59,30,/datasets/audio/deepship/test/3/3_59.wav,450.0,480.0,3,test,Tug boat,deepship
3_59,31,/datasets/audio/deepship/test/3/3_59.wav,465.0,495.0,3,test,Tug boat,deepship
3_59,32,/datasets/audio/deepship/test/3/3_59.wav,480.0,510.0,3,test,Tug boat,deepship
3_59,33,/datasets/audio/deepship/test/3/3_59.wav,495.0,525.0,3,test,Tug boat,deepship
3_59,34,/datasets/audio/deepship/test/3/3_59.wav,510.0,540.0,3,test,Tug boat,deepship
3_59,35,/datasets/audio/deepship/test/3/3_59.wav,525.0,555.0,3,test,Tug boat,deepship
3_59,36,/datasets/audio/deepship/test/3/3_59.wav,540.0,570.0,3,test,Tug boat,deepship
3_59,37,/datasets/audio/deepship/test/3/3_59.wav,555.0,585.0,3,test,Tug boat,deepship
3_59,38,/datasets/audio/deepship/test/3/3_59.wav,570.0,600.0,3,test,Tug boat,deepship
3_59,39,/datasets/audio/deepship/test/3/3_59.wav,582.0,612.0,3,test,Tug boat,deepship
3_7,0,/datasets/audio/deepship/test/3/3_7.wav,0.0,30.0,3,test,Tug boat,deepship
3_7,1,/datasets/audio/deepship/test/3/3_7.wav,15.0,45.0,3,test,Tug boat,deepship
3_7,2,/datasets/audio/deepship/test/3/3_7.wav,30.0,60.0,3,test,Tug boat,deepship
3_7,3,/datasets/audio/deepship/test/3/3_7.wav,45.0,75.0,3,test,Tug boat,deepship
3_7,4,/datasets/audio/deepship/test/3/3_7.wav,60.0,90.0,3,test,Tug boat,deepship
3_7,5,/datasets/audio/deepship/test/3/3_7.wav,75.0,105.0,3,test,Tug boat,deepship
3_7,6,/datasets/audio/deepship/test/3/3_7.wav,90.0,120.0,3,test,Tug boat,deepship
3_7,7,/datasets/audio/deepship/test/3/3_7.wav,105.0,135.0,3,test,Tug boat,deepship
3_7,8,/datasets/audio/deepship/test/3/3_7.wav,120.0,150.0,3,test,Tug boat,deepship
3_7,9,/datasets/audio/deepship/test/3/3_7.wav,135.0,165.0,3,test,Tug boat,deepship
3_7,10,/datasets/audio/deepship/test/3/3_7.wav,150.0,180.0,3,test,Tug boat,deepship
3_7,11,/datasets/audio/deepship/test/3/3_7.wav,165.0,195.0,3,test,Tug boat,deepship
3_7,12,/datasets/audio/deepship/test/3/3_7.wav,180.0,210.0,3,test,Tug boat,deepship
3_7,13,/datasets/audio/deepship/test/3/3_7.wav,195.0,225.0,3,test,Tug boat,deepship
3_7,14,/datasets/audio/deepship/test/3/3_7.wav,210.0,240.0,3,test,Tug boat,deepship
3_7,15,/datasets/audio/deepship/test/3/3_7.wav,225.0,255.0,3,test,Tug boat,deepship
3_7,16,/datasets/audio/deepship/test/3/3_7.wav,240.0,270.0,3,test,Tug boat,deepship
3_7,17,/datasets/audio/deepship/test/3/3_7.wav,255.0,285.0,3,test,Tug boat,deepship
3_7,18,/datasets/audio/deepship/test/3/3_7.wav,270.0,300.0,3,test,Tug boat,deepship
3_7,19,/datasets/audio/deepship/test/3/3_7.wav,285.0,315.0,3,test,Tug boat,deepship
3_7,20,/datasets/audio/deepship/test/3/3_7.wav,300.0,330.0,3,test,Tug boat,deepship
3_7,21,/datasets/audio/deepship/test/3/3_7.wav,315.0,345.0,3,test,Tug boat,deepship
3_7,22,/datasets/audio/deepship/test/3/3_7.wav,330.0,360.0,3,test,Tug boat,deepship
3_7,23,/datasets/audio/deepship/test/3/3_7.wav,345.0,375.0,3,test,Tug boat,deepship
3_7,24,/datasets/audio/deepship/test/3/3_7.wav,359.0,389.0,3,test,Tug boat,deepship
3_70,0,/datasets/audio/deepship/test/3/3_70.wav,0.0,30.0,3,test,Tug boat,deepship
3_70,1,/datasets/audio/deepship/test/3/3_70.wav,15.0,45.0,3,test,Tug boat,deepship
3_70,2,/datasets/audio/deepship/test/3/3_70.wav,30.0,60.0,3,test,Tug boat,deepship
3_70,3,/datasets/audio/deepship/test/3/3_70.wav,45.0,75.0,3,test,Tug boat,deepship
3_70,4,/datasets/audio/deepship/test/3/3_70.wav,60.0,90.0,3,test,Tug boat,deepship
3_70,5,/datasets/audio/deepship/test/3/3_70.wav,75.0,105.0,3,test,Tug boat,deepship
3_70,6,/datasets/audio/deepship/test/3/3_70.wav,90.0,120.0,3,test,Tug boat,deepship
3_70,7,/datasets/audio/deepship/test/3/3_70.wav,105.0,135.0,3,test,Tug boat,deepship
3_70,8,/datasets/audio/deepship/test/3/3_70.wav,120.0,150.0,3,test,Tug boat,deepship
3_70,9,/datasets/audio/deepship/test/3/3_70.wav,135.0,165.0,3,test,Tug boat,deepship
3_70,10,/datasets/audio/deepship/test/3/3_70.wav,150.0,180.0,3,test,Tug boat,deepship
3_70,11,/datasets/audio/deepship/test/3/3_70.wav,165.0,195.0,3,test,Tug boat,deepship
3_70,12,/datasets/audio/deepship/test/3/3_70.wav,180.0,210.0,3,test,Tug boat,deepship
3_70,13,/datasets/audio/deepship/test/3/3_70.wav,195.0,225.0,3,test,Tug boat,deepship
3_70,14,/datasets/audio/deepship/test/3/3_70.wav,210.0,240.0,3,test,Tug boat,deepship
3_70,15,/datasets/audio/deepship/test/3/3_70.wav,225.0,255.0,3,test,Tug boat,deepship
3_70,16,/datasets/audio/deepship/test/3/3_70.wav,240.0,270.0,3,test,Tug boat,deepship
3_70,17,/datasets/audio/deepship/test/3/3_70.wav,255.0,285.0,3,test,Tug boat,deepship
3_70,18,/datasets/audio/deepship/test/3/3_70.wav,270.0,300.0,3,test,Tug boat,deepship
3_70,19,/datasets/audio/deepship/test/3/3_70.wav,285.0,315.0,3,test,Tug boat,deepship
3_70,20,/datasets/audio/deepship/test/3/3_70.wav,300.0,330.0,3,test,Tug boat,deepship
3_70,21,/datasets/audio/deepship/test/3/3_70.wav,315.0,345.0,3,test,Tug boat,deepship
3_70,22,/datasets/audio/deepship/test/3/3_70.wav,330.0,360.0,3,test,Tug boat,deepship
3_70,23,/datasets/audio/deepship/test/3/3_70.wav,345.0,375.0,3,test,Tug boat,deepship
3_70,24,/datasets/audio/deepship/test/3/3_70.wav,360.0,390.0,3,test,Tug boat,deepship
3_70,25,/datasets/audio/deepship/test/3/3_70.wav,375.0,405.0,3,test,Tug boat,deepship
3_70,26,/datasets/audio/deepship/test/3/3_70.wav,390.0,420.0,3,test,Tug boat,deepship
3_70,27,/datasets/audio/deepship/test/3/3_70.wav,405.0,435.0,3,test,Tug boat,deepship
3_70,28,/datasets/audio/deepship/test/3/3_70.wav,420.0,450.0,3,test,Tug boat,deepship
3_70,29,/datasets/audio/deepship/test/3/3_70.wav,435.0,465.0,3,test,Tug boat,deepship
3_70,30,/datasets/audio/deepship/test/3/3_70.wav,450.0,480.0,3,test,Tug boat,deepship
3_70,31,/datasets/audio/deepship/test/3/3_70.wav,465.0,495.0,3,test,Tug boat,deepship
3_70,32,/datasets/audio/deepship/test/3/3_70.wav,480.0,510.0,3,test,Tug boat,deepship
3_70,33,/datasets/audio/deepship/test/3/3_70.wav,495.0,525.0,3,test,Tug boat,deepship
3_70,34,/datasets/audio/deepship/test/3/3_70.wav,510.0,540.0,3,test,Tug boat,deepship
3_70,35,/datasets/audio/deepship/test/3/3_70.wav,516.0,546.0,3,test,Tug boat,deepship
3_8,0,/datasets/audio/deepship/test/3/3_8.wav,0.0,30.0,3,test,Tug boat,deepship
3_8,1,/datasets/audio/deepship/test/3/3_8.wav,15.0,45.0,3,test,Tug boat,deepship
3_8,2,/datasets/audio/deepship/test/3/3_8.wav,30.0,60.0,3,test,Tug boat,deepship
3_8,3,/datasets/audio/deepship/test/3/3_8.wav,45.0,75.0,3,test,Tug boat,deepship
3_8,4,/datasets/audio/deepship/test/3/3_8.wav,60.0,90.0,3,test,Tug boat,deepship
3_8,5,/datasets/audio/deepship/test/3/3_8.wav,75.0,105.0,3,test,Tug boat,deepship
3_8,6,/datasets/audio/deepship/test/3/3_8.wav,90.0,120.0,3,test,Tug boat,deepship
3_8,7,/datasets/audio/deepship/test/3/3_8.wav,105.0,135.0,3,test,Tug boat,deepship
3_8,8,/datasets/audio/deepship/test/3/3_8.wav,120.0,150.0,3,test,Tug boat,deepship
3_8,9,/datasets/audio/deepship/test/3/3_8.wav,135.0,165.0,3,test,Tug boat,deepship
3_8,10,/datasets/audio/deepship/test/3/3_8.wav,150.0,180.0,3,test,Tug boat,deepship
3_8,11,/datasets/audio/deepship/test/3/3_8.wav,165.0,195.0,3,test,Tug boat,deepship
3_8,12,/datasets/audio/deepship/test/3/3_8.wav,180.0,210.0,3,test,Tug boat,deepship
3_8,13,/datasets/audio/deepship/test/3/3_8.wav,195.0,225.0,3,test,Tug boat,deepship
3_8,14,/datasets/audio/deepship/test/3/3_8.wav,210.0,240.0,3,test,Tug boat,deepship
3_8,15,/datasets/audio/deepship/test/3/3_8.wav,225.0,255.0,3,test,Tug boat,deepship
3_8,16,/datasets/audio/deepship/test/3/3_8.wav,240.0,270.0,3,test,Tug boat,deepship
3_8,17,/datasets/audio/deepship/test/3/3_8.wav,255.0,285.0,3,test,Tug boat,deepship
3_8,18,/datasets/audio/deepship/test/3/3_8.wav,270.0,300.0,3,test,Tug boat,deepship
3_8,19,/datasets/audio/deepship/test/3/3_8.wav,285.0,315.0,3,test,Tug boat,deepship
3_8,20,/datasets/audio/deepship/test/3/3_8.wav,300.0,330.0,3,test,Tug boat,deepship
3_8,21,/datasets/audio/deepship/test/3/3_8.wav,315.0,345.0,3,test,Tug boat,deepship
3_8,22,/datasets/audio/deepship/test/3/3_8.wav,330.0,360.0,3,test,Tug boat,deepship
3_8,23,/datasets/audio/deepship/test/3/3_8.wav,345.0,375.0,3,test,Tug boat,deepship
3_8,24,/datasets/audio/deepship/test/3/3_8.wav,360.0,390.0,3,test,Tug boat,deepship
3_8,25,/datasets/audio/deepship/test/3/3_8.wav,375.0,405.0,3,test,Tug boat,deepship
3_8,26,/datasets/audio/deepship/test/3/3_8.wav,390.0,420.0,3,test,Tug boat,deepship
3_8,27,/datasets/audio/deepship/test/3/3_8.wav,405.0,435.0,3,test,Tug boat,deepship
3_8,28,/datasets/audio/deepship/test/3/3_8.wav,420.0,450.0,3,test,Tug boat,deepship
3_8,29,/datasets/audio/deepship/test/3/3_8.wav,435.0,465.0,3,test,Tug boat,deepship
3_8,30,/datasets/audio/deepship/test/3/3_8.wav,450.0,480.0,3,test,Tug boat,deepship
3_8,31,/datasets/audio/deepship/test/3/3_8.wav,465.0,495.0,3,test,Tug boat,deepship
3_8,32,/datasets/audio/deepship/test/3/3_8.wav,480.0,510.0,3,test,Tug boat,deepship
3_8,33,/datasets/audio/deepship/test/3/3_8.wav,495.0,525.0,3,test,Tug boat,deepship
3_8,34,/datasets/audio/deepship/test/3/3_8.wav,510.0,540.0,3,test,Tug boat,deepship
3_8,35,/datasets/audio/deepship/test/3/3_8.wav,525.0,555.0,3,test,Tug boat,deepship
3_8,36,/datasets/audio/deepship/test/3/3_8.wav,540.0,570.0,3,test,Tug boat,deepship
3_8,37,/datasets/audio/deepship/test/3/3_8.wav,555.0,585.0,3,test,Tug boat,deepship
3_8,38,/datasets/audio/deepship/test/3/3_8.wav,570.0,600.0,3,test,Tug boat,deepship
3_8,39,/datasets/audio/deepship/test/3/3_8.wav,572.0,602.0,3,test,Tug boat,deepship
0_101,0,/datasets/audio/deepship/train/0/0_101.wav,0.0,30.0,0,train,Cargo ship,deepship
0_101,1,/datasets/audio/deepship/train/0/0_101.wav,15.0,45.0,0,train,Cargo ship,deepship
0_101,2,/datasets/audio/deepship/train/0/0_101.wav,30.0,60.0,0,train,Cargo ship,deepship
0_101,3,/datasets/audio/deepship/train/0/0_101.wav,45.0,75.0,0,train,Cargo ship,deepship
0_101,4,/datasets/audio/deepship/train/0/0_101.wav,60.0,90.0,0,train,Cargo ship,deepship
0_101,5,/datasets/audio/deepship/train/0/0_101.wav,75.0,105.0,0,train,Cargo ship,deepship
0_101,6,/datasets/audio/deepship/train/0/0_101.wav,90.0,120.0,0,train,Cargo ship,deepship
0_101,7,/datasets/audio/deepship/train/0/0_101.wav,105.0,135.0,0,train,Cargo ship,deepship
0_101,8,/datasets/audio/deepship/train/0/0_101.wav,120.0,150.0,0,train,Cargo ship,deepship
0_101,9,/datasets/audio/deepship/train/0/0_101.wav,135.0,165.0,0,train,Cargo ship,deepship
0_101,10,/datasets/audio/deepship/train/0/0_101.wav,150.0,180.0,0,train,Cargo ship,deepship
0_101,11,/datasets/audio/deepship/train/0/0_101.wav,165.0,195.0,0,train,Cargo ship,deepship
0_101,12,/datasets/audio/deepship/train/0/0_101.wav,180.0,210.0,0,train,Cargo ship,deepship
0_101,13,/datasets/audio/deepship/train/0/0_101.wav,195.0,225.0,0,train,Cargo ship,deepship
0_101,14,/datasets/audio/deepship/train/0/0_101.wav,210.0,240.0,0,train,Cargo ship,deepship
0_101,15,/datasets/audio/deepship/train/0/0_101.wav,225.0,255.0,0,train,Cargo ship,deepship
0_101,16,/datasets/audio/deepship/train/0/0_101.wav,240.0,270.0,0,train,Cargo ship,deepship
0_101,17,/datasets/audio/deepship/train/0/0_101.wav,255.0,285.0,0,train,Cargo ship,deepship
0_101,18,/datasets/audio/deepship/train/0/0_101.wav,270.0,300.0,0,train,Cargo ship,deepship
0_101,19,/datasets/audio/deepship/train/0/0_101.wav,285.0,315.0,0,train,Cargo ship,deepship
0_101,20,/datasets/audio/deepship/train/0/0_101.wav,289.0,319.0,0,train,Cargo ship,deepship
0_102,0,/datasets/audio/deepship/train/0/0_102.wav,0.0,30.0,0,train,Cargo ship,deepship
0_102,1,/datasets/audio/deepship/train/0/0_102.wav,15.0,45.0,0,train,Cargo ship,deepship
0_102,2,/datasets/audio/deepship/train/0/0_102.wav,30.0,60.0,0,train,Cargo ship,deepship
0_102,3,/datasets/audio/deepship/train/0/0_102.wav,45.0,75.0,0,train,Cargo ship,deepship
0_102,4,/datasets/audio/deepship/train/0/0_102.wav,60.0,90.0,0,train,Cargo ship,deepship
0_102,5,/datasets/audio/deepship/train/0/0_102.wav,75.0,105.0,0,train,Cargo ship,deepship
0_102,6,/datasets/audio/deepship/train/0/0_102.wav,90.0,120.0,0,train,Cargo ship,deepship
0_102,7,/datasets/audio/deepship/train/0/0_102.wav,105.0,135.0,0,train,Cargo ship,deepship
0_102,8,/datasets/audio/deepship/train/0/0_102.wav,120.0,150.0,0,train,Cargo ship,deepship
0_102,9,/datasets/audio/deepship/train/0/0_102.wav,135.0,165.0,0,train,Cargo ship,deepship
0_102,10,/datasets/audio/deepship/train/0/0_102.wav,150.0,180.0,0,train,Cargo ship,deepship
0_102,11,/datasets/audio/deepship/train/0/0_102.wav,165.0,195.0,0,train,Cargo ship,deepship
0_102,12,/datasets/audio/deepship/train/0/0_102.wav,180.0,210.0,0,train,Cargo ship,deepship
0_102,13,/datasets/audio/deepship/train/0/0_102.wav,195.0,225.0,0,train,Cargo ship,deepship
0_102,14,/datasets/audio/deepship/train/0/0_102.wav,210.0,240.0,0,train,Cargo ship,deepship
0_102,15,/datasets/audio/deepship/train/0/0_102.wav,225.0,255.0,0,train,Cargo ship,deepship
0_102,16,/datasets/audio/deepship/train/0/0_102.wav,240.0,270.0,0,train,Cargo ship,deepship
0_102,17,/datasets/audio/deepship/train/0/0_102.wav,255.0,285.0,0,train,Cargo ship,deepship
0_102,18,/datasets/audio/deepship/train/0/0_102.wav,270.0,300.0,0,train,Cargo ship,deepship
0_102,19,/datasets/audio/deepship/train/0/0_102.wav,285.0,315.0,0,train,Cargo ship,deepship
0_102,20,/datasets/audio/deepship/train/0/0_102.wav,300.0,330.0,0,train,Cargo ship,deepship
0_102,21,/datasets/audio/deepship/train/0/0_102.wav,315.0,345.0,0,train,Cargo ship,deepship
0_102,22,/datasets/audio/deepship/train/0/0_102.wav,330.0,360.0,0,train,Cargo ship,deepship
0_102,23,/datasets/audio/deepship/train/0/0_102.wav,345.0,375.0,0,train,Cargo ship,deepship
0_102,24,/datasets/audio/deepship/train/0/0_102.wav,360.0,390.0,0,train,Cargo ship,deepship
0_102,25,/datasets/audio/deepship/train/0/0_102.wav,375.0,405.0,0,train,Cargo ship,deepship
0_102,26,/datasets/audio/deepship/train/0/0_102.wav,390.0,420.0,0,train,Cargo ship,deepship
0_102,27,/datasets/audio/deepship/train/0/0_102.wav,405.0,435.0,0,train,Cargo ship,deepship
0_102,28,/datasets/audio/deepship/train/0/0_102.wav,412.0,442.0,0,train,Cargo ship,deepship
0_103,0,/datasets/audio/deepship/train/0/0_103.wav,0.0,30.0,0,train,Cargo ship,deepship
0_103,1,/datasets/audio/deepship/train/0/0_103.wav,15.0,45.0,0,train,Cargo ship,deepship
0_103,2,/datasets/audio/deepship/train/0/0_103.wav,30.0,60.0,0,train,Cargo ship,deepship
0_103,3,/datasets/audio/deepship/train/0/0_103.wav,45.0,75.0,0,train,Cargo ship,deepship
0_103,4,/datasets/audio/deepship/train/0/0_103.wav,60.0,90.0,0,train,Cargo ship,deepship
0_103,5,/datasets/audio/deepship/train/0/0_103.wav,75.0,105.0,0,train,Cargo ship,deepship
0_103,6,/datasets/audio/deepship/train/0/0_103.wav,90.0,120.0,0,train,Cargo ship,deepship
0_103,7,/datasets/audio/deepship/train/0/0_103.wav,105.0,135.0,0,train,Cargo ship,deepship
0_103,8,/datasets/audio/deepship/train/0/0_103.wav,120.0,150.0,0,train,Cargo ship,deepship
0_103,9,/datasets/audio/deepship/train/0/0_103.wav,135.0,165.0,0,train,Cargo ship,deepship
0_103,10,/datasets/audio/deepship/train/0/0_103.wav,150.0,180.0,0,train,Cargo ship,deepship
0_103,11,/datasets/audio/deepship/train/0/0_103.wav,165.0,195.0,0,train,Cargo ship,deepship
0_103,12,/datasets/audio/deepship/train/0/0_103.wav,169.0,199.0,0,train,Cargo ship,deepship
0_105,0,/datasets/audio/deepship/train/0/0_105.wav,0.0,30.0,0,train,Cargo ship,deepship
0_105,1,/datasets/audio/deepship/train/0/0_105.wav,15.0,45.0,0,train,Cargo ship,deepship
0_105,2,/datasets/audio/deepship/train/0/0_105.wav,30.0,60.0,0,train,Cargo ship,deepship
0_105,3,/datasets/audio/deepship/train/0/0_105.wav,45.0,75.0,0,train,Cargo ship,deepship
0_105,4,/datasets/audio/deepship/train/0/0_105.wav,60.0,90.0,0,train,Cargo ship,deepship
0_105,5,/datasets/audio/deepship/train/0/0_105.wav,75.0,105.0,0,train,Cargo ship,deepship
0_105,6,/datasets/audio/deepship/train/0/0_105.wav,90.0,120.0,0,train,Cargo ship,deepship
0_105,7,/datasets/audio/deepship/train/0/0_105.wav,105.0,135.0,0,train,Cargo ship,deepship
0_105,8,/datasets/audio/deepship/train/0/0_105.wav,120.0,150.0,0,train,Cargo ship,deepship
0_105,9,/datasets/audio/deepship/train/0/0_105.wav,135.0,165.0,0,train,Cargo ship,deepship
0_105,10,/datasets/audio/deepship/train/0/0_105.wav,150.0,180.0,0,train,Cargo ship,deepship
0_105,11,/datasets/audio/deepship/train/0/0_105.wav,165.0,195.0,0,train,Cargo ship,deepship
0_105,12,/datasets/audio/deepship/train/0/0_105.wav,180.0,210.0,0,train,Cargo ship,deepship
0_105,13,/datasets/audio/deepship/train/0/0_105.wav,195.0,225.0,0,train,Cargo ship,deepship
0_105,14,/datasets/audio/deepship/train/0/0_105.wav,210.0,240.0,0,train,Cargo ship,deepship
0_105,15,/datasets/audio/deepship/train/0/0_105.wav,225.0,255.0,0,train,Cargo ship,deepship
0_105,16,/datasets/audio/deepship/train/0/0_105.wav,240.0,270.0,0,train,Cargo ship,deepship
0_105,17,/datasets/audio/deepship/train/0/0_105.wav,255.0,285.0,0,train,Cargo ship,deepship
0_105,18,/datasets/audio/deepship/train/0/0_105.wav,270.0,300.0,0,train,Cargo ship,deepship
0_105,19,/datasets/audio/deepship/train/0/0_105.wav,285.0,315.0,0,train,Cargo ship,deepship
0_105,20,/datasets/audio/deepship/train/0/0_105.wav,300.0,330.0,0,train,Cargo ship,deepship
0_105,21,/datasets/audio/deepship/train/0/0_105.wav,315.0,345.0,0,train,Cargo ship,deepship
0_105,22,/datasets/audio/deepship/train/0/0_105.wav,330.0,360.0,0,train,Cargo ship,deepship
0_105,23,/datasets/audio/deepship/train/0/0_105.wav,345.0,375.0,0,train,Cargo ship,deepship
0_105,24,/datasets/audio/deepship/train/0/0_105.wav,360.0,390.0,0,train,Cargo ship,deepship
0_105,25,/datasets/audio/deepship/train/0/0_105.wav,375.0,405.0,0,train,Cargo ship,deepship
0_105,26,/datasets/audio/deepship/train/0/0_105.wav,390.0,420.0,0,train,Cargo ship,deepship
0_105,27,/datasets/audio/deepship/train/0/0_105.wav,405.0,435.0,0,train,Cargo ship,deepship
0_105,28,/datasets/audio/deepship/train/0/0_105.wav,420.0,450.0,0,train,Cargo ship,deepship
0_105,29,/datasets/audio/deepship/train/0/0_105.wav,434.0,464.0,0,train,Cargo ship,deepship
0_106,0,/datasets/audio/deepship/train/0/0_106.wav,0.0,30.0,0,train,Cargo ship,deepship
0_106,1,/datasets/audio/deepship/train/0/0_106.wav,15.0,45.0,0,train,Cargo ship,deepship
0_106,2,/datasets/audio/deepship/train/0/0_106.wav,30.0,60.0,0,train,Cargo ship,deepship
0_106,3,/datasets/audio/deepship/train/0/0_106.wav,45.0,75.0,0,train,Cargo ship,deepship
0_106,4,/datasets/audio/deepship/train/0/0_106.wav,60.0,90.0,0,train,Cargo ship,deepship
0_106,5,/datasets/audio/deepship/train/0/0_106.wav,75.0,105.0,0,train,Cargo ship,deepship
0_106,6,/datasets/audio/deepship/train/0/0_106.wav,90.0,120.0,0,train,Cargo ship,deepship
0_106,7,/datasets/audio/deepship/train/0/0_106.wav,105.0,135.0,0,train,Cargo ship,deepship
0_106,8,/datasets/audio/deepship/train/0/0_106.wav,120.0,150.0,0,train,Cargo ship,deepship
0_106,9,/datasets/audio/deepship/train/0/0_106.wav,135.0,165.0,0,train,Cargo ship,deepship
0_106,10,/datasets/audio/deepship/train/0/0_106.wav,150.0,180.0,0,train,Cargo ship,deepship
0_106,11,/datasets/audio/deepship/train/0/0_106.wav,165.0,195.0,0,train,Cargo ship,deepship
0_106,12,/datasets/audio/deepship/train/0/0_106.wav,180.0,210.0,0,train,Cargo ship,deepship
0_106,13,/datasets/audio/deepship/train/0/0_106.wav,195.0,225.0,0,train,Cargo ship,deepship
0_106,14,/datasets/audio/deepship/train/0/0_106.wav,210.0,240.0,0,train,Cargo ship,deepship
0_106,15,/datasets/audio/deepship/train/0/0_106.wav,225.0,255.0,0,train,Cargo ship,deepship
0_106,16,/datasets/audio/deepship/train/0/0_106.wav,240.0,270.0,0,train,Cargo ship,deepship
0_106,17,/datasets/audio/deepship/train/0/0_106.wav,255.0,285.0,0,train,Cargo ship,deepship
0_106,18,/datasets/audio/deepship/train/0/0_106.wav,270.0,300.0,0,train,Cargo ship,deepship
0_106,19,/datasets/audio/deepship/train/0/0_106.wav,285.0,315.0,0,train,Cargo ship,deepship
0_106,20,/datasets/audio/deepship/train/0/0_106.wav,300.0,330.0,0,train,Cargo ship,deepship
0_106,21,/datasets/audio/deepship/train/0/0_106.wav,306.0,336.0,0,train,Cargo ship,deepship
0_107,0,/datasets/audio/deepship/train/0/0_107.wav,0.0,30.0,0,train,Cargo ship,deepship
0_107,1,/datasets/audio/deepship/train/0/0_107.wav,15.0,45.0,0,train,Cargo ship,deepship
0_107,2,/datasets/audio/deepship/train/0/0_107.wav,30.0,60.0,0,train,Cargo ship,deepship
0_107,3,/datasets/audio/deepship/train/0/0_107.wav,45.0,75.0,0,train,Cargo ship,deepship
0_107,4,/datasets/audio/deepship/train/0/0_107.wav,60.0,90.0,0,train,Cargo ship,deepship
0_107,5,/datasets/audio/deepship/train/0/0_107.wav,75.0,105.0,0,train,Cargo ship,deepship
0_107,6,/datasets/audio/deepship/train/0/0_107.wav,90.0,120.0,0,train,Cargo ship,deepship
0_107,7,/datasets/audio/deepship/train/0/0_107.wav,105.0,135.0,0,train,Cargo ship,deepship
0_107,8,/datasets/audio/deepship/train/0/0_107.wav,120.0,150.0,0,train,Cargo ship,deepship
0_107,9,/datasets/audio/deepship/train/0/0_107.wav,135.0,165.0,0,train,Cargo ship,deepship
0_107,10,/datasets/audio/deepship/train/0/0_107.wav,150.0,180.0,0,train,Cargo ship,deepship
0_107,11,/datasets/audio/deepship/train/0/0_107.wav,165.0,195.0,0,train,Cargo ship,deepship
0_107,12,/datasets/audio/deepship/train/0/0_107.wav,180.0,210.0,0,train,Cargo ship,deepship
0_107,13,/datasets/audio/deepship/train/0/0_107.wav,195.0,225.0,0,train,Cargo ship,deepship
0_107,14,/datasets/audio/deepship/train/0/0_107.wav,205.0,235.0,0,train,Cargo ship,deepship
0_108,0,/datasets/audio/deepship/train/0/0_108.wav,0.0,30.0,0,train,Cargo ship,deepship
0_108,1,/datasets/audio/deepship/train/0/0_108.wav,15.0,45.0,0,train,Cargo ship,deepship
0_108,2,/datasets/audio/deepship/train/0/0_108.wav,30.0,60.0,0,train,Cargo ship,deepship
0_108,3,/datasets/audio/deepship/train/0/0_108.wav,45.0,75.0,0,train,Cargo ship,deepship
0_108,4,/datasets/audio/deepship/train/0/0_108.wav,60.0,90.0,0,train,Cargo ship,deepship
0_108,5,/datasets/audio/deepship/train/0/0_108.wav,75.0,105.0,0,train,Cargo ship,deepship
0_108,6,/datasets/audio/deepship/train/0/0_108.wav,90.0,120.0,0,train,Cargo ship,deepship
0_108,7,/datasets/audio/deepship/train/0/0_108.wav,105.0,135.0,0,train,Cargo ship,deepship
0_108,8,/datasets/audio/deepship/train/0/0_108.wav,120.0,150.0,0,train,Cargo ship,deepship
0_108,9,/datasets/audio/deepship/train/0/0_108.wav,135.0,165.0,0,train,Cargo ship,deepship
0_108,10,/datasets/audio/deepship/train/0/0_108.wav,150.0,180.0,0,train,Cargo ship,deepship
0_108,11,/datasets/audio/deepship/train/0/0_108.wav,165.0,195.0,0,train,Cargo ship,deepship
0_108,12,/datasets/audio/deepship/train/0/0_108.wav,180.0,210.0,0,train,Cargo ship,deepship
0_108,13,/datasets/audio/deepship/train/0/0_108.wav,195.0,225.0,0,train,Cargo ship,deepship
0_108,14,/datasets/audio/deepship/train/0/0_108.wav,210.0,240.0,0,train,Cargo ship,deepship
0_108,15,/datasets/audio/deepship/train/0/0_108.wav,225.0,255.0,0,train,Cargo ship,deepship
0_108,16,/datasets/audio/deepship/train/0/0_108.wav,240.0,270.0,0,train,Cargo ship,deepship
0_108,17,/datasets/audio/deepship/train/0/0_108.wav,255.0,285.0,0,train,Cargo ship,deepship
0_108,18,/datasets/audio/deepship/train/0/0_108.wav,270.0,300.0,0,train,Cargo ship,deepship
0_108,19,/datasets/audio/deepship/train/0/0_108.wav,285.0,315.0,0,train,Cargo ship,deepship
0_108,20,/datasets/audio/deepship/train/0/0_108.wav,300.0,330.0,0,train,Cargo ship,deepship
0_108,21,/datasets/audio/deepship/train/0/0_108.wav,315.0,345.0,0,train,Cargo ship,deepship
0_108,22,/datasets/audio/deepship/train/0/0_108.wav,330.0,360.0,0,train,Cargo ship,deepship
0_109,0,/datasets/audio/deepship/train/0/0_109.wav,0.0,30.0,0,train,Cargo ship,deepship
0_109,1,/datasets/audio/deepship/train/0/0_109.wav,15.0,45.0,0,train,Cargo ship,deepship
0_109,2,/datasets/audio/deepship/train/0/0_109.wav,30.0,60.0,0,train,Cargo ship,deepship
0_109,3,/datasets/audio/deepship/train/0/0_109.wav,45.0,75.0,0,train,Cargo ship,deepship
0_109,4,/datasets/audio/deepship/train/0/0_109.wav,60.0,90.0,0,train,Cargo ship,deepship
0_109,5,/datasets/audio/deepship/train/0/0_109.wav,75.0,105.0,0,train,Cargo ship,deepship
0_109,6,/datasets/audio/deepship/train/0/0_109.wav,90.0,120.0,0,train,Cargo ship,deepship
0_109,7,/datasets/audio/deepship/train/0/0_109.wav,105.0,135.0,0,train,Cargo ship,deepship
0_109,8,/datasets/audio/deepship/train/0/0_109.wav,120.0,150.0,0,train,Cargo ship,deepship
0_109,9,/datasets/audio/deepship/train/0/0_109.wav,135.0,165.0,0,train,Cargo ship,deepship
0_109,10,/datasets/audio/deepship/train/0/0_109.wav,150.0,180.0,0,train,Cargo ship,deepship
0_109,11,/datasets/audio/deepship/train/0/0_109.wav,165.0,195.0,0,train,Cargo ship,deepship
0_109,12,/datasets/audio/deepship/train/0/0_109.wav,180.0,210.0,0,train,Cargo ship,deepship
0_109,13,/datasets/audio/deepship/train/0/0_109.wav,195.0,225.0,0,train,Cargo ship,deepship
0_109,14,/datasets/audio/deepship/train/0/0_109.wav,210.0,240.0,0,train,Cargo ship,deepship
0_109,15,/datasets/audio/deepship/train/0/0_109.wav,225.0,255.0,0,train,Cargo ship,deepship
0_109,16,/datasets/audio/deepship/train/0/0_109.wav,240.0,270.0,0,train,Cargo ship,deepship
0_109,17,/datasets/audio/deepship/train/0/0_109.wav,255.0,285.0,0,train,Cargo ship,deepship
0_109,18,/datasets/audio/deepship/train/0/0_109.wav,270.0,300.0,0,train,Cargo ship,deepship
0_109,19,/datasets/audio/deepship/train/0/0_109.wav,285.0,315.0,0,train,Cargo ship,deepship
0_109,20,/datasets/audio/deepship/train/0/0_109.wav,300.0,330.0,0,train,Cargo ship,deepship
0_109,21,/datasets/audio/deepship/train/0/0_109.wav,315.0,345.0,0,train,Cargo ship,deepship
0_109,22,/datasets/audio/deepship/train/0/0_109.wav,330.0,360.0,0,train,Cargo ship,deepship
0_109,23,/datasets/audio/deepship/train/0/0_109.wav,345.0,375.0,0,train,Cargo ship,deepship
0_109,24,/datasets/audio/deepship/train/0/0_109.wav,360.0,390.0,0,train,Cargo ship,deepship
0_109,25,/datasets/audio/deepship/train/0/0_109.wav,375.0,405.0,0,train,Cargo ship,deepship
0_109,26,/datasets/audio/deepship/train/0/0_109.wav,390.0,420.0,0,train,Cargo ship,deepship
0_109,27,/datasets/audio/deepship/train/0/0_109.wav,405.0,435.0,0,train,Cargo ship,deepship
0_109,28,/datasets/audio/deepship/train/0/0_109.wav,420.0,450.0,0,train,Cargo ship,deepship
0_109,29,/datasets/audio/deepship/train/0/0_109.wav,435.0,465.0,0,train,Cargo ship,deepship
0_109,30,/datasets/audio/deepship/train/0/0_109.wav,450.0,480.0,0,train,Cargo ship,deepship
0_109,31,/datasets/audio/deepship/train/0/0_109.wav,465.0,495.0,0,train,Cargo ship,deepship
0_109,32,/datasets/audio/deepship/train/0/0_109.wav,480.0,510.0,0,train,Cargo ship,deepship
0_109,33,/datasets/audio/deepship/train/0/0_109.wav,495.0,525.0,0,train,Cargo ship,deepship
0_109,34,/datasets/audio/deepship/train/0/0_109.wav,510.0,540.0,0,train,Cargo ship,deepship
0_109,35,/datasets/audio/deepship/train/0/0_109.wav,525.0,555.0,0,train,Cargo ship,deepship
0_109,36,/datasets/audio/deepship/train/0/0_109.wav,540.0,570.0,0,train,Cargo ship,deepship
0_109,37,/datasets/audio/deepship/train/0/0_109.wav,555.0,585.0,0,train,Cargo ship,deepship
0_109,38,/datasets/audio/deepship/train/0/0_109.wav,570.0,600.0,0,train,Cargo ship,deepship
0_109,39,/datasets/audio/deepship/train/0/0_109.wav,585.0,615.0,0,train,Cargo ship,deepship
0_109,40,/datasets/audio/deepship/train/0/0_109.wav,600.0,630.0,0,train,Cargo ship,deepship
0_109,41,/datasets/audio/deepship/train/0/0_109.wav,615.0,645.0,0,train,Cargo ship,deepship
0_109,42,/datasets/audio/deepship/train/0/0_109.wav,630.0,660.0,0,train,Cargo ship,deepship
0_109,43,/datasets/audio/deepship/train/0/0_109.wav,637.0,667.0,0,train,Cargo ship,deepship
0_11,0,/datasets/audio/deepship/train/0/0_11.wav,0.0,30.0,0,train,Cargo ship,deepship
0_11,1,/datasets/audio/deepship/train/0/0_11.wav,15.0,45.0,0,train,Cargo ship,deepship
0_11,2,/datasets/audio/deepship/train/0/0_11.wav,30.0,60.0,0,train,Cargo ship,deepship
0_11,3,/datasets/audio/deepship/train/0/0_11.wav,45.0,75.0,0,train,Cargo ship,deepship
0_11,4,/datasets/audio/deepship/train/0/0_11.wav,60.0,90.0,0,train,Cargo ship,deepship
0_11,5,/datasets/audio/deepship/train/0/0_11.wav,75.0,105.0,0,train,Cargo ship,deepship
0_11,6,/datasets/audio/deepship/train/0/0_11.wav,90.0,120.0,0,train,Cargo ship,deepship
0_11,7,/datasets/audio/deepship/train/0/0_11.wav,105.0,135.0,0,train,Cargo ship,deepship
0_11,8,/datasets/audio/deepship/train/0/0_11.wav,120.0,150.0,0,train,Cargo ship,deepship
0_11,9,/datasets/audio/deepship/train/0/0_11.wav,135.0,165.0,0,train,Cargo ship,deepship
0_11,10,/datasets/audio/deepship/train/0/0_11.wav,150.0,180.0,0,train,Cargo ship,deepship
0_11,11,/datasets/audio/deepship/train/0/0_11.wav,165.0,195.0,0,train,Cargo ship,deepship
0_11,12,/datasets/audio/deepship/train/0/0_11.wav,180.0,210.0,0,train,Cargo ship,deepship
0_11,13,/datasets/audio/deepship/train/0/0_11.wav,195.0,225.0,0,train,Cargo ship,deepship
0_11,14,/datasets/audio/deepship/train/0/0_11.wav,210.0,240.0,0,train,Cargo ship,deepship
0_11,15,/datasets/audio/deepship/train/0/0_11.wav,225.0,255.0,0,train,Cargo ship,deepship
0_11,16,/datasets/audio/deepship/train/0/0_11.wav,240.0,270.0,0,train,Cargo ship,deepship
0_11,17,/datasets/audio/deepship/train/0/0_11.wav,255.0,285.0,0,train,Cargo ship,deepship
0_11,18,/datasets/audio/deepship/train/0/0_11.wav,270.0,300.0,0,train,Cargo ship,deepship
0_11,19,/datasets/audio/deepship/train/0/0_11.wav,285.0,315.0,0,train,Cargo ship,deepship
0_11,20,/datasets/audio/deepship/train/0/0_11.wav,300.0,330.0,0,train,Cargo ship,deepship
0_11,21,/datasets/audio/deepship/train/0/0_11.wav,315.0,345.0,0,train,Cargo ship,deepship
0_11,22,/datasets/audio/deepship/train/0/0_11.wav,330.0,360.0,0,train,Cargo ship,deepship
0_11,23,/datasets/audio/deepship/train/0/0_11.wav,345.0,375.0,0,train,Cargo ship,deepship
0_11,24,/datasets/audio/deepship/train/0/0_11.wav,360.0,390.0,0,train,Cargo ship,deepship
0_11,25,/datasets/audio/deepship/train/0/0_11.wav,375.0,405.0,0,train,Cargo ship,deepship
0_11,26,/datasets/audio/deepship/train/0/0_11.wav,390.0,420.0,0,train,Cargo ship,deepship
0_11,27,/datasets/audio/deepship/train/0/0_11.wav,405.0,435.0,0,train,Cargo ship,deepship
0_11,28,/datasets/audio/deepship/train/0/0_11.wav,411.0,441.0,0,train,Cargo ship,deepship
0_110,0,/datasets/audio/deepship/train/0/0_110.wav,0.0,30.0,0,train,Cargo ship,deepship
0_110,1,/datasets/audio/deepship/train/0/0_110.wav,15.0,45.0,0,train,Cargo ship,deepship
0_110,2,/datasets/audio/deepship/train/0/0_110.wav,30.0,60.0,0,train,Cargo ship,deepship
0_110,3,/datasets/audio/deepship/train/0/0_110.wav,45.0,75.0,0,train,Cargo ship,deepship
0_110,4,/datasets/audio/deepship/train/0/0_110.wav,60.0,90.0,0,train,Cargo ship,deepship
0_110,5,/datasets/audio/deepship/train/0/0_110.wav,75.0,105.0,0,train,Cargo ship,deepship
0_110,6,/datasets/audio/deepship/train/0/0_110.wav,90.0,120.0,0,train,Cargo ship,deepship
0_110,7,/datasets/audio/deepship/train/0/0_110.wav,105.0,135.0,0,train,Cargo ship,deepship
0_110,8,/datasets/audio/deepship/train/0/0_110.wav,120.0,150.0,0,train,Cargo ship,deepship
0_110,9,/datasets/audio/deepship/train/0/0_110.wav,135.0,165.0,0,train,Cargo ship,deepship
0_110,10,/datasets/audio/deepship/train/0/0_110.wav,150.0,180.0,0,train,Cargo ship,deepship
0_110,11,/datasets/audio/deepship/train/0/0_110.wav,165.0,195.0,0,train,Cargo ship,deepship
0_110,12,/datasets/audio/deepship/train/0/0_110.wav,172.0,202.0,0,train,Cargo ship,deepship
0_111,0,/datasets/audio/deepship/train/0/0_111.wav,0.0,30.0,0,train,Cargo ship,deepship
0_111,1,/datasets/audio/deepship/train/0/0_111.wav,15.0,45.0,0,train,Cargo ship,deepship
0_111,2,/datasets/audio/deepship/train/0/0_111.wav,30.0,60.0,0,train,Cargo ship,deepship
0_111,3,/datasets/audio/deepship/train/0/0_111.wav,45.0,75.0,0,train,Cargo ship,deepship
0_111,4,/datasets/audio/deepship/train/0/0_111.wav,60.0,90.0,0,train,Cargo ship,deepship
0_111,5,/datasets/audio/deepship/train/0/0_111.wav,75.0,105.0,0,train,Cargo ship,deepship
0_111,6,/datasets/audio/deepship/train/0/0_111.wav,90.0,120.0,0,train,Cargo ship,deepship
0_111,7,/datasets/audio/deepship/train/0/0_111.wav,105.0,135.0,0,train,Cargo ship,deepship
0_111,8,/datasets/audio/deepship/train/0/0_111.wav,120.0,150.0,0,train,Cargo ship,deepship
0_111,9,/datasets/audio/deepship/train/0/0_111.wav,135.0,165.0,0,train,Cargo ship,deepship
0_111,10,/datasets/audio/deepship/train/0/0_111.wav,150.0,180.0,0,train,Cargo ship,deepship
0_111,11,/datasets/audio/deepship/train/0/0_111.wav,165.0,195.0,0,train,Cargo ship,deepship
0_111,12,/datasets/audio/deepship/train/0/0_111.wav,177.0,207.0,0,train,Cargo ship,deepship
0_12,0,/datasets/audio/deepship/train/0/0_12.wav,0.0,30.0,0,train,Cargo ship,deepship
0_12,1,/datasets/audio/deepship/train/0/0_12.wav,15.0,45.0,0,train,Cargo ship,deepship
0_12,2,/datasets/audio/deepship/train/0/0_12.wav,30.0,60.0,0,train,Cargo ship,deepship
0_12,3,/datasets/audio/deepship/train/0/0_12.wav,45.0,75.0,0,train,Cargo ship,deepship
0_12,4,/datasets/audio/deepship/train/0/0_12.wav,60.0,90.0,0,train,Cargo ship,deepship
0_12,5,/datasets/audio/deepship/train/0/0_12.wav,75.0,105.0,0,train,Cargo ship,deepship
0_12,6,/datasets/audio/deepship/train/0/0_12.wav,90.0,120.0,0,train,Cargo ship,deepship
0_12,7,/datasets/audio/deepship/train/0/0_12.wav,105.0,135.0,0,train,Cargo ship,deepship
0_12,8,/datasets/audio/deepship/train/0/0_12.wav,120.0,150.0,0,train,Cargo ship,deepship
0_12,9,/datasets/audio/deepship/train/0/0_12.wav,135.0,165.0,0,train,Cargo ship,deepship
0_12,10,/datasets/audio/deepship/train/0/0_12.wav,150.0,180.0,0,train,Cargo ship,deepship
0_12,11,/datasets/audio/deepship/train/0/0_12.wav,165.0,195.0,0,train,Cargo ship,deepship
0_12,12,/datasets/audio/deepship/train/0/0_12.wav,180.0,210.0,0,train,Cargo ship,deepship
0_12,13,/datasets/audio/deepship/train/0/0_12.wav,195.0,225.0,0,train,Cargo ship,deepship
0_12,14,/datasets/audio/deepship/train/0/0_12.wav,210.0,240.0,0,train,Cargo ship,deepship
0_12,15,/datasets/audio/deepship/train/0/0_12.wav,225.0,255.0,0,train,Cargo ship,deepship
0_13,0,/datasets/audio/deepship/train/0/0_13.wav,0.0,30.0,0,train,Cargo ship,deepship
0_13,1,/datasets/audio/deepship/train/0/0_13.wav,15.0,45.0,0,train,Cargo ship,deepship
0_13,2,/datasets/audio/deepship/train/0/0_13.wav,30.0,60.0,0,train,Cargo ship,deepship
0_13,3,/datasets/audio/deepship/train/0/0_13.wav,45.0,75.0,0,train,Cargo ship,deepship
0_13,4,/datasets/audio/deepship/train/0/0_13.wav,60.0,90.0,0,train,Cargo ship,deepship
0_13,5,/datasets/audio/deepship/train/0/0_13.wav,75.0,105.0,0,train,Cargo ship,deepship
0_13,6,/datasets/audio/deepship/train/0/0_13.wav,90.0,120.0,0,train,Cargo ship,deepship
0_13,7,/datasets/audio/deepship/train/0/0_13.wav,105.0,135.0,0,train,Cargo ship,deepship
0_13,8,/datasets/audio/deepship/train/0/0_13.wav,120.0,150.0,0,train,Cargo ship,deepship
0_13,9,/datasets/audio/deepship/train/0/0_13.wav,135.0,165.0,0,train,Cargo ship,deepship
0_13,10,/datasets/audio/deepship/train/0/0_13.wav,150.0,180.0,0,train,Cargo ship,deepship
0_13,11,/datasets/audio/deepship/train/0/0_13.wav,165.0,195.0,0,train,Cargo ship,deepship
0_13,12,/datasets/audio/deepship/train/0/0_13.wav,180.0,210.0,0,train,Cargo ship,deepship
0_13,13,/datasets/audio/deepship/train/0/0_13.wav,195.0,225.0,0,train,Cargo ship,deepship
0_13,14,/datasets/audio/deepship/train/0/0_13.wav,210.0,240.0,0,train,Cargo ship,deepship
0_13,15,/datasets/audio/deepship/train/0/0_13.wav,225.0,255.0,0,train,Cargo ship,deepship
0_13,16,/datasets/audio/deepship/train/0/0_13.wav,240.0,270.0,0,train,Cargo ship,deepship
0_13,17,/datasets/audio/deepship/train/0/0_13.wav,255.0,285.0,0,train,Cargo ship,deepship
0_13,18,/datasets/audio/deepship/train/0/0_13.wav,270.0,300.0,0,train,Cargo ship,deepship
0_13,19,/datasets/audio/deepship/train/0/0_13.wav,285.0,315.0,0,train,Cargo ship,deepship
0_13,20,/datasets/audio/deepship/train/0/0_13.wav,300.0,330.0,0,train,Cargo ship,deepship
0_13,21,/datasets/audio/deepship/train/0/0_13.wav,315.0,345.0,0,train,Cargo ship,deepship
0_13,22,/datasets/audio/deepship/train/0/0_13.wav,317.0,347.0,0,train,Cargo ship,deepship
0_14,0,/datasets/audio/deepship/train/0/0_14.wav,0.0,30.0,0,train,Cargo ship,deepship
0_14,1,/datasets/audio/deepship/train/0/0_14.wav,15.0,45.0,0,train,Cargo ship,deepship
0_14,2,/datasets/audio/deepship/train/0/0_14.wav,30.0,60.0,0,train,Cargo ship,deepship
0_14,3,/datasets/audio/deepship/train/0/0_14.wav,45.0,75.0,0,train,Cargo ship,deepship
0_14,4,/datasets/audio/deepship/train/0/0_14.wav,60.0,90.0,0,train,Cargo ship,deepship
0_14,5,/datasets/audio/deepship/train/0/0_14.wav,75.0,105.0,0,train,Cargo ship,deepship
0_14,6,/datasets/audio/deepship/train/0/0_14.wav,90.0,120.0,0,train,Cargo ship,deepship
0_14,7,/datasets/audio/deepship/train/0/0_14.wav,105.0,135.0,0,train,Cargo ship,deepship
0_14,8,/datasets/audio/deepship/train/0/0_14.wav,120.0,150.0,0,train,Cargo ship,deepship
0_14,9,/datasets/audio/deepship/train/0/0_14.wav,135.0,165.0,0,train,Cargo ship,deepship
0_14,10,/datasets/audio/deepship/train/0/0_14.wav,150.0,180.0,0,train,Cargo ship,deepship
0_14,11,/datasets/audio/deepship/train/0/0_14.wav,165.0,195.0,0,train,Cargo ship,deepship
0_14,12,/datasets/audio/deepship/train/0/0_14.wav,180.0,210.0,0,train,Cargo ship,deepship
0_14,13,/datasets/audio/deepship/train/0/0_14.wav,195.0,225.0,0,train,Cargo ship,deepship
0_14,14,/datasets/audio/deepship/train/0/0_14.wav,210.0,240.0,0,train,Cargo ship,deepship
0_14,15,/datasets/audio/deepship/train/0/0_14.wav,225.0,255.0,0,train,Cargo ship,deepship
0_14,16,/datasets/audio/deepship/train/0/0_14.wav,240.0,270.0,0,train,Cargo ship,deepship
0_14,17,/datasets/audio/deepship/train/0/0_14.wav,255.0,285.0,0,train,Cargo ship,deepship
0_14,18,/datasets/audio/deepship/train/0/0_14.wav,270.0,300.0,0,train,Cargo ship,deepship
0_14,19,/datasets/audio/deepship/train/0/0_14.wav,285.0,315.0,0,train,Cargo ship,deepship
0_14,20,/datasets/audio/deepship/train/0/0_14.wav,300.0,330.0,0,train,Cargo ship,deepship
0_14,21,/datasets/audio/deepship/train/0/0_14.wav,315.0,345.0,0,train,Cargo ship,deepship
0_14,22,/datasets/audio/deepship/train/0/0_14.wav,330.0,360.0,0,train,Cargo ship,deepship
0_14,23,/datasets/audio/deepship/train/0/0_14.wav,345.0,375.0,0,train,Cargo ship,deepship
0_14,24,/datasets/audio/deepship/train/0/0_14.wav,353.0,383.0,0,train,Cargo ship,deepship
0_15,0,/datasets/audio/deepship/train/0/0_15.wav,0.0,30.0,0,train,Cargo ship,deepship
0_15,1,/datasets/audio/deepship/train/0/0_15.wav,15.0,45.0,0,train,Cargo ship,deepship
0_15,2,/datasets/audio/deepship/train/0/0_15.wav,30.0,60.0,0,train,Cargo ship,deepship
0_15,3,/datasets/audio/deepship/train/0/0_15.wav,45.0,75.0,0,train,Cargo ship,deepship
0_15,4,/datasets/audio/deepship/train/0/0_15.wav,60.0,90.0,0,train,Cargo ship,deepship
0_15,5,/datasets/audio/deepship/train/0/0_15.wav,75.0,105.0,0,train,Cargo ship,deepship
0_15,6,/datasets/audio/deepship/train/0/0_15.wav,90.0,120.0,0,train,Cargo ship,deepship
0_15,7,/datasets/audio/deepship/train/0/0_15.wav,105.0,135.0,0,train,Cargo ship,deepship
0_15,8,/datasets/audio/deepship/train/0/0_15.wav,120.0,150.0,0,train,Cargo ship,deepship
0_15,9,/datasets/audio/deepship/train/0/0_15.wav,135.0,165.0,0,train,Cargo ship,deepship
0_15,10,/datasets/audio/deepship/train/0/0_15.wav,150.0,180.0,0,train,Cargo ship,deepship
0_15,11,/datasets/audio/deepship/train/0/0_15.wav,157.0,187.0,0,train,Cargo ship,deepship
0_16,0,/datasets/audio/deepship/train/0/0_16.wav,0.0,30.0,0,train,Cargo ship,deepship
0_16,1,/datasets/audio/deepship/train/0/0_16.wav,15.0,45.0,0,train,Cargo ship,deepship
0_16,2,/datasets/audio/deepship/train/0/0_16.wav,30.0,60.0,0,train,Cargo ship,deepship
0_16,3,/datasets/audio/deepship/train/0/0_16.wav,45.0,75.0,0,train,Cargo ship,deepship
0_16,4,/datasets/audio/deepship/train/0/0_16.wav,60.0,90.0,0,train,Cargo ship,deepship
0_16,5,/datasets/audio/deepship/train/0/0_16.wav,75.0,105.0,0,train,Cargo ship,deepship
0_16,6,/datasets/audio/deepship/train/0/0_16.wav,90.0,120.0,0,train,Cargo ship,deepship
0_16,7,/datasets/audio/deepship/train/0/0_16.wav,105.0,135.0,0,train,Cargo ship,deepship
0_16,8,/datasets/audio/deepship/train/0/0_16.wav,120.0,150.0,0,train,Cargo ship,deepship
0_16,9,/datasets/audio/deepship/train/0/0_16.wav,135.0,165.0,0,train,Cargo ship,deepship
0_16,10,/datasets/audio/deepship/train/0/0_16.wav,150.0,180.0,0,train,Cargo ship,deepship
0_16,11,/datasets/audio/deepship/train/0/0_16.wav,165.0,195.0,0,train,Cargo ship,deepship
0_16,12,/datasets/audio/deepship/train/0/0_16.wav,180.0,210.0,0,train,Cargo ship,deepship
0_16,13,/datasets/audio/deepship/train/0/0_16.wav,195.0,225.0,0,train,Cargo ship,deepship
0_16,14,/datasets/audio/deepship/train/0/0_16.wav,210.0,240.0,0,train,Cargo ship,deepship
0_16,15,/datasets/audio/deepship/train/0/0_16.wav,225.0,255.0,0,train,Cargo ship,deepship
0_16,16,/datasets/audio/deepship/train/0/0_16.wav,240.0,270.0,0,train,Cargo ship,deepship
0_16,17,/datasets/audio/deepship/train/0/0_16.wav,255.0,285.0,0,train,Cargo ship,deepship
0_16,18,/datasets/audio/deepship/train/0/0_16.wav,264.0,294.0,0,train,Cargo ship,deepship
0_17,0,/datasets/audio/deepship/train/0/0_17.wav,0.0,30.0,0,train,Cargo ship,deepship
0_17,1,/datasets/audio/deepship/train/0/0_17.wav,15.0,45.0,0,train,Cargo ship,deepship
0_17,2,/datasets/audio/deepship/train/0/0_17.wav,30.0,60.0,0,train,Cargo ship,deepship
0_17,3,/datasets/audio/deepship/train/0/0_17.wav,45.0,75.0,0,train,Cargo ship,deepship
0_17,4,/datasets/audio/deepship/train/0/0_17.wav,60.0,90.0,0,train,Cargo ship,deepship
0_17,5,/datasets/audio/deepship/train/0/0_17.wav,75.0,105.0,0,train,Cargo ship,deepship
0_17,6,/datasets/audio/deepship/train/0/0_17.wav,90.0,120.0,0,train,Cargo ship,deepship
0_17,7,/datasets/audio/deepship/train/0/0_17.wav,105.0,135.0,0,train,Cargo ship,deepship
0_17,8,/datasets/audio/deepship/train/0/0_17.wav,120.0,150.0,0,train,Cargo ship,deepship
0_17,9,/datasets/audio/deepship/train/0/0_17.wav,135.0,165.0,0,train,Cargo ship,deepship
0_17,10,/datasets/audio/deepship/train/0/0_17.wav,150.0,180.0,0,train,Cargo ship,deepship
0_17,11,/datasets/audio/deepship/train/0/0_17.wav,165.0,195.0,0,train,Cargo ship,deepship
0_17,12,/datasets/audio/deepship/train/0/0_17.wav,180.0,210.0,0,train,Cargo ship,deepship
0_17,13,/datasets/audio/deepship/train/0/0_17.wav,188.0,218.0,0,train,Cargo ship,deepship
0_19,0,/datasets/audio/deepship/train/0/0_19.wav,0.0,30.0,0,train,Cargo ship,deepship
0_19,1,/datasets/audio/deepship/train/0/0_19.wav,15.0,45.0,0,train,Cargo ship,deepship
0_19,2,/datasets/audio/deepship/train/0/0_19.wav,30.0,60.0,0,train,Cargo ship,deepship
0_19,3,/datasets/audio/deepship/train/0/0_19.wav,45.0,75.0,0,train,Cargo ship,deepship
0_19,4,/datasets/audio/deepship/train/0/0_19.wav,60.0,90.0,0,train,Cargo ship,deepship
0_19,5,/datasets/audio/deepship/train/0/0_19.wav,75.0,105.0,0,train,Cargo ship,deepship
0_19,6,/datasets/audio/deepship/train/0/0_19.wav,90.0,120.0,0,train,Cargo ship,deepship
0_19,7,/datasets/audio/deepship/train/0/0_19.wav,105.0,135.0,0,train,Cargo ship,deepship
0_19,8,/datasets/audio/deepship/train/0/0_19.wav,120.0,150.0,0,train,Cargo ship,deepship
0_19,9,/datasets/audio/deepship/train/0/0_19.wav,135.0,165.0,0,train,Cargo ship,deepship
0_19,10,/datasets/audio/deepship/train/0/0_19.wav,150.0,180.0,0,train,Cargo ship,deepship
0_19,11,/datasets/audio/deepship/train/0/0_19.wav,165.0,195.0,0,train,Cargo ship,deepship
0_19,12,/datasets/audio/deepship/train/0/0_19.wav,180.0,210.0,0,train,Cargo ship,deepship
0_19,13,/datasets/audio/deepship/train/0/0_19.wav,195.0,225.0,0,train,Cargo ship,deepship
0_19,14,/datasets/audio/deepship/train/0/0_19.wav,210.0,240.0,0,train,Cargo ship,deepship
0_19,15,/datasets/audio/deepship/train/0/0_19.wav,225.0,255.0,0,train,Cargo ship,deepship
0_19,16,/datasets/audio/deepship/train/0/0_19.wav,240.0,270.0,0,train,Cargo ship,deepship
0_19,17,/datasets/audio/deepship/train/0/0_19.wav,255.0,285.0,0,train,Cargo ship,deepship
0_19,18,/datasets/audio/deepship/train/0/0_19.wav,270.0,300.0,0,train,Cargo ship,deepship
0_19,19,/datasets/audio/deepship/train/0/0_19.wav,285.0,315.0,0,train,Cargo ship,deepship
0_19,20,/datasets/audio/deepship/train/0/0_19.wav,300.0,330.0,0,train,Cargo ship,deepship
0_19,21,/datasets/audio/deepship/train/0/0_19.wav,311.0,341.0,0,train,Cargo ship,deepship
0_20,0,/datasets/audio/deepship/train/0/0_20.wav,0.0,30.0,0,train,Cargo ship,deepship
0_20,1,/datasets/audio/deepship/train/0/0_20.wav,15.0,45.0,0,train,Cargo ship,deepship
0_20,2,/datasets/audio/deepship/train/0/0_20.wav,30.0,60.0,0,train,Cargo ship,deepship
0_20,3,/datasets/audio/deepship/train/0/0_20.wav,45.0,75.0,0,train,Cargo ship,deepship
0_20,4,/datasets/audio/deepship/train/0/0_20.wav,60.0,90.0,0,train,Cargo ship,deepship
0_20,5,/datasets/audio/deepship/train/0/0_20.wav,75.0,105.0,0,train,Cargo ship,deepship
0_20,6,/datasets/audio/deepship/train/0/0_20.wav,90.0,120.0,0,train,Cargo ship,deepship
0_20,7,/datasets/audio/deepship/train/0/0_20.wav,105.0,135.0,0,train,Cargo ship,deepship
0_20,8,/datasets/audio/deepship/train/0/0_20.wav,120.0,150.0,0,train,Cargo ship,deepship
0_20,9,/datasets/audio/deepship/train/0/0_20.wav,135.0,165.0,0,train,Cargo ship,deepship
0_20,10,/datasets/audio/deepship/train/0/0_20.wav,150.0,180.0,0,train,Cargo ship,deepship
0_20,11,/datasets/audio/deepship/train/0/0_20.wav,165.0,195.0,0,train,Cargo ship,deepship
0_20,12,/datasets/audio/deepship/train/0/0_20.wav,180.0,210.0,0,train,Cargo ship,deepship
0_20,13,/datasets/audio/deepship/train/0/0_20.wav,195.0,225.0,0,train,Cargo ship,deepship
0_20,14,/datasets/audio/deepship/train/0/0_20.wav,210.0,240.0,0,train,Cargo ship,deepship
0_20,15,/datasets/audio/deepship/train/0/0_20.wav,225.0,255.0,0,train,Cargo ship,deepship
0_20,16,/datasets/audio/deepship/train/0/0_20.wav,240.0,270.0,0,train,Cargo ship,deepship
0_20,17,/datasets/audio/deepship/train/0/0_20.wav,255.0,285.0,0,train,Cargo ship,deepship
0_20,18,/datasets/audio/deepship/train/0/0_20.wav,270.0,300.0,0,train,Cargo ship,deepship
0_20,19,/datasets/audio/deepship/train/0/0_20.wav,285.0,315.0,0,train,Cargo ship,deepship
0_20,20,/datasets/audio/deepship/train/0/0_20.wav,300.0,330.0,0,train,Cargo ship,deepship
0_20,21,/datasets/audio/deepship/train/0/0_20.wav,315.0,345.0,0,train,Cargo ship,deepship
0_20,22,/datasets/audio/deepship/train/0/0_20.wav,330.0,360.0,0,train,Cargo ship,deepship
0_20,23,/datasets/audio/deepship/train/0/0_20.wav,345.0,375.0,0,train,Cargo ship,deepship
0_20,24,/datasets/audio/deepship/train/0/0_20.wav,360.0,390.0,0,train,Cargo ship,deepship
0_20,25,/datasets/audio/deepship/train/0/0_20.wav,361.0,391.0,0,train,Cargo ship,deepship
0_22,0,/datasets/audio/deepship/train/0/0_22.wav,0.0,30.0,0,train,Cargo ship,deepship
0_22,1,/datasets/audio/deepship/train/0/0_22.wav,15.0,45.0,0,train,Cargo ship,deepship
0_22,2,/datasets/audio/deepship/train/0/0_22.wav,30.0,60.0,0,train,Cargo ship,deepship
0_22,3,/datasets/audio/deepship/train/0/0_22.wav,45.0,75.0,0,train,Cargo ship,deepship
0_22,4,/datasets/audio/deepship/train/0/0_22.wav,60.0,90.0,0,train,Cargo ship,deepship
0_22,5,/datasets/audio/deepship/train/0/0_22.wav,75.0,105.0,0,train,Cargo ship,deepship
0_22,6,/datasets/audio/deepship/train/0/0_22.wav,90.0,120.0,0,train,Cargo ship,deepship
0_22,7,/datasets/audio/deepship/train/0/0_22.wav,105.0,135.0,0,train,Cargo ship,deepship
0_22,8,/datasets/audio/deepship/train/0/0_22.wav,120.0,150.0,0,train,Cargo ship,deepship
0_22,9,/datasets/audio/deepship/train/0/0_22.wav,135.0,165.0,0,train,Cargo ship,deepship
0_22,10,/datasets/audio/deepship/train/0/0_22.wav,150.0,180.0,0,train,Cargo ship,deepship
0_22,11,/datasets/audio/deepship/train/0/0_22.wav,165.0,195.0,0,train,Cargo ship,deepship
0_22,12,/datasets/audio/deepship/train/0/0_22.wav,180.0,210.0,0,train,Cargo ship,deepship
0_22,13,/datasets/audio/deepship/train/0/0_22.wav,195.0,225.0,0,train,Cargo ship,deepship
0_22,14,/datasets/audio/deepship/train/0/0_22.wav,210.0,240.0,0,train,Cargo ship,deepship
0_22,15,/datasets/audio/deepship/train/0/0_22.wav,225.0,255.0,0,train,Cargo ship,deepship
0_22,16,/datasets/audio/deepship/train/0/0_22.wav,240.0,270.0,0,train,Cargo ship,deepship
0_22,17,/datasets/audio/deepship/train/0/0_22.wav,255.0,285.0,0,train,Cargo ship,deepship
0_22,18,/datasets/audio/deepship/train/0/0_22.wav,270.0,300.0,0,train,Cargo ship,deepship
0_22,19,/datasets/audio/deepship/train/0/0_22.wav,285.0,315.0,0,train,Cargo ship,deepship
0_22,20,/datasets/audio/deepship/train/0/0_22.wav,300.0,330.0,0,train,Cargo ship,deepship
0_22,21,/datasets/audio/deepship/train/0/0_22.wav,315.0,345.0,0,train,Cargo ship,deepship
0_22,22,/datasets/audio/deepship/train/0/0_22.wav,327.0,357.0,0,train,Cargo ship,deepship
0_24,0,/datasets/audio/deepship/train/0/0_24.wav,0.0,30.0,0,train,Cargo ship,deepship
0_24,1,/datasets/audio/deepship/train/0/0_24.wav,15.0,45.0,0,train,Cargo ship,deepship
0_24,2,/datasets/audio/deepship/train/0/0_24.wav,30.0,60.0,0,train,Cargo ship,deepship
0_24,3,/datasets/audio/deepship/train/0/0_24.wav,45.0,75.0,0,train,Cargo ship,deepship
0_24,4,/datasets/audio/deepship/train/0/0_24.wav,60.0,90.0,0,train,Cargo ship,deepship
0_24,5,/datasets/audio/deepship/train/0/0_24.wav,75.0,105.0,0,train,Cargo ship,deepship
0_24,6,/datasets/audio/deepship/train/0/0_24.wav,90.0,120.0,0,train,Cargo ship,deepship
0_24,7,/datasets/audio/deepship/train/0/0_24.wav,105.0,135.0,0,train,Cargo ship,deepship
0_24,8,/datasets/audio/deepship/train/0/0_24.wav,120.0,150.0,0,train,Cargo ship,deepship
0_24,9,/datasets/audio/deepship/train/0/0_24.wav,135.0,165.0,0,train,Cargo ship,deepship
0_24,10,/datasets/audio/deepship/train/0/0_24.wav,150.0,180.0,0,train,Cargo ship,deepship
0_24,11,/datasets/audio/deepship/train/0/0_24.wav,165.0,195.0,0,train,Cargo ship,deepship
0_24,12,/datasets/audio/deepship/train/0/0_24.wav,180.0,210.0,0,train,Cargo ship,deepship
0_24,13,/datasets/audio/deepship/train/0/0_24.wav,195.0,225.0,0,train,Cargo ship,deepship
0_24,14,/datasets/audio/deepship/train/0/0_24.wav,210.0,240.0,0,train,Cargo ship,deepship
0_24,15,/datasets/audio/deepship/train/0/0_24.wav,225.0,255.0,0,train,Cargo ship,deepship
0_24,16,/datasets/audio/deepship/train/0/0_24.wav,240.0,270.0,0,train,Cargo ship,deepship
0_24,17,/datasets/audio/deepship/train/0/0_24.wav,255.0,285.0,0,train,Cargo ship,deepship
0_24,18,/datasets/audio/deepship/train/0/0_24.wav,270.0,300.0,0,train,Cargo ship,deepship
0_25,0,/datasets/audio/deepship/train/0/0_25.wav,0.0,30.0,0,train,Cargo ship,deepship
0_25,1,/datasets/audio/deepship/train/0/0_25.wav,15.0,45.0,0,train,Cargo ship,deepship
0_25,2,/datasets/audio/deepship/train/0/0_25.wav,30.0,60.0,0,train,Cargo ship,deepship
0_25,3,/datasets/audio/deepship/train/0/0_25.wav,45.0,75.0,0,train,Cargo ship,deepship
0_25,4,/datasets/audio/deepship/train/0/0_25.wav,60.0,90.0,0,train,Cargo ship,deepship
0_25,5,/datasets/audio/deepship/train/0/0_25.wav,75.0,105.0,0,train,Cargo ship,deepship
0_25,6,/datasets/audio/deepship/train/0/0_25.wav,90.0,120.0,0,train,Cargo ship,deepship
0_25,7,/datasets/audio/deepship/train/0/0_25.wav,105.0,135.0,0,train,Cargo ship,deepship
0_25,8,/datasets/audio/deepship/train/0/0_25.wav,120.0,150.0,0,train,Cargo ship,deepship
0_25,9,/datasets/audio/deepship/train/0/0_25.wav,135.0,165.0,0,train,Cargo ship,deepship
0_25,10,/datasets/audio/deepship/train/0/0_25.wav,150.0,180.0,0,train,Cargo ship,deepship
0_25,11,/datasets/audio/deepship/train/0/0_25.wav,165.0,195.0,0,train,Cargo ship,deepship
0_25,12,/datasets/audio/deepship/train/0/0_25.wav,180.0,210.0,0,train,Cargo ship,deepship
0_25,13,/datasets/audio/deepship/train/0/0_25.wav,195.0,225.0,0,train,Cargo ship,deepship
0_25,14,/datasets/audio/deepship/train/0/0_25.wav,210.0,240.0,0,train,Cargo ship,deepship
0_25,15,/datasets/audio/deepship/train/0/0_25.wav,225.0,255.0,0,train,Cargo ship,deepship
0_25,16,/datasets/audio/deepship/train/0/0_25.wav,240.0,270.0,0,train,Cargo ship,deepship
0_25,17,/datasets/audio/deepship/train/0/0_25.wav,255.0,285.0,0,train,Cargo ship,deepship
0_25,18,/datasets/audio/deepship/train/0/0_25.wav,270.0,300.0,0,train,Cargo ship,deepship
0_25,19,/datasets/audio/deepship/train/0/0_25.wav,285.0,315.0,0,train,Cargo ship,deepship
0_25,20,/datasets/audio/deepship/train/0/0_25.wav,300.0,330.0,0,train,Cargo ship,deepship
0_25,21,/datasets/audio/deepship/train/0/0_25.wav,315.0,345.0,0,train,Cargo ship,deepship
0_25,22,/datasets/audio/deepship/train/0/0_25.wav,330.0,360.0,0,train,Cargo ship,deepship
0_25,23,/datasets/audio/deepship/train/0/0_25.wav,345.0,375.0,0,train,Cargo ship,deepship
0_25,24,/datasets/audio/deepship/train/0/0_25.wav,348.0,378.0,0,train,Cargo ship,deepship
0_26,0,/datasets/audio/deepship/train/0/0_26.wav,0.0,30.0,0,train,Cargo ship,deepship
0_26,1,/datasets/audio/deepship/train/0/0_26.wav,15.0,45.0,0,train,Cargo ship,deepship
0_26,2,/datasets/audio/deepship/train/0/0_26.wav,30.0,60.0,0,train,Cargo ship,deepship
0_26,3,/datasets/audio/deepship/train/0/0_26.wav,45.0,75.0,0,train,Cargo ship,deepship
0_26,4,/datasets/audio/deepship/train/0/0_26.wav,60.0,90.0,0,train,Cargo ship,deepship
0_26,5,/datasets/audio/deepship/train/0/0_26.wav,75.0,105.0,0,train,Cargo ship,deepship
0_26,6,/datasets/audio/deepship/train/0/0_26.wav,90.0,120.0,0,train,Cargo ship,deepship
0_26,7,/datasets/audio/deepship/train/0/0_26.wav,105.0,135.0,0,train,Cargo ship,deepship
0_26,8,/datasets/audio/deepship/train/0/0_26.wav,120.0,150.0,0,train,Cargo ship,deepship
0_26,9,/datasets/audio/deepship/train/0/0_26.wav,135.0,165.0,0,train,Cargo ship,deepship
0_26,10,/datasets/audio/deepship/train/0/0_26.wav,150.0,180.0,0,train,Cargo ship,deepship
0_26,11,/datasets/audio/deepship/train/0/0_26.wav,165.0,195.0,0,train,Cargo ship,deepship
0_26,12,/datasets/audio/deepship/train/0/0_26.wav,180.0,210.0,0,train,Cargo ship,deepship
0_26,13,/datasets/audio/deepship/train/0/0_26.wav,191.0,221.0,0,train,Cargo ship,deepship
0_27,0,/datasets/audio/deepship/train/0/0_27.wav,0.0,30.0,0,train,Cargo ship,deepship
0_27,1,/datasets/audio/deepship/train/0/0_27.wav,15.0,45.0,0,train,Cargo ship,deepship
0_27,2,/datasets/audio/deepship/train/0/0_27.wav,30.0,60.0,0,train,Cargo ship,deepship
0_27,3,/datasets/audio/deepship/train/0/0_27.wav,45.0,75.0,0,train,Cargo ship,deepship
0_27,4,/datasets/audio/deepship/train/0/0_27.wav,60.0,90.0,0,train,Cargo ship,deepship
0_27,5,/datasets/audio/deepship/train/0/0_27.wav,75.0,105.0,0,train,Cargo ship,deepship
0_27,6,/datasets/audio/deepship/train/0/0_27.wav,90.0,120.0,0,train,Cargo ship,deepship
0_27,7,/datasets/audio/deepship/train/0/0_27.wav,105.0,135.0,0,train,Cargo ship,deepship
0_27,8,/datasets/audio/deepship/train/0/0_27.wav,120.0,150.0,0,train,Cargo ship,deepship
0_27,9,/datasets/audio/deepship/train/0/0_27.wav,135.0,165.0,0,train,Cargo ship,deepship
0_27,10,/datasets/audio/deepship/train/0/0_27.wav,150.0,180.0,0,train,Cargo ship,deepship
0_27,11,/datasets/audio/deepship/train/0/0_27.wav,165.0,195.0,0,train,Cargo ship,deepship
0_27,12,/datasets/audio/deepship/train/0/0_27.wav,166.0,196.0,0,train,Cargo ship,deepship
0_28,0,/datasets/audio/deepship/train/0/0_28.wav,0.0,30.0,0,train,Cargo ship,deepship
0_28,1,/datasets/audio/deepship/train/0/0_28.wav,15.0,45.0,0,train,Cargo ship,deepship
0_28,2,/datasets/audio/deepship/train/0/0_28.wav,30.0,60.0,0,train,Cargo ship,deepship
0_28,3,/datasets/audio/deepship/train/0/0_28.wav,45.0,75.0,0,train,Cargo ship,deepship
0_28,4,/datasets/audio/deepship/train/0/0_28.wav,60.0,90.0,0,train,Cargo ship,deepship
0_28,5,/datasets/audio/deepship/train/0/0_28.wav,75.0,105.0,0,train,Cargo ship,deepship
0_28,6,/datasets/audio/deepship/train/0/0_28.wav,90.0,120.0,0,train,Cargo ship,deepship
0_28,7,/datasets/audio/deepship/train/0/0_28.wav,105.0,135.0,0,train,Cargo ship,deepship
0_28,8,/datasets/audio/deepship/train/0/0_28.wav,120.0,150.0,0,train,Cargo ship,deepship
0_28,9,/datasets/audio/deepship/train/0/0_28.wav,135.0,165.0,0,train,Cargo ship,deepship
0_28,10,/datasets/audio/deepship/train/0/0_28.wav,150.0,180.0,0,train,Cargo ship,deepship
0_28,11,/datasets/audio/deepship/train/0/0_28.wav,165.0,195.0,0,train,Cargo ship,deepship
0_28,12,/datasets/audio/deepship/train/0/0_28.wav,180.0,210.0,0,train,Cargo ship,deepship
0_28,13,/datasets/audio/deepship/train/0/0_28.wav,195.0,225.0,0,train,Cargo ship,deepship
0_28,14,/datasets/audio/deepship/train/0/0_28.wav,210.0,240.0,0,train,Cargo ship,deepship
0_28,15,/datasets/audio/deepship/train/0/0_28.wav,225.0,255.0,0,train,Cargo ship,deepship
0_28,16,/datasets/audio/deepship/train/0/0_28.wav,240.0,270.0,0,train,Cargo ship,deepship
0_28,17,/datasets/audio/deepship/train/0/0_28.wav,255.0,285.0,0,train,Cargo ship,deepship
0_28,18,/datasets/audio/deepship/train/0/0_28.wav,270.0,300.0,0,train,Cargo ship,deepship
0_28,19,/datasets/audio/deepship/train/0/0_28.wav,285.0,315.0,0,train,Cargo ship,deepship
0_28,20,/datasets/audio/deepship/train/0/0_28.wav,300.0,330.0,0,train,Cargo ship,deepship
0_28,21,/datasets/audio/deepship/train/0/0_28.wav,315.0,345.0,0,train,Cargo ship,deepship
0_28,22,/datasets/audio/deepship/train/0/0_28.wav,330.0,360.0,0,train,Cargo ship,deepship
0_28,23,/datasets/audio/deepship/train/0/0_28.wav,345.0,375.0,0,train,Cargo ship,deepship
0_28,24,/datasets/audio/deepship/train/0/0_28.wav,360.0,390.0,0,train,Cargo ship,deepship
0_28,25,/datasets/audio/deepship/train/0/0_28.wav,375.0,405.0,0,train,Cargo ship,deepship
0_28,26,/datasets/audio/deepship/train/0/0_28.wav,390.0,420.0,0,train,Cargo ship,deepship
0_28,27,/datasets/audio/deepship/train/0/0_28.wav,405.0,435.0,0,train,Cargo ship,deepship
0_28,28,/datasets/audio/deepship/train/0/0_28.wav,420.0,450.0,0,train,Cargo ship,deepship
0_28,29,/datasets/audio/deepship/train/0/0_28.wav,435.0,465.0,0,train,Cargo ship,deepship
0_28,30,/datasets/audio/deepship/train/0/0_28.wav,450.0,480.0,0,train,Cargo ship,deepship
0_28,31,/datasets/audio/deepship/train/0/0_28.wav,458.0,488.0,0,train,Cargo ship,deepship
0_29,0,/datasets/audio/deepship/train/0/0_29.wav,0.0,30.0,0,train,Cargo ship,deepship
0_29,1,/datasets/audio/deepship/train/0/0_29.wav,15.0,45.0,0,train,Cargo ship,deepship
0_29,2,/datasets/audio/deepship/train/0/0_29.wav,30.0,60.0,0,train,Cargo ship,deepship
0_29,3,/datasets/audio/deepship/train/0/0_29.wav,45.0,75.0,0,train,Cargo ship,deepship
0_29,4,/datasets/audio/deepship/train/0/0_29.wav,60.0,90.0,0,train,Cargo ship,deepship
0_29,5,/datasets/audio/deepship/train/0/0_29.wav,75.0,105.0,0,train,Cargo ship,deepship
0_29,6,/datasets/audio/deepship/train/0/0_29.wav,90.0,120.0,0,train,Cargo ship,deepship
0_29,7,/datasets/audio/deepship/train/0/0_29.wav,105.0,135.0,0,train,Cargo ship,deepship
0_29,8,/datasets/audio/deepship/train/0/0_29.wav,120.0,150.0,0,train,Cargo ship,deepship
0_29,9,/datasets/audio/deepship/train/0/0_29.wav,135.0,165.0,0,train,Cargo ship,deepship
0_29,10,/datasets/audio/deepship/train/0/0_29.wav,150.0,180.0,0,train,Cargo ship,deepship
0_29,11,/datasets/audio/deepship/train/0/0_29.wav,165.0,195.0,0,train,Cargo ship,deepship
0_29,12,/datasets/audio/deepship/train/0/0_29.wav,180.0,210.0,0,train,Cargo ship,deepship
0_29,13,/datasets/audio/deepship/train/0/0_29.wav,195.0,225.0,0,train,Cargo ship,deepship
0_29,14,/datasets/audio/deepship/train/0/0_29.wav,210.0,240.0,0,train,Cargo ship,deepship
0_29,15,/datasets/audio/deepship/train/0/0_29.wav,225.0,255.0,0,train,Cargo ship,deepship
0_29,16,/datasets/audio/deepship/train/0/0_29.wav,240.0,270.0,0,train,Cargo ship,deepship
0_29,17,/datasets/audio/deepship/train/0/0_29.wav,255.0,285.0,0,train,Cargo ship,deepship
0_29,18,/datasets/audio/deepship/train/0/0_29.wav,270.0,300.0,0,train,Cargo ship,deepship
0_29,19,/datasets/audio/deepship/train/0/0_29.wav,285.0,315.0,0,train,Cargo ship,deepship
0_29,20,/datasets/audio/deepship/train/0/0_29.wav,300.0,330.0,0,train,Cargo ship,deepship
0_29,21,/datasets/audio/deepship/train/0/0_29.wav,309.0,339.0,0,train,Cargo ship,deepship
0_3,0,/datasets/audio/deepship/train/0/0_3.wav,0.0,30.0,0,train,Cargo ship,deepship
0_3,1,/datasets/audio/deepship/train/0/0_3.wav,15.0,45.0,0,train,Cargo ship,deepship
0_3,2,/datasets/audio/deepship/train/0/0_3.wav,30.0,60.0,0,train,Cargo ship,deepship
0_3,3,/datasets/audio/deepship/train/0/0_3.wav,45.0,75.0,0,train,Cargo ship,deepship
0_3,4,/datasets/audio/deepship/train/0/0_3.wav,60.0,90.0,0,train,Cargo ship,deepship
0_3,5,/datasets/audio/deepship/train/0/0_3.wav,75.0,105.0,0,train,Cargo ship,deepship
0_3,6,/datasets/audio/deepship/train/0/0_3.wav,90.0,120.0,0,train,Cargo ship,deepship
0_3,7,/datasets/audio/deepship/train/0/0_3.wav,105.0,135.0,0,train,Cargo ship,deepship
0_3,8,/datasets/audio/deepship/train/0/0_3.wav,120.0,150.0,0,train,Cargo ship,deepship
0_3,9,/datasets/audio/deepship/train/0/0_3.wav,135.0,165.0,0,train,Cargo ship,deepship
0_3,10,/datasets/audio/deepship/train/0/0_3.wav,150.0,180.0,0,train,Cargo ship,deepship
0_3,11,/datasets/audio/deepship/train/0/0_3.wav,165.0,195.0,0,train,Cargo ship,deepship
0_3,12,/datasets/audio/deepship/train/0/0_3.wav,180.0,210.0,0,train,Cargo ship,deepship
0_3,13,/datasets/audio/deepship/train/0/0_3.wav,195.0,225.0,0,train,Cargo ship,deepship
0_3,14,/datasets/audio/deepship/train/0/0_3.wav,210.0,240.0,0,train,Cargo ship,deepship
0_3,15,/datasets/audio/deepship/train/0/0_3.wav,225.0,255.0,0,train,Cargo ship,deepship
0_3,16,/datasets/audio/deepship/train/0/0_3.wav,240.0,270.0,0,train,Cargo ship,deepship
0_3,17,/datasets/audio/deepship/train/0/0_3.wav,255.0,285.0,0,train,Cargo ship,deepship
0_3,18,/datasets/audio/deepship/train/0/0_3.wav,267.0,297.0,0,train,Cargo ship,deepship
0_31,0,/datasets/audio/deepship/train/0/0_31.wav,0.0,30.0,0,train,Cargo ship,deepship
0_31,1,/datasets/audio/deepship/train/0/0_31.wav,15.0,45.0,0,train,Cargo ship,deepship
0_31,2,/datasets/audio/deepship/train/0/0_31.wav,30.0,60.0,0,train,Cargo ship,deepship
0_31,3,/datasets/audio/deepship/train/0/0_31.wav,45.0,75.0,0,train,Cargo ship,deepship
0_31,4,/datasets/audio/deepship/train/0/0_31.wav,60.0,90.0,0,train,Cargo ship,deepship
0_31,5,/datasets/audio/deepship/train/0/0_31.wav,75.0,105.0,0,train,Cargo ship,deepship
0_31,6,/datasets/audio/deepship/train/0/0_31.wav,90.0,120.0,0,train,Cargo ship,deepship
0_31,7,/datasets/audio/deepship/train/0/0_31.wav,105.0,135.0,0,train,Cargo ship,deepship
0_31,8,/datasets/audio/deepship/train/0/0_31.wav,120.0,150.0,0,train,Cargo ship,deepship
0_31,9,/datasets/audio/deepship/train/0/0_31.wav,135.0,165.0,0,train,Cargo ship,deepship
0_31,10,/datasets/audio/deepship/train/0/0_31.wav,150.0,180.0,0,train,Cargo ship,deepship
0_31,11,/datasets/audio/deepship/train/0/0_31.wav,165.0,195.0,0,train,Cargo ship,deepship
0_31,12,/datasets/audio/deepship/train/0/0_31.wav,180.0,210.0,0,train,Cargo ship,deepship
0_31,13,/datasets/audio/deepship/train/0/0_31.wav,195.0,225.0,0,train,Cargo ship,deepship
0_31,14,/datasets/audio/deepship/train/0/0_31.wav,210.0,240.0,0,train,Cargo ship,deepship
0_31,15,/datasets/audio/deepship/train/0/0_31.wav,225.0,255.0,0,train,Cargo ship,deepship
0_31,16,/datasets/audio/deepship/train/0/0_31.wav,240.0,270.0,0,train,Cargo ship,deepship
0_31,17,/datasets/audio/deepship/train/0/0_31.wav,255.0,285.0,0,train,Cargo ship,deepship
0_31,18,/datasets/audio/deepship/train/0/0_31.wav,270.0,300.0,0,train,Cargo ship,deepship
0_31,19,/datasets/audio/deepship/train/0/0_31.wav,285.0,315.0,0,train,Cargo ship,deepship
0_31,20,/datasets/audio/deepship/train/0/0_31.wav,300.0,330.0,0,train,Cargo ship,deepship
0_31,21,/datasets/audio/deepship/train/0/0_31.wav,315.0,345.0,0,train,Cargo ship,deepship
0_31,22,/datasets/audio/deepship/train/0/0_31.wav,330.0,360.0,0,train,Cargo ship,deepship
0_31,23,/datasets/audio/deepship/train/0/0_31.wav,345.0,375.0,0,train,Cargo ship,deepship
0_31,24,/datasets/audio/deepship/train/0/0_31.wav,360.0,390.0,0,train,Cargo ship,deepship
0_31,25,/datasets/audio/deepship/train/0/0_31.wav,375.0,405.0,0,train,Cargo ship,deepship
0_31,26,/datasets/audio/deepship/train/0/0_31.wav,390.0,420.0,0,train,Cargo ship,deepship
0_31,27,/datasets/audio/deepship/train/0/0_31.wav,405.0,435.0,0,train,Cargo ship,deepship
0_31,28,/datasets/audio/deepship/train/0/0_31.wav,420.0,450.0,0,train,Cargo ship,deepship
0_31,29,/datasets/audio/deepship/train/0/0_31.wav,435.0,465.0,0,train,Cargo ship,deepship
0_31,30,/datasets/audio/deepship/train/0/0_31.wav,450.0,480.0,0,train,Cargo ship,deepship
0_31,31,/datasets/audio/deepship/train/0/0_31.wav,465.0,495.0,0,train,Cargo ship,deepship
0_31,32,/datasets/audio/deepship/train/0/0_31.wav,480.0,510.0,0,train,Cargo ship,deepship
0_31,33,/datasets/audio/deepship/train/0/0_31.wav,495.0,525.0,0,train,Cargo ship,deepship
0_31,34,/datasets/audio/deepship/train/0/0_31.wav,510.0,540.0,0,train,Cargo ship,deepship
0_31,35,/datasets/audio/deepship/train/0/0_31.wav,525.0,555.0,0,train,Cargo ship,deepship
0_31,36,/datasets/audio/deepship/train/0/0_31.wav,540.0,570.0,0,train,Cargo ship,deepship
0_31,37,/datasets/audio/deepship/train/0/0_31.wav,555.0,585.0,0,train,Cargo ship,deepship
0_31,38,/datasets/audio/deepship/train/0/0_31.wav,570.0,600.0,0,train,Cargo ship,deepship
0_31,39,/datasets/audio/deepship/train/0/0_31.wav,585.0,615.0,0,train,Cargo ship,deepship
0_31,40,/datasets/audio/deepship/train/0/0_31.wav,600.0,630.0,0,train,Cargo ship,deepship
0_31,41,/datasets/audio/deepship/train/0/0_31.wav,615.0,645.0,0,train,Cargo ship,deepship
0_31,42,/datasets/audio/deepship/train/0/0_31.wav,630.0,660.0,0,train,Cargo ship,deepship
0_31,43,/datasets/audio/deepship/train/0/0_31.wav,645.0,675.0,0,train,Cargo ship,deepship
0_31,44,/datasets/audio/deepship/train/0/0_31.wav,660.0,690.0,0,train,Cargo ship,deepship
0_31,45,/datasets/audio/deepship/train/0/0_31.wav,675.0,705.0,0,train,Cargo ship,deepship
0_31,46,/datasets/audio/deepship/train/0/0_31.wav,690.0,720.0,0,train,Cargo ship,deepship
0_31,47,/datasets/audio/deepship/train/0/0_31.wav,705.0,735.0,0,train,Cargo ship,deepship
0_31,48,/datasets/audio/deepship/train/0/0_31.wav,720.0,750.0,0,train,Cargo ship,deepship
0_31,49,/datasets/audio/deepship/train/0/0_31.wav,735.0,765.0,0,train,Cargo ship,deepship
0_31,50,/datasets/audio/deepship/train/0/0_31.wav,750.0,780.0,0,train,Cargo ship,deepship
0_31,51,/datasets/audio/deepship/train/0/0_31.wav,765.0,795.0,0,train,Cargo ship,deepship
0_31,52,/datasets/audio/deepship/train/0/0_31.wav,780.0,810.0,0,train,Cargo ship,deepship
0_31,53,/datasets/audio/deepship/train/0/0_31.wav,795.0,825.0,0,train,Cargo ship,deepship
0_31,54,/datasets/audio/deepship/train/0/0_31.wav,810.0,840.0,0,train,Cargo ship,deepship
0_31,55,/datasets/audio/deepship/train/0/0_31.wav,825.0,855.0,0,train,Cargo ship,deepship
0_31,56,/datasets/audio/deepship/train/0/0_31.wav,840.0,870.0,0,train,Cargo ship,deepship
0_31,57,/datasets/audio/deepship/train/0/0_31.wav,855.0,885.0,0,train,Cargo ship,deepship
0_31,58,/datasets/audio/deepship/train/0/0_31.wav,870.0,900.0,0,train,Cargo ship,deepship
0_31,59,/datasets/audio/deepship/train/0/0_31.wav,885.0,915.0,0,train,Cargo ship,deepship
0_31,60,/datasets/audio/deepship/train/0/0_31.wav,900.0,930.0,0,train,Cargo ship,deepship
0_31,61,/datasets/audio/deepship/train/0/0_31.wav,915.0,945.0,0,train,Cargo ship,deepship
0_31,62,/datasets/audio/deepship/train/0/0_31.wav,930.0,960.0,0,train,Cargo ship,deepship
0_31,63,/datasets/audio/deepship/train/0/0_31.wav,945.0,975.0,0,train,Cargo ship,deepship
0_31,64,/datasets/audio/deepship/train/0/0_31.wav,960.0,990.0,0,train,Cargo ship,deepship
0_31,65,/datasets/audio/deepship/train/0/0_31.wav,975.0,1005.0,0,train,Cargo ship,deepship
0_31,66,/datasets/audio/deepship/train/0/0_31.wav,990.0,1020.0,0,train,Cargo ship,deepship
0_33,0,/datasets/audio/deepship/train/0/0_33.wav,0.0,30.0,0,train,Cargo ship,deepship
0_33,1,/datasets/audio/deepship/train/0/0_33.wav,15.0,45.0,0,train,Cargo ship,deepship
0_33,2,/datasets/audio/deepship/train/0/0_33.wav,30.0,60.0,0,train,Cargo ship,deepship
0_33,3,/datasets/audio/deepship/train/0/0_33.wav,45.0,75.0,0,train,Cargo ship,deepship
0_33,4,/datasets/audio/deepship/train/0/0_33.wav,60.0,90.0,0,train,Cargo ship,deepship
0_33,5,/datasets/audio/deepship/train/0/0_33.wav,75.0,105.0,0,train,Cargo ship,deepship
0_33,6,/datasets/audio/deepship/train/0/0_33.wav,90.0,120.0,0,train,Cargo ship,deepship
0_33,7,/datasets/audio/deepship/train/0/0_33.wav,105.0,135.0,0,train,Cargo ship,deepship
0_33,8,/datasets/audio/deepship/train/0/0_33.wav,120.0,150.0,0,train,Cargo ship,deepship
0_33,9,/datasets/audio/deepship/train/0/0_33.wav,135.0,165.0,0,train,Cargo ship,deepship
0_33,10,/datasets/audio/deepship/train/0/0_33.wav,150.0,180.0,0,train,Cargo ship,deepship
0_33,11,/datasets/audio/deepship/train/0/0_33.wav,165.0,195.0,0,train,Cargo ship,deepship
0_33,12,/datasets/audio/deepship/train/0/0_33.wav,180.0,210.0,0,train,Cargo ship,deepship
0_33,13,/datasets/audio/deepship/train/0/0_33.wav,195.0,225.0,0,train,Cargo ship,deepship
0_33,14,/datasets/audio/deepship/train/0/0_33.wav,210.0,240.0,0,train,Cargo ship,deepship
0_33,15,/datasets/audio/deepship/train/0/0_33.wav,225.0,255.0,0,train,Cargo ship,deepship
0_33,16,/datasets/audio/deepship/train/0/0_33.wav,240.0,270.0,0,train,Cargo ship,deepship
0_33,17,/datasets/audio/deepship/train/0/0_33.wav,255.0,285.0,0,train,Cargo ship,deepship
0_33,18,/datasets/audio/deepship/train/0/0_33.wav,270.0,300.0,0,train,Cargo ship,deepship
0_33,19,/datasets/audio/deepship/train/0/0_33.wav,285.0,315.0,0,train,Cargo ship,deepship
0_33,20,/datasets/audio/deepship/train/0/0_33.wav,300.0,330.0,0,train,Cargo ship,deepship
0_33,21,/datasets/audio/deepship/train/0/0_33.wav,315.0,345.0,0,train,Cargo ship,deepship
0_33,22,/datasets/audio/deepship/train/0/0_33.wav,317.0,347.0,0,train,Cargo ship,deepship
0_34,0,/datasets/audio/deepship/train/0/0_34.wav,0.0,30.0,0,train,Cargo ship,deepship
0_34,1,/datasets/audio/deepship/train/0/0_34.wav,15.0,45.0,0,train,Cargo ship,deepship
0_34,2,/datasets/audio/deepship/train/0/0_34.wav,30.0,60.0,0,train,Cargo ship,deepship
0_34,3,/datasets/audio/deepship/train/0/0_34.wav,45.0,75.0,0,train,Cargo ship,deepship
0_34,4,/datasets/audio/deepship/train/0/0_34.wav,60.0,90.0,0,train,Cargo ship,deepship
0_34,5,/datasets/audio/deepship/train/0/0_34.wav,75.0,105.0,0,train,Cargo ship,deepship
0_34,6,/datasets/audio/deepship/train/0/0_34.wav,90.0,120.0,0,train,Cargo ship,deepship
0_34,7,/datasets/audio/deepship/train/0/0_34.wav,105.0,135.0,0,train,Cargo ship,deepship
0_34,8,/datasets/audio/deepship/train/0/0_34.wav,120.0,150.0,0,train,Cargo ship,deepship
0_34,9,/datasets/audio/deepship/train/0/0_34.wav,135.0,165.0,0,train,Cargo ship,deepship
0_34,10,/datasets/audio/deepship/train/0/0_34.wav,150.0,180.0,0,train,Cargo ship,deepship
0_34,11,/datasets/audio/deepship/train/0/0_34.wav,165.0,195.0,0,train,Cargo ship,deepship
0_34,12,/datasets/audio/deepship/train/0/0_34.wav,180.0,210.0,0,train,Cargo ship,deepship
0_34,13,/datasets/audio/deepship/train/0/0_34.wav,195.0,225.0,0,train,Cargo ship,deepship
0_34,14,/datasets/audio/deepship/train/0/0_34.wav,210.0,240.0,0,train,Cargo ship,deepship
0_34,15,/datasets/audio/deepship/train/0/0_34.wav,225.0,255.0,0,train,Cargo ship,deepship
0_34,16,/datasets/audio/deepship/train/0/0_34.wav,240.0,270.0,0,train,Cargo ship,deepship
0_34,17,/datasets/audio/deepship/train/0/0_34.wav,255.0,285.0,0,train,Cargo ship,deepship
0_34,18,/datasets/audio/deepship/train/0/0_34.wav,270.0,300.0,0,train,Cargo ship,deepship
0_34,19,/datasets/audio/deepship/train/0/0_34.wav,285.0,315.0,0,train,Cargo ship,deepship
0_34,20,/datasets/audio/deepship/train/0/0_34.wav,300.0,330.0,0,train,Cargo ship,deepship
0_34,21,/datasets/audio/deepship/train/0/0_34.wav,315.0,345.0,0,train,Cargo ship,deepship
0_34,22,/datasets/audio/deepship/train/0/0_34.wav,330.0,360.0,0,train,Cargo ship,deepship
0_34,23,/datasets/audio/deepship/train/0/0_34.wav,345.0,375.0,0,train,Cargo ship,deepship
0_34,24,/datasets/audio/deepship/train/0/0_34.wav,360.0,390.0,0,train,Cargo ship,deepship
0_36,0,/datasets/audio/deepship/train/0/0_36.wav,0.0,30.0,0,train,Cargo ship,deepship
0_36,1,/datasets/audio/deepship/train/0/0_36.wav,15.0,45.0,0,train,Cargo ship,deepship
0_36,2,/datasets/audio/deepship/train/0/0_36.wav,30.0,60.0,0,train,Cargo ship,deepship
0_36,3,/datasets/audio/deepship/train/0/0_36.wav,45.0,75.0,0,train,Cargo ship,deepship
0_36,4,/datasets/audio/deepship/train/0/0_36.wav,60.0,90.0,0,train,Cargo ship,deepship
0_36,5,/datasets/audio/deepship/train/0/0_36.wav,75.0,105.0,0,train,Cargo ship,deepship
0_36,6,/datasets/audio/deepship/train/0/0_36.wav,90.0,120.0,0,train,Cargo ship,deepship
0_36,7,/datasets/audio/deepship/train/0/0_36.wav,105.0,135.0,0,train,Cargo ship,deepship
0_36,8,/datasets/audio/deepship/train/0/0_36.wav,120.0,150.0,0,train,Cargo ship,deepship
0_36,9,/datasets/audio/deepship/train/0/0_36.wav,135.0,165.0,0,train,Cargo ship,deepship
0_36,10,/datasets/audio/deepship/train/0/0_36.wav,150.0,180.0,0,train,Cargo ship,deepship
0_36,11,/datasets/audio/deepship/train/0/0_36.wav,165.0,195.0,0,train,Cargo ship,deepship
0_36,12,/datasets/audio/deepship/train/0/0_36.wav,180.0,210.0,0,train,Cargo ship,deepship
0_36,13,/datasets/audio/deepship/train/0/0_36.wav,195.0,225.0,0,train,Cargo ship,deepship
0_36,14,/datasets/audio/deepship/train/0/0_36.wav,210.0,240.0,0,train,Cargo ship,deepship
0_36,15,/datasets/audio/deepship/train/0/0_36.wav,225.0,255.0,0,train,Cargo ship,deepship
0_36,16,/datasets/audio/deepship/train/0/0_36.wav,237.0,267.0,0,train,Cargo ship,deepship
0_37,0,/datasets/audio/deepship/train/0/0_37.wav,0.0,30.0,0,train,Cargo ship,deepship
0_37,1,/datasets/audio/deepship/train/0/0_37.wav,15.0,45.0,0,train,Cargo ship,deepship
0_37,2,/datasets/audio/deepship/train/0/0_37.wav,30.0,60.0,0,train,Cargo ship,deepship
0_37,3,/datasets/audio/deepship/train/0/0_37.wav,45.0,75.0,0,train,Cargo ship,deepship
0_37,4,/datasets/audio/deepship/train/0/0_37.wav,60.0,90.0,0,train,Cargo ship,deepship
0_37,5,/datasets/audio/deepship/train/0/0_37.wav,75.0,105.0,0,train,Cargo ship,deepship
0_37,6,/datasets/audio/deepship/train/0/0_37.wav,90.0,120.0,0,train,Cargo ship,deepship
0_37,7,/datasets/audio/deepship/train/0/0_37.wav,105.0,135.0,0,train,Cargo ship,deepship
0_37,8,/datasets/audio/deepship/train/0/0_37.wav,120.0,150.0,0,train,Cargo ship,deepship
0_37,9,/datasets/audio/deepship/train/0/0_37.wav,135.0,165.0,0,train,Cargo ship,deepship
0_37,10,/datasets/audio/deepship/train/0/0_37.wav,150.0,180.0,0,train,Cargo ship,deepship
0_37,11,/datasets/audio/deepship/train/0/0_37.wav,165.0,195.0,0,train,Cargo ship,deepship
0_37,12,/datasets/audio/deepship/train/0/0_37.wav,180.0,210.0,0,train,Cargo ship,deepship
0_37,13,/datasets/audio/deepship/train/0/0_37.wav,195.0,225.0,0,train,Cargo ship,deepship
0_37,14,/datasets/audio/deepship/train/0/0_37.wav,210.0,240.0,0,train,Cargo ship,deepship
0_37,15,/datasets/audio/deepship/train/0/0_37.wav,225.0,255.0,0,train,Cargo ship,deepship
0_37,16,/datasets/audio/deepship/train/0/0_37.wav,240.0,270.0,0,train,Cargo ship,deepship
0_37,17,/datasets/audio/deepship/train/0/0_37.wav,255.0,285.0,0,train,Cargo ship,deepship
0_37,18,/datasets/audio/deepship/train/0/0_37.wav,270.0,300.0,0,train,Cargo ship,deepship
0_37,19,/datasets/audio/deepship/train/0/0_37.wav,285.0,315.0,0,train,Cargo ship,deepship
0_37,20,/datasets/audio/deepship/train/0/0_37.wav,300.0,330.0,0,train,Cargo ship,deepship
0_37,21,/datasets/audio/deepship/train/0/0_37.wav,315.0,345.0,0,train,Cargo ship,deepship
0_37,22,/datasets/audio/deepship/train/0/0_37.wav,330.0,360.0,0,train,Cargo ship,deepship
0_37,23,/datasets/audio/deepship/train/0/0_37.wav,345.0,375.0,0,train,Cargo ship,deepship
0_37,24,/datasets/audio/deepship/train/0/0_37.wav,360.0,390.0,0,train,Cargo ship,deepship
0_37,25,/datasets/audio/deepship/train/0/0_37.wav,375.0,405.0,0,train,Cargo ship,deepship
0_37,26,/datasets/audio/deepship/train/0/0_37.wav,390.0,420.0,0,train,Cargo ship,deepship
0_37,27,/datasets/audio/deepship/train/0/0_37.wav,405.0,435.0,0,train,Cargo ship,deepship
0_37,28,/datasets/audio/deepship/train/0/0_37.wav,420.0,450.0,0,train,Cargo ship,deepship
0_37,29,/datasets/audio/deepship/train/0/0_37.wav,435.0,465.0,0,train,Cargo ship,deepship
0_38,0,/datasets/audio/deepship/train/0/0_38.wav,0.0,30.0,0,train,Cargo ship,deepship
0_38,1,/datasets/audio/deepship/train/0/0_38.wav,15.0,45.0,0,train,Cargo ship,deepship
0_38,2,/datasets/audio/deepship/train/0/0_38.wav,30.0,60.0,0,train,Cargo ship,deepship
0_38,3,/datasets/audio/deepship/train/0/0_38.wav,45.0,75.0,0,train,Cargo ship,deepship
0_38,4,/datasets/audio/deepship/train/0/0_38.wav,60.0,90.0,0,train,Cargo ship,deepship
0_38,5,/datasets/audio/deepship/train/0/0_38.wav,75.0,105.0,0,train,Cargo ship,deepship
0_38,6,/datasets/audio/deepship/train/0/0_38.wav,90.0,120.0,0,train,Cargo ship,deepship
0_38,7,/datasets/audio/deepship/train/0/0_38.wav,105.0,135.0,0,train,Cargo ship,deepship
0_38,8,/datasets/audio/deepship/train/0/0_38.wav,120.0,150.0,0,train,Cargo ship,deepship
0_38,9,/datasets/audio/deepship/train/0/0_38.wav,135.0,165.0,0,train,Cargo ship,deepship
0_38,10,/datasets/audio/deepship/train/0/0_38.wav,150.0,180.0,0,train,Cargo ship,deepship
0_38,11,/datasets/audio/deepship/train/0/0_38.wav,165.0,195.0,0,train,Cargo ship,deepship
0_38,12,/datasets/audio/deepship/train/0/0_38.wav,166.0,196.0,0,train,Cargo ship,deepship
0_39,0,/datasets/audio/deepship/train/0/0_39.wav,0.0,30.0,0,train,Cargo ship,deepship
0_39,1,/datasets/audio/deepship/train/0/0_39.wav,15.0,45.0,0,train,Cargo ship,deepship
0_39,2,/datasets/audio/deepship/train/0/0_39.wav,30.0,60.0,0,train,Cargo ship,deepship
0_39,3,/datasets/audio/deepship/train/0/0_39.wav,45.0,75.0,0,train,Cargo ship,deepship
0_39,4,/datasets/audio/deepship/train/0/0_39.wav,60.0,90.0,0,train,Cargo ship,deepship
0_39,5,/datasets/audio/deepship/train/0/0_39.wav,75.0,105.0,0,train,Cargo ship,deepship
0_39,6,/datasets/audio/deepship/train/0/0_39.wav,90.0,120.0,0,train,Cargo ship,deepship
0_39,7,/datasets/audio/deepship/train/0/0_39.wav,105.0,135.0,0,train,Cargo ship,deepship
0_39,8,/datasets/audio/deepship/train/0/0_39.wav,120.0,150.0,0,train,Cargo ship,deepship
0_39,9,/datasets/audio/deepship/train/0/0_39.wav,135.0,165.0,0,train,Cargo ship,deepship
0_39,10,/datasets/audio/deepship/train/0/0_39.wav,150.0,180.0,0,train,Cargo ship,deepship
0_39,11,/datasets/audio/deepship/train/0/0_39.wav,165.0,195.0,0,train,Cargo ship,deepship
0_39,12,/datasets/audio/deepship/train/0/0_39.wav,180.0,210.0,0,train,Cargo ship,deepship
0_39,13,/datasets/audio/deepship/train/0/0_39.wav,195.0,225.0,0,train,Cargo ship,deepship
0_39,14,/datasets/audio/deepship/train/0/0_39.wav,210.0,240.0,0,train,Cargo ship,deepship
0_39,15,/datasets/audio/deepship/train/0/0_39.wav,225.0,255.0,0,train,Cargo ship,deepship
0_39,16,/datasets/audio/deepship/train/0/0_39.wav,240.0,270.0,0,train,Cargo ship,deepship
0_39,17,/datasets/audio/deepship/train/0/0_39.wav,255.0,285.0,0,train,Cargo ship,deepship
0_39,18,/datasets/audio/deepship/train/0/0_39.wav,270.0,300.0,0,train,Cargo ship,deepship
0_39,19,/datasets/audio/deepship/train/0/0_39.wav,285.0,315.0,0,train,Cargo ship,deepship
0_39,20,/datasets/audio/deepship/train/0/0_39.wav,300.0,330.0,0,train,Cargo ship,deepship
0_39,21,/datasets/audio/deepship/train/0/0_39.wav,315.0,345.0,0,train,Cargo ship,deepship
0_39,22,/datasets/audio/deepship/train/0/0_39.wav,318.0,348.0,0,train,Cargo ship,deepship
0_41,0,/datasets/audio/deepship/train/0/0_41.wav,0.0,30.0,0,train,Cargo ship,deepship
0_41,1,/datasets/audio/deepship/train/0/0_41.wav,15.0,45.0,0,train,Cargo ship,deepship
0_41,2,/datasets/audio/deepship/train/0/0_41.wav,30.0,60.0,0,train,Cargo ship,deepship
0_41,3,/datasets/audio/deepship/train/0/0_41.wav,45.0,75.0,0,train,Cargo ship,deepship
0_41,4,/datasets/audio/deepship/train/0/0_41.wav,60.0,90.0,0,train,Cargo ship,deepship
0_41,5,/datasets/audio/deepship/train/0/0_41.wav,75.0,105.0,0,train,Cargo ship,deepship
0_41,6,/datasets/audio/deepship/train/0/0_41.wav,90.0,120.0,0,train,Cargo ship,deepship
0_41,7,/datasets/audio/deepship/train/0/0_41.wav,105.0,135.0,0,train,Cargo ship,deepship
0_41,8,/datasets/audio/deepship/train/0/0_41.wav,120.0,150.0,0,train,Cargo ship,deepship
0_41,9,/datasets/audio/deepship/train/0/0_41.wav,135.0,165.0,0,train,Cargo ship,deepship
0_41,10,/datasets/audio/deepship/train/0/0_41.wav,150.0,180.0,0,train,Cargo ship,deepship
0_41,11,/datasets/audio/deepship/train/0/0_41.wav,153.0,183.0,0,train,Cargo ship,deepship
0_42,0,/datasets/audio/deepship/train/0/0_42.wav,0.0,30.0,0,train,Cargo ship,deepship
0_42,1,/datasets/audio/deepship/train/0/0_42.wav,15.0,45.0,0,train,Cargo ship,deepship
0_42,2,/datasets/audio/deepship/train/0/0_42.wav,30.0,60.0,0,train,Cargo ship,deepship
0_42,3,/datasets/audio/deepship/train/0/0_42.wav,45.0,75.0,0,train,Cargo ship,deepship
0_42,4,/datasets/audio/deepship/train/0/0_42.wav,60.0,90.0,0,train,Cargo ship,deepship
0_42,5,/datasets/audio/deepship/train/0/0_42.wav,75.0,105.0,0,train,Cargo ship,deepship
0_42,6,/datasets/audio/deepship/train/0/0_42.wav,90.0,120.0,0,train,Cargo ship,deepship
0_42,7,/datasets/audio/deepship/train/0/0_42.wav,105.0,135.0,0,train,Cargo ship,deepship
0_42,8,/datasets/audio/deepship/train/0/0_42.wav,120.0,150.0,0,train,Cargo ship,deepship
0_42,9,/datasets/audio/deepship/train/0/0_42.wav,135.0,165.0,0,train,Cargo ship,deepship
0_42,10,/datasets/audio/deepship/train/0/0_42.wav,150.0,180.0,0,train,Cargo ship,deepship
0_42,11,/datasets/audio/deepship/train/0/0_42.wav,165.0,195.0,0,train,Cargo ship,deepship
0_42,12,/datasets/audio/deepship/train/0/0_42.wav,180.0,210.0,0,train,Cargo ship,deepship
0_42,13,/datasets/audio/deepship/train/0/0_42.wav,195.0,225.0,0,train,Cargo ship,deepship
0_42,14,/datasets/audio/deepship/train/0/0_42.wav,210.0,240.0,0,train,Cargo ship,deepship
0_42,15,/datasets/audio/deepship/train/0/0_42.wav,225.0,255.0,0,train,Cargo ship,deepship
0_42,16,/datasets/audio/deepship/train/0/0_42.wav,240.0,270.0,0,train,Cargo ship,deepship
0_42,17,/datasets/audio/deepship/train/0/0_42.wav,255.0,285.0,0,train,Cargo ship,deepship
0_42,18,/datasets/audio/deepship/train/0/0_42.wav,270.0,300.0,0,train,Cargo ship,deepship
0_42,19,/datasets/audio/deepship/train/0/0_42.wav,285.0,315.0,0,train,Cargo ship,deepship
0_42,20,/datasets/audio/deepship/train/0/0_42.wav,300.0,330.0,0,train,Cargo ship,deepship
0_42,21,/datasets/audio/deepship/train/0/0_42.wav,315.0,345.0,0,train,Cargo ship,deepship
0_42,22,/datasets/audio/deepship/train/0/0_42.wav,330.0,360.0,0,train,Cargo ship,deepship
0_42,23,/datasets/audio/deepship/train/0/0_42.wav,345.0,375.0,0,train,Cargo ship,deepship
0_42,24,/datasets/audio/deepship/train/0/0_42.wav,360.0,390.0,0,train,Cargo ship,deepship
0_42,25,/datasets/audio/deepship/train/0/0_42.wav,375.0,405.0,0,train,Cargo ship,deepship
0_42,26,/datasets/audio/deepship/train/0/0_42.wav,376.0,406.0,0,train,Cargo ship,deepship
0_43,0,/datasets/audio/deepship/train/0/0_43.wav,0.0,30.0,0,train,Cargo ship,deepship
0_43,1,/datasets/audio/deepship/train/0/0_43.wav,15.0,45.0,0,train,Cargo ship,deepship
0_43,2,/datasets/audio/deepship/train/0/0_43.wav,30.0,60.0,0,train,Cargo ship,deepship
0_43,3,/datasets/audio/deepship/train/0/0_43.wav,45.0,75.0,0,train,Cargo ship,deepship
0_43,4,/datasets/audio/deepship/train/0/0_43.wav,60.0,90.0,0,train,Cargo ship,deepship
0_43,5,/datasets/audio/deepship/train/0/0_43.wav,75.0,105.0,0,train,Cargo ship,deepship
0_43,6,/datasets/audio/deepship/train/0/0_43.wav,90.0,120.0,0,train,Cargo ship,deepship
0_43,7,/datasets/audio/deepship/train/0/0_43.wav,105.0,135.0,0,train,Cargo ship,deepship
0_43,8,/datasets/audio/deepship/train/0/0_43.wav,120.0,150.0,0,train,Cargo ship,deepship
0_43,9,/datasets/audio/deepship/train/0/0_43.wav,135.0,165.0,0,train,Cargo ship,deepship
0_43,10,/datasets/audio/deepship/train/0/0_43.wav,150.0,180.0,0,train,Cargo ship,deepship
0_43,11,/datasets/audio/deepship/train/0/0_43.wav,165.0,195.0,0,train,Cargo ship,deepship
0_43,12,/datasets/audio/deepship/train/0/0_43.wav,180.0,210.0,0,train,Cargo ship,deepship
0_43,13,/datasets/audio/deepship/train/0/0_43.wav,195.0,225.0,0,train,Cargo ship,deepship
0_43,14,/datasets/audio/deepship/train/0/0_43.wav,210.0,240.0,0,train,Cargo ship,deepship
0_43,15,/datasets/audio/deepship/train/0/0_43.wav,225.0,255.0,0,train,Cargo ship,deepship
0_43,16,/datasets/audio/deepship/train/0/0_43.wav,240.0,270.0,0,train,Cargo ship,deepship
0_43,17,/datasets/audio/deepship/train/0/0_43.wav,255.0,285.0,0,train,Cargo ship,deepship
0_43,18,/datasets/audio/deepship/train/0/0_43.wav,270.0,300.0,0,train,Cargo ship,deepship
0_43,19,/datasets/audio/deepship/train/0/0_43.wav,285.0,315.0,0,train,Cargo ship,deepship
0_43,20,/datasets/audio/deepship/train/0/0_43.wav,300.0,330.0,0,train,Cargo ship,deepship
0_43,21,/datasets/audio/deepship/train/0/0_43.wav,315.0,345.0,0,train,Cargo ship,deepship
0_43,22,/datasets/audio/deepship/train/0/0_43.wav,321.0,351.0,0,train,Cargo ship,deepship
0_44,0,/datasets/audio/deepship/train/0/0_44.wav,0.0,30.0,0,train,Cargo ship,deepship
0_44,1,/datasets/audio/deepship/train/0/0_44.wav,15.0,45.0,0,train,Cargo ship,deepship
0_44,2,/datasets/audio/deepship/train/0/0_44.wav,30.0,60.0,0,train,Cargo ship,deepship
0_44,3,/datasets/audio/deepship/train/0/0_44.wav,45.0,75.0,0,train,Cargo ship,deepship
0_44,4,/datasets/audio/deepship/train/0/0_44.wav,60.0,90.0,0,train,Cargo ship,deepship
0_44,5,/datasets/audio/deepship/train/0/0_44.wav,75.0,105.0,0,train,Cargo ship,deepship
0_44,6,/datasets/audio/deepship/train/0/0_44.wav,90.0,120.0,0,train,Cargo ship,deepship
0_44,7,/datasets/audio/deepship/train/0/0_44.wav,105.0,135.0,0,train,Cargo ship,deepship
0_44,8,/datasets/audio/deepship/train/0/0_44.wav,120.0,150.0,0,train,Cargo ship,deepship
0_44,9,/datasets/audio/deepship/train/0/0_44.wav,135.0,165.0,0,train,Cargo ship,deepship
0_44,10,/datasets/audio/deepship/train/0/0_44.wav,150.0,180.0,0,train,Cargo ship,deepship
0_44,11,/datasets/audio/deepship/train/0/0_44.wav,165.0,195.0,0,train,Cargo ship,deepship
0_44,12,/datasets/audio/deepship/train/0/0_44.wav,170.0,200.0,0,train,Cargo ship,deepship
0_45,0,/datasets/audio/deepship/train/0/0_45.wav,0.0,30.0,0,train,Cargo ship,deepship
0_45,1,/datasets/audio/deepship/train/0/0_45.wav,15.0,45.0,0,train,Cargo ship,deepship
0_45,2,/datasets/audio/deepship/train/0/0_45.wav,30.0,60.0,0,train,Cargo ship,deepship
0_45,3,/datasets/audio/deepship/train/0/0_45.wav,45.0,75.0,0,train,Cargo ship,deepship
0_45,4,/datasets/audio/deepship/train/0/0_45.wav,60.0,90.0,0,train,Cargo ship,deepship
0_45,5,/datasets/audio/deepship/train/0/0_45.wav,75.0,105.0,0,train,Cargo ship,deepship
0_45,6,/datasets/audio/deepship/train/0/0_45.wav,90.0,120.0,0,train,Cargo ship,deepship
0_45,7,/datasets/audio/deepship/train/0/0_45.wav,105.0,135.0,0,train,Cargo ship,deepship
0_45,8,/datasets/audio/deepship/train/0/0_45.wav,120.0,150.0,0,train,Cargo ship,deepship
0_45,9,/datasets/audio/deepship/train/0/0_45.wav,135.0,165.0,0,train,Cargo ship,deepship
0_45,10,/datasets/audio/deepship/train/0/0_45.wav,150.0,180.0,0,train,Cargo ship,deepship
0_45,11,/datasets/audio/deepship/train/0/0_45.wav,165.0,195.0,0,train,Cargo ship,deepship
0_45,12,/datasets/audio/deepship/train/0/0_45.wav,180.0,210.0,0,train,Cargo ship,deepship
0_45,13,/datasets/audio/deepship/train/0/0_45.wav,195.0,225.0,0,train,Cargo ship,deepship
0_45,14,/datasets/audio/deepship/train/0/0_45.wav,210.0,240.0,0,train,Cargo ship,deepship
0_45,15,/datasets/audio/deepship/train/0/0_45.wav,225.0,255.0,0,train,Cargo ship,deepship
0_45,16,/datasets/audio/deepship/train/0/0_45.wav,240.0,270.0,0,train,Cargo ship,deepship
0_45,17,/datasets/audio/deepship/train/0/0_45.wav,255.0,285.0,0,train,Cargo ship,deepship
0_45,18,/datasets/audio/deepship/train/0/0_45.wav,270.0,300.0,0,train,Cargo ship,deepship
0_45,19,/datasets/audio/deepship/train/0/0_45.wav,285.0,315.0,0,train,Cargo ship,deepship
0_45,20,/datasets/audio/deepship/train/0/0_45.wav,300.0,330.0,0,train,Cargo ship,deepship
0_45,21,/datasets/audio/deepship/train/0/0_45.wav,315.0,345.0,0,train,Cargo ship,deepship
0_45,22,/datasets/audio/deepship/train/0/0_45.wav,330.0,360.0,0,train,Cargo ship,deepship
0_45,23,/datasets/audio/deepship/train/0/0_45.wav,333.0,363.0,0,train,Cargo ship,deepship
0_46,0,/datasets/audio/deepship/train/0/0_46.wav,0.0,30.0,0,train,Cargo ship,deepship
0_46,1,/datasets/audio/deepship/train/0/0_46.wav,15.0,45.0,0,train,Cargo ship,deepship
0_46,2,/datasets/audio/deepship/train/0/0_46.wav,30.0,60.0,0,train,Cargo ship,deepship
0_46,3,/datasets/audio/deepship/train/0/0_46.wav,45.0,75.0,0,train,Cargo ship,deepship
0_46,4,/datasets/audio/deepship/train/0/0_46.wav,60.0,90.0,0,train,Cargo ship,deepship
0_46,5,/datasets/audio/deepship/train/0/0_46.wav,75.0,105.0,0,train,Cargo ship,deepship
0_46,6,/datasets/audio/deepship/train/0/0_46.wav,90.0,120.0,0,train,Cargo ship,deepship
0_46,7,/datasets/audio/deepship/train/0/0_46.wav,105.0,135.0,0,train,Cargo ship,deepship
0_46,8,/datasets/audio/deepship/train/0/0_46.wav,120.0,150.0,0,train,Cargo ship,deepship
0_46,9,/datasets/audio/deepship/train/0/0_46.wav,135.0,165.0,0,train,Cargo ship,deepship
0_46,10,/datasets/audio/deepship/train/0/0_46.wav,150.0,180.0,0,train,Cargo ship,deepship
0_46,11,/datasets/audio/deepship/train/0/0_46.wav,165.0,195.0,0,train,Cargo ship,deepship
0_46,12,/datasets/audio/deepship/train/0/0_46.wav,180.0,210.0,0,train,Cargo ship,deepship
0_46,13,/datasets/audio/deepship/train/0/0_46.wav,195.0,225.0,0,train,Cargo ship,deepship
0_46,14,/datasets/audio/deepship/train/0/0_46.wav,210.0,240.0,0,train,Cargo ship,deepship
0_46,15,/datasets/audio/deepship/train/0/0_46.wav,225.0,255.0,0,train,Cargo ship,deepship
0_46,16,/datasets/audio/deepship/train/0/0_46.wav,240.0,270.0,0,train,Cargo ship,deepship
0_46,17,/datasets/audio/deepship/train/0/0_46.wav,255.0,285.0,0,train,Cargo ship,deepship
0_46,18,/datasets/audio/deepship/train/0/0_46.wav,270.0,300.0,0,train,Cargo ship,deepship
0_46,19,/datasets/audio/deepship/train/0/0_46.wav,285.0,315.0,0,train,Cargo ship,deepship
0_46,20,/datasets/audio/deepship/train/0/0_46.wav,300.0,330.0,0,train,Cargo ship,deepship
0_46,21,/datasets/audio/deepship/train/0/0_46.wav,315.0,345.0,0,train,Cargo ship,deepship
0_46,22,/datasets/audio/deepship/train/0/0_46.wav,330.0,360.0,0,train,Cargo ship,deepship
0_46,23,/datasets/audio/deepship/train/0/0_46.wav,345.0,375.0,0,train,Cargo ship,deepship
0_46,24,/datasets/audio/deepship/train/0/0_46.wav,360.0,390.0,0,train,Cargo ship,deepship
0_46,25,/datasets/audio/deepship/train/0/0_46.wav,375.0,405.0,0,train,Cargo ship,deepship
0_46,26,/datasets/audio/deepship/train/0/0_46.wav,390.0,420.0,0,train,Cargo ship,deepship
0_46,27,/datasets/audio/deepship/train/0/0_46.wav,405.0,435.0,0,train,Cargo ship,deepship
0_46,28,/datasets/audio/deepship/train/0/0_46.wav,420.0,450.0,0,train,Cargo ship,deepship
0_46,29,/datasets/audio/deepship/train/0/0_46.wav,435.0,465.0,0,train,Cargo ship,deepship
0_46,30,/datasets/audio/deepship/train/0/0_46.wav,450.0,480.0,0,train,Cargo ship,deepship
0_46,31,/datasets/audio/deepship/train/0/0_46.wav,465.0,495.0,0,train,Cargo ship,deepship
0_46,32,/datasets/audio/deepship/train/0/0_46.wav,480.0,510.0,0,train,Cargo ship,deepship
0_46,33,/datasets/audio/deepship/train/0/0_46.wav,495.0,525.0,0,train,Cargo ship,deepship
0_46,34,/datasets/audio/deepship/train/0/0_46.wav,510.0,540.0,0,train,Cargo ship,deepship
0_46,35,/datasets/audio/deepship/train/0/0_46.wav,525.0,555.0,0,train,Cargo ship,deepship
0_46,36,/datasets/audio/deepship/train/0/0_46.wav,540.0,570.0,0,train,Cargo ship,deepship
0_46,37,/datasets/audio/deepship/train/0/0_46.wav,555.0,585.0,0,train,Cargo ship,deepship
0_46,38,/datasets/audio/deepship/train/0/0_46.wav,556.0,586.0,0,train,Cargo ship,deepship
0_47,0,/datasets/audio/deepship/train/0/0_47.wav,0.0,30.0,0,train,Cargo ship,deepship
0_47,1,/datasets/audio/deepship/train/0/0_47.wav,15.0,45.0,0,train,Cargo ship,deepship
0_47,2,/datasets/audio/deepship/train/0/0_47.wav,30.0,60.0,0,train,Cargo ship,deepship
0_47,3,/datasets/audio/deepship/train/0/0_47.wav,45.0,75.0,0,train,Cargo ship,deepship
0_47,4,/datasets/audio/deepship/train/0/0_47.wav,60.0,90.0,0,train,Cargo ship,deepship
0_47,5,/datasets/audio/deepship/train/0/0_47.wav,75.0,105.0,0,train,Cargo ship,deepship
0_47,6,/datasets/audio/deepship/train/0/0_47.wav,90.0,120.0,0,train,Cargo ship,deepship
0_47,7,/datasets/audio/deepship/train/0/0_47.wav,105.0,135.0,0,train,Cargo ship,deepship
0_47,8,/datasets/audio/deepship/train/0/0_47.wav,120.0,150.0,0,train,Cargo ship,deepship
0_47,9,/datasets/audio/deepship/train/0/0_47.wav,135.0,165.0,0,train,Cargo ship,deepship
0_47,10,/datasets/audio/deepship/train/0/0_47.wav,150.0,180.0,0,train,Cargo ship,deepship
0_47,11,/datasets/audio/deepship/train/0/0_47.wav,165.0,195.0,0,train,Cargo ship,deepship
0_47,12,/datasets/audio/deepship/train/0/0_47.wav,180.0,210.0,0,train,Cargo ship,deepship
0_47,13,/datasets/audio/deepship/train/0/0_47.wav,183.0,213.0,0,train,Cargo ship,deepship
0_49,0,/datasets/audio/deepship/train/0/0_49.wav,0.0,30.0,0,train,Cargo ship,deepship
0_49,1,/datasets/audio/deepship/train/0/0_49.wav,15.0,45.0,0,train,Cargo ship,deepship
0_49,2,/datasets/audio/deepship/train/0/0_49.wav,30.0,60.0,0,train,Cargo ship,deepship
0_49,3,/datasets/audio/deepship/train/0/0_49.wav,45.0,75.0,0,train,Cargo ship,deepship
0_49,4,/datasets/audio/deepship/train/0/0_49.wav,60.0,90.0,0,train,Cargo ship,deepship
0_49,5,/datasets/audio/deepship/train/0/0_49.wav,75.0,105.0,0,train,Cargo ship,deepship
0_49,6,/datasets/audio/deepship/train/0/0_49.wav,90.0,120.0,0,train,Cargo ship,deepship
0_49,7,/datasets/audio/deepship/train/0/0_49.wav,105.0,135.0,0,train,Cargo ship,deepship
0_49,8,/datasets/audio/deepship/train/0/0_49.wav,120.0,150.0,0,train,Cargo ship,deepship
0_49,9,/datasets/audio/deepship/train/0/0_49.wav,135.0,165.0,0,train,Cargo ship,deepship
0_49,10,/datasets/audio/deepship/train/0/0_49.wav,150.0,180.0,0,train,Cargo ship,deepship
0_49,11,/datasets/audio/deepship/train/0/0_49.wav,165.0,195.0,0,train,Cargo ship,deepship
0_49,12,/datasets/audio/deepship/train/0/0_49.wav,180.0,210.0,0,train,Cargo ship,deepship
0_49,13,/datasets/audio/deepship/train/0/0_49.wav,195.0,225.0,0,train,Cargo ship,deepship
0_49,14,/datasets/audio/deepship/train/0/0_49.wav,210.0,240.0,0,train,Cargo ship,deepship
0_49,15,/datasets/audio/deepship/train/0/0_49.wav,221.0,251.0,0,train,Cargo ship,deepship
0_50,0,/datasets/audio/deepship/train/0/0_50.wav,0.0,30.0,0,train,Cargo ship,deepship
0_50,1,/datasets/audio/deepship/train/0/0_50.wav,15.0,45.0,0,train,Cargo ship,deepship
0_50,2,/datasets/audio/deepship/train/0/0_50.wav,30.0,60.0,0,train,Cargo ship,deepship
0_50,3,/datasets/audio/deepship/train/0/0_50.wav,45.0,75.0,0,train,Cargo ship,deepship
0_50,4,/datasets/audio/deepship/train/0/0_50.wav,60.0,90.0,0,train,Cargo ship,deepship
0_50,5,/datasets/audio/deepship/train/0/0_50.wav,75.0,105.0,0,train,Cargo ship,deepship
0_50,6,/datasets/audio/deepship/train/0/0_50.wav,90.0,120.0,0,train,Cargo ship,deepship
0_50,7,/datasets/audio/deepship/train/0/0_50.wav,105.0,135.0,0,train,Cargo ship,deepship
0_50,8,/datasets/audio/deepship/train/0/0_50.wav,120.0,150.0,0,train,Cargo ship,deepship
0_50,9,/datasets/audio/deepship/train/0/0_50.wav,135.0,165.0,0,train,Cargo ship,deepship
0_50,10,/datasets/audio/deepship/train/0/0_50.wav,150.0,180.0,0,train,Cargo ship,deepship
0_50,11,/datasets/audio/deepship/train/0/0_50.wav,165.0,195.0,0,train,Cargo ship,deepship
0_50,12,/datasets/audio/deepship/train/0/0_50.wav,180.0,210.0,0,train,Cargo ship,deepship
0_50,13,/datasets/audio/deepship/train/0/0_50.wav,195.0,225.0,0,train,Cargo ship,deepship
0_50,14,/datasets/audio/deepship/train/0/0_50.wav,196.0,226.0,0,train,Cargo ship,deepship
0_51,0,/datasets/audio/deepship/train/0/0_51.wav,0.0,30.0,0,train,Cargo ship,deepship
0_51,1,/datasets/audio/deepship/train/0/0_51.wav,15.0,45.0,0,train,Cargo ship,deepship
0_51,2,/datasets/audio/deepship/train/0/0_51.wav,30.0,60.0,0,train,Cargo ship,deepship
0_51,3,/datasets/audio/deepship/train/0/0_51.wav,45.0,75.0,0,train,Cargo ship,deepship
0_51,4,/datasets/audio/deepship/train/0/0_51.wav,60.0,90.0,0,train,Cargo ship,deepship
0_51,5,/datasets/audio/deepship/train/0/0_51.wav,75.0,105.0,0,train,Cargo ship,deepship
0_51,6,/datasets/audio/deepship/train/0/0_51.wav,90.0,120.0,0,train,Cargo ship,deepship
0_51,7,/datasets/audio/deepship/train/0/0_51.wav,105.0,135.0,0,train,Cargo ship,deepship
0_51,8,/datasets/audio/deepship/train/0/0_51.wav,120.0,150.0,0,train,Cargo ship,deepship
0_51,9,/datasets/audio/deepship/train/0/0_51.wav,135.0,165.0,0,train,Cargo ship,deepship
0_51,10,/datasets/audio/deepship/train/0/0_51.wav,150.0,180.0,0,train,Cargo ship,deepship
0_51,11,/datasets/audio/deepship/train/0/0_51.wav,165.0,195.0,0,train,Cargo ship,deepship
0_51,12,/datasets/audio/deepship/train/0/0_51.wav,180.0,210.0,0,train,Cargo ship,deepship
0_51,13,/datasets/audio/deepship/train/0/0_51.wav,195.0,225.0,0,train,Cargo ship,deepship
0_51,14,/datasets/audio/deepship/train/0/0_51.wav,210.0,240.0,0,train,Cargo ship,deepship
0_51,15,/datasets/audio/deepship/train/0/0_51.wav,225.0,255.0,0,train,Cargo ship,deepship
0_51,16,/datasets/audio/deepship/train/0/0_51.wav,240.0,270.0,0,train,Cargo ship,deepship
0_51,17,/datasets/audio/deepship/train/0/0_51.wav,255.0,285.0,0,train,Cargo ship,deepship
0_51,18,/datasets/audio/deepship/train/0/0_51.wav,270.0,300.0,0,train,Cargo ship,deepship
0_51,19,/datasets/audio/deepship/train/0/0_51.wav,285.0,315.0,0,train,Cargo ship,deepship
0_51,20,/datasets/audio/deepship/train/0/0_51.wav,300.0,330.0,0,train,Cargo ship,deepship
0_51,21,/datasets/audio/deepship/train/0/0_51.wav,315.0,345.0,0,train,Cargo ship,deepship
0_51,22,/datasets/audio/deepship/train/0/0_51.wav,330.0,360.0,0,train,Cargo ship,deepship
0_51,23,/datasets/audio/deepship/train/0/0_51.wav,345.0,375.0,0,train,Cargo ship,deepship
0_51,24,/datasets/audio/deepship/train/0/0_51.wav,360.0,390.0,0,train,Cargo ship,deepship
0_51,25,/datasets/audio/deepship/train/0/0_51.wav,375.0,405.0,0,train,Cargo ship,deepship
0_51,26,/datasets/audio/deepship/train/0/0_51.wav,390.0,420.0,0,train,Cargo ship,deepship
0_51,27,/datasets/audio/deepship/train/0/0_51.wav,405.0,435.0,0,train,Cargo ship,deepship
0_51,28,/datasets/audio/deepship/train/0/0_51.wav,420.0,450.0,0,train,Cargo ship,deepship
0_51,29,/datasets/audio/deepship/train/0/0_51.wav,435.0,465.0,0,train,Cargo ship,deepship
0_51,30,/datasets/audio/deepship/train/0/0_51.wav,449.0,479.0,0,train,Cargo ship,deepship
0_52,0,/datasets/audio/deepship/train/0/0_52.wav,0.0,30.0,0,train,Cargo ship,deepship
0_52,1,/datasets/audio/deepship/train/0/0_52.wav,15.0,45.0,0,train,Cargo ship,deepship
0_52,2,/datasets/audio/deepship/train/0/0_52.wav,30.0,60.0,0,train,Cargo ship,deepship
0_52,3,/datasets/audio/deepship/train/0/0_52.wav,45.0,75.0,0,train,Cargo ship,deepship
0_52,4,/datasets/audio/deepship/train/0/0_52.wav,60.0,90.0,0,train,Cargo ship,deepship
0_52,5,/datasets/audio/deepship/train/0/0_52.wav,75.0,105.0,0,train,Cargo ship,deepship
0_52,6,/datasets/audio/deepship/train/0/0_52.wav,90.0,120.0,0,train,Cargo ship,deepship
0_52,7,/datasets/audio/deepship/train/0/0_52.wav,105.0,135.0,0,train,Cargo ship,deepship
0_52,8,/datasets/audio/deepship/train/0/0_52.wav,120.0,150.0,0,train,Cargo ship,deepship
0_52,9,/datasets/audio/deepship/train/0/0_52.wav,135.0,165.0,0,train,Cargo ship,deepship
0_52,10,/datasets/audio/deepship/train/0/0_52.wav,150.0,180.0,0,train,Cargo ship,deepship
0_52,11,/datasets/audio/deepship/train/0/0_52.wav,165.0,195.0,0,train,Cargo ship,deepship
0_52,12,/datasets/audio/deepship/train/0/0_52.wav,180.0,210.0,0,train,Cargo ship,deepship
0_52,13,/datasets/audio/deepship/train/0/0_52.wav,195.0,225.0,0,train,Cargo ship,deepship
0_52,14,/datasets/audio/deepship/train/0/0_52.wav,210.0,240.0,0,train,Cargo ship,deepship
0_52,15,/datasets/audio/deepship/train/0/0_52.wav,225.0,255.0,0,train,Cargo ship,deepship
0_52,16,/datasets/audio/deepship/train/0/0_52.wav,240.0,270.0,0,train,Cargo ship,deepship
0_52,17,/datasets/audio/deepship/train/0/0_52.wav,255.0,285.0,0,train,Cargo ship,deepship
0_52,18,/datasets/audio/deepship/train/0/0_52.wav,270.0,300.0,0,train,Cargo ship,deepship
0_52,19,/datasets/audio/deepship/train/0/0_52.wav,285.0,315.0,0,train,Cargo ship,deepship
0_52,20,/datasets/audio/deepship/train/0/0_52.wav,300.0,330.0,0,train,Cargo ship,deepship
0_52,21,/datasets/audio/deepship/train/0/0_52.wav,315.0,345.0,0,train,Cargo ship,deepship
0_52,22,/datasets/audio/deepship/train/0/0_52.wav,330.0,360.0,0,train,Cargo ship,deepship
0_52,23,/datasets/audio/deepship/train/0/0_52.wav,342.0,372.0,0,train,Cargo ship,deepship
0_53,0,/datasets/audio/deepship/train/0/0_53.wav,0.0,30.0,0,train,Cargo ship,deepship
0_53,1,/datasets/audio/deepship/train/0/0_53.wav,15.0,45.0,0,train,Cargo ship,deepship
0_53,2,/datasets/audio/deepship/train/0/0_53.wav,30.0,60.0,0,train,Cargo ship,deepship
0_53,3,/datasets/audio/deepship/train/0/0_53.wav,45.0,75.0,0,train,Cargo ship,deepship
0_53,4,/datasets/audio/deepship/train/0/0_53.wav,60.0,90.0,0,train,Cargo ship,deepship
0_53,5,/datasets/audio/deepship/train/0/0_53.wav,75.0,105.0,0,train,Cargo ship,deepship
0_53,6,/datasets/audio/deepship/train/0/0_53.wav,90.0,120.0,0,train,Cargo ship,deepship
0_53,7,/datasets/audio/deepship/train/0/0_53.wav,105.0,135.0,0,train,Cargo ship,deepship
0_53,8,/datasets/audio/deepship/train/0/0_53.wav,120.0,150.0,0,train,Cargo ship,deepship
0_53,9,/datasets/audio/deepship/train/0/0_53.wav,135.0,165.0,0,train,Cargo ship,deepship
0_53,10,/datasets/audio/deepship/train/0/0_53.wav,150.0,180.0,0,train,Cargo ship,deepship
0_53,11,/datasets/audio/deepship/train/0/0_53.wav,165.0,195.0,0,train,Cargo ship,deepship
0_53,12,/datasets/audio/deepship/train/0/0_53.wav,180.0,210.0,0,train,Cargo ship,deepship
0_53,13,/datasets/audio/deepship/train/0/0_53.wav,195.0,225.0,0,train,Cargo ship,deepship
0_53,14,/datasets/audio/deepship/train/0/0_53.wav,210.0,240.0,0,train,Cargo ship,deepship
0_53,15,/datasets/audio/deepship/train/0/0_53.wav,225.0,255.0,0,train,Cargo ship,deepship
0_53,16,/datasets/audio/deepship/train/0/0_53.wav,240.0,270.0,0,train,Cargo ship,deepship
0_53,17,/datasets/audio/deepship/train/0/0_53.wav,255.0,285.0,0,train,Cargo ship,deepship
0_53,18,/datasets/audio/deepship/train/0/0_53.wav,270.0,300.0,0,train,Cargo ship,deepship
0_53,19,/datasets/audio/deepship/train/0/0_53.wav,285.0,315.0,0,train,Cargo ship,deepship
0_53,20,/datasets/audio/deepship/train/0/0_53.wav,300.0,330.0,0,train,Cargo ship,deepship
0_53,21,/datasets/audio/deepship/train/0/0_53.wav,315.0,345.0,0,train,Cargo ship,deepship
0_53,22,/datasets/audio/deepship/train/0/0_53.wav,324.0,354.0,0,train,Cargo ship,deepship
0_54,0,/datasets/audio/deepship/train/0/0_54.wav,0.0,30.0,0,train,Cargo ship,deepship
0_54,1,/datasets/audio/deepship/train/0/0_54.wav,15.0,45.0,0,train,Cargo ship,deepship
0_54,2,/datasets/audio/deepship/train/0/0_54.wav,30.0,60.0,0,train,Cargo ship,deepship
0_54,3,/datasets/audio/deepship/train/0/0_54.wav,45.0,75.0,0,train,Cargo ship,deepship
0_54,4,/datasets/audio/deepship/train/0/0_54.wav,60.0,90.0,0,train,Cargo ship,deepship
0_54,5,/datasets/audio/deepship/train/0/0_54.wav,75.0,105.0,0,train,Cargo ship,deepship
0_54,6,/datasets/audio/deepship/train/0/0_54.wav,90.0,120.0,0,train,Cargo ship,deepship
0_54,7,/datasets/audio/deepship/train/0/0_54.wav,105.0,135.0,0,train,Cargo ship,deepship
0_54,8,/datasets/audio/deepship/train/0/0_54.wav,120.0,150.0,0,train,Cargo ship,deepship
0_54,9,/datasets/audio/deepship/train/0/0_54.wav,135.0,165.0,0,train,Cargo ship,deepship
0_54,10,/datasets/audio/deepship/train/0/0_54.wav,150.0,180.0,0,train,Cargo ship,deepship
0_54,11,/datasets/audio/deepship/train/0/0_54.wav,165.0,195.0,0,train,Cargo ship,deepship
0_54,12,/datasets/audio/deepship/train/0/0_54.wav,180.0,210.0,0,train,Cargo ship,deepship
0_54,13,/datasets/audio/deepship/train/0/0_54.wav,195.0,225.0,0,train,Cargo ship,deepship
0_54,14,/datasets/audio/deepship/train/0/0_54.wav,210.0,240.0,0,train,Cargo ship,deepship
0_54,15,/datasets/audio/deepship/train/0/0_54.wav,225.0,255.0,0,train,Cargo ship,deepship
0_54,16,/datasets/audio/deepship/train/0/0_54.wav,240.0,270.0,0,train,Cargo ship,deepship
0_54,17,/datasets/audio/deepship/train/0/0_54.wav,255.0,285.0,0,train,Cargo ship,deepship
0_54,18,/datasets/audio/deepship/train/0/0_54.wav,270.0,300.0,0,train,Cargo ship,deepship
0_54,19,/datasets/audio/deepship/train/0/0_54.wav,285.0,315.0,0,train,Cargo ship,deepship
0_54,20,/datasets/audio/deepship/train/0/0_54.wav,300.0,330.0,0,train,Cargo ship,deepship
0_54,21,/datasets/audio/deepship/train/0/0_54.wav,315.0,345.0,0,train,Cargo ship,deepship
0_54,22,/datasets/audio/deepship/train/0/0_54.wav,330.0,360.0,0,train,Cargo ship,deepship
0_54,23,/datasets/audio/deepship/train/0/0_54.wav,345.0,375.0,0,train,Cargo ship,deepship
0_54,24,/datasets/audio/deepship/train/0/0_54.wav,360.0,390.0,0,train,Cargo ship,deepship
0_54,25,/datasets/audio/deepship/train/0/0_54.wav,365.0,395.0,0,train,Cargo ship,deepship
0_55,0,/datasets/audio/deepship/train/0/0_55.wav,0.0,30.0,0,train,Cargo ship,deepship
0_55,1,/datasets/audio/deepship/train/0/0_55.wav,15.0,45.0,0,train,Cargo ship,deepship
0_55,2,/datasets/audio/deepship/train/0/0_55.wav,30.0,60.0,0,train,Cargo ship,deepship
0_55,3,/datasets/audio/deepship/train/0/0_55.wav,45.0,75.0,0,train,Cargo ship,deepship
0_55,4,/datasets/audio/deepship/train/0/0_55.wav,60.0,90.0,0,train,Cargo ship,deepship
0_55,5,/datasets/audio/deepship/train/0/0_55.wav,75.0,105.0,0,train,Cargo ship,deepship
0_55,6,/datasets/audio/deepship/train/0/0_55.wav,90.0,120.0,0,train,Cargo ship,deepship
0_55,7,/datasets/audio/deepship/train/0/0_55.wav,105.0,135.0,0,train,Cargo ship,deepship
0_55,8,/datasets/audio/deepship/train/0/0_55.wav,120.0,150.0,0,train,Cargo ship,deepship
0_55,9,/datasets/audio/deepship/train/0/0_55.wav,135.0,165.0,0,train,Cargo ship,deepship
0_55,10,/datasets/audio/deepship/train/0/0_55.wav,150.0,180.0,0,train,Cargo ship,deepship
0_55,11,/datasets/audio/deepship/train/0/0_55.wav,165.0,195.0,0,train,Cargo ship,deepship
0_55,12,/datasets/audio/deepship/train/0/0_55.wav,180.0,210.0,0,train,Cargo ship,deepship
0_55,13,/datasets/audio/deepship/train/0/0_55.wav,195.0,225.0,0,train,Cargo ship,deepship
0_55,14,/datasets/audio/deepship/train/0/0_55.wav,210.0,240.0,0,train,Cargo ship,deepship
0_55,15,/datasets/audio/deepship/train/0/0_55.wav,225.0,255.0,0,train,Cargo ship,deepship
0_55,16,/datasets/audio/deepship/train/0/0_55.wav,240.0,270.0,0,train,Cargo ship,deepship
0_55,17,/datasets/audio/deepship/train/0/0_55.wav,255.0,285.0,0,train,Cargo ship,deepship
0_55,18,/datasets/audio/deepship/train/0/0_55.wav,270.0,300.0,0,train,Cargo ship,deepship
0_55,19,/datasets/audio/deepship/train/0/0_55.wav,285.0,315.0,0,train,Cargo ship,deepship
0_55,20,/datasets/audio/deepship/train/0/0_55.wav,300.0,330.0,0,train,Cargo ship,deepship
0_55,21,/datasets/audio/deepship/train/0/0_55.wav,315.0,345.0,0,train,Cargo ship,deepship
0_55,22,/datasets/audio/deepship/train/0/0_55.wav,324.0,354.0,0,train,Cargo ship,deepship
0_57,0,/datasets/audio/deepship/train/0/0_57.wav,0.0,30.0,0,train,Cargo ship,deepship
0_57,1,/datasets/audio/deepship/train/0/0_57.wav,15.0,45.0,0,train,Cargo ship,deepship
0_57,2,/datasets/audio/deepship/train/0/0_57.wav,30.0,60.0,0,train,Cargo ship,deepship
0_57,3,/datasets/audio/deepship/train/0/0_57.wav,45.0,75.0,0,train,Cargo ship,deepship
0_57,4,/datasets/audio/deepship/train/0/0_57.wav,60.0,90.0,0,train,Cargo ship,deepship
0_57,5,/datasets/audio/deepship/train/0/0_57.wav,75.0,105.0,0,train,Cargo ship,deepship
0_57,6,/datasets/audio/deepship/train/0/0_57.wav,90.0,120.0,0,train,Cargo ship,deepship
0_57,7,/datasets/audio/deepship/train/0/0_57.wav,105.0,135.0,0,train,Cargo ship,deepship
0_57,8,/datasets/audio/deepship/train/0/0_57.wav,120.0,150.0,0,train,Cargo ship,deepship
0_57,9,/datasets/audio/deepship/train/0/0_57.wav,135.0,165.0,0,train,Cargo ship,deepship
0_57,10,/datasets/audio/deepship/train/0/0_57.wav,150.0,180.0,0,train,Cargo ship,deepship
0_57,11,/datasets/audio/deepship/train/0/0_57.wav,165.0,195.0,0,train,Cargo ship,deepship
0_57,12,/datasets/audio/deepship/train/0/0_57.wav,180.0,210.0,0,train,Cargo ship,deepship
0_57,13,/datasets/audio/deepship/train/0/0_57.wav,195.0,225.0,0,train,Cargo ship,deepship
0_57,14,/datasets/audio/deepship/train/0/0_57.wav,210.0,240.0,0,train,Cargo ship,deepship
0_57,15,/datasets/audio/deepship/train/0/0_57.wav,225.0,255.0,0,train,Cargo ship,deepship
0_57,16,/datasets/audio/deepship/train/0/0_57.wav,240.0,270.0,0,train,Cargo ship,deepship
0_57,17,/datasets/audio/deepship/train/0/0_57.wav,255.0,285.0,0,train,Cargo ship,deepship
0_57,18,/datasets/audio/deepship/train/0/0_57.wav,270.0,300.0,0,train,Cargo ship,deepship
0_57,19,/datasets/audio/deepship/train/0/0_57.wav,285.0,315.0,0,train,Cargo ship,deepship
0_57,20,/datasets/audio/deepship/train/0/0_57.wav,300.0,330.0,0,train,Cargo ship,deepship
0_57,21,/datasets/audio/deepship/train/0/0_57.wav,315.0,345.0,0,train,Cargo ship,deepship
0_57,22,/datasets/audio/deepship/train/0/0_57.wav,324.0,354.0,0,train,Cargo ship,deepship
0_58,0,/datasets/audio/deepship/train/0/0_58.wav,0.0,30.0,0,train,Cargo ship,deepship
0_58,1,/datasets/audio/deepship/train/0/0_58.wav,15.0,45.0,0,train,Cargo ship,deepship
0_58,2,/datasets/audio/deepship/train/0/0_58.wav,30.0,60.0,0,train,Cargo ship,deepship
0_58,3,/datasets/audio/deepship/train/0/0_58.wav,45.0,75.0,0,train,Cargo ship,deepship
0_58,4,/datasets/audio/deepship/train/0/0_58.wav,60.0,90.0,0,train,Cargo ship,deepship
0_58,5,/datasets/audio/deepship/train/0/0_58.wav,75.0,105.0,0,train,Cargo ship,deepship
0_58,6,/datasets/audio/deepship/train/0/0_58.wav,90.0,120.0,0,train,Cargo ship,deepship
0_58,7,/datasets/audio/deepship/train/0/0_58.wav,105.0,135.0,0,train,Cargo ship,deepship
0_58,8,/datasets/audio/deepship/train/0/0_58.wav,120.0,150.0,0,train,Cargo ship,deepship
0_58,9,/datasets/audio/deepship/train/0/0_58.wav,135.0,165.0,0,train,Cargo ship,deepship
0_58,10,/datasets/audio/deepship/train/0/0_58.wav,150.0,180.0,0,train,Cargo ship,deepship
0_58,11,/datasets/audio/deepship/train/0/0_58.wav,165.0,195.0,0,train,Cargo ship,deepship
0_58,12,/datasets/audio/deepship/train/0/0_58.wav,180.0,210.0,0,train,Cargo ship,deepship
0_58,13,/datasets/audio/deepship/train/0/0_58.wav,195.0,225.0,0,train,Cargo ship,deepship
0_58,14,/datasets/audio/deepship/train/0/0_58.wav,210.0,240.0,0,train,Cargo ship,deepship
0_58,15,/datasets/audio/deepship/train/0/0_58.wav,225.0,255.0,0,train,Cargo ship,deepship
0_58,16,/datasets/audio/deepship/train/0/0_58.wav,240.0,270.0,0,train,Cargo ship,deepship
0_58,17,/datasets/audio/deepship/train/0/0_58.wav,255.0,285.0,0,train,Cargo ship,deepship
0_58,18,/datasets/audio/deepship/train/0/0_58.wav,270.0,300.0,0,train,Cargo ship,deepship
0_58,19,/datasets/audio/deepship/train/0/0_58.wav,285.0,315.0,0,train,Cargo ship,deepship
0_58,20,/datasets/audio/deepship/train/0/0_58.wav,300.0,330.0,0,train,Cargo ship,deepship
0_58,21,/datasets/audio/deepship/train/0/0_58.wav,315.0,345.0,0,train,Cargo ship,deepship
0_58,22,/datasets/audio/deepship/train/0/0_58.wav,330.0,360.0,0,train,Cargo ship,deepship
0_58,23,/datasets/audio/deepship/train/0/0_58.wav,345.0,375.0,0,train,Cargo ship,deepship
0_58,24,/datasets/audio/deepship/train/0/0_58.wav,360.0,390.0,0,train,Cargo ship,deepship
0_58,25,/datasets/audio/deepship/train/0/0_58.wav,375.0,405.0,0,train,Cargo ship,deepship
0_58,26,/datasets/audio/deepship/train/0/0_58.wav,390.0,420.0,0,train,Cargo ship,deepship
0_58,27,/datasets/audio/deepship/train/0/0_58.wav,405.0,435.0,0,train,Cargo ship,deepship
0_58,28,/datasets/audio/deepship/train/0/0_58.wav,410.0,440.0,0,train,Cargo ship,deepship
0_59,0,/datasets/audio/deepship/train/0/0_59.wav,0.0,30.0,0,train,Cargo ship,deepship
0_59,1,/datasets/audio/deepship/train/0/0_59.wav,15.0,45.0,0,train,Cargo ship,deepship
0_59,2,/datasets/audio/deepship/train/0/0_59.wav,30.0,60.0,0,train,Cargo ship,deepship
0_59,3,/datasets/audio/deepship/train/0/0_59.wav,45.0,75.0,0,train,Cargo ship,deepship
0_59,4,/datasets/audio/deepship/train/0/0_59.wav,60.0,90.0,0,train,Cargo ship,deepship
0_59,5,/datasets/audio/deepship/train/0/0_59.wav,75.0,105.0,0,train,Cargo ship,deepship
0_59,6,/datasets/audio/deepship/train/0/0_59.wav,90.0,120.0,0,train,Cargo ship,deepship
0_59,7,/datasets/audio/deepship/train/0/0_59.wav,105.0,135.0,0,train,Cargo ship,deepship
0_59,8,/datasets/audio/deepship/train/0/0_59.wav,120.0,150.0,0,train,Cargo ship,deepship
0_59,9,/datasets/audio/deepship/train/0/0_59.wav,135.0,165.0,0,train,Cargo ship,deepship
0_59,10,/datasets/audio/deepship/train/0/0_59.wav,150.0,180.0,0,train,Cargo ship,deepship
0_59,11,/datasets/audio/deepship/train/0/0_59.wav,165.0,195.0,0,train,Cargo ship,deepship
0_59,12,/datasets/audio/deepship/train/0/0_59.wav,180.0,210.0,0,train,Cargo ship,deepship
0_59,13,/datasets/audio/deepship/train/0/0_59.wav,195.0,225.0,0,train,Cargo ship,deepship
0_59,14,/datasets/audio/deepship/train/0/0_59.wav,210.0,240.0,0,train,Cargo ship,deepship
0_59,15,/datasets/audio/deepship/train/0/0_59.wav,225.0,255.0,0,train,Cargo ship,deepship
0_59,16,/datasets/audio/deepship/train/0/0_59.wav,240.0,270.0,0,train,Cargo ship,deepship
0_59,17,/datasets/audio/deepship/train/0/0_59.wav,255.0,285.0,0,train,Cargo ship,deepship
0_59,18,/datasets/audio/deepship/train/0/0_59.wav,270.0,300.0,0,train,Cargo ship,deepship
0_59,19,/datasets/audio/deepship/train/0/0_59.wav,277.0,307.0,0,train,Cargo ship,deepship
0_60,0,/datasets/audio/deepship/train/0/0_60.wav,0.0,30.0,0,train,Cargo ship,deepship
0_60,1,/datasets/audio/deepship/train/0/0_60.wav,15.0,45.0,0,train,Cargo ship,deepship
0_60,2,/datasets/audio/deepship/train/0/0_60.wav,30.0,60.0,0,train,Cargo ship,deepship
0_60,3,/datasets/audio/deepship/train/0/0_60.wav,45.0,75.0,0,train,Cargo ship,deepship
0_60,4,/datasets/audio/deepship/train/0/0_60.wav,60.0,90.0,0,train,Cargo ship,deepship
0_60,5,/datasets/audio/deepship/train/0/0_60.wav,75.0,105.0,0,train,Cargo ship,deepship
0_60,6,/datasets/audio/deepship/train/0/0_60.wav,90.0,120.0,0,train,Cargo ship,deepship
0_60,7,/datasets/audio/deepship/train/0/0_60.wav,105.0,135.0,0,train,Cargo ship,deepship
0_60,8,/datasets/audio/deepship/train/0/0_60.wav,120.0,150.0,0,train,Cargo ship,deepship
0_60,9,/datasets/audio/deepship/train/0/0_60.wav,135.0,165.0,0,train,Cargo ship,deepship
0_60,10,/datasets/audio/deepship/train/0/0_60.wav,150.0,180.0,0,train,Cargo ship,deepship
0_60,11,/datasets/audio/deepship/train/0/0_60.wav,165.0,195.0,0,train,Cargo ship,deepship
0_60,12,/datasets/audio/deepship/train/0/0_60.wav,180.0,210.0,0,train,Cargo ship,deepship
0_60,13,/datasets/audio/deepship/train/0/0_60.wav,195.0,225.0,0,train,Cargo ship,deepship
0_60,14,/datasets/audio/deepship/train/0/0_60.wav,210.0,240.0,0,train,Cargo ship,deepship
0_60,15,/datasets/audio/deepship/train/0/0_60.wav,225.0,255.0,0,train,Cargo ship,deepship
0_60,16,/datasets/audio/deepship/train/0/0_60.wav,240.0,270.0,0,train,Cargo ship,deepship
0_60,17,/datasets/audio/deepship/train/0/0_60.wav,255.0,285.0,0,train,Cargo ship,deepship
0_60,18,/datasets/audio/deepship/train/0/0_60.wav,263.0,293.0,0,train,Cargo ship,deepship
0_61,0,/datasets/audio/deepship/train/0/0_61.wav,0.0,30.0,0,train,Cargo ship,deepship
0_61,1,/datasets/audio/deepship/train/0/0_61.wav,15.0,45.0,0,train,Cargo ship,deepship
0_61,2,/datasets/audio/deepship/train/0/0_61.wav,30.0,60.0,0,train,Cargo ship,deepship
0_61,3,/datasets/audio/deepship/train/0/0_61.wav,45.0,75.0,0,train,Cargo ship,deepship
0_61,4,/datasets/audio/deepship/train/0/0_61.wav,60.0,90.0,0,train,Cargo ship,deepship
0_61,5,/datasets/audio/deepship/train/0/0_61.wav,75.0,105.0,0,train,Cargo ship,deepship
0_61,6,/datasets/audio/deepship/train/0/0_61.wav,90.0,120.0,0,train,Cargo ship,deepship
0_61,7,/datasets/audio/deepship/train/0/0_61.wav,105.0,135.0,0,train,Cargo ship,deepship
0_61,8,/datasets/audio/deepship/train/0/0_61.wav,120.0,150.0,0,train,Cargo ship,deepship
0_61,9,/datasets/audio/deepship/train/0/0_61.wav,135.0,165.0,0,train,Cargo ship,deepship
0_61,10,/datasets/audio/deepship/train/0/0_61.wav,150.0,180.0,0,train,Cargo ship,deepship
0_61,11,/datasets/audio/deepship/train/0/0_61.wav,165.0,195.0,0,train,Cargo ship,deepship
0_61,12,/datasets/audio/deepship/train/0/0_61.wav,180.0,210.0,0,train,Cargo ship,deepship
0_61,13,/datasets/audio/deepship/train/0/0_61.wav,195.0,225.0,0,train,Cargo ship,deepship
0_61,14,/datasets/audio/deepship/train/0/0_61.wav,210.0,240.0,0,train,Cargo ship,deepship
0_61,15,/datasets/audio/deepship/train/0/0_61.wav,225.0,255.0,0,train,Cargo ship,deepship
0_61,16,/datasets/audio/deepship/train/0/0_61.wav,240.0,270.0,0,train,Cargo ship,deepship
0_61,17,/datasets/audio/deepship/train/0/0_61.wav,255.0,285.0,0,train,Cargo ship,deepship
0_61,18,/datasets/audio/deepship/train/0/0_61.wav,270.0,300.0,0,train,Cargo ship,deepship
0_61,19,/datasets/audio/deepship/train/0/0_61.wav,285.0,315.0,0,train,Cargo ship,deepship
0_61,20,/datasets/audio/deepship/train/0/0_61.wav,300.0,330.0,0,train,Cargo ship,deepship
0_61,21,/datasets/audio/deepship/train/0/0_61.wav,314.0,344.0,0,train,Cargo ship,deepship
0_64,0,/datasets/audio/deepship/train/0/0_64.wav,0.0,30.0,0,train,Cargo ship,deepship
0_64,1,/datasets/audio/deepship/train/0/0_64.wav,15.0,45.0,0,train,Cargo ship,deepship
0_64,2,/datasets/audio/deepship/train/0/0_64.wav,30.0,60.0,0,train,Cargo ship,deepship
0_64,3,/datasets/audio/deepship/train/0/0_64.wav,45.0,75.0,0,train,Cargo ship,deepship
0_64,4,/datasets/audio/deepship/train/0/0_64.wav,60.0,90.0,0,train,Cargo ship,deepship
0_64,5,/datasets/audio/deepship/train/0/0_64.wav,75.0,105.0,0,train,Cargo ship,deepship
0_64,6,/datasets/audio/deepship/train/0/0_64.wav,90.0,120.0,0,train,Cargo ship,deepship
0_64,7,/datasets/audio/deepship/train/0/0_64.wav,105.0,135.0,0,train,Cargo ship,deepship
0_64,8,/datasets/audio/deepship/train/0/0_64.wav,120.0,150.0,0,train,Cargo ship,deepship
0_64,9,/datasets/audio/deepship/train/0/0_64.wav,135.0,165.0,0,train,Cargo ship,deepship
0_64,10,/datasets/audio/deepship/train/0/0_64.wav,150.0,180.0,0,train,Cargo ship,deepship
0_64,11,/datasets/audio/deepship/train/0/0_64.wav,165.0,195.0,0,train,Cargo ship,deepship
0_64,12,/datasets/audio/deepship/train/0/0_64.wav,180.0,210.0,0,train,Cargo ship,deepship
0_64,13,/datasets/audio/deepship/train/0/0_64.wav,195.0,225.0,0,train,Cargo ship,deepship
0_64,14,/datasets/audio/deepship/train/0/0_64.wav,210.0,240.0,0,train,Cargo ship,deepship
0_64,15,/datasets/audio/deepship/train/0/0_64.wav,225.0,255.0,0,train,Cargo ship,deepship
0_64,16,/datasets/audio/deepship/train/0/0_64.wav,240.0,270.0,0,train,Cargo ship,deepship
0_64,17,/datasets/audio/deepship/train/0/0_64.wav,255.0,285.0,0,train,Cargo ship,deepship
0_64,18,/datasets/audio/deepship/train/0/0_64.wav,270.0,300.0,0,train,Cargo ship,deepship
0_64,19,/datasets/audio/deepship/train/0/0_64.wav,285.0,315.0,0,train,Cargo ship,deepship
0_64,20,/datasets/audio/deepship/train/0/0_64.wav,300.0,330.0,0,train,Cargo ship,deepship
0_64,21,/datasets/audio/deepship/train/0/0_64.wav,315.0,345.0,0,train,Cargo ship,deepship
0_64,22,/datasets/audio/deepship/train/0/0_64.wav,330.0,360.0,0,train,Cargo ship,deepship
0_64,23,/datasets/audio/deepship/train/0/0_64.wav,345.0,375.0,0,train,Cargo ship,deepship
0_64,24,/datasets/audio/deepship/train/0/0_64.wav,360.0,390.0,0,train,Cargo ship,deepship
0_64,25,/datasets/audio/deepship/train/0/0_64.wav,375.0,405.0,0,train,Cargo ship,deepship
0_64,26,/datasets/audio/deepship/train/0/0_64.wav,390.0,420.0,0,train,Cargo ship,deepship
0_64,27,/datasets/audio/deepship/train/0/0_64.wav,405.0,435.0,0,train,Cargo ship,deepship
0_64,28,/datasets/audio/deepship/train/0/0_64.wav,420.0,450.0,0,train,Cargo ship,deepship
0_64,29,/datasets/audio/deepship/train/0/0_64.wav,435.0,465.0,0,train,Cargo ship,deepship
0_64,30,/datasets/audio/deepship/train/0/0_64.wav,450.0,480.0,0,train,Cargo ship,deepship
0_64,31,/datasets/audio/deepship/train/0/0_64.wav,465.0,495.0,0,train,Cargo ship,deepship
0_64,32,/datasets/audio/deepship/train/0/0_64.wav,480.0,510.0,0,train,Cargo ship,deepship
0_64,33,/datasets/audio/deepship/train/0/0_64.wav,495.0,525.0,0,train,Cargo ship,deepship
0_64,34,/datasets/audio/deepship/train/0/0_64.wav,510.0,540.0,0,train,Cargo ship,deepship
0_64,35,/datasets/audio/deepship/train/0/0_64.wav,525.0,555.0,0,train,Cargo ship,deepship
0_64,36,/datasets/audio/deepship/train/0/0_64.wav,529.0,559.0,0,train,Cargo ship,deepship
0_65,0,/datasets/audio/deepship/train/0/0_65.wav,0.0,30.0,0,train,Cargo ship,deepship
0_65,1,/datasets/audio/deepship/train/0/0_65.wav,15.0,45.0,0,train,Cargo ship,deepship
0_65,2,/datasets/audio/deepship/train/0/0_65.wav,30.0,60.0,0,train,Cargo ship,deepship
0_65,3,/datasets/audio/deepship/train/0/0_65.wav,45.0,75.0,0,train,Cargo ship,deepship
0_65,4,/datasets/audio/deepship/train/0/0_65.wav,60.0,90.0,0,train,Cargo ship,deepship
0_65,5,/datasets/audio/deepship/train/0/0_65.wav,75.0,105.0,0,train,Cargo ship,deepship
0_65,6,/datasets/audio/deepship/train/0/0_65.wav,90.0,120.0,0,train,Cargo ship,deepship
0_65,7,/datasets/audio/deepship/train/0/0_65.wav,105.0,135.0,0,train,Cargo ship,deepship
0_65,8,/datasets/audio/deepship/train/0/0_65.wav,120.0,150.0,0,train,Cargo ship,deepship
0_65,9,/datasets/audio/deepship/train/0/0_65.wav,135.0,165.0,0,train,Cargo ship,deepship
0_65,10,/datasets/audio/deepship/train/0/0_65.wav,150.0,180.0,0,train,Cargo ship,deepship
0_65,11,/datasets/audio/deepship/train/0/0_65.wav,165.0,195.0,0,train,Cargo ship,deepship
0_65,12,/datasets/audio/deepship/train/0/0_65.wav,180.0,210.0,0,train,Cargo ship,deepship
0_65,13,/datasets/audio/deepship/train/0/0_65.wav,195.0,225.0,0,train,Cargo ship,deepship
0_65,14,/datasets/audio/deepship/train/0/0_65.wav,210.0,240.0,0,train,Cargo ship,deepship
0_65,15,/datasets/audio/deepship/train/0/0_65.wav,225.0,255.0,0,train,Cargo ship,deepship
0_65,16,/datasets/audio/deepship/train/0/0_65.wav,240.0,270.0,0,train,Cargo ship,deepship
0_65,17,/datasets/audio/deepship/train/0/0_65.wav,255.0,285.0,0,train,Cargo ship,deepship
0_65,18,/datasets/audio/deepship/train/0/0_65.wav,270.0,300.0,0,train,Cargo ship,deepship
0_65,19,/datasets/audio/deepship/train/0/0_65.wav,285.0,315.0,0,train,Cargo ship,deepship
0_65,20,/datasets/audio/deepship/train/0/0_65.wav,300.0,330.0,0,train,Cargo ship,deepship
0_65,21,/datasets/audio/deepship/train/0/0_65.wav,315.0,345.0,0,train,Cargo ship,deepship
0_65,22,/datasets/audio/deepship/train/0/0_65.wav,330.0,360.0,0,train,Cargo ship,deepship
0_65,23,/datasets/audio/deepship/train/0/0_65.wav,340.0,370.0,0,train,Cargo ship,deepship
0_66,0,/datasets/audio/deepship/train/0/0_66.wav,0.0,30.0,0,train,Cargo ship,deepship
0_66,1,/datasets/audio/deepship/train/0/0_66.wav,15.0,45.0,0,train,Cargo ship,deepship
0_66,2,/datasets/audio/deepship/train/0/0_66.wav,30.0,60.0,0,train,Cargo ship,deepship
0_66,3,/datasets/audio/deepship/train/0/0_66.wav,45.0,75.0,0,train,Cargo ship,deepship
0_66,4,/datasets/audio/deepship/train/0/0_66.wav,60.0,90.0,0,train,Cargo ship,deepship
0_66,5,/datasets/audio/deepship/train/0/0_66.wav,75.0,105.0,0,train,Cargo ship,deepship
0_66,6,/datasets/audio/deepship/train/0/0_66.wav,90.0,120.0,0,train,Cargo ship,deepship
0_66,7,/datasets/audio/deepship/train/0/0_66.wav,105.0,135.0,0,train,Cargo ship,deepship
0_66,8,/datasets/audio/deepship/train/0/0_66.wav,120.0,150.0,0,train,Cargo ship,deepship
0_66,9,/datasets/audio/deepship/train/0/0_66.wav,135.0,165.0,0,train,Cargo ship,deepship
0_66,10,/datasets/audio/deepship/train/0/0_66.wav,150.0,180.0,0,train,Cargo ship,deepship
0_66,11,/datasets/audio/deepship/train/0/0_66.wav,165.0,195.0,0,train,Cargo ship,deepship
0_66,12,/datasets/audio/deepship/train/0/0_66.wav,180.0,210.0,0,train,Cargo ship,deepship
0_66,13,/datasets/audio/deepship/train/0/0_66.wav,182.0,212.0,0,train,Cargo ship,deepship
0_69,0,/datasets/audio/deepship/train/0/0_69.wav,0.0,30.0,0,train,Cargo ship,deepship
0_69,1,/datasets/audio/deepship/train/0/0_69.wav,15.0,45.0,0,train,Cargo ship,deepship
0_69,2,/datasets/audio/deepship/train/0/0_69.wav,30.0,60.0,0,train,Cargo ship,deepship
0_69,3,/datasets/audio/deepship/train/0/0_69.wav,45.0,75.0,0,train,Cargo ship,deepship
0_69,4,/datasets/audio/deepship/train/0/0_69.wav,60.0,90.0,0,train,Cargo ship,deepship
0_69,5,/datasets/audio/deepship/train/0/0_69.wav,75.0,105.0,0,train,Cargo ship,deepship
0_69,6,/datasets/audio/deepship/train/0/0_69.wav,90.0,120.0,0,train,Cargo ship,deepship
0_69,7,/datasets/audio/deepship/train/0/0_69.wav,105.0,135.0,0,train,Cargo ship,deepship
0_69,8,/datasets/audio/deepship/train/0/0_69.wav,120.0,150.0,0,train,Cargo ship,deepship
0_69,9,/datasets/audio/deepship/train/0/0_69.wav,135.0,165.0,0,train,Cargo ship,deepship
0_69,10,/datasets/audio/deepship/train/0/0_69.wav,150.0,180.0,0,train,Cargo ship,deepship
0_69,11,/datasets/audio/deepship/train/0/0_69.wav,154.0,184.0,0,train,Cargo ship,deepship
0_7,0,/datasets/audio/deepship/train/0/0_7.wav,0.0,30.0,0,train,Cargo ship,deepship
0_7,1,/datasets/audio/deepship/train/0/0_7.wav,15.0,45.0,0,train,Cargo ship,deepship
0_7,2,/datasets/audio/deepship/train/0/0_7.wav,30.0,60.0,0,train,Cargo ship,deepship
0_7,3,/datasets/audio/deepship/train/0/0_7.wav,45.0,75.0,0,train,Cargo ship,deepship
0_7,4,/datasets/audio/deepship/train/0/0_7.wav,60.0,90.0,0,train,Cargo ship,deepship
0_7,5,/datasets/audio/deepship/train/0/0_7.wav,75.0,105.0,0,train,Cargo ship,deepship
0_7,6,/datasets/audio/deepship/train/0/0_7.wav,90.0,120.0,0,train,Cargo ship,deepship
0_7,7,/datasets/audio/deepship/train/0/0_7.wav,105.0,135.0,0,train,Cargo ship,deepship
0_7,8,/datasets/audio/deepship/train/0/0_7.wav,120.0,150.0,0,train,Cargo ship,deepship
0_7,9,/datasets/audio/deepship/train/0/0_7.wav,135.0,165.0,0,train,Cargo ship,deepship
0_7,10,/datasets/audio/deepship/train/0/0_7.wav,150.0,180.0,0,train,Cargo ship,deepship
0_7,11,/datasets/audio/deepship/train/0/0_7.wav,165.0,195.0,0,train,Cargo ship,deepship
0_7,12,/datasets/audio/deepship/train/0/0_7.wav,180.0,210.0,0,train,Cargo ship,deepship
0_7,13,/datasets/audio/deepship/train/0/0_7.wav,195.0,225.0,0,train,Cargo ship,deepship
0_7,14,/datasets/audio/deepship/train/0/0_7.wav,210.0,240.0,0,train,Cargo ship,deepship
0_7,15,/datasets/audio/deepship/train/0/0_7.wav,225.0,255.0,0,train,Cargo ship,deepship
0_7,16,/datasets/audio/deepship/train/0/0_7.wav,240.0,270.0,0,train,Cargo ship,deepship
0_7,17,/datasets/audio/deepship/train/0/0_7.wav,255.0,285.0,0,train,Cargo ship,deepship
0_7,18,/datasets/audio/deepship/train/0/0_7.wav,270.0,300.0,0,train,Cargo ship,deepship
0_7,19,/datasets/audio/deepship/train/0/0_7.wav,285.0,315.0,0,train,Cargo ship,deepship
0_7,20,/datasets/audio/deepship/train/0/0_7.wav,300.0,330.0,0,train,Cargo ship,deepship
0_7,21,/datasets/audio/deepship/train/0/0_7.wav,315.0,345.0,0,train,Cargo ship,deepship
0_7,22,/datasets/audio/deepship/train/0/0_7.wav,330.0,360.0,0,train,Cargo ship,deepship
0_7,23,/datasets/audio/deepship/train/0/0_7.wav,345.0,375.0,0,train,Cargo ship,deepship
0_7,24,/datasets/audio/deepship/train/0/0_7.wav,360.0,390.0,0,train,Cargo ship,deepship
0_7,25,/datasets/audio/deepship/train/0/0_7.wav,375.0,405.0,0,train,Cargo ship,deepship
0_7,26,/datasets/audio/deepship/train/0/0_7.wav,390.0,420.0,0,train,Cargo ship,deepship
0_7,27,/datasets/audio/deepship/train/0/0_7.wav,405.0,435.0,0,train,Cargo ship,deepship
0_7,28,/datasets/audio/deepship/train/0/0_7.wav,420.0,450.0,0,train,Cargo ship,deepship
0_7,29,/datasets/audio/deepship/train/0/0_7.wav,435.0,465.0,0,train,Cargo ship,deepship
0_7,30,/datasets/audio/deepship/train/0/0_7.wav,450.0,480.0,0,train,Cargo ship,deepship
0_7,31,/datasets/audio/deepship/train/0/0_7.wav,465.0,495.0,0,train,Cargo ship,deepship
0_7,32,/datasets/audio/deepship/train/0/0_7.wav,480.0,510.0,0,train,Cargo ship,deepship
0_7,33,/datasets/audio/deepship/train/0/0_7.wav,495.0,525.0,0,train,Cargo ship,deepship
0_7,34,/datasets/audio/deepship/train/0/0_7.wav,504.0,534.0,0,train,Cargo ship,deepship
0_70,0,/datasets/audio/deepship/train/0/0_70.wav,0.0,30.0,0,train,Cargo ship,deepship
0_70,1,/datasets/audio/deepship/train/0/0_70.wav,15.0,45.0,0,train,Cargo ship,deepship
0_70,2,/datasets/audio/deepship/train/0/0_70.wav,30.0,60.0,0,train,Cargo ship,deepship
0_70,3,/datasets/audio/deepship/train/0/0_70.wav,45.0,75.0,0,train,Cargo ship,deepship
0_70,4,/datasets/audio/deepship/train/0/0_70.wav,60.0,90.0,0,train,Cargo ship,deepship
0_70,5,/datasets/audio/deepship/train/0/0_70.wav,75.0,105.0,0,train,Cargo ship,deepship
0_70,6,/datasets/audio/deepship/train/0/0_70.wav,90.0,120.0,0,train,Cargo ship,deepship
0_70,7,/datasets/audio/deepship/train/0/0_70.wav,105.0,135.0,0,train,Cargo ship,deepship
0_70,8,/datasets/audio/deepship/train/0/0_70.wav,120.0,150.0,0,train,Cargo ship,deepship
0_70,9,/datasets/audio/deepship/train/0/0_70.wav,135.0,165.0,0,train,Cargo ship,deepship
0_70,10,/datasets/audio/deepship/train/0/0_70.wav,150.0,180.0,0,train,Cargo ship,deepship
0_70,11,/datasets/audio/deepship/train/0/0_70.wav,165.0,195.0,0,train,Cargo ship,deepship
0_70,12,/datasets/audio/deepship/train/0/0_70.wav,180.0,210.0,0,train,Cargo ship,deepship
0_70,13,/datasets/audio/deepship/train/0/0_70.wav,195.0,225.0,0,train,Cargo ship,deepship
0_70,14,/datasets/audio/deepship/train/0/0_70.wav,210.0,240.0,0,train,Cargo ship,deepship
0_70,15,/datasets/audio/deepship/train/0/0_70.wav,225.0,255.0,0,train,Cargo ship,deepship
0_70,16,/datasets/audio/deepship/train/0/0_70.wav,240.0,270.0,0,train,Cargo ship,deepship
0_70,17,/datasets/audio/deepship/train/0/0_70.wav,255.0,285.0,0,train,Cargo ship,deepship
0_70,18,/datasets/audio/deepship/train/0/0_70.wav,270.0,300.0,0,train,Cargo ship,deepship
0_70,19,/datasets/audio/deepship/train/0/0_70.wav,285.0,315.0,0,train,Cargo ship,deepship
0_70,20,/datasets/audio/deepship/train/0/0_70.wav,300.0,330.0,0,train,Cargo ship,deepship
0_70,21,/datasets/audio/deepship/train/0/0_70.wav,315.0,345.0,0,train,Cargo ship,deepship
0_70,22,/datasets/audio/deepship/train/0/0_70.wav,330.0,360.0,0,train,Cargo ship,deepship
0_70,23,/datasets/audio/deepship/train/0/0_70.wav,343.0,373.0,0,train,Cargo ship,deepship
0_71,0,/datasets/audio/deepship/train/0/0_71.wav,0.0,30.0,0,train,Cargo ship,deepship
0_71,1,/datasets/audio/deepship/train/0/0_71.wav,15.0,45.0,0,train,Cargo ship,deepship
0_71,2,/datasets/audio/deepship/train/0/0_71.wav,30.0,60.0,0,train,Cargo ship,deepship
0_71,3,/datasets/audio/deepship/train/0/0_71.wav,45.0,75.0,0,train,Cargo ship,deepship
0_71,4,/datasets/audio/deepship/train/0/0_71.wav,60.0,90.0,0,train,Cargo ship,deepship
0_71,5,/datasets/audio/deepship/train/0/0_71.wav,75.0,105.0,0,train,Cargo ship,deepship
0_71,6,/datasets/audio/deepship/train/0/0_71.wav,90.0,120.0,0,train,Cargo ship,deepship
0_71,7,/datasets/audio/deepship/train/0/0_71.wav,105.0,135.0,0,train,Cargo ship,deepship
0_71,8,/datasets/audio/deepship/train/0/0_71.wav,120.0,150.0,0,train,Cargo ship,deepship
0_71,9,/datasets/audio/deepship/train/0/0_71.wav,135.0,165.0,0,train,Cargo ship,deepship
0_71,10,/datasets/audio/deepship/train/0/0_71.wav,150.0,180.0,0,train,Cargo ship,deepship
0_71,11,/datasets/audio/deepship/train/0/0_71.wav,165.0,195.0,0,train,Cargo ship,deepship
0_71,12,/datasets/audio/deepship/train/0/0_71.wav,180.0,210.0,0,train,Cargo ship,deepship
0_71,13,/datasets/audio/deepship/train/0/0_71.wav,195.0,225.0,0,train,Cargo ship,deepship
0_71,14,/datasets/audio/deepship/train/0/0_71.wav,210.0,240.0,0,train,Cargo ship,deepship
0_71,15,/datasets/audio/deepship/train/0/0_71.wav,225.0,255.0,0,train,Cargo ship,deepship
0_71,16,/datasets/audio/deepship/train/0/0_71.wav,240.0,270.0,0,train,Cargo ship,deepship
0_71,17,/datasets/audio/deepship/train/0/0_71.wav,245.0,275.0,0,train,Cargo ship,deepship
0_73,0,/datasets/audio/deepship/train/0/0_73.wav,0.0,30.0,0,train,Cargo ship,deepship
0_73,1,/datasets/audio/deepship/train/0/0_73.wav,15.0,45.0,0,train,Cargo ship,deepship
0_73,2,/datasets/audio/deepship/train/0/0_73.wav,30.0,60.0,0,train,Cargo ship,deepship
0_73,3,/datasets/audio/deepship/train/0/0_73.wav,45.0,75.0,0,train,Cargo ship,deepship
0_73,4,/datasets/audio/deepship/train/0/0_73.wav,60.0,90.0,0,train,Cargo ship,deepship
0_73,5,/datasets/audio/deepship/train/0/0_73.wav,75.0,105.0,0,train,Cargo ship,deepship
0_73,6,/datasets/audio/deepship/train/0/0_73.wav,90.0,120.0,0,train,Cargo ship,deepship
0_73,7,/datasets/audio/deepship/train/0/0_73.wav,105.0,135.0,0,train,Cargo ship,deepship
0_73,8,/datasets/audio/deepship/train/0/0_73.wav,120.0,150.0,0,train,Cargo ship,deepship
0_73,9,/datasets/audio/deepship/train/0/0_73.wav,135.0,165.0,0,train,Cargo ship,deepship
0_73,10,/datasets/audio/deepship/train/0/0_73.wav,150.0,180.0,0,train,Cargo ship,deepship
0_73,11,/datasets/audio/deepship/train/0/0_73.wav,165.0,195.0,0,train,Cargo ship,deepship
0_73,12,/datasets/audio/deepship/train/0/0_73.wav,180.0,210.0,0,train,Cargo ship,deepship
0_73,13,/datasets/audio/deepship/train/0/0_73.wav,195.0,225.0,0,train,Cargo ship,deepship
0_73,14,/datasets/audio/deepship/train/0/0_73.wav,210.0,240.0,0,train,Cargo ship,deepship
0_73,15,/datasets/audio/deepship/train/0/0_73.wav,225.0,255.0,0,train,Cargo ship,deepship
0_73,16,/datasets/audio/deepship/train/0/0_73.wav,240.0,270.0,0,train,Cargo ship,deepship
0_73,17,/datasets/audio/deepship/train/0/0_73.wav,255.0,285.0,0,train,Cargo ship,deepship
0_73,18,/datasets/audio/deepship/train/0/0_73.wav,270.0,300.0,0,train,Cargo ship,deepship
0_73,19,/datasets/audio/deepship/train/0/0_73.wav,285.0,315.0,0,train,Cargo ship,deepship
0_73,20,/datasets/audio/deepship/train/0/0_73.wav,300.0,330.0,0,train,Cargo ship,deepship
0_73,21,/datasets/audio/deepship/train/0/0_73.wav,315.0,345.0,0,train,Cargo ship,deepship
0_73,22,/datasets/audio/deepship/train/0/0_73.wav,330.0,360.0,0,train,Cargo ship,deepship
0_73,23,/datasets/audio/deepship/train/0/0_73.wav,345.0,375.0,0,train,Cargo ship,deepship
0_73,24,/datasets/audio/deepship/train/0/0_73.wav,360.0,390.0,0,train,Cargo ship,deepship
0_73,25,/datasets/audio/deepship/train/0/0_73.wav,375.0,405.0,0,train,Cargo ship,deepship
0_73,26,/datasets/audio/deepship/train/0/0_73.wav,390.0,420.0,0,train,Cargo ship,deepship
0_73,27,/datasets/audio/deepship/train/0/0_73.wav,405.0,435.0,0,train,Cargo ship,deepship
0_73,28,/datasets/audio/deepship/train/0/0_73.wav,409.0,439.0,0,train,Cargo ship,deepship
0_75,0,/datasets/audio/deepship/train/0/0_75.wav,0.0,30.0,0,train,Cargo ship,deepship
0_75,1,/datasets/audio/deepship/train/0/0_75.wav,15.0,45.0,0,train,Cargo ship,deepship
0_75,2,/datasets/audio/deepship/train/0/0_75.wav,30.0,60.0,0,train,Cargo ship,deepship
0_75,3,/datasets/audio/deepship/train/0/0_75.wav,45.0,75.0,0,train,Cargo ship,deepship
0_75,4,/datasets/audio/deepship/train/0/0_75.wav,60.0,90.0,0,train,Cargo ship,deepship
0_75,5,/datasets/audio/deepship/train/0/0_75.wav,75.0,105.0,0,train,Cargo ship,deepship
0_75,6,/datasets/audio/deepship/train/0/0_75.wav,90.0,120.0,0,train,Cargo ship,deepship
0_75,7,/datasets/audio/deepship/train/0/0_75.wav,105.0,135.0,0,train,Cargo ship,deepship
0_75,8,/datasets/audio/deepship/train/0/0_75.wav,120.0,150.0,0,train,Cargo ship,deepship
0_75,9,/datasets/audio/deepship/train/0/0_75.wav,135.0,165.0,0,train,Cargo ship,deepship
0_75,10,/datasets/audio/deepship/train/0/0_75.wav,150.0,180.0,0,train,Cargo ship,deepship
0_75,11,/datasets/audio/deepship/train/0/0_75.wav,165.0,195.0,0,train,Cargo ship,deepship
0_75,12,/datasets/audio/deepship/train/0/0_75.wav,180.0,210.0,0,train,Cargo ship,deepship
0_75,13,/datasets/audio/deepship/train/0/0_75.wav,191.0,221.0,0,train,Cargo ship,deepship
0_76,0,/datasets/audio/deepship/train/0/0_76.wav,0.0,30.0,0,train,Cargo ship,deepship
0_76,1,/datasets/audio/deepship/train/0/0_76.wav,15.0,45.0,0,train,Cargo ship,deepship
0_76,2,/datasets/audio/deepship/train/0/0_76.wav,30.0,60.0,0,train,Cargo ship,deepship
0_76,3,/datasets/audio/deepship/train/0/0_76.wav,45.0,75.0,0,train,Cargo ship,deepship
0_76,4,/datasets/audio/deepship/train/0/0_76.wav,60.0,90.0,0,train,Cargo ship,deepship
0_76,5,/datasets/audio/deepship/train/0/0_76.wav,75.0,105.0,0,train,Cargo ship,deepship
0_76,6,/datasets/audio/deepship/train/0/0_76.wav,90.0,120.0,0,train,Cargo ship,deepship
0_76,7,/datasets/audio/deepship/train/0/0_76.wav,105.0,135.0,0,train,Cargo ship,deepship
0_76,8,/datasets/audio/deepship/train/0/0_76.wav,120.0,150.0,0,train,Cargo ship,deepship
0_76,9,/datasets/audio/deepship/train/0/0_76.wav,135.0,165.0,0,train,Cargo ship,deepship
0_76,10,/datasets/audio/deepship/train/0/0_76.wav,150.0,180.0,0,train,Cargo ship,deepship
0_76,11,/datasets/audio/deepship/train/0/0_76.wav,165.0,195.0,0,train,Cargo ship,deepship
0_76,12,/datasets/audio/deepship/train/0/0_76.wav,180.0,210.0,0,train,Cargo ship,deepship
0_76,13,/datasets/audio/deepship/train/0/0_76.wav,195.0,225.0,0,train,Cargo ship,deepship
0_76,14,/datasets/audio/deepship/train/0/0_76.wav,210.0,240.0,0,train,Cargo ship,deepship
0_76,15,/datasets/audio/deepship/train/0/0_76.wav,225.0,255.0,0,train,Cargo ship,deepship
0_76,16,/datasets/audio/deepship/train/0/0_76.wav,240.0,270.0,0,train,Cargo ship,deepship
0_76,17,/datasets/audio/deepship/train/0/0_76.wav,255.0,285.0,0,train,Cargo ship,deepship
0_76,18,/datasets/audio/deepship/train/0/0_76.wav,270.0,300.0,0,train,Cargo ship,deepship
0_76,19,/datasets/audio/deepship/train/0/0_76.wav,285.0,315.0,0,train,Cargo ship,deepship
0_76,20,/datasets/audio/deepship/train/0/0_76.wav,300.0,330.0,0,train,Cargo ship,deepship
0_76,21,/datasets/audio/deepship/train/0/0_76.wav,315.0,345.0,0,train,Cargo ship,deepship
0_76,22,/datasets/audio/deepship/train/0/0_76.wav,330.0,360.0,0,train,Cargo ship,deepship
0_76,23,/datasets/audio/deepship/train/0/0_76.wav,345.0,375.0,0,train,Cargo ship,deepship
0_76,24,/datasets/audio/deepship/train/0/0_76.wav,360.0,390.0,0,train,Cargo ship,deepship
0_76,25,/datasets/audio/deepship/train/0/0_76.wav,375.0,405.0,0,train,Cargo ship,deepship
0_76,26,/datasets/audio/deepship/train/0/0_76.wav,390.0,420.0,0,train,Cargo ship,deepship
0_76,27,/datasets/audio/deepship/train/0/0_76.wav,405.0,435.0,0,train,Cargo ship,deepship
0_76,28,/datasets/audio/deepship/train/0/0_76.wav,420.0,450.0,0,train,Cargo ship,deepship
0_76,29,/datasets/audio/deepship/train/0/0_76.wav,435.0,465.0,0,train,Cargo ship,deepship
0_76,30,/datasets/audio/deepship/train/0/0_76.wav,450.0,480.0,0,train,Cargo ship,deepship
0_76,31,/datasets/audio/deepship/train/0/0_76.wav,465.0,495.0,0,train,Cargo ship,deepship
0_76,32,/datasets/audio/deepship/train/0/0_76.wav,468.0,498.0,0,train,Cargo ship,deepship
0_77,0,/datasets/audio/deepship/train/0/0_77.wav,0.0,30.0,0,train,Cargo ship,deepship
0_77,1,/datasets/audio/deepship/train/0/0_77.wav,15.0,45.0,0,train,Cargo ship,deepship
0_77,2,/datasets/audio/deepship/train/0/0_77.wav,30.0,60.0,0,train,Cargo ship,deepship
0_77,3,/datasets/audio/deepship/train/0/0_77.wav,45.0,75.0,0,train,Cargo ship,deepship
0_77,4,/datasets/audio/deepship/train/0/0_77.wav,60.0,90.0,0,train,Cargo ship,deepship
0_77,5,/datasets/audio/deepship/train/0/0_77.wav,75.0,105.0,0,train,Cargo ship,deepship
0_77,6,/datasets/audio/deepship/train/0/0_77.wav,90.0,120.0,0,train,Cargo ship,deepship
0_77,7,/datasets/audio/deepship/train/0/0_77.wav,105.0,135.0,0,train,Cargo ship,deepship
0_77,8,/datasets/audio/deepship/train/0/0_77.wav,120.0,150.0,0,train,Cargo ship,deepship
0_77,9,/datasets/audio/deepship/train/0/0_77.wav,135.0,165.0,0,train,Cargo ship,deepship
0_77,10,/datasets/audio/deepship/train/0/0_77.wav,150.0,180.0,0,train,Cargo ship,deepship
0_77,11,/datasets/audio/deepship/train/0/0_77.wav,165.0,195.0,0,train,Cargo ship,deepship
0_77,12,/datasets/audio/deepship/train/0/0_77.wav,180.0,210.0,0,train,Cargo ship,deepship
0_77,13,/datasets/audio/deepship/train/0/0_77.wav,195.0,225.0,0,train,Cargo ship,deepship
0_77,14,/datasets/audio/deepship/train/0/0_77.wav,210.0,240.0,0,train,Cargo ship,deepship
0_77,15,/datasets/audio/deepship/train/0/0_77.wav,225.0,255.0,0,train,Cargo ship,deepship
0_77,16,/datasets/audio/deepship/train/0/0_77.wav,240.0,270.0,0,train,Cargo ship,deepship
0_77,17,/datasets/audio/deepship/train/0/0_77.wav,255.0,285.0,0,train,Cargo ship,deepship
0_77,18,/datasets/audio/deepship/train/0/0_77.wav,270.0,300.0,0,train,Cargo ship,deepship
0_77,19,/datasets/audio/deepship/train/0/0_77.wav,285.0,315.0,0,train,Cargo ship,deepship
0_77,20,/datasets/audio/deepship/train/0/0_77.wav,300.0,330.0,0,train,Cargo ship,deepship
0_77,21,/datasets/audio/deepship/train/0/0_77.wav,315.0,345.0,0,train,Cargo ship,deepship
0_77,22,/datasets/audio/deepship/train/0/0_77.wav,330.0,360.0,0,train,Cargo ship,deepship
0_77,23,/datasets/audio/deepship/train/0/0_77.wav,338.0,368.0,0,train,Cargo ship,deepship
0_78,0,/datasets/audio/deepship/train/0/0_78.wav,0.0,30.0,0,train,Cargo ship,deepship
0_78,1,/datasets/audio/deepship/train/0/0_78.wav,15.0,45.0,0,train,Cargo ship,deepship
0_78,2,/datasets/audio/deepship/train/0/0_78.wav,30.0,60.0,0,train,Cargo ship,deepship
0_78,3,/datasets/audio/deepship/train/0/0_78.wav,45.0,75.0,0,train,Cargo ship,deepship
0_78,4,/datasets/audio/deepship/train/0/0_78.wav,60.0,90.0,0,train,Cargo ship,deepship
0_78,5,/datasets/audio/deepship/train/0/0_78.wav,75.0,105.0,0,train,Cargo ship,deepship
0_78,6,/datasets/audio/deepship/train/0/0_78.wav,90.0,120.0,0,train,Cargo ship,deepship
0_78,7,/datasets/audio/deepship/train/0/0_78.wav,105.0,135.0,0,train,Cargo ship,deepship
0_78,8,/datasets/audio/deepship/train/0/0_78.wav,120.0,150.0,0,train,Cargo ship,deepship
0_78,9,/datasets/audio/deepship/train/0/0_78.wav,135.0,165.0,0,train,Cargo ship,deepship
0_78,10,/datasets/audio/deepship/train/0/0_78.wav,150.0,180.0,0,train,Cargo ship,deepship
0_78,11,/datasets/audio/deepship/train/0/0_78.wav,164.0,194.0,0,train,Cargo ship,deepship
0_8,0,/datasets/audio/deepship/train/0/0_8.wav,0.0,30.0,0,train,Cargo ship,deepship
0_8,1,/datasets/audio/deepship/train/0/0_8.wav,15.0,45.0,0,train,Cargo ship,deepship
0_8,2,/datasets/audio/deepship/train/0/0_8.wav,30.0,60.0,0,train,Cargo ship,deepship
0_8,3,/datasets/audio/deepship/train/0/0_8.wav,45.0,75.0,0,train,Cargo ship,deepship
0_8,4,/datasets/audio/deepship/train/0/0_8.wav,60.0,90.0,0,train,Cargo ship,deepship
0_8,5,/datasets/audio/deepship/train/0/0_8.wav,75.0,105.0,0,train,Cargo ship,deepship
0_8,6,/datasets/audio/deepship/train/0/0_8.wav,90.0,120.0,0,train,Cargo ship,deepship
0_8,7,/datasets/audio/deepship/train/0/0_8.wav,105.0,135.0,0,train,Cargo ship,deepship
0_8,8,/datasets/audio/deepship/train/0/0_8.wav,120.0,150.0,0,train,Cargo ship,deepship
0_8,9,/datasets/audio/deepship/train/0/0_8.wav,135.0,165.0,0,train,Cargo ship,deepship
0_8,10,/datasets/audio/deepship/train/0/0_8.wav,150.0,180.0,0,train,Cargo ship,deepship
0_8,11,/datasets/audio/deepship/train/0/0_8.wav,165.0,195.0,0,train,Cargo ship,deepship
0_8,12,/datasets/audio/deepship/train/0/0_8.wav,180.0,210.0,0,train,Cargo ship,deepship
0_8,13,/datasets/audio/deepship/train/0/0_8.wav,195.0,225.0,0,train,Cargo ship,deepship
0_8,14,/datasets/audio/deepship/train/0/0_8.wav,210.0,240.0,0,train,Cargo ship,deepship
0_8,15,/datasets/audio/deepship/train/0/0_8.wav,225.0,255.0,0,train,Cargo ship,deepship
0_8,16,/datasets/audio/deepship/train/0/0_8.wav,240.0,270.0,0,train,Cargo ship,deepship
0_8,17,/datasets/audio/deepship/train/0/0_8.wav,249.0,279.0,0,train,Cargo ship,deepship
0_80,0,/datasets/audio/deepship/train/0/0_80.wav,0.0,30.0,0,train,Cargo ship,deepship
0_80,1,/datasets/audio/deepship/train/0/0_80.wav,15.0,45.0,0,train,Cargo ship,deepship
0_80,2,/datasets/audio/deepship/train/0/0_80.wav,30.0,60.0,0,train,Cargo ship,deepship
0_80,3,/datasets/audio/deepship/train/0/0_80.wav,45.0,75.0,0,train,Cargo ship,deepship
0_80,4,/datasets/audio/deepship/train/0/0_80.wav,60.0,90.0,0,train,Cargo ship,deepship
0_80,5,/datasets/audio/deepship/train/0/0_80.wav,75.0,105.0,0,train,Cargo ship,deepship
0_80,6,/datasets/audio/deepship/train/0/0_80.wav,90.0,120.0,0,train,Cargo ship,deepship
0_80,7,/datasets/audio/deepship/train/0/0_80.wav,105.0,135.0,0,train,Cargo ship,deepship
0_80,8,/datasets/audio/deepship/train/0/0_80.wav,120.0,150.0,0,train,Cargo ship,deepship
0_80,9,/datasets/audio/deepship/train/0/0_80.wav,135.0,165.0,0,train,Cargo ship,deepship
0_80,10,/datasets/audio/deepship/train/0/0_80.wav,150.0,180.0,0,train,Cargo ship,deepship
0_80,11,/datasets/audio/deepship/train/0/0_80.wav,165.0,195.0,0,train,Cargo ship,deepship
0_80,12,/datasets/audio/deepship/train/0/0_80.wav,180.0,210.0,0,train,Cargo ship,deepship
0_80,13,/datasets/audio/deepship/train/0/0_80.wav,195.0,225.0,0,train,Cargo ship,deepship
0_80,14,/datasets/audio/deepship/train/0/0_80.wav,210.0,240.0,0,train,Cargo ship,deepship
0_80,15,/datasets/audio/deepship/train/0/0_80.wav,225.0,255.0,0,train,Cargo ship,deepship
0_80,16,/datasets/audio/deepship/train/0/0_80.wav,240.0,270.0,0,train,Cargo ship,deepship
0_80,17,/datasets/audio/deepship/train/0/0_80.wav,255.0,285.0,0,train,Cargo ship,deepship
0_80,18,/datasets/audio/deepship/train/0/0_80.wav,270.0,300.0,0,train,Cargo ship,deepship
0_80,19,/datasets/audio/deepship/train/0/0_80.wav,285.0,315.0,0,train,Cargo ship,deepship
0_80,20,/datasets/audio/deepship/train/0/0_80.wav,300.0,330.0,0,train,Cargo ship,deepship
0_80,21,/datasets/audio/deepship/train/0/0_80.wav,315.0,345.0,0,train,Cargo ship,deepship
0_80,22,/datasets/audio/deepship/train/0/0_80.wav,330.0,360.0,0,train,Cargo ship,deepship
0_80,23,/datasets/audio/deepship/train/0/0_80.wav,345.0,375.0,0,train,Cargo ship,deepship
0_80,24,/datasets/audio/deepship/train/0/0_80.wav,360.0,390.0,0,train,Cargo ship,deepship
0_80,25,/datasets/audio/deepship/train/0/0_80.wav,375.0,405.0,0,train,Cargo ship,deepship
0_80,26,/datasets/audio/deepship/train/0/0_80.wav,390.0,420.0,0,train,Cargo ship,deepship
0_80,27,/datasets/audio/deepship/train/0/0_80.wav,405.0,435.0,0,train,Cargo ship,deepship
0_80,28,/datasets/audio/deepship/train/0/0_80.wav,420.0,450.0,0,train,Cargo ship,deepship
0_80,29,/datasets/audio/deepship/train/0/0_80.wav,433.0,463.0,0,train,Cargo ship,deepship
0_81,0,/datasets/audio/deepship/train/0/0_81.wav,0.0,30.0,0,train,Cargo ship,deepship
0_81,1,/datasets/audio/deepship/train/0/0_81.wav,15.0,45.0,0,train,Cargo ship,deepship
0_81,2,/datasets/audio/deepship/train/0/0_81.wav,30.0,60.0,0,train,Cargo ship,deepship
0_81,3,/datasets/audio/deepship/train/0/0_81.wav,45.0,75.0,0,train,Cargo ship,deepship
0_81,4,/datasets/audio/deepship/train/0/0_81.wav,60.0,90.0,0,train,Cargo ship,deepship
0_81,5,/datasets/audio/deepship/train/0/0_81.wav,75.0,105.0,0,train,Cargo ship,deepship
0_81,6,/datasets/audio/deepship/train/0/0_81.wav,90.0,120.0,0,train,Cargo ship,deepship
0_81,7,/datasets/audio/deepship/train/0/0_81.wav,105.0,135.0,0,train,Cargo ship,deepship
0_81,8,/datasets/audio/deepship/train/0/0_81.wav,120.0,150.0,0,train,Cargo ship,deepship
0_81,9,/datasets/audio/deepship/train/0/0_81.wav,135.0,165.0,0,train,Cargo ship,deepship
0_81,10,/datasets/audio/deepship/train/0/0_81.wav,150.0,180.0,0,train,Cargo ship,deepship
0_81,11,/datasets/audio/deepship/train/0/0_81.wav,165.0,195.0,0,train,Cargo ship,deepship
0_81,12,/datasets/audio/deepship/train/0/0_81.wav,180.0,210.0,0,train,Cargo ship,deepship
0_81,13,/datasets/audio/deepship/train/0/0_81.wav,195.0,225.0,0,train,Cargo ship,deepship
0_81,14,/datasets/audio/deepship/train/0/0_81.wav,210.0,240.0,0,train,Cargo ship,deepship
0_81,15,/datasets/audio/deepship/train/0/0_81.wav,225.0,255.0,0,train,Cargo ship,deepship
0_81,16,/datasets/audio/deepship/train/0/0_81.wav,240.0,270.0,0,train,Cargo ship,deepship
0_81,17,/datasets/audio/deepship/train/0/0_81.wav,255.0,285.0,0,train,Cargo ship,deepship
0_81,18,/datasets/audio/deepship/train/0/0_81.wav,270.0,300.0,0,train,Cargo ship,deepship
0_81,19,/datasets/audio/deepship/train/0/0_81.wav,285.0,315.0,0,train,Cargo ship,deepship
0_81,20,/datasets/audio/deepship/train/0/0_81.wav,300.0,330.0,0,train,Cargo ship,deepship
0_81,21,/datasets/audio/deepship/train/0/0_81.wav,315.0,345.0,0,train,Cargo ship,deepship
0_81,22,/datasets/audio/deepship/train/0/0_81.wav,330.0,360.0,0,train,Cargo ship,deepship
0_81,23,/datasets/audio/deepship/train/0/0_81.wav,345.0,375.0,0,train,Cargo ship,deepship
0_81,24,/datasets/audio/deepship/train/0/0_81.wav,360.0,390.0,0,train,Cargo ship,deepship
0_81,25,/datasets/audio/deepship/train/0/0_81.wav,375.0,405.0,0,train,Cargo ship,deepship
0_81,26,/datasets/audio/deepship/train/0/0_81.wav,390.0,420.0,0,train,Cargo ship,deepship
0_81,27,/datasets/audio/deepship/train/0/0_81.wav,405.0,435.0,0,train,Cargo ship,deepship
0_81,28,/datasets/audio/deepship/train/0/0_81.wav,420.0,450.0,0,train,Cargo ship,deepship
0_81,29,/datasets/audio/deepship/train/0/0_81.wav,435.0,465.0,0,train,Cargo ship,deepship
0_81,30,/datasets/audio/deepship/train/0/0_81.wav,450.0,480.0,0,train,Cargo ship,deepship
0_81,31,/datasets/audio/deepship/train/0/0_81.wav,465.0,495.0,0,train,Cargo ship,deepship
0_81,32,/datasets/audio/deepship/train/0/0_81.wav,480.0,510.0,0,train,Cargo ship,deepship
0_81,33,/datasets/audio/deepship/train/0/0_81.wav,495.0,525.0,0,train,Cargo ship,deepship
0_81,34,/datasets/audio/deepship/train/0/0_81.wav,510.0,540.0,0,train,Cargo ship,deepship
0_81,35,/datasets/audio/deepship/train/0/0_81.wav,521.0,551.0,0,train,Cargo ship,deepship
0_82,0,/datasets/audio/deepship/train/0/0_82.wav,0.0,30.0,0,train,Cargo ship,deepship
0_82,1,/datasets/audio/deepship/train/0/0_82.wav,15.0,45.0,0,train,Cargo ship,deepship
0_82,2,/datasets/audio/deepship/train/0/0_82.wav,30.0,60.0,0,train,Cargo ship,deepship
0_82,3,/datasets/audio/deepship/train/0/0_82.wav,45.0,75.0,0,train,Cargo ship,deepship
0_82,4,/datasets/audio/deepship/train/0/0_82.wav,60.0,90.0,0,train,Cargo ship,deepship
0_82,5,/datasets/audio/deepship/train/0/0_82.wav,75.0,105.0,0,train,Cargo ship,deepship
0_82,6,/datasets/audio/deepship/train/0/0_82.wav,90.0,120.0,0,train,Cargo ship,deepship
0_82,7,/datasets/audio/deepship/train/0/0_82.wav,105.0,135.0,0,train,Cargo ship,deepship
0_82,8,/datasets/audio/deepship/train/0/0_82.wav,120.0,150.0,0,train,Cargo ship,deepship
0_82,9,/datasets/audio/deepship/train/0/0_82.wav,135.0,165.0,0,train,Cargo ship,deepship
0_82,10,/datasets/audio/deepship/train/0/0_82.wav,150.0,180.0,0,train,Cargo ship,deepship
0_82,11,/datasets/audio/deepship/train/0/0_82.wav,165.0,195.0,0,train,Cargo ship,deepship
0_82,12,/datasets/audio/deepship/train/0/0_82.wav,180.0,210.0,0,train,Cargo ship,deepship
0_82,13,/datasets/audio/deepship/train/0/0_82.wav,195.0,225.0,0,train,Cargo ship,deepship
0_82,14,/datasets/audio/deepship/train/0/0_82.wav,199.0,229.0,0,train,Cargo ship,deepship
0_84,0,/datasets/audio/deepship/train/0/0_84.wav,0.0,30.0,0,train,Cargo ship,deepship
0_84,1,/datasets/audio/deepship/train/0/0_84.wav,15.0,45.0,0,train,Cargo ship,deepship
0_84,2,/datasets/audio/deepship/train/0/0_84.wav,30.0,60.0,0,train,Cargo ship,deepship
0_84,3,/datasets/audio/deepship/train/0/0_84.wav,45.0,75.0,0,train,Cargo ship,deepship
0_84,4,/datasets/audio/deepship/train/0/0_84.wav,60.0,90.0,0,train,Cargo ship,deepship
0_84,5,/datasets/audio/deepship/train/0/0_84.wav,75.0,105.0,0,train,Cargo ship,deepship
0_84,6,/datasets/audio/deepship/train/0/0_84.wav,90.0,120.0,0,train,Cargo ship,deepship
0_84,7,/datasets/audio/deepship/train/0/0_84.wav,105.0,135.0,0,train,Cargo ship,deepship
0_84,8,/datasets/audio/deepship/train/0/0_84.wav,120.0,150.0,0,train,Cargo ship,deepship
0_84,9,/datasets/audio/deepship/train/0/0_84.wav,135.0,165.0,0,train,Cargo ship,deepship
0_84,10,/datasets/audio/deepship/train/0/0_84.wav,150.0,180.0,0,train,Cargo ship,deepship
0_84,11,/datasets/audio/deepship/train/0/0_84.wav,165.0,195.0,0,train,Cargo ship,deepship
0_84,12,/datasets/audio/deepship/train/0/0_84.wav,180.0,210.0,0,train,Cargo ship,deepship
0_84,13,/datasets/audio/deepship/train/0/0_84.wav,195.0,225.0,0,train,Cargo ship,deepship
0_84,14,/datasets/audio/deepship/train/0/0_84.wav,210.0,240.0,0,train,Cargo ship,deepship
0_84,15,/datasets/audio/deepship/train/0/0_84.wav,225.0,255.0,0,train,Cargo ship,deepship
0_84,16,/datasets/audio/deepship/train/0/0_84.wav,240.0,270.0,0,train,Cargo ship,deepship
0_84,17,/datasets/audio/deepship/train/0/0_84.wav,255.0,285.0,0,train,Cargo ship,deepship
0_84,18,/datasets/audio/deepship/train/0/0_84.wav,270.0,300.0,0,train,Cargo ship,deepship
0_84,19,/datasets/audio/deepship/train/0/0_84.wav,285.0,315.0,0,train,Cargo ship,deepship
0_84,20,/datasets/audio/deepship/train/0/0_84.wav,300.0,330.0,0,train,Cargo ship,deepship
0_84,21,/datasets/audio/deepship/train/0/0_84.wav,315.0,345.0,0,train,Cargo ship,deepship
0_84,22,/datasets/audio/deepship/train/0/0_84.wav,330.0,360.0,0,train,Cargo ship,deepship
0_84,23,/datasets/audio/deepship/train/0/0_84.wav,336.0,366.0,0,train,Cargo ship,deepship
0_85,0,/datasets/audio/deepship/train/0/0_85.wav,0.0,30.0,0,train,Cargo ship,deepship
0_85,1,/datasets/audio/deepship/train/0/0_85.wav,15.0,45.0,0,train,Cargo ship,deepship
0_85,2,/datasets/audio/deepship/train/0/0_85.wav,30.0,60.0,0,train,Cargo ship,deepship
0_85,3,/datasets/audio/deepship/train/0/0_85.wav,45.0,75.0,0,train,Cargo ship,deepship
0_85,4,/datasets/audio/deepship/train/0/0_85.wav,60.0,90.0,0,train,Cargo ship,deepship
0_85,5,/datasets/audio/deepship/train/0/0_85.wav,75.0,105.0,0,train,Cargo ship,deepship
0_85,6,/datasets/audio/deepship/train/0/0_85.wav,90.0,120.0,0,train,Cargo ship,deepship
0_85,7,/datasets/audio/deepship/train/0/0_85.wav,105.0,135.0,0,train,Cargo ship,deepship
0_85,8,/datasets/audio/deepship/train/0/0_85.wav,120.0,150.0,0,train,Cargo ship,deepship
0_85,9,/datasets/audio/deepship/train/0/0_85.wav,135.0,165.0,0,train,Cargo ship,deepship
0_85,10,/datasets/audio/deepship/train/0/0_85.wav,150.0,180.0,0,train,Cargo ship,deepship
0_85,11,/datasets/audio/deepship/train/0/0_85.wav,165.0,195.0,0,train,Cargo ship,deepship
0_85,12,/datasets/audio/deepship/train/0/0_85.wav,180.0,210.0,0,train,Cargo ship,deepship
0_85,13,/datasets/audio/deepship/train/0/0_85.wav,195.0,225.0,0,train,Cargo ship,deepship
0_85,14,/datasets/audio/deepship/train/0/0_85.wav,210.0,240.0,0,train,Cargo ship,deepship
0_85,15,/datasets/audio/deepship/train/0/0_85.wav,225.0,255.0,0,train,Cargo ship,deepship
0_85,16,/datasets/audio/deepship/train/0/0_85.wav,240.0,270.0,0,train,Cargo ship,deepship
0_85,17,/datasets/audio/deepship/train/0/0_85.wav,255.0,285.0,0,train,Cargo ship,deepship
0_85,18,/datasets/audio/deepship/train/0/0_85.wav,270.0,300.0,0,train,Cargo ship,deepship
0_85,19,/datasets/audio/deepship/train/0/0_85.wav,285.0,315.0,0,train,Cargo ship,deepship
0_85,20,/datasets/audio/deepship/train/0/0_85.wav,300.0,330.0,0,train,Cargo ship,deepship
0_85,21,/datasets/audio/deepship/train/0/0_85.wav,315.0,345.0,0,train,Cargo ship,deepship
0_85,22,/datasets/audio/deepship/train/0/0_85.wav,330.0,360.0,0,train,Cargo ship,deepship
0_85,23,/datasets/audio/deepship/train/0/0_85.wav,345.0,375.0,0,train,Cargo ship,deepship
0_85,24,/datasets/audio/deepship/train/0/0_85.wav,360.0,390.0,0,train,Cargo ship,deepship
0_85,25,/datasets/audio/deepship/train/0/0_85.wav,375.0,405.0,0,train,Cargo ship,deepship
0_85,26,/datasets/audio/deepship/train/0/0_85.wav,390.0,420.0,0,train,Cargo ship,deepship
0_85,27,/datasets/audio/deepship/train/0/0_85.wav,405.0,435.0,0,train,Cargo ship,deepship
0_85,28,/datasets/audio/deepship/train/0/0_85.wav,420.0,450.0,0,train,Cargo ship,deepship
0_85,29,/datasets/audio/deepship/train/0/0_85.wav,435.0,465.0,0,train,Cargo ship,deepship
0_85,30,/datasets/audio/deepship/train/0/0_85.wav,450.0,480.0,0,train,Cargo ship,deepship
0_85,31,/datasets/audio/deepship/train/0/0_85.wav,465.0,495.0,0,train,Cargo ship,deepship
0_85,32,/datasets/audio/deepship/train/0/0_85.wav,480.0,510.0,0,train,Cargo ship,deepship
0_85,33,/datasets/audio/deepship/train/0/0_85.wav,495.0,525.0,0,train,Cargo ship,deepship
0_85,34,/datasets/audio/deepship/train/0/0_85.wav,510.0,540.0,0,train,Cargo ship,deepship
0_86,0,/datasets/audio/deepship/train/0/0_86.wav,0.0,30.0,0,train,Cargo ship,deepship
0_86,1,/datasets/audio/deepship/train/0/0_86.wav,15.0,45.0,0,train,Cargo ship,deepship
0_86,2,/datasets/audio/deepship/train/0/0_86.wav,30.0,60.0,0,train,Cargo ship,deepship
0_86,3,/datasets/audio/deepship/train/0/0_86.wav,45.0,75.0,0,train,Cargo ship,deepship
0_86,4,/datasets/audio/deepship/train/0/0_86.wav,60.0,90.0,0,train,Cargo ship,deepship
0_86,5,/datasets/audio/deepship/train/0/0_86.wav,75.0,105.0,0,train,Cargo ship,deepship
0_86,6,/datasets/audio/deepship/train/0/0_86.wav,90.0,120.0,0,train,Cargo ship,deepship
0_86,7,/datasets/audio/deepship/train/0/0_86.wav,105.0,135.0,0,train,Cargo ship,deepship
0_86,8,/datasets/audio/deepship/train/0/0_86.wav,120.0,150.0,0,train,Cargo ship,deepship
0_86,9,/datasets/audio/deepship/train/0/0_86.wav,135.0,165.0,0,train,Cargo ship,deepship
0_86,10,/datasets/audio/deepship/train/0/0_86.wav,150.0,180.0,0,train,Cargo ship,deepship
0_86,11,/datasets/audio/deepship/train/0/0_86.wav,165.0,195.0,0,train,Cargo ship,deepship
0_86,12,/datasets/audio/deepship/train/0/0_86.wav,178.0,208.0,0,train,Cargo ship,deepship
0_87,0,/datasets/audio/deepship/train/0/0_87.wav,0.0,30.0,0,train,Cargo ship,deepship
0_87,1,/datasets/audio/deepship/train/0/0_87.wav,15.0,45.0,0,train,Cargo ship,deepship
0_87,2,/datasets/audio/deepship/train/0/0_87.wav,30.0,60.0,0,train,Cargo ship,deepship
0_87,3,/datasets/audio/deepship/train/0/0_87.wav,45.0,75.0,0,train,Cargo ship,deepship
0_87,4,/datasets/audio/deepship/train/0/0_87.wav,60.0,90.0,0,train,Cargo ship,deepship
0_87,5,/datasets/audio/deepship/train/0/0_87.wav,75.0,105.0,0,train,Cargo ship,deepship
0_87,6,/datasets/audio/deepship/train/0/0_87.wav,90.0,120.0,0,train,Cargo ship,deepship
0_87,7,/datasets/audio/deepship/train/0/0_87.wav,105.0,135.0,0,train,Cargo ship,deepship
0_87,8,/datasets/audio/deepship/train/0/0_87.wav,120.0,150.0,0,train,Cargo ship,deepship
0_87,9,/datasets/audio/deepship/train/0/0_87.wav,135.0,165.0,0,train,Cargo ship,deepship
0_87,10,/datasets/audio/deepship/train/0/0_87.wav,150.0,180.0,0,train,Cargo ship,deepship
0_87,11,/datasets/audio/deepship/train/0/0_87.wav,165.0,195.0,0,train,Cargo ship,deepship
0_87,12,/datasets/audio/deepship/train/0/0_87.wav,180.0,210.0,0,train,Cargo ship,deepship
0_87,13,/datasets/audio/deepship/train/0/0_87.wav,195.0,225.0,0,train,Cargo ship,deepship
0_87,14,/datasets/audio/deepship/train/0/0_87.wav,210.0,240.0,0,train,Cargo ship,deepship
0_87,15,/datasets/audio/deepship/train/0/0_87.wav,225.0,255.0,0,train,Cargo ship,deepship
0_87,16,/datasets/audio/deepship/train/0/0_87.wav,240.0,270.0,0,train,Cargo ship,deepship
0_87,17,/datasets/audio/deepship/train/0/0_87.wav,255.0,285.0,0,train,Cargo ship,deepship
0_87,18,/datasets/audio/deepship/train/0/0_87.wav,270.0,300.0,0,train,Cargo ship,deepship
0_87,19,/datasets/audio/deepship/train/0/0_87.wav,285.0,315.0,0,train,Cargo ship,deepship
0_87,20,/datasets/audio/deepship/train/0/0_87.wav,300.0,330.0,0,train,Cargo ship,deepship
0_87,21,/datasets/audio/deepship/train/0/0_87.wav,315.0,345.0,0,train,Cargo ship,deepship
0_87,22,/datasets/audio/deepship/train/0/0_87.wav,330.0,360.0,0,train,Cargo ship,deepship
0_87,23,/datasets/audio/deepship/train/0/0_87.wav,345.0,375.0,0,train,Cargo ship,deepship
0_87,24,/datasets/audio/deepship/train/0/0_87.wav,360.0,390.0,0,train,Cargo ship,deepship
0_87,25,/datasets/audio/deepship/train/0/0_87.wav,375.0,405.0,0,train,Cargo ship,deepship
0_87,26,/datasets/audio/deepship/train/0/0_87.wav,381.0,411.0,0,train,Cargo ship,deepship
0_88,0,/datasets/audio/deepship/train/0/0_88.wav,0.0,30.0,0,train,Cargo ship,deepship
0_88,1,/datasets/audio/deepship/train/0/0_88.wav,15.0,45.0,0,train,Cargo ship,deepship
0_88,2,/datasets/audio/deepship/train/0/0_88.wav,30.0,60.0,0,train,Cargo ship,deepship
0_88,3,/datasets/audio/deepship/train/0/0_88.wav,45.0,75.0,0,train,Cargo ship,deepship
0_88,4,/datasets/audio/deepship/train/0/0_88.wav,60.0,90.0,0,train,Cargo ship,deepship
0_88,5,/datasets/audio/deepship/train/0/0_88.wav,75.0,105.0,0,train,Cargo ship,deepship
0_88,6,/datasets/audio/deepship/train/0/0_88.wav,90.0,120.0,0,train,Cargo ship,deepship
0_88,7,/datasets/audio/deepship/train/0/0_88.wav,105.0,135.0,0,train,Cargo ship,deepship
0_88,8,/datasets/audio/deepship/train/0/0_88.wav,120.0,150.0,0,train,Cargo ship,deepship
0_88,9,/datasets/audio/deepship/train/0/0_88.wav,135.0,165.0,0,train,Cargo ship,deepship
0_88,10,/datasets/audio/deepship/train/0/0_88.wav,150.0,180.0,0,train,Cargo ship,deepship
0_88,11,/datasets/audio/deepship/train/0/0_88.wav,165.0,195.0,0,train,Cargo ship,deepship
0_88,12,/datasets/audio/deepship/train/0/0_88.wav,180.0,210.0,0,train,Cargo ship,deepship
0_88,13,/datasets/audio/deepship/train/0/0_88.wav,195.0,225.0,0,train,Cargo ship,deepship
0_88,14,/datasets/audio/deepship/train/0/0_88.wav,210.0,240.0,0,train,Cargo ship,deepship
0_88,15,/datasets/audio/deepship/train/0/0_88.wav,225.0,255.0,0,train,Cargo ship,deepship
0_88,16,/datasets/audio/deepship/train/0/0_88.wav,240.0,270.0,0,train,Cargo ship,deepship
0_88,17,/datasets/audio/deepship/train/0/0_88.wav,255.0,285.0,0,train,Cargo ship,deepship
0_88,18,/datasets/audio/deepship/train/0/0_88.wav,270.0,300.0,0,train,Cargo ship,deepship
0_88,19,/datasets/audio/deepship/train/0/0_88.wav,285.0,315.0,0,train,Cargo ship,deepship
0_88,20,/datasets/audio/deepship/train/0/0_88.wav,300.0,330.0,0,train,Cargo ship,deepship
0_88,21,/datasets/audio/deepship/train/0/0_88.wav,315.0,345.0,0,train,Cargo ship,deepship
0_88,22,/datasets/audio/deepship/train/0/0_88.wav,330.0,360.0,0,train,Cargo ship,deepship
0_88,23,/datasets/audio/deepship/train/0/0_88.wav,345.0,375.0,0,train,Cargo ship,deepship
0_88,24,/datasets/audio/deepship/train/0/0_88.wav,360.0,390.0,0,train,Cargo ship,deepship
0_88,25,/datasets/audio/deepship/train/0/0_88.wav,375.0,405.0,0,train,Cargo ship,deepship
0_88,26,/datasets/audio/deepship/train/0/0_88.wav,390.0,420.0,0,train,Cargo ship,deepship
0_88,27,/datasets/audio/deepship/train/0/0_88.wav,405.0,435.0,0,train,Cargo ship,deepship
0_88,28,/datasets/audio/deepship/train/0/0_88.wav,420.0,450.0,0,train,Cargo ship,deepship
0_88,29,/datasets/audio/deepship/train/0/0_88.wav,435.0,465.0,0,train,Cargo ship,deepship
0_88,30,/datasets/audio/deepship/train/0/0_88.wav,450.0,480.0,0,train,Cargo ship,deepship
0_88,31,/datasets/audio/deepship/train/0/0_88.wav,465.0,495.0,0,train,Cargo ship,deepship
0_88,32,/datasets/audio/deepship/train/0/0_88.wav,480.0,510.0,0,train,Cargo ship,deepship
0_88,33,/datasets/audio/deepship/train/0/0_88.wav,495.0,525.0,0,train,Cargo ship,deepship
0_88,34,/datasets/audio/deepship/train/0/0_88.wav,508.0,538.0,0,train,Cargo ship,deepship
0_89,0,/datasets/audio/deepship/train/0/0_89.wav,0.0,30.0,0,train,Cargo ship,deepship
0_89,1,/datasets/audio/deepship/train/0/0_89.wav,15.0,45.0,0,train,Cargo ship,deepship
0_89,2,/datasets/audio/deepship/train/0/0_89.wav,30.0,60.0,0,train,Cargo ship,deepship
0_89,3,/datasets/audio/deepship/train/0/0_89.wav,45.0,75.0,0,train,Cargo ship,deepship
0_89,4,/datasets/audio/deepship/train/0/0_89.wav,60.0,90.0,0,train,Cargo ship,deepship
0_89,5,/datasets/audio/deepship/train/0/0_89.wav,75.0,105.0,0,train,Cargo ship,deepship
0_89,6,/datasets/audio/deepship/train/0/0_89.wav,90.0,120.0,0,train,Cargo ship,deepship
0_89,7,/datasets/audio/deepship/train/0/0_89.wav,105.0,135.0,0,train,Cargo ship,deepship
0_89,8,/datasets/audio/deepship/train/0/0_89.wav,120.0,150.0,0,train,Cargo ship,deepship
0_89,9,/datasets/audio/deepship/train/0/0_89.wav,135.0,165.0,0,train,Cargo ship,deepship
0_89,10,/datasets/audio/deepship/train/0/0_89.wav,150.0,180.0,0,train,Cargo ship,deepship
0_89,11,/datasets/audio/deepship/train/0/0_89.wav,165.0,195.0,0,train,Cargo ship,deepship
0_89,12,/datasets/audio/deepship/train/0/0_89.wav,180.0,210.0,0,train,Cargo ship,deepship
0_89,13,/datasets/audio/deepship/train/0/0_89.wav,195.0,225.0,0,train,Cargo ship,deepship
0_89,14,/datasets/audio/deepship/train/0/0_89.wav,210.0,240.0,0,train,Cargo ship,deepship
0_89,15,/datasets/audio/deepship/train/0/0_89.wav,225.0,255.0,0,train,Cargo ship,deepship
0_89,16,/datasets/audio/deepship/train/0/0_89.wav,240.0,270.0,0,train,Cargo ship,deepship
0_89,17,/datasets/audio/deepship/train/0/0_89.wav,255.0,285.0,0,train,Cargo ship,deepship
0_89,18,/datasets/audio/deepship/train/0/0_89.wav,270.0,300.0,0,train,Cargo ship,deepship
0_89,19,/datasets/audio/deepship/train/0/0_89.wav,285.0,315.0,0,train,Cargo ship,deepship
0_89,20,/datasets/audio/deepship/train/0/0_89.wav,300.0,330.0,0,train,Cargo ship,deepship
0_89,21,/datasets/audio/deepship/train/0/0_89.wav,315.0,345.0,0,train,Cargo ship,deepship
0_89,22,/datasets/audio/deepship/train/0/0_89.wav,330.0,360.0,0,train,Cargo ship,deepship
0_89,23,/datasets/audio/deepship/train/0/0_89.wav,345.0,375.0,0,train,Cargo ship,deepship
0_89,24,/datasets/audio/deepship/train/0/0_89.wav,352.0,382.0,0,train,Cargo ship,deepship
0_9,0,/datasets/audio/deepship/train/0/0_9.wav,0.0,30.0,0,train,Cargo ship,deepship
0_9,1,/datasets/audio/deepship/train/0/0_9.wav,15.0,45.0,0,train,Cargo ship,deepship
0_9,2,/datasets/audio/deepship/train/0/0_9.wav,30.0,60.0,0,train,Cargo ship,deepship
0_9,3,/datasets/audio/deepship/train/0/0_9.wav,45.0,75.0,0,train,Cargo ship,deepship
0_9,4,/datasets/audio/deepship/train/0/0_9.wav,60.0,90.0,0,train,Cargo ship,deepship
0_9,5,/datasets/audio/deepship/train/0/0_9.wav,75.0,105.0,0,train,Cargo ship,deepship
0_9,6,/datasets/audio/deepship/train/0/0_9.wav,90.0,120.0,0,train,Cargo ship,deepship
0_9,7,/datasets/audio/deepship/train/0/0_9.wav,105.0,135.0,0,train,Cargo ship,deepship
0_9,8,/datasets/audio/deepship/train/0/0_9.wav,120.0,150.0,0,train,Cargo ship,deepship
0_9,9,/datasets/audio/deepship/train/0/0_9.wav,135.0,165.0,0,train,Cargo ship,deepship
0_9,10,/datasets/audio/deepship/train/0/0_9.wav,150.0,180.0,0,train,Cargo ship,deepship
0_9,11,/datasets/audio/deepship/train/0/0_9.wav,165.0,195.0,0,train,Cargo ship,deepship
0_9,12,/datasets/audio/deepship/train/0/0_9.wav,180.0,210.0,0,train,Cargo ship,deepship
0_9,13,/datasets/audio/deepship/train/0/0_9.wav,195.0,225.0,0,train,Cargo ship,deepship
0_9,14,/datasets/audio/deepship/train/0/0_9.wav,210.0,240.0,0,train,Cargo ship,deepship
0_9,15,/datasets/audio/deepship/train/0/0_9.wav,225.0,255.0,0,train,Cargo ship,deepship
0_9,16,/datasets/audio/deepship/train/0/0_9.wav,240.0,270.0,0,train,Cargo ship,deepship
0_9,17,/datasets/audio/deepship/train/0/0_9.wav,255.0,285.0,0,train,Cargo ship,deepship
0_9,18,/datasets/audio/deepship/train/0/0_9.wav,270.0,300.0,0,train,Cargo ship,deepship
0_90,0,/datasets/audio/deepship/train/0/0_90.wav,0.0,30.0,0,train,Cargo ship,deepship
0_90,1,/datasets/audio/deepship/train/0/0_90.wav,15.0,45.0,0,train,Cargo ship,deepship
0_90,2,/datasets/audio/deepship/train/0/0_90.wav,30.0,60.0,0,train,Cargo ship,deepship
0_90,3,/datasets/audio/deepship/train/0/0_90.wav,45.0,75.0,0,train,Cargo ship,deepship
0_90,4,/datasets/audio/deepship/train/0/0_90.wav,60.0,90.0,0,train,Cargo ship,deepship
0_90,5,/datasets/audio/deepship/train/0/0_90.wav,75.0,105.0,0,train,Cargo ship,deepship
0_90,6,/datasets/audio/deepship/train/0/0_90.wav,90.0,120.0,0,train,Cargo ship,deepship
0_90,7,/datasets/audio/deepship/train/0/0_90.wav,105.0,135.0,0,train,Cargo ship,deepship
0_90,8,/datasets/audio/deepship/train/0/0_90.wav,120.0,150.0,0,train,Cargo ship,deepship
0_90,9,/datasets/audio/deepship/train/0/0_90.wav,135.0,165.0,0,train,Cargo ship,deepship
0_90,10,/datasets/audio/deepship/train/0/0_90.wav,150.0,180.0,0,train,Cargo ship,deepship
0_90,11,/datasets/audio/deepship/train/0/0_90.wav,165.0,195.0,0,train,Cargo ship,deepship
0_90,12,/datasets/audio/deepship/train/0/0_90.wav,180.0,210.0,0,train,Cargo ship,deepship
0_90,13,/datasets/audio/deepship/train/0/0_90.wav,195.0,225.0,0,train,Cargo ship,deepship
0_90,14,/datasets/audio/deepship/train/0/0_90.wav,210.0,240.0,0,train,Cargo ship,deepship
0_90,15,/datasets/audio/deepship/train/0/0_90.wav,225.0,255.0,0,train,Cargo ship,deepship
0_90,16,/datasets/audio/deepship/train/0/0_90.wav,240.0,270.0,0,train,Cargo ship,deepship
0_90,17,/datasets/audio/deepship/train/0/0_90.wav,255.0,285.0,0,train,Cargo ship,deepship
0_90,18,/datasets/audio/deepship/train/0/0_90.wav,270.0,300.0,0,train,Cargo ship,deepship
0_90,19,/datasets/audio/deepship/train/0/0_90.wav,285.0,315.0,0,train,Cargo ship,deepship
0_90,20,/datasets/audio/deepship/train/0/0_90.wav,300.0,330.0,0,train,Cargo ship,deepship
0_90,21,/datasets/audio/deepship/train/0/0_90.wav,315.0,345.0,0,train,Cargo ship,deepship
0_90,22,/datasets/audio/deepship/train/0/0_90.wav,330.0,360.0,0,train,Cargo ship,deepship
0_90,23,/datasets/audio/deepship/train/0/0_90.wav,340.0,370.0,0,train,Cargo ship,deepship
0_94,0,/datasets/audio/deepship/train/0/0_94.wav,0.0,30.0,0,train,Cargo ship,deepship
0_94,1,/datasets/audio/deepship/train/0/0_94.wav,15.0,45.0,0,train,Cargo ship,deepship
0_94,2,/datasets/audio/deepship/train/0/0_94.wav,30.0,60.0,0,train,Cargo ship,deepship
0_94,3,/datasets/audio/deepship/train/0/0_94.wav,45.0,75.0,0,train,Cargo ship,deepship
0_94,4,/datasets/audio/deepship/train/0/0_94.wav,60.0,90.0,0,train,Cargo ship,deepship
0_94,5,/datasets/audio/deepship/train/0/0_94.wav,75.0,105.0,0,train,Cargo ship,deepship
0_94,6,/datasets/audio/deepship/train/0/0_94.wav,90.0,120.0,0,train,Cargo ship,deepship
0_94,7,/datasets/audio/deepship/train/0/0_94.wav,105.0,135.0,0,train,Cargo ship,deepship
0_94,8,/datasets/audio/deepship/train/0/0_94.wav,120.0,150.0,0,train,Cargo ship,deepship
0_94,9,/datasets/audio/deepship/train/0/0_94.wav,135.0,165.0,0,train,Cargo ship,deepship
0_94,10,/datasets/audio/deepship/train/0/0_94.wav,150.0,180.0,0,train,Cargo ship,deepship
0_94,11,/datasets/audio/deepship/train/0/0_94.wav,165.0,195.0,0,train,Cargo ship,deepship
0_94,12,/datasets/audio/deepship/train/0/0_94.wav,180.0,210.0,0,train,Cargo ship,deepship
0_94,13,/datasets/audio/deepship/train/0/0_94.wav,195.0,225.0,0,train,Cargo ship,deepship
0_94,14,/datasets/audio/deepship/train/0/0_94.wav,210.0,240.0,0,train,Cargo ship,deepship
0_94,15,/datasets/audio/deepship/train/0/0_94.wav,225.0,255.0,0,train,Cargo ship,deepship
0_94,16,/datasets/audio/deepship/train/0/0_94.wav,240.0,270.0,0,train,Cargo ship,deepship
0_94,17,/datasets/audio/deepship/train/0/0_94.wav,255.0,285.0,0,train,Cargo ship,deepship
0_94,18,/datasets/audio/deepship/train/0/0_94.wav,270.0,300.0,0,train,Cargo ship,deepship
0_94,19,/datasets/audio/deepship/train/0/0_94.wav,285.0,315.0,0,train,Cargo ship,deepship
0_94,20,/datasets/audio/deepship/train/0/0_94.wav,300.0,330.0,0,train,Cargo ship,deepship
0_94,21,/datasets/audio/deepship/train/0/0_94.wav,315.0,345.0,0,train,Cargo ship,deepship
0_94,22,/datasets/audio/deepship/train/0/0_94.wav,330.0,360.0,0,train,Cargo ship,deepship
0_94,23,/datasets/audio/deepship/train/0/0_94.wav,345.0,375.0,0,train,Cargo ship,deepship
0_94,24,/datasets/audio/deepship/train/0/0_94.wav,360.0,390.0,0,train,Cargo ship,deepship
0_94,25,/datasets/audio/deepship/train/0/0_94.wav,375.0,405.0,0,train,Cargo ship,deepship
0_94,26,/datasets/audio/deepship/train/0/0_94.wav,390.0,420.0,0,train,Cargo ship,deepship
0_94,27,/datasets/audio/deepship/train/0/0_94.wav,396.0,426.0,0,train,Cargo ship,deepship
0_96,0,/datasets/audio/deepship/train/0/0_96.wav,0.0,30.0,0,train,Cargo ship,deepship
0_96,1,/datasets/audio/deepship/train/0/0_96.wav,15.0,45.0,0,train,Cargo ship,deepship
0_96,2,/datasets/audio/deepship/train/0/0_96.wav,30.0,60.0,0,train,Cargo ship,deepship
0_96,3,/datasets/audio/deepship/train/0/0_96.wav,45.0,75.0,0,train,Cargo ship,deepship
0_96,4,/datasets/audio/deepship/train/0/0_96.wav,60.0,90.0,0,train,Cargo ship,deepship
0_96,5,/datasets/audio/deepship/train/0/0_96.wav,75.0,105.0,0,train,Cargo ship,deepship
0_96,6,/datasets/audio/deepship/train/0/0_96.wav,90.0,120.0,0,train,Cargo ship,deepship
0_96,7,/datasets/audio/deepship/train/0/0_96.wav,105.0,135.0,0,train,Cargo ship,deepship
0_96,8,/datasets/audio/deepship/train/0/0_96.wav,120.0,150.0,0,train,Cargo ship,deepship
0_96,9,/datasets/audio/deepship/train/0/0_96.wav,135.0,165.0,0,train,Cargo ship,deepship
0_96,10,/datasets/audio/deepship/train/0/0_96.wav,150.0,180.0,0,train,Cargo ship,deepship
0_96,11,/datasets/audio/deepship/train/0/0_96.wav,165.0,195.0,0,train,Cargo ship,deepship
0_96,12,/datasets/audio/deepship/train/0/0_96.wav,169.0,199.0,0,train,Cargo ship,deepship
0_98,0,/datasets/audio/deepship/train/0/0_98.wav,0.0,30.0,0,train,Cargo ship,deepship
0_98,1,/datasets/audio/deepship/train/0/0_98.wav,15.0,45.0,0,train,Cargo ship,deepship
0_98,2,/datasets/audio/deepship/train/0/0_98.wav,30.0,60.0,0,train,Cargo ship,deepship
0_98,3,/datasets/audio/deepship/train/0/0_98.wav,45.0,75.0,0,train,Cargo ship,deepship
0_98,4,/datasets/audio/deepship/train/0/0_98.wav,60.0,90.0,0,train,Cargo ship,deepship
0_98,5,/datasets/audio/deepship/train/0/0_98.wav,75.0,105.0,0,train,Cargo ship,deepship
0_98,6,/datasets/audio/deepship/train/0/0_98.wav,90.0,120.0,0,train,Cargo ship,deepship
0_98,7,/datasets/audio/deepship/train/0/0_98.wav,105.0,135.0,0,train,Cargo ship,deepship
0_98,8,/datasets/audio/deepship/train/0/0_98.wav,120.0,150.0,0,train,Cargo ship,deepship
0_98,9,/datasets/audio/deepship/train/0/0_98.wav,135.0,165.0,0,train,Cargo ship,deepship
0_98,10,/datasets/audio/deepship/train/0/0_98.wav,150.0,180.0,0,train,Cargo ship,deepship
0_98,11,/datasets/audio/deepship/train/0/0_98.wav,165.0,195.0,0,train,Cargo ship,deepship
0_98,12,/datasets/audio/deepship/train/0/0_98.wav,180.0,210.0,0,train,Cargo ship,deepship
0_98,13,/datasets/audio/deepship/train/0/0_98.wav,195.0,225.0,0,train,Cargo ship,deepship
0_98,14,/datasets/audio/deepship/train/0/0_98.wav,210.0,240.0,0,train,Cargo ship,deepship
0_98,15,/datasets/audio/deepship/train/0/0_98.wav,225.0,255.0,0,train,Cargo ship,deepship
0_98,16,/datasets/audio/deepship/train/0/0_98.wav,240.0,270.0,0,train,Cargo ship,deepship
0_98,17,/datasets/audio/deepship/train/0/0_98.wav,255.0,285.0,0,train,Cargo ship,deepship
0_98,18,/datasets/audio/deepship/train/0/0_98.wav,270.0,300.0,0,train,Cargo ship,deepship
0_98,19,/datasets/audio/deepship/train/0/0_98.wav,285.0,315.0,0,train,Cargo ship,deepship
0_98,20,/datasets/audio/deepship/train/0/0_98.wav,300.0,330.0,0,train,Cargo ship,deepship
0_98,21,/datasets/audio/deepship/train/0/0_98.wav,315.0,345.0,0,train,Cargo ship,deepship
0_98,22,/datasets/audio/deepship/train/0/0_98.wav,330.0,360.0,0,train,Cargo ship,deepship
0_98,23,/datasets/audio/deepship/train/0/0_98.wav,345.0,375.0,0,train,Cargo ship,deepship
0_98,24,/datasets/audio/deepship/train/0/0_98.wav,360.0,390.0,0,train,Cargo ship,deepship
0_98,25,/datasets/audio/deepship/train/0/0_98.wav,375.0,405.0,0,train,Cargo ship,deepship
0_98,26,/datasets/audio/deepship/train/0/0_98.wav,390.0,420.0,0,train,Cargo ship,deepship
0_98,27,/datasets/audio/deepship/train/0/0_98.wav,405.0,435.0,0,train,Cargo ship,deepship
0_98,28,/datasets/audio/deepship/train/0/0_98.wav,420.0,450.0,0,train,Cargo ship,deepship
0_98,29,/datasets/audio/deepship/train/0/0_98.wav,435.0,465.0,0,train,Cargo ship,deepship
0_98,30,/datasets/audio/deepship/train/0/0_98.wav,450.0,480.0,0,train,Cargo ship,deepship
0_98,31,/datasets/audio/deepship/train/0/0_98.wav,465.0,495.0,0,train,Cargo ship,deepship
0_98,32,/datasets/audio/deepship/train/0/0_98.wav,480.0,510.0,0,train,Cargo ship,deepship
0_98,33,/datasets/audio/deepship/train/0/0_98.wav,495.0,525.0,0,train,Cargo ship,deepship
0_98,34,/datasets/audio/deepship/train/0/0_98.wav,510.0,540.0,0,train,Cargo ship,deepship
0_98,35,/datasets/audio/deepship/train/0/0_98.wav,525.0,555.0,0,train,Cargo ship,deepship
0_98,36,/datasets/audio/deepship/train/0/0_98.wav,538.0,568.0,0,train,Cargo ship,deepship
0_99,0,/datasets/audio/deepship/train/0/0_99.wav,0.0,30.0,0,train,Cargo ship,deepship
0_99,1,/datasets/audio/deepship/train/0/0_99.wav,15.0,45.0,0,train,Cargo ship,deepship
0_99,2,/datasets/audio/deepship/train/0/0_99.wav,30.0,60.0,0,train,Cargo ship,deepship
0_99,3,/datasets/audio/deepship/train/0/0_99.wav,45.0,75.0,0,train,Cargo ship,deepship
0_99,4,/datasets/audio/deepship/train/0/0_99.wav,60.0,90.0,0,train,Cargo ship,deepship
0_99,5,/datasets/audio/deepship/train/0/0_99.wav,75.0,105.0,0,train,Cargo ship,deepship
0_99,6,/datasets/audio/deepship/train/0/0_99.wav,90.0,120.0,0,train,Cargo ship,deepship
0_99,7,/datasets/audio/deepship/train/0/0_99.wav,105.0,135.0,0,train,Cargo ship,deepship
0_99,8,/datasets/audio/deepship/train/0/0_99.wav,120.0,150.0,0,train,Cargo ship,deepship
0_99,9,/datasets/audio/deepship/train/0/0_99.wav,135.0,165.0,0,train,Cargo ship,deepship
0_99,10,/datasets/audio/deepship/train/0/0_99.wav,150.0,180.0,0,train,Cargo ship,deepship
0_99,11,/datasets/audio/deepship/train/0/0_99.wav,156.0,186.0,0,train,Cargo ship,deepship
1_1,0,/datasets/audio/deepship/train/1/1_1.wav,0.0,30.0,1,train,Passenger ship,deepship
1_1,1,/datasets/audio/deepship/train/1/1_1.wav,7.0,37.0,1,train,Passenger ship,deepship
1_10,0,/datasets/audio/deepship/train/1/1_10.wav,0.0,30.0,1,train,Passenger ship,deepship
1_10,1,/datasets/audio/deepship/train/1/1_10.wav,15.0,45.0,1,train,Passenger ship,deepship
1_10,2,/datasets/audio/deepship/train/1/1_10.wav,30.0,60.0,1,train,Passenger ship,deepship
1_10,3,/datasets/audio/deepship/train/1/1_10.wav,45.0,75.0,1,train,Passenger ship,deepship
1_10,4,/datasets/audio/deepship/train/1/1_10.wav,60.0,90.0,1,train,Passenger ship,deepship
1_10,5,/datasets/audio/deepship/train/1/1_10.wav,75.0,105.0,1,train,Passenger ship,deepship
1_10,6,/datasets/audio/deepship/train/1/1_10.wav,90.0,120.0,1,train,Passenger ship,deepship
1_10,7,/datasets/audio/deepship/train/1/1_10.wav,105.0,135.0,1,train,Passenger ship,deepship
1_10,8,/datasets/audio/deepship/train/1/1_10.wav,120.0,150.0,1,train,Passenger ship,deepship
1_10,9,/datasets/audio/deepship/train/1/1_10.wav,135.0,165.0,1,train,Passenger ship,deepship
1_10,10,/datasets/audio/deepship/train/1/1_10.wav,150.0,180.0,1,train,Passenger ship,deepship
1_10,11,/datasets/audio/deepship/train/1/1_10.wav,165.0,195.0,1,train,Passenger ship,deepship
1_10,12,/datasets/audio/deepship/train/1/1_10.wav,180.0,210.0,1,train,Passenger ship,deepship
1_10,13,/datasets/audio/deepship/train/1/1_10.wav,195.0,225.0,1,train,Passenger ship,deepship
1_10,14,/datasets/audio/deepship/train/1/1_10.wav,210.0,240.0,1,train,Passenger ship,deepship
1_10,15,/datasets/audio/deepship/train/1/1_10.wav,225.0,255.0,1,train,Passenger ship,deepship
1_10,16,/datasets/audio/deepship/train/1/1_10.wav,240.0,270.0,1,train,Passenger ship,deepship
1_10,17,/datasets/audio/deepship/train/1/1_10.wav,255.0,285.0,1,train,Passenger ship,deepship
1_10,18,/datasets/audio/deepship/train/1/1_10.wav,270.0,300.0,1,train,Passenger ship,deepship
1_10,19,/datasets/audio/deepship/train/1/1_10.wav,285.0,315.0,1,train,Passenger ship,deepship
1_10,20,/datasets/audio/deepship/train/1/1_10.wav,300.0,330.0,1,train,Passenger ship,deepship
1_10,21,/datasets/audio/deepship/train/1/1_10.wav,315.0,345.0,1,train,Passenger ship,deepship
1_10,22,/datasets/audio/deepship/train/1/1_10.wav,330.0,360.0,1,train,Passenger ship,deepship
1_10,23,/datasets/audio/deepship/train/1/1_10.wav,334.0,364.0,1,train,Passenger ship,deepship
1_100,0,/datasets/audio/deepship/train/1/1_100.wav,0.0,30.0,1,train,Passenger ship,deepship
1_100,1,/datasets/audio/deepship/train/1/1_100.wav,15.0,45.0,1,train,Passenger ship,deepship
1_100,2,/datasets/audio/deepship/train/1/1_100.wav,26.0,56.0,1,train,Passenger ship,deepship
1_102,0,/datasets/audio/deepship/train/1/1_102.wav,0.0,30.0,1,train,Passenger ship,deepship
1_102,1,/datasets/audio/deepship/train/1/1_102.wav,15.0,45.0,1,train,Passenger ship,deepship
1_102,2,/datasets/audio/deepship/train/1/1_102.wav,30.0,60.0,1,train,Passenger ship,deepship
1_102,3,/datasets/audio/deepship/train/1/1_102.wav,45.0,75.0,1,train,Passenger ship,deepship
1_102,4,/datasets/audio/deepship/train/1/1_102.wav,60.0,90.0,1,train,Passenger ship,deepship
1_102,5,/datasets/audio/deepship/train/1/1_102.wav,75.0,105.0,1,train,Passenger ship,deepship
1_102,6,/datasets/audio/deepship/train/1/1_102.wav,90.0,120.0,1,train,Passenger ship,deepship
1_102,7,/datasets/audio/deepship/train/1/1_102.wav,105.0,135.0,1,train,Passenger ship,deepship
1_102,8,/datasets/audio/deepship/train/1/1_102.wav,120.0,150.0,1,train,Passenger ship,deepship
1_102,9,/datasets/audio/deepship/train/1/1_102.wav,135.0,165.0,1,train,Passenger ship,deepship
1_102,10,/datasets/audio/deepship/train/1/1_102.wav,150.0,180.0,1,train,Passenger ship,deepship
1_102,11,/datasets/audio/deepship/train/1/1_102.wav,165.0,195.0,1,train,Passenger ship,deepship
1_102,12,/datasets/audio/deepship/train/1/1_102.wav,180.0,210.0,1,train,Passenger ship,deepship
1_102,13,/datasets/audio/deepship/train/1/1_102.wav,195.0,225.0,1,train,Passenger ship,deepship
1_102,14,/datasets/audio/deepship/train/1/1_102.wav,210.0,240.0,1,train,Passenger ship,deepship
1_102,15,/datasets/audio/deepship/train/1/1_102.wav,225.0,255.0,1,train,Passenger ship,deepship
1_102,16,/datasets/audio/deepship/train/1/1_102.wav,240.0,270.0,1,train,Passenger ship,deepship
1_102,17,/datasets/audio/deepship/train/1/1_102.wav,250.0,280.0,1,train,Passenger ship,deepship
1_103,0,/datasets/audio/deepship/train/1/1_103.wav,0.0,30.0,1,train,Passenger ship,deepship
1_103,1,/datasets/audio/deepship/train/1/1_103.wav,15.0,45.0,1,train,Passenger ship,deepship
1_103,2,/datasets/audio/deepship/train/1/1_103.wav,30.0,60.0,1,train,Passenger ship,deepship
1_103,3,/datasets/audio/deepship/train/1/1_103.wav,45.0,75.0,1,train,Passenger ship,deepship
1_103,4,/datasets/audio/deepship/train/1/1_103.wav,60.0,90.0,1,train,Passenger ship,deepship
1_103,5,/datasets/audio/deepship/train/1/1_103.wav,75.0,105.0,1,train,Passenger ship,deepship
1_103,6,/datasets/audio/deepship/train/1/1_103.wav,90.0,120.0,1,train,Passenger ship,deepship
1_103,7,/datasets/audio/deepship/train/1/1_103.wav,105.0,135.0,1,train,Passenger ship,deepship
1_103,8,/datasets/audio/deepship/train/1/1_103.wav,120.0,150.0,1,train,Passenger ship,deepship
1_103,9,/datasets/audio/deepship/train/1/1_103.wav,135.0,165.0,1,train,Passenger ship,deepship
1_103,10,/datasets/audio/deepship/train/1/1_103.wav,150.0,180.0,1,train,Passenger ship,deepship
1_103,11,/datasets/audio/deepship/train/1/1_103.wav,165.0,195.0,1,train,Passenger ship,deepship
1_103,12,/datasets/audio/deepship/train/1/1_103.wav,180.0,210.0,1,train,Passenger ship,deepship
1_103,13,/datasets/audio/deepship/train/1/1_103.wav,195.0,225.0,1,train,Passenger ship,deepship
1_103,14,/datasets/audio/deepship/train/1/1_103.wav,210.0,240.0,1,train,Passenger ship,deepship
1_103,15,/datasets/audio/deepship/train/1/1_103.wav,225.0,255.0,1,train,Passenger ship,deepship
1_103,16,/datasets/audio/deepship/train/1/1_103.wav,240.0,270.0,1,train,Passenger ship,deepship
1_103,17,/datasets/audio/deepship/train/1/1_103.wav,255.0,285.0,1,train,Passenger ship,deepship
1_103,18,/datasets/audio/deepship/train/1/1_103.wav,270.0,300.0,1,train,Passenger ship,deepship
1_103,19,/datasets/audio/deepship/train/1/1_103.wav,285.0,315.0,1,train,Passenger ship,deepship
1_103,20,/datasets/audio/deepship/train/1/1_103.wav,300.0,330.0,1,train,Passenger ship,deepship
1_103,21,/datasets/audio/deepship/train/1/1_103.wav,315.0,345.0,1,train,Passenger ship,deepship
1_103,22,/datasets/audio/deepship/train/1/1_103.wav,330.0,360.0,1,train,Passenger ship,deepship
1_103,23,/datasets/audio/deepship/train/1/1_103.wav,345.0,375.0,1,train,Passenger ship,deepship
1_103,24,/datasets/audio/deepship/train/1/1_103.wav,360.0,390.0,1,train,Passenger ship,deepship
1_103,25,/datasets/audio/deepship/train/1/1_103.wav,375.0,405.0,1,train,Passenger ship,deepship
1_103,26,/datasets/audio/deepship/train/1/1_103.wav,390.0,420.0,1,train,Passenger ship,deepship
1_103,27,/datasets/audio/deepship/train/1/1_103.wav,405.0,435.0,1,train,Passenger ship,deepship
1_103,28,/datasets/audio/deepship/train/1/1_103.wav,420.0,450.0,1,train,Passenger ship,deepship
1_103,29,/datasets/audio/deepship/train/1/1_103.wav,435.0,465.0,1,train,Passenger ship,deepship
1_103,30,/datasets/audio/deepship/train/1/1_103.wav,450.0,480.0,1,train,Passenger ship,deepship
1_103,31,/datasets/audio/deepship/train/1/1_103.wav,465.0,495.0,1,train,Passenger ship,deepship
1_103,32,/datasets/audio/deepship/train/1/1_103.wav,480.0,510.0,1,train,Passenger ship,deepship
1_103,33,/datasets/audio/deepship/train/1/1_103.wav,495.0,525.0,1,train,Passenger ship,deepship
1_103,34,/datasets/audio/deepship/train/1/1_103.wav,510.0,540.0,1,train,Passenger ship,deepship
1_103,35,/datasets/audio/deepship/train/1/1_103.wav,525.0,555.0,1,train,Passenger ship,deepship
1_103,36,/datasets/audio/deepship/train/1/1_103.wav,540.0,570.0,1,train,Passenger ship,deepship
1_103,37,/datasets/audio/deepship/train/1/1_103.wav,555.0,585.0,1,train,Passenger ship,deepship
1_103,38,/datasets/audio/deepship/train/1/1_103.wav,570.0,600.0,1,train,Passenger ship,deepship
1_103,39,/datasets/audio/deepship/train/1/1_103.wav,585.0,615.0,1,train,Passenger ship,deepship
1_103,40,/datasets/audio/deepship/train/1/1_103.wav,600.0,630.0,1,train,Passenger ship,deepship
1_103,41,/datasets/audio/deepship/train/1/1_103.wav,615.0,645.0,1,train,Passenger ship,deepship
1_103,42,/datasets/audio/deepship/train/1/1_103.wav,630.0,660.0,1,train,Passenger ship,deepship
1_103,43,/datasets/audio/deepship/train/1/1_103.wav,645.0,675.0,1,train,Passenger ship,deepship
1_103,44,/datasets/audio/deepship/train/1/1_103.wav,660.0,690.0,1,train,Passenger ship,deepship
1_103,45,/datasets/audio/deepship/train/1/1_103.wav,675.0,705.0,1,train,Passenger ship,deepship
1_103,46,/datasets/audio/deepship/train/1/1_103.wav,689.0,719.0,1,train,Passenger ship,deepship
1_104,0,/datasets/audio/deepship/train/1/1_104.wav,0.0,30.0,1,train,Passenger ship,deepship
1_105,0,/datasets/audio/deepship/train/1/1_105.wav,0.0,30.0,1,train,Passenger ship,deepship
1_105,1,/datasets/audio/deepship/train/1/1_105.wav,15.0,45.0,1,train,Passenger ship,deepship
1_105,2,/datasets/audio/deepship/train/1/1_105.wav,30.0,60.0,1,train,Passenger ship,deepship
1_105,3,/datasets/audio/deepship/train/1/1_105.wav,45.0,75.0,1,train,Passenger ship,deepship
1_105,4,/datasets/audio/deepship/train/1/1_105.wav,60.0,90.0,1,train,Passenger ship,deepship
1_105,5,/datasets/audio/deepship/train/1/1_105.wav,75.0,105.0,1,train,Passenger ship,deepship
1_105,6,/datasets/audio/deepship/train/1/1_105.wav,90.0,120.0,1,train,Passenger ship,deepship
1_105,7,/datasets/audio/deepship/train/1/1_105.wav,105.0,135.0,1,train,Passenger ship,deepship
1_105,8,/datasets/audio/deepship/train/1/1_105.wav,120.0,150.0,1,train,Passenger ship,deepship
1_105,9,/datasets/audio/deepship/train/1/1_105.wav,135.0,165.0,1,train,Passenger ship,deepship
1_105,10,/datasets/audio/deepship/train/1/1_105.wav,150.0,180.0,1,train,Passenger ship,deepship
1_105,11,/datasets/audio/deepship/train/1/1_105.wav,165.0,195.0,1,train,Passenger ship,deepship
1_105,12,/datasets/audio/deepship/train/1/1_105.wav,180.0,210.0,1,train,Passenger ship,deepship
1_105,13,/datasets/audio/deepship/train/1/1_105.wav,195.0,225.0,1,train,Passenger ship,deepship
1_105,14,/datasets/audio/deepship/train/1/1_105.wav,210.0,240.0,1,train,Passenger ship,deepship
1_105,15,/datasets/audio/deepship/train/1/1_105.wav,225.0,255.0,1,train,Passenger ship,deepship
1_105,16,/datasets/audio/deepship/train/1/1_105.wav,240.0,270.0,1,train,Passenger ship,deepship
1_105,17,/datasets/audio/deepship/train/1/1_105.wav,255.0,285.0,1,train,Passenger ship,deepship
1_105,18,/datasets/audio/deepship/train/1/1_105.wav,270.0,300.0,1,train,Passenger ship,deepship
1_107,0,/datasets/audio/deepship/train/1/1_107.wav,0.0,30.0,1,train,Passenger ship,deepship
1_107,1,/datasets/audio/deepship/train/1/1_107.wav,15.0,45.0,1,train,Passenger ship,deepship
1_107,2,/datasets/audio/deepship/train/1/1_107.wav,30.0,60.0,1,train,Passenger ship,deepship
1_107,3,/datasets/audio/deepship/train/1/1_107.wav,45.0,75.0,1,train,Passenger ship,deepship
1_107,4,/datasets/audio/deepship/train/1/1_107.wav,60.0,90.0,1,train,Passenger ship,deepship
1_107,5,/datasets/audio/deepship/train/1/1_107.wav,75.0,105.0,1,train,Passenger ship,deepship
1_107,6,/datasets/audio/deepship/train/1/1_107.wav,90.0,120.0,1,train,Passenger ship,deepship
1_107,7,/datasets/audio/deepship/train/1/1_107.wav,105.0,135.0,1,train,Passenger ship,deepship
1_107,8,/datasets/audio/deepship/train/1/1_107.wav,120.0,150.0,1,train,Passenger ship,deepship
1_107,9,/datasets/audio/deepship/train/1/1_107.wav,135.0,165.0,1,train,Passenger ship,deepship
1_107,10,/datasets/audio/deepship/train/1/1_107.wav,150.0,180.0,1,train,Passenger ship,deepship
1_107,11,/datasets/audio/deepship/train/1/1_107.wav,165.0,195.0,1,train,Passenger ship,deepship
1_107,12,/datasets/audio/deepship/train/1/1_107.wav,180.0,210.0,1,train,Passenger ship,deepship
1_107,13,/datasets/audio/deepship/train/1/1_107.wav,195.0,225.0,1,train,Passenger ship,deepship
1_107,14,/datasets/audio/deepship/train/1/1_107.wav,210.0,240.0,1,train,Passenger ship,deepship
1_107,15,/datasets/audio/deepship/train/1/1_107.wav,225.0,255.0,1,train,Passenger ship,deepship
1_107,16,/datasets/audio/deepship/train/1/1_107.wav,240.0,270.0,1,train,Passenger ship,deepship
1_107,17,/datasets/audio/deepship/train/1/1_107.wav,255.0,285.0,1,train,Passenger ship,deepship
1_107,18,/datasets/audio/deepship/train/1/1_107.wav,270.0,300.0,1,train,Passenger ship,deepship
1_107,19,/datasets/audio/deepship/train/1/1_107.wav,285.0,315.0,1,train,Passenger ship,deepship
1_107,20,/datasets/audio/deepship/train/1/1_107.wav,300.0,330.0,1,train,Passenger ship,deepship
1_107,21,/datasets/audio/deepship/train/1/1_107.wav,315.0,345.0,1,train,Passenger ship,deepship
1_107,22,/datasets/audio/deepship/train/1/1_107.wav,330.0,360.0,1,train,Passenger ship,deepship
1_107,23,/datasets/audio/deepship/train/1/1_107.wav,345.0,375.0,1,train,Passenger ship,deepship
1_107,24,/datasets/audio/deepship/train/1/1_107.wav,360.0,390.0,1,train,Passenger ship,deepship
1_107,25,/datasets/audio/deepship/train/1/1_107.wav,375.0,405.0,1,train,Passenger ship,deepship
1_107,26,/datasets/audio/deepship/train/1/1_107.wav,390.0,420.0,1,train,Passenger ship,deepship
1_107,27,/datasets/audio/deepship/train/1/1_107.wav,405.0,435.0,1,train,Passenger ship,deepship
1_107,28,/datasets/audio/deepship/train/1/1_107.wav,420.0,450.0,1,train,Passenger ship,deepship
1_107,29,/datasets/audio/deepship/train/1/1_107.wav,435.0,465.0,1,train,Passenger ship,deepship
1_107,30,/datasets/audio/deepship/train/1/1_107.wav,450.0,480.0,1,train,Passenger ship,deepship
1_107,31,/datasets/audio/deepship/train/1/1_107.wav,465.0,495.0,1,train,Passenger ship,deepship
1_107,32,/datasets/audio/deepship/train/1/1_107.wav,480.0,510.0,1,train,Passenger ship,deepship
1_107,33,/datasets/audio/deepship/train/1/1_107.wav,495.0,525.0,1,train,Passenger ship,deepship
1_107,34,/datasets/audio/deepship/train/1/1_107.wav,510.0,540.0,1,train,Passenger ship,deepship
1_107,35,/datasets/audio/deepship/train/1/1_107.wav,525.0,555.0,1,train,Passenger ship,deepship
1_107,36,/datasets/audio/deepship/train/1/1_107.wav,540.0,570.0,1,train,Passenger ship,deepship
1_107,37,/datasets/audio/deepship/train/1/1_107.wav,555.0,585.0,1,train,Passenger ship,deepship
1_107,38,/datasets/audio/deepship/train/1/1_107.wav,570.0,600.0,1,train,Passenger ship,deepship
1_107,39,/datasets/audio/deepship/train/1/1_107.wav,585.0,615.0,1,train,Passenger ship,deepship
1_107,40,/datasets/audio/deepship/train/1/1_107.wav,600.0,630.0,1,train,Passenger ship,deepship
1_107,41,/datasets/audio/deepship/train/1/1_107.wav,615.0,645.0,1,train,Passenger ship,deepship
1_107,42,/datasets/audio/deepship/train/1/1_107.wav,622.0,652.0,1,train,Passenger ship,deepship
1_108,0,/datasets/audio/deepship/train/1/1_108.wav,0.0,30.0,1,train,Passenger ship,deepship
1_108,1,/datasets/audio/deepship/train/1/1_108.wav,15.0,45.0,1,train,Passenger ship,deepship
1_108,2,/datasets/audio/deepship/train/1/1_108.wav,30.0,60.0,1,train,Passenger ship,deepship
1_108,3,/datasets/audio/deepship/train/1/1_108.wav,45.0,75.0,1,train,Passenger ship,deepship
1_108,4,/datasets/audio/deepship/train/1/1_108.wav,60.0,90.0,1,train,Passenger ship,deepship
1_108,5,/datasets/audio/deepship/train/1/1_108.wav,75.0,105.0,1,train,Passenger ship,deepship
1_108,6,/datasets/audio/deepship/train/1/1_108.wav,90.0,120.0,1,train,Passenger ship,deepship
1_108,7,/datasets/audio/deepship/train/1/1_108.wav,105.0,135.0,1,train,Passenger ship,deepship
1_108,8,/datasets/audio/deepship/train/1/1_108.wav,120.0,150.0,1,train,Passenger ship,deepship
1_108,9,/datasets/audio/deepship/train/1/1_108.wav,135.0,165.0,1,train,Passenger ship,deepship
1_108,10,/datasets/audio/deepship/train/1/1_108.wav,150.0,180.0,1,train,Passenger ship,deepship
1_108,11,/datasets/audio/deepship/train/1/1_108.wav,165.0,195.0,1,train,Passenger ship,deepship
1_108,12,/datasets/audio/deepship/train/1/1_108.wav,180.0,210.0,1,train,Passenger ship,deepship
1_108,13,/datasets/audio/deepship/train/1/1_108.wav,195.0,225.0,1,train,Passenger ship,deepship
1_108,14,/datasets/audio/deepship/train/1/1_108.wav,210.0,240.0,1,train,Passenger ship,deepship
1_108,15,/datasets/audio/deepship/train/1/1_108.wav,219.0,249.0,1,train,Passenger ship,deepship
1_109,0,/datasets/audio/deepship/train/1/1_109.wav,0.0,30.0,1,train,Passenger ship,deepship
1_109,1,/datasets/audio/deepship/train/1/1_109.wav,15.0,45.0,1,train,Passenger ship,deepship
1_109,2,/datasets/audio/deepship/train/1/1_109.wav,30.0,60.0,1,train,Passenger ship,deepship
1_109,3,/datasets/audio/deepship/train/1/1_109.wav,45.0,75.0,1,train,Passenger ship,deepship
1_109,4,/datasets/audio/deepship/train/1/1_109.wav,60.0,90.0,1,train,Passenger ship,deepship
1_109,5,/datasets/audio/deepship/train/1/1_109.wav,75.0,105.0,1,train,Passenger ship,deepship
1_109,6,/datasets/audio/deepship/train/1/1_109.wav,88.0,118.0,1,train,Passenger ship,deepship
1_110,0,/datasets/audio/deepship/train/1/1_110.wav,0.0,30.0,1,train,Passenger ship,deepship
1_110,1,/datasets/audio/deepship/train/1/1_110.wav,15.0,45.0,1,train,Passenger ship,deepship
1_110,2,/datasets/audio/deepship/train/1/1_110.wav,30.0,60.0,1,train,Passenger ship,deepship
1_110,3,/datasets/audio/deepship/train/1/1_110.wav,40.0,70.0,1,train,Passenger ship,deepship
1_111,0,/datasets/audio/deepship/train/1/1_111.wav,0.0,30.0,1,train,Passenger ship,deepship
1_111,1,/datasets/audio/deepship/train/1/1_111.wav,15.0,45.0,1,train,Passenger ship,deepship
1_111,2,/datasets/audio/deepship/train/1/1_111.wav,30.0,60.0,1,train,Passenger ship,deepship
1_111,3,/datasets/audio/deepship/train/1/1_111.wav,44.0,74.0,1,train,Passenger ship,deepship
1_112,0,/datasets/audio/deepship/train/1/1_112.wav,0.0,30.0,1,train,Passenger ship,deepship
1_112,1,/datasets/audio/deepship/train/1/1_112.wav,15.0,45.0,1,train,Passenger ship,deepship
1_112,2,/datasets/audio/deepship/train/1/1_112.wav,30.0,60.0,1,train,Passenger ship,deepship
1_112,3,/datasets/audio/deepship/train/1/1_112.wav,45.0,75.0,1,train,Passenger ship,deepship
1_112,4,/datasets/audio/deepship/train/1/1_112.wav,60.0,90.0,1,train,Passenger ship,deepship
1_112,5,/datasets/audio/deepship/train/1/1_112.wav,75.0,105.0,1,train,Passenger ship,deepship
1_112,6,/datasets/audio/deepship/train/1/1_112.wav,90.0,120.0,1,train,Passenger ship,deepship
1_112,7,/datasets/audio/deepship/train/1/1_112.wav,105.0,135.0,1,train,Passenger ship,deepship
1_112,8,/datasets/audio/deepship/train/1/1_112.wav,120.0,150.0,1,train,Passenger ship,deepship
1_112,9,/datasets/audio/deepship/train/1/1_112.wav,135.0,165.0,1,train,Passenger ship,deepship
1_112,10,/datasets/audio/deepship/train/1/1_112.wav,150.0,180.0,1,train,Passenger ship,deepship
1_112,11,/datasets/audio/deepship/train/1/1_112.wav,165.0,195.0,1,train,Passenger ship,deepship
1_112,12,/datasets/audio/deepship/train/1/1_112.wav,180.0,210.0,1,train,Passenger ship,deepship
1_112,13,/datasets/audio/deepship/train/1/1_112.wav,195.0,225.0,1,train,Passenger ship,deepship
1_112,14,/datasets/audio/deepship/train/1/1_112.wav,210.0,240.0,1,train,Passenger ship,deepship
1_112,15,/datasets/audio/deepship/train/1/1_112.wav,225.0,255.0,1,train,Passenger ship,deepship
1_112,16,/datasets/audio/deepship/train/1/1_112.wav,240.0,270.0,1,train,Passenger ship,deepship
1_112,17,/datasets/audio/deepship/train/1/1_112.wav,255.0,285.0,1,train,Passenger ship,deepship
1_112,18,/datasets/audio/deepship/train/1/1_112.wav,270.0,300.0,1,train,Passenger ship,deepship
1_112,19,/datasets/audio/deepship/train/1/1_112.wav,285.0,315.0,1,train,Passenger ship,deepship
1_112,20,/datasets/audio/deepship/train/1/1_112.wav,300.0,330.0,1,train,Passenger ship,deepship
1_112,21,/datasets/audio/deepship/train/1/1_112.wav,315.0,345.0,1,train,Passenger ship,deepship
1_112,22,/datasets/audio/deepship/train/1/1_112.wav,330.0,360.0,1,train,Passenger ship,deepship
1_112,23,/datasets/audio/deepship/train/1/1_112.wav,340.0,370.0,1,train,Passenger ship,deepship
1_115,0,/datasets/audio/deepship/train/1/1_115.wav,0.0,30.0,1,train,Passenger ship,deepship
1_115,1,/datasets/audio/deepship/train/1/1_115.wav,15.0,45.0,1,train,Passenger ship,deepship
1_115,2,/datasets/audio/deepship/train/1/1_115.wav,30.0,60.0,1,train,Passenger ship,deepship
1_115,3,/datasets/audio/deepship/train/1/1_115.wav,45.0,75.0,1,train,Passenger ship,deepship
1_115,4,/datasets/audio/deepship/train/1/1_115.wav,60.0,90.0,1,train,Passenger ship,deepship
1_115,5,/datasets/audio/deepship/train/1/1_115.wav,75.0,105.0,1,train,Passenger ship,deepship
1_115,6,/datasets/audio/deepship/train/1/1_115.wav,90.0,120.0,1,train,Passenger ship,deepship
1_115,7,/datasets/audio/deepship/train/1/1_115.wav,105.0,135.0,1,train,Passenger ship,deepship
1_115,8,/datasets/audio/deepship/train/1/1_115.wav,120.0,150.0,1,train,Passenger ship,deepship
1_115,9,/datasets/audio/deepship/train/1/1_115.wav,135.0,165.0,1,train,Passenger ship,deepship
1_115,10,/datasets/audio/deepship/train/1/1_115.wav,150.0,180.0,1,train,Passenger ship,deepship
1_115,11,/datasets/audio/deepship/train/1/1_115.wav,165.0,195.0,1,train,Passenger ship,deepship
1_115,12,/datasets/audio/deepship/train/1/1_115.wav,180.0,210.0,1,train,Passenger ship,deepship
1_115,13,/datasets/audio/deepship/train/1/1_115.wav,195.0,225.0,1,train,Passenger ship,deepship
1_115,14,/datasets/audio/deepship/train/1/1_115.wav,210.0,240.0,1,train,Passenger ship,deepship
1_115,15,/datasets/audio/deepship/train/1/1_115.wav,225.0,255.0,1,train,Passenger ship,deepship
1_115,16,/datasets/audio/deepship/train/1/1_115.wav,240.0,270.0,1,train,Passenger ship,deepship
1_115,17,/datasets/audio/deepship/train/1/1_115.wav,255.0,285.0,1,train,Passenger ship,deepship
1_115,18,/datasets/audio/deepship/train/1/1_115.wav,270.0,300.0,1,train,Passenger ship,deepship
1_115,19,/datasets/audio/deepship/train/1/1_115.wav,285.0,315.0,1,train,Passenger ship,deepship
1_115,20,/datasets/audio/deepship/train/1/1_115.wav,300.0,330.0,1,train,Passenger ship,deepship
1_115,21,/datasets/audio/deepship/train/1/1_115.wav,315.0,345.0,1,train,Passenger ship,deepship
1_115,22,/datasets/audio/deepship/train/1/1_115.wav,330.0,360.0,1,train,Passenger ship,deepship
1_115,23,/datasets/audio/deepship/train/1/1_115.wav,345.0,375.0,1,train,Passenger ship,deepship
1_115,24,/datasets/audio/deepship/train/1/1_115.wav,360.0,390.0,1,train,Passenger ship,deepship
1_115,25,/datasets/audio/deepship/train/1/1_115.wav,375.0,405.0,1,train,Passenger ship,deepship
1_115,26,/datasets/audio/deepship/train/1/1_115.wav,390.0,420.0,1,train,Passenger ship,deepship
1_115,27,/datasets/audio/deepship/train/1/1_115.wav,405.0,435.0,1,train,Passenger ship,deepship
1_115,28,/datasets/audio/deepship/train/1/1_115.wav,420.0,450.0,1,train,Passenger ship,deepship
1_115,29,/datasets/audio/deepship/train/1/1_115.wav,435.0,465.0,1,train,Passenger ship,deepship
1_115,30,/datasets/audio/deepship/train/1/1_115.wav,450.0,480.0,1,train,Passenger ship,deepship
1_115,31,/datasets/audio/deepship/train/1/1_115.wav,465.0,495.0,1,train,Passenger ship,deepship
1_115,32,/datasets/audio/deepship/train/1/1_115.wav,480.0,510.0,1,train,Passenger ship,deepship
1_115,33,/datasets/audio/deepship/train/1/1_115.wav,495.0,525.0,1,train,Passenger ship,deepship
1_116,0,/datasets/audio/deepship/train/1/1_116.wav,0.0,30.0,1,train,Passenger ship,deepship
1_116,1,/datasets/audio/deepship/train/1/1_116.wav,15.0,45.0,1,train,Passenger ship,deepship
1_116,2,/datasets/audio/deepship/train/1/1_116.wav,30.0,60.0,1,train,Passenger ship,deepship
1_116,3,/datasets/audio/deepship/train/1/1_116.wav,45.0,75.0,1,train,Passenger ship,deepship
1_116,4,/datasets/audio/deepship/train/1/1_116.wav,60.0,90.0,1,train,Passenger ship,deepship
1_116,5,/datasets/audio/deepship/train/1/1_116.wav,75.0,105.0,1,train,Passenger ship,deepship
1_116,6,/datasets/audio/deepship/train/1/1_116.wav,90.0,120.0,1,train,Passenger ship,deepship
1_116,7,/datasets/audio/deepship/train/1/1_116.wav,105.0,135.0,1,train,Passenger ship,deepship
1_116,8,/datasets/audio/deepship/train/1/1_116.wav,120.0,150.0,1,train,Passenger ship,deepship
1_116,9,/datasets/audio/deepship/train/1/1_116.wav,135.0,165.0,1,train,Passenger ship,deepship
1_116,10,/datasets/audio/deepship/train/1/1_116.wav,150.0,180.0,1,train,Passenger ship,deepship
1_116,11,/datasets/audio/deepship/train/1/1_116.wav,165.0,195.0,1,train,Passenger ship,deepship
1_116,12,/datasets/audio/deepship/train/1/1_116.wav,180.0,210.0,1,train,Passenger ship,deepship
1_116,13,/datasets/audio/deepship/train/1/1_116.wav,195.0,225.0,1,train,Passenger ship,deepship
1_116,14,/datasets/audio/deepship/train/1/1_116.wav,210.0,240.0,1,train,Passenger ship,deepship
1_116,15,/datasets/audio/deepship/train/1/1_116.wav,225.0,255.0,1,train,Passenger ship,deepship
1_116,16,/datasets/audio/deepship/train/1/1_116.wav,240.0,270.0,1,train,Passenger ship,deepship
1_116,17,/datasets/audio/deepship/train/1/1_116.wav,255.0,285.0,1,train,Passenger ship,deepship
1_116,18,/datasets/audio/deepship/train/1/1_116.wav,270.0,300.0,1,train,Passenger ship,deepship
1_116,19,/datasets/audio/deepship/train/1/1_116.wav,285.0,315.0,1,train,Passenger ship,deepship
1_116,20,/datasets/audio/deepship/train/1/1_116.wav,300.0,330.0,1,train,Passenger ship,deepship
1_116,21,/datasets/audio/deepship/train/1/1_116.wav,315.0,345.0,1,train,Passenger ship,deepship
1_116,22,/datasets/audio/deepship/train/1/1_116.wav,330.0,360.0,1,train,Passenger ship,deepship
1_116,23,/datasets/audio/deepship/train/1/1_116.wav,345.0,375.0,1,train,Passenger ship,deepship
1_116,24,/datasets/audio/deepship/train/1/1_116.wav,360.0,390.0,1,train,Passenger ship,deepship
1_116,25,/datasets/audio/deepship/train/1/1_116.wav,371.0,401.0,1,train,Passenger ship,deepship
1_118,0,/datasets/audio/deepship/train/1/1_118.wav,0.0,30.0,1,train,Passenger ship,deepship
1_118,1,/datasets/audio/deepship/train/1/1_118.wav,15.0,45.0,1,train,Passenger ship,deepship
1_118,2,/datasets/audio/deepship/train/1/1_118.wav,30.0,60.0,1,train,Passenger ship,deepship
1_118,3,/datasets/audio/deepship/train/1/1_118.wav,45.0,75.0,1,train,Passenger ship,deepship
1_118,4,/datasets/audio/deepship/train/1/1_118.wav,60.0,90.0,1,train,Passenger ship,deepship
1_118,5,/datasets/audio/deepship/train/1/1_118.wav,75.0,105.0,1,train,Passenger ship,deepship
1_118,6,/datasets/audio/deepship/train/1/1_118.wav,90.0,120.0,1,train,Passenger ship,deepship
1_118,7,/datasets/audio/deepship/train/1/1_118.wav,105.0,135.0,1,train,Passenger ship,deepship
1_118,8,/datasets/audio/deepship/train/1/1_118.wav,120.0,150.0,1,train,Passenger ship,deepship
1_118,9,/datasets/audio/deepship/train/1/1_118.wav,135.0,165.0,1,train,Passenger ship,deepship
1_118,10,/datasets/audio/deepship/train/1/1_118.wav,142.0,172.0,1,train,Passenger ship,deepship
1_119,0,/datasets/audio/deepship/train/1/1_119.wav,0.0,30.0,1,train,Passenger ship,deepship
1_12,0,/datasets/audio/deepship/train/1/1_12.wav,0.0,30.0,1,train,Passenger ship,deepship
1_120,0,/datasets/audio/deepship/train/1/1_120.wav,0.0,30.0,1,train,Passenger ship,deepship
1_120,1,/datasets/audio/deepship/train/1/1_120.wav,15.0,45.0,1,train,Passenger ship,deepship
1_120,2,/datasets/audio/deepship/train/1/1_120.wav,30.0,60.0,1,train,Passenger ship,deepship
1_120,3,/datasets/audio/deepship/train/1/1_120.wav,45.0,75.0,1,train,Passenger ship,deepship
1_120,4,/datasets/audio/deepship/train/1/1_120.wav,60.0,90.0,1,train,Passenger ship,deepship
1_120,5,/datasets/audio/deepship/train/1/1_120.wav,75.0,105.0,1,train,Passenger ship,deepship
1_120,6,/datasets/audio/deepship/train/1/1_120.wav,90.0,120.0,1,train,Passenger ship,deepship
1_120,7,/datasets/audio/deepship/train/1/1_120.wav,105.0,135.0,1,train,Passenger ship,deepship
1_120,8,/datasets/audio/deepship/train/1/1_120.wav,120.0,150.0,1,train,Passenger ship,deepship
1_120,9,/datasets/audio/deepship/train/1/1_120.wav,126.0,156.0,1,train,Passenger ship,deepship
1_121,0,/datasets/audio/deepship/train/1/1_121.wav,0.0,30.0,1,train,Passenger ship,deepship
1_121,1,/datasets/audio/deepship/train/1/1_121.wav,1.0,31.0,1,train,Passenger ship,deepship
1_123,0,/datasets/audio/deepship/train/1/1_123.wav,0.0,30.0,1,train,Passenger ship,deepship
1_123,1,/datasets/audio/deepship/train/1/1_123.wav,15.0,45.0,1,train,Passenger ship,deepship
1_123,2,/datasets/audio/deepship/train/1/1_123.wav,30.0,60.0,1,train,Passenger ship,deepship
1_123,3,/datasets/audio/deepship/train/1/1_123.wav,45.0,75.0,1,train,Passenger ship,deepship
1_123,4,/datasets/audio/deepship/train/1/1_123.wav,60.0,90.0,1,train,Passenger ship,deepship
1_123,5,/datasets/audio/deepship/train/1/1_123.wav,75.0,105.0,1,train,Passenger ship,deepship
1_123,6,/datasets/audio/deepship/train/1/1_123.wav,90.0,120.0,1,train,Passenger ship,deepship
1_123,7,/datasets/audio/deepship/train/1/1_123.wav,105.0,135.0,1,train,Passenger ship,deepship
1_123,8,/datasets/audio/deepship/train/1/1_123.wav,120.0,150.0,1,train,Passenger ship,deepship
1_123,9,/datasets/audio/deepship/train/1/1_123.wav,135.0,165.0,1,train,Passenger ship,deepship
1_123,10,/datasets/audio/deepship/train/1/1_123.wav,150.0,180.0,1,train,Passenger ship,deepship
1_123,11,/datasets/audio/deepship/train/1/1_123.wav,165.0,195.0,1,train,Passenger ship,deepship
1_123,12,/datasets/audio/deepship/train/1/1_123.wav,180.0,210.0,1,train,Passenger ship,deepship
1_123,13,/datasets/audio/deepship/train/1/1_123.wav,195.0,225.0,1,train,Passenger ship,deepship
1_123,14,/datasets/audio/deepship/train/1/1_123.wav,210.0,240.0,1,train,Passenger ship,deepship
1_123,15,/datasets/audio/deepship/train/1/1_123.wav,225.0,255.0,1,train,Passenger ship,deepship
1_123,16,/datasets/audio/deepship/train/1/1_123.wav,240.0,270.0,1,train,Passenger ship,deepship
1_123,17,/datasets/audio/deepship/train/1/1_123.wav,255.0,285.0,1,train,Passenger ship,deepship
1_123,18,/datasets/audio/deepship/train/1/1_123.wav,270.0,300.0,1,train,Passenger ship,deepship
1_123,19,/datasets/audio/deepship/train/1/1_123.wav,285.0,315.0,1,train,Passenger ship,deepship
1_123,20,/datasets/audio/deepship/train/1/1_123.wav,300.0,330.0,1,train,Passenger ship,deepship
1_123,21,/datasets/audio/deepship/train/1/1_123.wav,315.0,345.0,1,train,Passenger ship,deepship
1_123,22,/datasets/audio/deepship/train/1/1_123.wav,330.0,360.0,1,train,Passenger ship,deepship
1_123,23,/datasets/audio/deepship/train/1/1_123.wav,345.0,375.0,1,train,Passenger ship,deepship
1_123,24,/datasets/audio/deepship/train/1/1_123.wav,360.0,390.0,1,train,Passenger ship,deepship
1_123,25,/datasets/audio/deepship/train/1/1_123.wav,375.0,405.0,1,train,Passenger ship,deepship
1_123,26,/datasets/audio/deepship/train/1/1_123.wav,385.0,415.0,1,train,Passenger ship,deepship
1_124,0,/datasets/audio/deepship/train/1/1_124.wav,0.0,30.0,1,train,Passenger ship,deepship
1_124,1,/datasets/audio/deepship/train/1/1_124.wav,15.0,45.0,1,train,Passenger ship,deepship
1_124,2,/datasets/audio/deepship/train/1/1_124.wav,30.0,60.0,1,train,Passenger ship,deepship
1_124,3,/datasets/audio/deepship/train/1/1_124.wav,45.0,75.0,1,train,Passenger ship,deepship
1_124,4,/datasets/audio/deepship/train/1/1_124.wav,60.0,90.0,1,train,Passenger ship,deepship
1_124,5,/datasets/audio/deepship/train/1/1_124.wav,75.0,105.0,1,train,Passenger ship,deepship
1_124,6,/datasets/audio/deepship/train/1/1_124.wav,90.0,120.0,1,train,Passenger ship,deepship
1_124,7,/datasets/audio/deepship/train/1/1_124.wav,105.0,135.0,1,train,Passenger ship,deepship
1_124,8,/datasets/audio/deepship/train/1/1_124.wav,120.0,150.0,1,train,Passenger ship,deepship
1_124,9,/datasets/audio/deepship/train/1/1_124.wav,135.0,165.0,1,train,Passenger ship,deepship
1_124,10,/datasets/audio/deepship/train/1/1_124.wav,150.0,180.0,1,train,Passenger ship,deepship
1_124,11,/datasets/audio/deepship/train/1/1_124.wav,165.0,195.0,1,train,Passenger ship,deepship
1_124,12,/datasets/audio/deepship/train/1/1_124.wav,180.0,210.0,1,train,Passenger ship,deepship
1_124,13,/datasets/audio/deepship/train/1/1_124.wav,195.0,225.0,1,train,Passenger ship,deepship
1_124,14,/datasets/audio/deepship/train/1/1_124.wav,210.0,240.0,1,train,Passenger ship,deepship
1_124,15,/datasets/audio/deepship/train/1/1_124.wav,225.0,255.0,1,train,Passenger ship,deepship
1_124,16,/datasets/audio/deepship/train/1/1_124.wav,240.0,270.0,1,train,Passenger ship,deepship
1_124,17,/datasets/audio/deepship/train/1/1_124.wav,255.0,285.0,1,train,Passenger ship,deepship
1_124,18,/datasets/audio/deepship/train/1/1_124.wav,270.0,300.0,1,train,Passenger ship,deepship
1_124,19,/datasets/audio/deepship/train/1/1_124.wav,285.0,315.0,1,train,Passenger ship,deepship
1_124,20,/datasets/audio/deepship/train/1/1_124.wav,300.0,330.0,1,train,Passenger ship,deepship
1_124,21,/datasets/audio/deepship/train/1/1_124.wav,315.0,345.0,1,train,Passenger ship,deepship
1_124,22,/datasets/audio/deepship/train/1/1_124.wav,330.0,360.0,1,train,Passenger ship,deepship
1_126,0,/datasets/audio/deepship/train/1/1_126.wav,0.0,30.0,1,train,Passenger ship,deepship
1_127,0,/datasets/audio/deepship/train/1/1_127.wav,0.0,30.0,1,train,Passenger ship,deepship
1_127,1,/datasets/audio/deepship/train/1/1_127.wav,15.0,45.0,1,train,Passenger ship,deepship
1_127,2,/datasets/audio/deepship/train/1/1_127.wav,30.0,60.0,1,train,Passenger ship,deepship
1_127,3,/datasets/audio/deepship/train/1/1_127.wav,45.0,75.0,1,train,Passenger ship,deepship
1_127,4,/datasets/audio/deepship/train/1/1_127.wav,60.0,90.0,1,train,Passenger ship,deepship
1_127,5,/datasets/audio/deepship/train/1/1_127.wav,75.0,105.0,1,train,Passenger ship,deepship
1_127,6,/datasets/audio/deepship/train/1/1_127.wav,90.0,120.0,1,train,Passenger ship,deepship
1_127,7,/datasets/audio/deepship/train/1/1_127.wav,105.0,135.0,1,train,Passenger ship,deepship
1_127,8,/datasets/audio/deepship/train/1/1_127.wav,120.0,150.0,1,train,Passenger ship,deepship
1_127,9,/datasets/audio/deepship/train/1/1_127.wav,135.0,165.0,1,train,Passenger ship,deepship
1_127,10,/datasets/audio/deepship/train/1/1_127.wav,143.0,173.0,1,train,Passenger ship,deepship
1_128,0,/datasets/audio/deepship/train/1/1_128.wav,0.0,30.0,1,train,Passenger ship,deepship
1_13,0,/datasets/audio/deepship/train/1/1_13.wav,0.0,30.0,1,train,Passenger ship,deepship
1_13,1,/datasets/audio/deepship/train/1/1_13.wav,15.0,45.0,1,train,Passenger ship,deepship
1_13,2,/datasets/audio/deepship/train/1/1_13.wav,30.0,60.0,1,train,Passenger ship,deepship
1_13,3,/datasets/audio/deepship/train/1/1_13.wav,45.0,75.0,1,train,Passenger ship,deepship
1_13,4,/datasets/audio/deepship/train/1/1_13.wav,60.0,90.0,1,train,Passenger ship,deepship
1_13,5,/datasets/audio/deepship/train/1/1_13.wav,75.0,105.0,1,train,Passenger ship,deepship
1_13,6,/datasets/audio/deepship/train/1/1_13.wav,90.0,120.0,1,train,Passenger ship,deepship
1_13,7,/datasets/audio/deepship/train/1/1_13.wav,105.0,135.0,1,train,Passenger ship,deepship
1_13,8,/datasets/audio/deepship/train/1/1_13.wav,120.0,150.0,1,train,Passenger ship,deepship
1_13,9,/datasets/audio/deepship/train/1/1_13.wav,135.0,165.0,1,train,Passenger ship,deepship
1_13,10,/datasets/audio/deepship/train/1/1_13.wav,150.0,180.0,1,train,Passenger ship,deepship
1_13,11,/datasets/audio/deepship/train/1/1_13.wav,165.0,195.0,1,train,Passenger ship,deepship
1_13,12,/datasets/audio/deepship/train/1/1_13.wav,180.0,210.0,1,train,Passenger ship,deepship
1_13,13,/datasets/audio/deepship/train/1/1_13.wav,195.0,225.0,1,train,Passenger ship,deepship
1_13,14,/datasets/audio/deepship/train/1/1_13.wav,199.0,229.0,1,train,Passenger ship,deepship
1_131,0,/datasets/audio/deepship/train/1/1_131.wav,0.0,30.0,1,train,Passenger ship,deepship
1_131,1,/datasets/audio/deepship/train/1/1_131.wav,15.0,45.0,1,train,Passenger ship,deepship
1_131,2,/datasets/audio/deepship/train/1/1_131.wav,30.0,60.0,1,train,Passenger ship,deepship
1_131,3,/datasets/audio/deepship/train/1/1_131.wav,45.0,75.0,1,train,Passenger ship,deepship
1_131,4,/datasets/audio/deepship/train/1/1_131.wav,60.0,90.0,1,train,Passenger ship,deepship
1_131,5,/datasets/audio/deepship/train/1/1_131.wav,75.0,105.0,1,train,Passenger ship,deepship
1_131,6,/datasets/audio/deepship/train/1/1_131.wav,90.0,120.0,1,train,Passenger ship,deepship
1_131,7,/datasets/audio/deepship/train/1/1_131.wav,105.0,135.0,1,train,Passenger ship,deepship
1_131,8,/datasets/audio/deepship/train/1/1_131.wav,120.0,150.0,1,train,Passenger ship,deepship
1_131,9,/datasets/audio/deepship/train/1/1_131.wav,128.0,158.0,1,train,Passenger ship,deepship
1_132,0,/datasets/audio/deepship/train/1/1_132.wav,0.0,30.0,1,train,Passenger ship,deepship
1_133,0,/datasets/audio/deepship/train/1/1_133.wav,0.0,30.0,1,train,Passenger ship,deepship
1_133,1,/datasets/audio/deepship/train/1/1_133.wav,15.0,45.0,1,train,Passenger ship,deepship
1_133,2,/datasets/audio/deepship/train/1/1_133.wav,30.0,60.0,1,train,Passenger ship,deepship
1_133,3,/datasets/audio/deepship/train/1/1_133.wav,45.0,75.0,1,train,Passenger ship,deepship
1_133,4,/datasets/audio/deepship/train/1/1_133.wav,60.0,90.0,1,train,Passenger ship,deepship
1_133,5,/datasets/audio/deepship/train/1/1_133.wav,75.0,105.0,1,train,Passenger ship,deepship
1_133,6,/datasets/audio/deepship/train/1/1_133.wav,90.0,120.0,1,train,Passenger ship,deepship
1_133,7,/datasets/audio/deepship/train/1/1_133.wav,105.0,135.0,1,train,Passenger ship,deepship
1_133,8,/datasets/audio/deepship/train/1/1_133.wav,120.0,150.0,1,train,Passenger ship,deepship
1_133,9,/datasets/audio/deepship/train/1/1_133.wav,135.0,165.0,1,train,Passenger ship,deepship
1_133,10,/datasets/audio/deepship/train/1/1_133.wav,150.0,180.0,1,train,Passenger ship,deepship
1_133,11,/datasets/audio/deepship/train/1/1_133.wav,165.0,195.0,1,train,Passenger ship,deepship
1_133,12,/datasets/audio/deepship/train/1/1_133.wav,172.0,202.0,1,train,Passenger ship,deepship
1_136,0,/datasets/audio/deepship/train/1/1_136.wav,0.0,30.0,1,train,Passenger ship,deepship
1_136,1,/datasets/audio/deepship/train/1/1_136.wav,15.0,45.0,1,train,Passenger ship,deepship
1_136,2,/datasets/audio/deepship/train/1/1_136.wav,30.0,60.0,1,train,Passenger ship,deepship
1_136,3,/datasets/audio/deepship/train/1/1_136.wav,45.0,75.0,1,train,Passenger ship,deepship
1_136,4,/datasets/audio/deepship/train/1/1_136.wav,60.0,90.0,1,train,Passenger ship,deepship
1_136,5,/datasets/audio/deepship/train/1/1_136.wav,75.0,105.0,1,train,Passenger ship,deepship
1_136,6,/datasets/audio/deepship/train/1/1_136.wav,90.0,120.0,1,train,Passenger ship,deepship
1_136,7,/datasets/audio/deepship/train/1/1_136.wav,105.0,135.0,1,train,Passenger ship,deepship
1_136,8,/datasets/audio/deepship/train/1/1_136.wav,120.0,150.0,1,train,Passenger ship,deepship
1_136,9,/datasets/audio/deepship/train/1/1_136.wav,135.0,165.0,1,train,Passenger ship,deepship
1_136,10,/datasets/audio/deepship/train/1/1_136.wav,150.0,180.0,1,train,Passenger ship,deepship
1_136,11,/datasets/audio/deepship/train/1/1_136.wav,165.0,195.0,1,train,Passenger ship,deepship
1_136,12,/datasets/audio/deepship/train/1/1_136.wav,180.0,210.0,1,train,Passenger ship,deepship
1_136,13,/datasets/audio/deepship/train/1/1_136.wav,195.0,225.0,1,train,Passenger ship,deepship
1_136,14,/datasets/audio/deepship/train/1/1_136.wav,210.0,240.0,1,train,Passenger ship,deepship
1_136,15,/datasets/audio/deepship/train/1/1_136.wav,225.0,255.0,1,train,Passenger ship,deepship
1_136,16,/datasets/audio/deepship/train/1/1_136.wav,240.0,270.0,1,train,Passenger ship,deepship
1_136,17,/datasets/audio/deepship/train/1/1_136.wav,255.0,285.0,1,train,Passenger ship,deepship
1_136,18,/datasets/audio/deepship/train/1/1_136.wav,270.0,300.0,1,train,Passenger ship,deepship
1_139,0,/datasets/audio/deepship/train/1/1_139.wav,0.0,30.0,1,train,Passenger ship,deepship
1_139,1,/datasets/audio/deepship/train/1/1_139.wav,15.0,45.0,1,train,Passenger ship,deepship
1_139,2,/datasets/audio/deepship/train/1/1_139.wav,30.0,60.0,1,train,Passenger ship,deepship
1_139,3,/datasets/audio/deepship/train/1/1_139.wav,45.0,75.0,1,train,Passenger ship,deepship
1_139,4,/datasets/audio/deepship/train/1/1_139.wav,60.0,90.0,1,train,Passenger ship,deepship
1_139,5,/datasets/audio/deepship/train/1/1_139.wav,75.0,105.0,1,train,Passenger ship,deepship
1_139,6,/datasets/audio/deepship/train/1/1_139.wav,90.0,120.0,1,train,Passenger ship,deepship
1_139,7,/datasets/audio/deepship/train/1/1_139.wav,105.0,135.0,1,train,Passenger ship,deepship
1_139,8,/datasets/audio/deepship/train/1/1_139.wav,120.0,150.0,1,train,Passenger ship,deepship
1_139,9,/datasets/audio/deepship/train/1/1_139.wav,135.0,165.0,1,train,Passenger ship,deepship
1_139,10,/datasets/audio/deepship/train/1/1_139.wav,150.0,180.0,1,train,Passenger ship,deepship
1_139,11,/datasets/audio/deepship/train/1/1_139.wav,165.0,195.0,1,train,Passenger ship,deepship
1_139,12,/datasets/audio/deepship/train/1/1_139.wav,180.0,210.0,1,train,Passenger ship,deepship
1_139,13,/datasets/audio/deepship/train/1/1_139.wav,187.0,217.0,1,train,Passenger ship,deepship
1_14,0,/datasets/audio/deepship/train/1/1_14.wav,0.0,30.0,1,train,Passenger ship,deepship
1_14,1,/datasets/audio/deepship/train/1/1_14.wav,15.0,45.0,1,train,Passenger ship,deepship
1_14,2,/datasets/audio/deepship/train/1/1_14.wav,18.0,48.0,1,train,Passenger ship,deepship
1_140,0,/datasets/audio/deepship/train/1/1_140.wav,0.0,30.0,1,train,Passenger ship,deepship
1_140,1,/datasets/audio/deepship/train/1/1_140.wav,15.0,45.0,1,train,Passenger ship,deepship
1_140,2,/datasets/audio/deepship/train/1/1_140.wav,30.0,60.0,1,train,Passenger ship,deepship
1_140,3,/datasets/audio/deepship/train/1/1_140.wav,45.0,75.0,1,train,Passenger ship,deepship
1_140,4,/datasets/audio/deepship/train/1/1_140.wav,60.0,90.0,1,train,Passenger ship,deepship
1_140,5,/datasets/audio/deepship/train/1/1_140.wav,75.0,105.0,1,train,Passenger ship,deepship
1_140,6,/datasets/audio/deepship/train/1/1_140.wav,90.0,120.0,1,train,Passenger ship,deepship
1_140,7,/datasets/audio/deepship/train/1/1_140.wav,105.0,135.0,1,train,Passenger ship,deepship
1_140,8,/datasets/audio/deepship/train/1/1_140.wav,120.0,150.0,1,train,Passenger ship,deepship
1_140,9,/datasets/audio/deepship/train/1/1_140.wav,135.0,165.0,1,train,Passenger ship,deepship
1_140,10,/datasets/audio/deepship/train/1/1_140.wav,150.0,180.0,1,train,Passenger ship,deepship
1_140,11,/datasets/audio/deepship/train/1/1_140.wav,165.0,195.0,1,train,Passenger ship,deepship
1_140,12,/datasets/audio/deepship/train/1/1_140.wav,180.0,210.0,1,train,Passenger ship,deepship
1_140,13,/datasets/audio/deepship/train/1/1_140.wav,195.0,225.0,1,train,Passenger ship,deepship
1_140,14,/datasets/audio/deepship/train/1/1_140.wav,210.0,240.0,1,train,Passenger ship,deepship
1_140,15,/datasets/audio/deepship/train/1/1_140.wav,225.0,255.0,1,train,Passenger ship,deepship
1_140,16,/datasets/audio/deepship/train/1/1_140.wav,240.0,270.0,1,train,Passenger ship,deepship
1_140,17,/datasets/audio/deepship/train/1/1_140.wav,254.0,284.0,1,train,Passenger ship,deepship
1_141,0,/datasets/audio/deepship/train/1/1_141.wav,0.0,30.0,1,train,Passenger ship,deepship
1_141,1,/datasets/audio/deepship/train/1/1_141.wav,15.0,45.0,1,train,Passenger ship,deepship
1_141,2,/datasets/audio/deepship/train/1/1_141.wav,30.0,60.0,1,train,Passenger ship,deepship
1_141,3,/datasets/audio/deepship/train/1/1_141.wav,45.0,75.0,1,train,Passenger ship,deepship
1_141,4,/datasets/audio/deepship/train/1/1_141.wav,60.0,90.0,1,train,Passenger ship,deepship
1_141,5,/datasets/audio/deepship/train/1/1_141.wav,75.0,105.0,1,train,Passenger ship,deepship
1_141,6,/datasets/audio/deepship/train/1/1_141.wav,90.0,120.0,1,train,Passenger ship,deepship
1_141,7,/datasets/audio/deepship/train/1/1_141.wav,105.0,135.0,1,train,Passenger ship,deepship
1_141,8,/datasets/audio/deepship/train/1/1_141.wav,120.0,150.0,1,train,Passenger ship,deepship
1_141,9,/datasets/audio/deepship/train/1/1_141.wav,135.0,165.0,1,train,Passenger ship,deepship
1_141,10,/datasets/audio/deepship/train/1/1_141.wav,150.0,180.0,1,train,Passenger ship,deepship
1_141,11,/datasets/audio/deepship/train/1/1_141.wav,165.0,195.0,1,train,Passenger ship,deepship
1_141,12,/datasets/audio/deepship/train/1/1_141.wav,180.0,210.0,1,train,Passenger ship,deepship
1_141,13,/datasets/audio/deepship/train/1/1_141.wav,195.0,225.0,1,train,Passenger ship,deepship
1_141,14,/datasets/audio/deepship/train/1/1_141.wav,210.0,240.0,1,train,Passenger ship,deepship
1_141,15,/datasets/audio/deepship/train/1/1_141.wav,225.0,255.0,1,train,Passenger ship,deepship
1_141,16,/datasets/audio/deepship/train/1/1_141.wav,240.0,270.0,1,train,Passenger ship,deepship
1_141,17,/datasets/audio/deepship/train/1/1_141.wav,244.0,274.0,1,train,Passenger ship,deepship
1_143,0,/datasets/audio/deepship/train/1/1_143.wav,0.0,30.0,1,train,Passenger ship,deepship
1_143,1,/datasets/audio/deepship/train/1/1_143.wav,15.0,45.0,1,train,Passenger ship,deepship
1_143,2,/datasets/audio/deepship/train/1/1_143.wav,30.0,60.0,1,train,Passenger ship,deepship
1_143,3,/datasets/audio/deepship/train/1/1_143.wav,45.0,75.0,1,train,Passenger ship,deepship
1_143,4,/datasets/audio/deepship/train/1/1_143.wav,60.0,90.0,1,train,Passenger ship,deepship
1_143,5,/datasets/audio/deepship/train/1/1_143.wav,75.0,105.0,1,train,Passenger ship,deepship
1_143,6,/datasets/audio/deepship/train/1/1_143.wav,90.0,120.0,1,train,Passenger ship,deepship
1_145,0,/datasets/audio/deepship/train/1/1_145.wav,0.0,30.0,1,train,Passenger ship,deepship
1_145,1,/datasets/audio/deepship/train/1/1_145.wav,15.0,45.0,1,train,Passenger ship,deepship
1_145,2,/datasets/audio/deepship/train/1/1_145.wav,30.0,60.0,1,train,Passenger ship,deepship
1_145,3,/datasets/audio/deepship/train/1/1_145.wav,45.0,75.0,1,train,Passenger ship,deepship
1_145,4,/datasets/audio/deepship/train/1/1_145.wav,60.0,90.0,1,train,Passenger ship,deepship
1_145,5,/datasets/audio/deepship/train/1/1_145.wav,75.0,105.0,1,train,Passenger ship,deepship
1_145,6,/datasets/audio/deepship/train/1/1_145.wav,90.0,120.0,1,train,Passenger ship,deepship
1_145,7,/datasets/audio/deepship/train/1/1_145.wav,105.0,135.0,1,train,Passenger ship,deepship
1_145,8,/datasets/audio/deepship/train/1/1_145.wav,120.0,150.0,1,train,Passenger ship,deepship
1_145,9,/datasets/audio/deepship/train/1/1_145.wav,135.0,165.0,1,train,Passenger ship,deepship
1_145,10,/datasets/audio/deepship/train/1/1_145.wav,150.0,180.0,1,train,Passenger ship,deepship
1_145,11,/datasets/audio/deepship/train/1/1_145.wav,165.0,195.0,1,train,Passenger ship,deepship
1_145,12,/datasets/audio/deepship/train/1/1_145.wav,166.0,196.0,1,train,Passenger ship,deepship
1_146,0,/datasets/audio/deepship/train/1/1_146.wav,0.0,30.0,1,train,Passenger ship,deepship
1_146,1,/datasets/audio/deepship/train/1/1_146.wav,15.0,45.0,1,train,Passenger ship,deepship
1_146,2,/datasets/audio/deepship/train/1/1_146.wav,30.0,60.0,1,train,Passenger ship,deepship
1_146,3,/datasets/audio/deepship/train/1/1_146.wav,45.0,75.0,1,train,Passenger ship,deepship
1_146,4,/datasets/audio/deepship/train/1/1_146.wav,60.0,90.0,1,train,Passenger ship,deepship
1_146,5,/datasets/audio/deepship/train/1/1_146.wav,75.0,105.0,1,train,Passenger ship,deepship
1_146,6,/datasets/audio/deepship/train/1/1_146.wav,90.0,120.0,1,train,Passenger ship,deepship
1_146,7,/datasets/audio/deepship/train/1/1_146.wav,105.0,135.0,1,train,Passenger ship,deepship
1_146,8,/datasets/audio/deepship/train/1/1_146.wav,120.0,150.0,1,train,Passenger ship,deepship
1_146,9,/datasets/audio/deepship/train/1/1_146.wav,135.0,165.0,1,train,Passenger ship,deepship
1_146,10,/datasets/audio/deepship/train/1/1_146.wav,150.0,180.0,1,train,Passenger ship,deepship
1_146,11,/datasets/audio/deepship/train/1/1_146.wav,165.0,195.0,1,train,Passenger ship,deepship
1_146,12,/datasets/audio/deepship/train/1/1_146.wav,180.0,210.0,1,train,Passenger ship,deepship
1_146,13,/datasets/audio/deepship/train/1/1_146.wav,195.0,225.0,1,train,Passenger ship,deepship
1_146,14,/datasets/audio/deepship/train/1/1_146.wav,205.0,235.0,1,train,Passenger ship,deepship
1_147,0,/datasets/audio/deepship/train/1/1_147.wav,0.0,30.0,1,train,Passenger ship,deepship
1_147,1,/datasets/audio/deepship/train/1/1_147.wav,15.0,45.0,1,train,Passenger ship,deepship
1_147,2,/datasets/audio/deepship/train/1/1_147.wav,30.0,60.0,1,train,Passenger ship,deepship
1_147,3,/datasets/audio/deepship/train/1/1_147.wav,45.0,75.0,1,train,Passenger ship,deepship
1_147,4,/datasets/audio/deepship/train/1/1_147.wav,60.0,90.0,1,train,Passenger ship,deepship
1_147,5,/datasets/audio/deepship/train/1/1_147.wav,75.0,105.0,1,train,Passenger ship,deepship
1_147,6,/datasets/audio/deepship/train/1/1_147.wav,90.0,120.0,1,train,Passenger ship,deepship
1_147,7,/datasets/audio/deepship/train/1/1_147.wav,105.0,135.0,1,train,Passenger ship,deepship
1_147,8,/datasets/audio/deepship/train/1/1_147.wav,111.0,141.0,1,train,Passenger ship,deepship
1_148,0,/datasets/audio/deepship/train/1/1_148.wav,0.0,30.0,1,train,Passenger ship,deepship
1_148,1,/datasets/audio/deepship/train/1/1_148.wav,15.0,45.0,1,train,Passenger ship,deepship
1_148,2,/datasets/audio/deepship/train/1/1_148.wav,30.0,60.0,1,train,Passenger ship,deepship
1_148,3,/datasets/audio/deepship/train/1/1_148.wav,33.0,63.0,1,train,Passenger ship,deepship
1_149,0,/datasets/audio/deepship/train/1/1_149.wav,0.0,30.0,1,train,Passenger ship,deepship
1_149,1,/datasets/audio/deepship/train/1/1_149.wav,15.0,45.0,1,train,Passenger ship,deepship
1_149,2,/datasets/audio/deepship/train/1/1_149.wav,30.0,60.0,1,train,Passenger ship,deepship
1_149,3,/datasets/audio/deepship/train/1/1_149.wav,45.0,75.0,1,train,Passenger ship,deepship
1_149,4,/datasets/audio/deepship/train/1/1_149.wav,60.0,90.0,1,train,Passenger ship,deepship
1_149,5,/datasets/audio/deepship/train/1/1_149.wav,75.0,105.0,1,train,Passenger ship,deepship
1_149,6,/datasets/audio/deepship/train/1/1_149.wav,90.0,120.0,1,train,Passenger ship,deepship
1_149,7,/datasets/audio/deepship/train/1/1_149.wav,105.0,135.0,1,train,Passenger ship,deepship
1_149,8,/datasets/audio/deepship/train/1/1_149.wav,120.0,150.0,1,train,Passenger ship,deepship
1_149,9,/datasets/audio/deepship/train/1/1_149.wav,135.0,165.0,1,train,Passenger ship,deepship
1_149,10,/datasets/audio/deepship/train/1/1_149.wav,150.0,180.0,1,train,Passenger ship,deepship
1_149,11,/datasets/audio/deepship/train/1/1_149.wav,165.0,195.0,1,train,Passenger ship,deepship
1_149,12,/datasets/audio/deepship/train/1/1_149.wav,180.0,210.0,1,train,Passenger ship,deepship
1_149,13,/datasets/audio/deepship/train/1/1_149.wav,195.0,225.0,1,train,Passenger ship,deepship
1_149,14,/datasets/audio/deepship/train/1/1_149.wav,210.0,240.0,1,train,Passenger ship,deepship
1_149,15,/datasets/audio/deepship/train/1/1_149.wav,225.0,255.0,1,train,Passenger ship,deepship
1_149,16,/datasets/audio/deepship/train/1/1_149.wav,240.0,270.0,1,train,Passenger ship,deepship
1_149,17,/datasets/audio/deepship/train/1/1_149.wav,255.0,285.0,1,train,Passenger ship,deepship
1_149,18,/datasets/audio/deepship/train/1/1_149.wav,270.0,300.0,1,train,Passenger ship,deepship
1_149,19,/datasets/audio/deepship/train/1/1_149.wav,285.0,315.0,1,train,Passenger ship,deepship
1_149,20,/datasets/audio/deepship/train/1/1_149.wav,300.0,330.0,1,train,Passenger ship,deepship
1_149,21,/datasets/audio/deepship/train/1/1_149.wav,315.0,345.0,1,train,Passenger ship,deepship
1_149,22,/datasets/audio/deepship/train/1/1_149.wav,330.0,360.0,1,train,Passenger ship,deepship
1_149,23,/datasets/audio/deepship/train/1/1_149.wav,345.0,375.0,1,train,Passenger ship,deepship
1_149,24,/datasets/audio/deepship/train/1/1_149.wav,360.0,390.0,1,train,Passenger ship,deepship
1_149,25,/datasets/audio/deepship/train/1/1_149.wav,362.0,392.0,1,train,Passenger ship,deepship
1_150,0,/datasets/audio/deepship/train/1/1_150.wav,0.0,30.0,1,train,Passenger ship,deepship
1_150,1,/datasets/audio/deepship/train/1/1_150.wav,15.0,45.0,1,train,Passenger ship,deepship
1_150,2,/datasets/audio/deepship/train/1/1_150.wav,30.0,60.0,1,train,Passenger ship,deepship
1_150,3,/datasets/audio/deepship/train/1/1_150.wav,42.0,72.0,1,train,Passenger ship,deepship
1_151,0,/datasets/audio/deepship/train/1/1_151.wav,0.0,30.0,1,train,Passenger ship,deepship
1_151,1,/datasets/audio/deepship/train/1/1_151.wav,15.0,45.0,1,train,Passenger ship,deepship
1_151,2,/datasets/audio/deepship/train/1/1_151.wav,30.0,60.0,1,train,Passenger ship,deepship
1_151,3,/datasets/audio/deepship/train/1/1_151.wav,45.0,75.0,1,train,Passenger ship,deepship
1_151,4,/datasets/audio/deepship/train/1/1_151.wav,60.0,90.0,1,train,Passenger ship,deepship
1_151,5,/datasets/audio/deepship/train/1/1_151.wav,75.0,105.0,1,train,Passenger ship,deepship
1_151,6,/datasets/audio/deepship/train/1/1_151.wav,90.0,120.0,1,train,Passenger ship,deepship
1_151,7,/datasets/audio/deepship/train/1/1_151.wav,105.0,135.0,1,train,Passenger ship,deepship
1_151,8,/datasets/audio/deepship/train/1/1_151.wav,120.0,150.0,1,train,Passenger ship,deepship
1_151,9,/datasets/audio/deepship/train/1/1_151.wav,135.0,165.0,1,train,Passenger ship,deepship
1_151,10,/datasets/audio/deepship/train/1/1_151.wav,150.0,180.0,1,train,Passenger ship,deepship
1_151,11,/datasets/audio/deepship/train/1/1_151.wav,165.0,195.0,1,train,Passenger ship,deepship
1_151,12,/datasets/audio/deepship/train/1/1_151.wav,180.0,210.0,1,train,Passenger ship,deepship
1_151,13,/datasets/audio/deepship/train/1/1_151.wav,195.0,225.0,1,train,Passenger ship,deepship
1_151,14,/datasets/audio/deepship/train/1/1_151.wav,210.0,240.0,1,train,Passenger ship,deepship
1_151,15,/datasets/audio/deepship/train/1/1_151.wav,225.0,255.0,1,train,Passenger ship,deepship
1_151,16,/datasets/audio/deepship/train/1/1_151.wav,240.0,270.0,1,train,Passenger ship,deepship
1_151,17,/datasets/audio/deepship/train/1/1_151.wav,255.0,285.0,1,train,Passenger ship,deepship
1_151,18,/datasets/audio/deepship/train/1/1_151.wav,270.0,300.0,1,train,Passenger ship,deepship
1_151,19,/datasets/audio/deepship/train/1/1_151.wav,285.0,315.0,1,train,Passenger ship,deepship
1_151,20,/datasets/audio/deepship/train/1/1_151.wav,300.0,330.0,1,train,Passenger ship,deepship
1_151,21,/datasets/audio/deepship/train/1/1_151.wav,315.0,345.0,1,train,Passenger ship,deepship
1_151,22,/datasets/audio/deepship/train/1/1_151.wav,330.0,360.0,1,train,Passenger ship,deepship
1_151,23,/datasets/audio/deepship/train/1/1_151.wav,345.0,375.0,1,train,Passenger ship,deepship
1_151,24,/datasets/audio/deepship/train/1/1_151.wav,360.0,390.0,1,train,Passenger ship,deepship
1_151,25,/datasets/audio/deepship/train/1/1_151.wav,375.0,405.0,1,train,Passenger ship,deepship
1_151,26,/datasets/audio/deepship/train/1/1_151.wav,390.0,420.0,1,train,Passenger ship,deepship
1_151,27,/datasets/audio/deepship/train/1/1_151.wav,405.0,435.0,1,train,Passenger ship,deepship
1_151,28,/datasets/audio/deepship/train/1/1_151.wav,420.0,450.0,1,train,Passenger ship,deepship
1_151,29,/datasets/audio/deepship/train/1/1_151.wav,435.0,465.0,1,train,Passenger ship,deepship
1_151,30,/datasets/audio/deepship/train/1/1_151.wav,450.0,480.0,1,train,Passenger ship,deepship
1_151,31,/datasets/audio/deepship/train/1/1_151.wav,465.0,495.0,1,train,Passenger ship,deepship
1_151,32,/datasets/audio/deepship/train/1/1_151.wav,480.0,510.0,1,train,Passenger ship,deepship
1_151,33,/datasets/audio/deepship/train/1/1_151.wav,495.0,525.0,1,train,Passenger ship,deepship
1_151,34,/datasets/audio/deepship/train/1/1_151.wav,510.0,540.0,1,train,Passenger ship,deepship
1_151,35,/datasets/audio/deepship/train/1/1_151.wav,525.0,555.0,1,train,Passenger ship,deepship
1_151,36,/datasets/audio/deepship/train/1/1_151.wav,540.0,570.0,1,train,Passenger ship,deepship
1_151,37,/datasets/audio/deepship/train/1/1_151.wav,555.0,585.0,1,train,Passenger ship,deepship
1_151,38,/datasets/audio/deepship/train/1/1_151.wav,570.0,600.0,1,train,Passenger ship,deepship
1_151,39,/datasets/audio/deepship/train/1/1_151.wav,585.0,615.0,1,train,Passenger ship,deepship
1_151,40,/datasets/audio/deepship/train/1/1_151.wav,600.0,630.0,1,train,Passenger ship,deepship
1_151,41,/datasets/audio/deepship/train/1/1_151.wav,615.0,645.0,1,train,Passenger ship,deepship
1_151,42,/datasets/audio/deepship/train/1/1_151.wav,630.0,660.0,1,train,Passenger ship,deepship
1_151,43,/datasets/audio/deepship/train/1/1_151.wav,645.0,675.0,1,train,Passenger ship,deepship
1_151,44,/datasets/audio/deepship/train/1/1_151.wav,660.0,690.0,1,train,Passenger ship,deepship
1_151,45,/datasets/audio/deepship/train/1/1_151.wav,675.0,705.0,1,train,Passenger ship,deepship
1_151,46,/datasets/audio/deepship/train/1/1_151.wav,690.0,720.0,1,train,Passenger ship,deepship
1_151,47,/datasets/audio/deepship/train/1/1_151.wav,705.0,735.0,1,train,Passenger ship,deepship
1_151,48,/datasets/audio/deepship/train/1/1_151.wav,720.0,750.0,1,train,Passenger ship,deepship
1_151,49,/datasets/audio/deepship/train/1/1_151.wav,735.0,765.0,1,train,Passenger ship,deepship
1_151,50,/datasets/audio/deepship/train/1/1_151.wav,750.0,780.0,1,train,Passenger ship,deepship
1_151,51,/datasets/audio/deepship/train/1/1_151.wav,765.0,795.0,1,train,Passenger ship,deepship
1_151,52,/datasets/audio/deepship/train/1/1_151.wav,780.0,810.0,1,train,Passenger ship,deepship
1_151,53,/datasets/audio/deepship/train/1/1_151.wav,795.0,825.0,1,train,Passenger ship,deepship
1_151,54,/datasets/audio/deepship/train/1/1_151.wav,810.0,840.0,1,train,Passenger ship,deepship
1_151,55,/datasets/audio/deepship/train/1/1_151.wav,825.0,855.0,1,train,Passenger ship,deepship
1_151,56,/datasets/audio/deepship/train/1/1_151.wav,840.0,870.0,1,train,Passenger ship,deepship
1_151,57,/datasets/audio/deepship/train/1/1_151.wav,855.0,885.0,1,train,Passenger ship,deepship
1_151,58,/datasets/audio/deepship/train/1/1_151.wav,870.0,900.0,1,train,Passenger ship,deepship
1_151,59,/datasets/audio/deepship/train/1/1_151.wav,885.0,915.0,1,train,Passenger ship,deepship
1_151,60,/datasets/audio/deepship/train/1/1_151.wav,900.0,930.0,1,train,Passenger ship,deepship
1_151,61,/datasets/audio/deepship/train/1/1_151.wav,915.0,945.0,1,train,Passenger ship,deepship
1_151,62,/datasets/audio/deepship/train/1/1_151.wav,930.0,960.0,1,train,Passenger ship,deepship
1_151,63,/datasets/audio/deepship/train/1/1_151.wav,945.0,975.0,1,train,Passenger ship,deepship
1_151,64,/datasets/audio/deepship/train/1/1_151.wav,960.0,990.0,1,train,Passenger ship,deepship
1_151,65,/datasets/audio/deepship/train/1/1_151.wav,975.0,1005.0,1,train,Passenger ship,deepship
1_151,66,/datasets/audio/deepship/train/1/1_151.wav,990.0,1020.0,1,train,Passenger ship,deepship
1_153,0,/datasets/audio/deepship/train/1/1_153.wav,0.0,30.0,1,train,Passenger ship,deepship
1_153,1,/datasets/audio/deepship/train/1/1_153.wav,15.0,45.0,1,train,Passenger ship,deepship
1_153,2,/datasets/audio/deepship/train/1/1_153.wav,30.0,60.0,1,train,Passenger ship,deepship
1_153,3,/datasets/audio/deepship/train/1/1_153.wav,45.0,75.0,1,train,Passenger ship,deepship
1_153,4,/datasets/audio/deepship/train/1/1_153.wav,60.0,90.0,1,train,Passenger ship,deepship
1_153,5,/datasets/audio/deepship/train/1/1_153.wav,75.0,105.0,1,train,Passenger ship,deepship
1_153,6,/datasets/audio/deepship/train/1/1_153.wav,90.0,120.0,1,train,Passenger ship,deepship
1_153,7,/datasets/audio/deepship/train/1/1_153.wav,105.0,135.0,1,train,Passenger ship,deepship
1_153,8,/datasets/audio/deepship/train/1/1_153.wav,120.0,150.0,1,train,Passenger ship,deepship
1_153,9,/datasets/audio/deepship/train/1/1_153.wav,135.0,165.0,1,train,Passenger ship,deepship
1_153,10,/datasets/audio/deepship/train/1/1_153.wav,150.0,180.0,1,train,Passenger ship,deepship
1_153,11,/datasets/audio/deepship/train/1/1_153.wav,165.0,195.0,1,train,Passenger ship,deepship
1_153,12,/datasets/audio/deepship/train/1/1_153.wav,180.0,210.0,1,train,Passenger ship,deepship
1_153,13,/datasets/audio/deepship/train/1/1_153.wav,195.0,225.0,1,train,Passenger ship,deepship
1_153,14,/datasets/audio/deepship/train/1/1_153.wav,210.0,240.0,1,train,Passenger ship,deepship
1_153,15,/datasets/audio/deepship/train/1/1_153.wav,225.0,255.0,1,train,Passenger ship,deepship
1_153,16,/datasets/audio/deepship/train/1/1_153.wav,240.0,270.0,1,train,Passenger ship,deepship
1_153,17,/datasets/audio/deepship/train/1/1_153.wav,255.0,285.0,1,train,Passenger ship,deepship
1_153,18,/datasets/audio/deepship/train/1/1_153.wav,270.0,300.0,1,train,Passenger ship,deepship
1_153,19,/datasets/audio/deepship/train/1/1_153.wav,285.0,315.0,1,train,Passenger ship,deepship
1_153,20,/datasets/audio/deepship/train/1/1_153.wav,300.0,330.0,1,train,Passenger ship,deepship
1_154,0,/datasets/audio/deepship/train/1/1_154.wav,0.0,30.0,1,train,Passenger ship,deepship
1_154,1,/datasets/audio/deepship/train/1/1_154.wav,15.0,45.0,1,train,Passenger ship,deepship
1_154,2,/datasets/audio/deepship/train/1/1_154.wav,30.0,60.0,1,train,Passenger ship,deepship
1_154,3,/datasets/audio/deepship/train/1/1_154.wav,45.0,75.0,1,train,Passenger ship,deepship
1_154,4,/datasets/audio/deepship/train/1/1_154.wav,55.0,85.0,1,train,Passenger ship,deepship
1_155,0,/datasets/audio/deepship/train/1/1_155.wav,0.0,30.0,1,train,Passenger ship,deepship
1_155,1,/datasets/audio/deepship/train/1/1_155.wav,15.0,45.0,1,train,Passenger ship,deepship
1_155,2,/datasets/audio/deepship/train/1/1_155.wav,30.0,60.0,1,train,Passenger ship,deepship
1_155,3,/datasets/audio/deepship/train/1/1_155.wav,45.0,75.0,1,train,Passenger ship,deepship
1_155,4,/datasets/audio/deepship/train/1/1_155.wav,60.0,90.0,1,train,Passenger ship,deepship
1_155,5,/datasets/audio/deepship/train/1/1_155.wav,75.0,105.0,1,train,Passenger ship,deepship
1_155,6,/datasets/audio/deepship/train/1/1_155.wav,90.0,120.0,1,train,Passenger ship,deepship
1_155,7,/datasets/audio/deepship/train/1/1_155.wav,105.0,135.0,1,train,Passenger ship,deepship
1_155,8,/datasets/audio/deepship/train/1/1_155.wav,120.0,150.0,1,train,Passenger ship,deepship
1_155,9,/datasets/audio/deepship/train/1/1_155.wav,135.0,165.0,1,train,Passenger ship,deepship
1_155,10,/datasets/audio/deepship/train/1/1_155.wav,150.0,180.0,1,train,Passenger ship,deepship
1_155,11,/datasets/audio/deepship/train/1/1_155.wav,165.0,195.0,1,train,Passenger ship,deepship
1_155,12,/datasets/audio/deepship/train/1/1_155.wav,180.0,210.0,1,train,Passenger ship,deepship
1_155,13,/datasets/audio/deepship/train/1/1_155.wav,195.0,225.0,1,train,Passenger ship,deepship
1_155,14,/datasets/audio/deepship/train/1/1_155.wav,210.0,240.0,1,train,Passenger ship,deepship
1_155,15,/datasets/audio/deepship/train/1/1_155.wav,225.0,255.0,1,train,Passenger ship,deepship
1_155,16,/datasets/audio/deepship/train/1/1_155.wav,240.0,270.0,1,train,Passenger ship,deepship
1_155,17,/datasets/audio/deepship/train/1/1_155.wav,255.0,285.0,1,train,Passenger ship,deepship
1_155,18,/datasets/audio/deepship/train/1/1_155.wav,270.0,300.0,1,train,Passenger ship,deepship
1_155,19,/datasets/audio/deepship/train/1/1_155.wav,285.0,315.0,1,train,Passenger ship,deepship
1_155,20,/datasets/audio/deepship/train/1/1_155.wav,300.0,330.0,1,train,Passenger ship,deepship
1_155,21,/datasets/audio/deepship/train/1/1_155.wav,315.0,345.0,1,train,Passenger ship,deepship
1_155,22,/datasets/audio/deepship/train/1/1_155.wav,330.0,360.0,1,train,Passenger ship,deepship
1_155,23,/datasets/audio/deepship/train/1/1_155.wav,338.0,368.0,1,train,Passenger ship,deepship
1_156,0,/datasets/audio/deepship/train/1/1_156.wav,0.0,30.0,1,train,Passenger ship,deepship
1_156,1,/datasets/audio/deepship/train/1/1_156.wav,9.0,39.0,1,train,Passenger ship,deepship
1_158,0,/datasets/audio/deepship/train/1/1_158.wav,0.0,30.0,1,train,Passenger ship,deepship
1_16,0,/datasets/audio/deepship/train/1/1_16.wav,0.0,30.0,1,train,Passenger ship,deepship
1_160,0,/datasets/audio/deepship/train/1/1_160.wav,0.0,30.0,1,train,Passenger ship,deepship
1_160,1,/datasets/audio/deepship/train/1/1_160.wav,15.0,45.0,1,train,Passenger ship,deepship
1_160,2,/datasets/audio/deepship/train/1/1_160.wav,30.0,60.0,1,train,Passenger ship,deepship
1_160,3,/datasets/audio/deepship/train/1/1_160.wav,45.0,75.0,1,train,Passenger ship,deepship
1_160,4,/datasets/audio/deepship/train/1/1_160.wav,60.0,90.0,1,train,Passenger ship,deepship
1_160,5,/datasets/audio/deepship/train/1/1_160.wav,75.0,105.0,1,train,Passenger ship,deepship
1_160,6,/datasets/audio/deepship/train/1/1_160.wav,90.0,120.0,1,train,Passenger ship,deepship
1_160,7,/datasets/audio/deepship/train/1/1_160.wav,105.0,135.0,1,train,Passenger ship,deepship
1_160,8,/datasets/audio/deepship/train/1/1_160.wav,120.0,150.0,1,train,Passenger ship,deepship
1_160,9,/datasets/audio/deepship/train/1/1_160.wav,122.0,152.0,1,train,Passenger ship,deepship
1_162,0,/datasets/audio/deepship/train/1/1_162.wav,0.0,30.0,1,train,Passenger ship,deepship
1_162,1,/datasets/audio/deepship/train/1/1_162.wav,15.0,45.0,1,train,Passenger ship,deepship
1_162,2,/datasets/audio/deepship/train/1/1_162.wav,30.0,60.0,1,train,Passenger ship,deepship
1_162,3,/datasets/audio/deepship/train/1/1_162.wav,45.0,75.0,1,train,Passenger ship,deepship
1_162,4,/datasets/audio/deepship/train/1/1_162.wav,60.0,90.0,1,train,Passenger ship,deepship
1_162,5,/datasets/audio/deepship/train/1/1_162.wav,63.0,93.0,1,train,Passenger ship,deepship
1_163,0,/datasets/audio/deepship/train/1/1_163.wav,0.0,30.0,1,train,Passenger ship,deepship
1_163,1,/datasets/audio/deepship/train/1/1_163.wav,15.0,45.0,1,train,Passenger ship,deepship
1_163,2,/datasets/audio/deepship/train/1/1_163.wav,30.0,60.0,1,train,Passenger ship,deepship
1_163,3,/datasets/audio/deepship/train/1/1_163.wav,45.0,75.0,1,train,Passenger ship,deepship
1_163,4,/datasets/audio/deepship/train/1/1_163.wav,60.0,90.0,1,train,Passenger ship,deepship
1_163,5,/datasets/audio/deepship/train/1/1_163.wav,75.0,105.0,1,train,Passenger ship,deepship
1_163,6,/datasets/audio/deepship/train/1/1_163.wav,90.0,120.0,1,train,Passenger ship,deepship
1_163,7,/datasets/audio/deepship/train/1/1_163.wav,105.0,135.0,1,train,Passenger ship,deepship
1_163,8,/datasets/audio/deepship/train/1/1_163.wav,120.0,150.0,1,train,Passenger ship,deepship
1_163,9,/datasets/audio/deepship/train/1/1_163.wav,135.0,165.0,1,train,Passenger ship,deepship
1_163,10,/datasets/audio/deepship/train/1/1_163.wav,150.0,180.0,1,train,Passenger ship,deepship
1_163,11,/datasets/audio/deepship/train/1/1_163.wav,165.0,195.0,1,train,Passenger ship,deepship
1_163,12,/datasets/audio/deepship/train/1/1_163.wav,180.0,210.0,1,train,Passenger ship,deepship
1_163,13,/datasets/audio/deepship/train/1/1_163.wav,195.0,225.0,1,train,Passenger ship,deepship
1_163,14,/datasets/audio/deepship/train/1/1_163.wav,210.0,240.0,1,train,Passenger ship,deepship
1_163,15,/datasets/audio/deepship/train/1/1_163.wav,225.0,255.0,1,train,Passenger ship,deepship
1_163,16,/datasets/audio/deepship/train/1/1_163.wav,240.0,270.0,1,train,Passenger ship,deepship
1_163,17,/datasets/audio/deepship/train/1/1_163.wav,255.0,285.0,1,train,Passenger ship,deepship
1_163,18,/datasets/audio/deepship/train/1/1_163.wav,270.0,300.0,1,train,Passenger ship,deepship
1_163,19,/datasets/audio/deepship/train/1/1_163.wav,285.0,315.0,1,train,Passenger ship,deepship
1_163,20,/datasets/audio/deepship/train/1/1_163.wav,300.0,330.0,1,train,Passenger ship,deepship
1_163,21,/datasets/audio/deepship/train/1/1_163.wav,315.0,345.0,1,train,Passenger ship,deepship
1_163,22,/datasets/audio/deepship/train/1/1_163.wav,330.0,360.0,1,train,Passenger ship,deepship
1_163,23,/datasets/audio/deepship/train/1/1_163.wav,345.0,375.0,1,train,Passenger ship,deepship
1_163,24,/datasets/audio/deepship/train/1/1_163.wav,360.0,390.0,1,train,Passenger ship,deepship
1_163,25,/datasets/audio/deepship/train/1/1_163.wav,375.0,405.0,1,train,Passenger ship,deepship
1_163,26,/datasets/audio/deepship/train/1/1_163.wav,390.0,420.0,1,train,Passenger ship,deepship
1_163,27,/datasets/audio/deepship/train/1/1_163.wav,405.0,435.0,1,train,Passenger ship,deepship
1_163,28,/datasets/audio/deepship/train/1/1_163.wav,420.0,450.0,1,train,Passenger ship,deepship
1_163,29,/datasets/audio/deepship/train/1/1_163.wav,435.0,465.0,1,train,Passenger ship,deepship
1_163,30,/datasets/audio/deepship/train/1/1_163.wav,450.0,480.0,1,train,Passenger ship,deepship
1_163,31,/datasets/audio/deepship/train/1/1_163.wav,460.0,490.0,1,train,Passenger ship,deepship
1_164,0,/datasets/audio/deepship/train/1/1_164.wav,0.0,30.0,1,train,Passenger ship,deepship
1_164,1,/datasets/audio/deepship/train/1/1_164.wav,15.0,45.0,1,train,Passenger ship,deepship
1_164,2,/datasets/audio/deepship/train/1/1_164.wav,30.0,60.0,1,train,Passenger ship,deepship
1_164,3,/datasets/audio/deepship/train/1/1_164.wav,45.0,75.0,1,train,Passenger ship,deepship
1_164,4,/datasets/audio/deepship/train/1/1_164.wav,60.0,90.0,1,train,Passenger ship,deepship
1_164,5,/datasets/audio/deepship/train/1/1_164.wav,75.0,105.0,1,train,Passenger ship,deepship
1_164,6,/datasets/audio/deepship/train/1/1_164.wav,90.0,120.0,1,train,Passenger ship,deepship
1_164,7,/datasets/audio/deepship/train/1/1_164.wav,105.0,135.0,1,train,Passenger ship,deepship
1_164,8,/datasets/audio/deepship/train/1/1_164.wav,120.0,150.0,1,train,Passenger ship,deepship
1_164,9,/datasets/audio/deepship/train/1/1_164.wav,135.0,165.0,1,train,Passenger ship,deepship
1_164,10,/datasets/audio/deepship/train/1/1_164.wav,150.0,180.0,1,train,Passenger ship,deepship
1_164,11,/datasets/audio/deepship/train/1/1_164.wav,165.0,195.0,1,train,Passenger ship,deepship
1_164,12,/datasets/audio/deepship/train/1/1_164.wav,180.0,210.0,1,train,Passenger ship,deepship
1_164,13,/datasets/audio/deepship/train/1/1_164.wav,195.0,225.0,1,train,Passenger ship,deepship
1_164,14,/datasets/audio/deepship/train/1/1_164.wav,210.0,240.0,1,train,Passenger ship,deepship
1_164,15,/datasets/audio/deepship/train/1/1_164.wav,225.0,255.0,1,train,Passenger ship,deepship
1_164,16,/datasets/audio/deepship/train/1/1_164.wav,240.0,270.0,1,train,Passenger ship,deepship
1_164,17,/datasets/audio/deepship/train/1/1_164.wav,255.0,285.0,1,train,Passenger ship,deepship
1_164,18,/datasets/audio/deepship/train/1/1_164.wav,270.0,300.0,1,train,Passenger ship,deepship
1_164,19,/datasets/audio/deepship/train/1/1_164.wav,285.0,315.0,1,train,Passenger ship,deepship
1_164,20,/datasets/audio/deepship/train/1/1_164.wav,300.0,330.0,1,train,Passenger ship,deepship
1_164,21,/datasets/audio/deepship/train/1/1_164.wav,315.0,345.0,1,train,Passenger ship,deepship
1_164,22,/datasets/audio/deepship/train/1/1_164.wav,330.0,360.0,1,train,Passenger ship,deepship
1_164,23,/datasets/audio/deepship/train/1/1_164.wav,336.0,366.0,1,train,Passenger ship,deepship
1_165,0,/datasets/audio/deepship/train/1/1_165.wav,0.0,30.0,1,train,Passenger ship,deepship
1_166,0,/datasets/audio/deepship/train/1/1_166.wav,0.0,30.0,1,train,Passenger ship,deepship
1_166,1,/datasets/audio/deepship/train/1/1_166.wav,15.0,45.0,1,train,Passenger ship,deepship
1_166,2,/datasets/audio/deepship/train/1/1_166.wav,30.0,60.0,1,train,Passenger ship,deepship
1_166,3,/datasets/audio/deepship/train/1/1_166.wav,45.0,75.0,1,train,Passenger ship,deepship
1_166,4,/datasets/audio/deepship/train/1/1_166.wav,60.0,90.0,1,train,Passenger ship,deepship
1_166,5,/datasets/audio/deepship/train/1/1_166.wav,75.0,105.0,1,train,Passenger ship,deepship
1_166,6,/datasets/audio/deepship/train/1/1_166.wav,90.0,120.0,1,train,Passenger ship,deepship
1_166,7,/datasets/audio/deepship/train/1/1_166.wav,105.0,135.0,1,train,Passenger ship,deepship
1_166,8,/datasets/audio/deepship/train/1/1_166.wav,120.0,150.0,1,train,Passenger ship,deepship
1_166,9,/datasets/audio/deepship/train/1/1_166.wav,135.0,165.0,1,train,Passenger ship,deepship
1_166,10,/datasets/audio/deepship/train/1/1_166.wav,150.0,180.0,1,train,Passenger ship,deepship
1_166,11,/datasets/audio/deepship/train/1/1_166.wav,165.0,195.0,1,train,Passenger ship,deepship
1_166,12,/datasets/audio/deepship/train/1/1_166.wav,180.0,210.0,1,train,Passenger ship,deepship
1_166,13,/datasets/audio/deepship/train/1/1_166.wav,195.0,225.0,1,train,Passenger ship,deepship
1_166,14,/datasets/audio/deepship/train/1/1_166.wav,210.0,240.0,1,train,Passenger ship,deepship
1_166,15,/datasets/audio/deepship/train/1/1_166.wav,225.0,255.0,1,train,Passenger ship,deepship
1_166,16,/datasets/audio/deepship/train/1/1_166.wav,240.0,270.0,1,train,Passenger ship,deepship
1_166,17,/datasets/audio/deepship/train/1/1_166.wav,255.0,285.0,1,train,Passenger ship,deepship
1_166,18,/datasets/audio/deepship/train/1/1_166.wav,270.0,300.0,1,train,Passenger ship,deepship
1_166,19,/datasets/audio/deepship/train/1/1_166.wav,285.0,315.0,1,train,Passenger ship,deepship
1_166,20,/datasets/audio/deepship/train/1/1_166.wav,300.0,330.0,1,train,Passenger ship,deepship
1_166,21,/datasets/audio/deepship/train/1/1_166.wav,315.0,345.0,1,train,Passenger ship,deepship
1_166,22,/datasets/audio/deepship/train/1/1_166.wav,330.0,360.0,1,train,Passenger ship,deepship
1_166,23,/datasets/audio/deepship/train/1/1_166.wav,339.0,369.0,1,train,Passenger ship,deepship
1_169,0,/datasets/audio/deepship/train/1/1_169.wav,0.0,30.0,1,train,Passenger ship,deepship
1_169,1,/datasets/audio/deepship/train/1/1_169.wav,15.0,45.0,1,train,Passenger ship,deepship
1_169,2,/datasets/audio/deepship/train/1/1_169.wav,16.0,46.0,1,train,Passenger ship,deepship
1_170,0,/datasets/audio/deepship/train/1/1_170.wav,0.0,30.0,1,train,Passenger ship,deepship
1_170,1,/datasets/audio/deepship/train/1/1_170.wav,15.0,45.0,1,train,Passenger ship,deepship
1_170,2,/datasets/audio/deepship/train/1/1_170.wav,30.0,60.0,1,train,Passenger ship,deepship
1_170,3,/datasets/audio/deepship/train/1/1_170.wav,45.0,75.0,1,train,Passenger ship,deepship
1_170,4,/datasets/audio/deepship/train/1/1_170.wav,60.0,90.0,1,train,Passenger ship,deepship
1_170,5,/datasets/audio/deepship/train/1/1_170.wav,75.0,105.0,1,train,Passenger ship,deepship
1_170,6,/datasets/audio/deepship/train/1/1_170.wav,90.0,120.0,1,train,Passenger ship,deepship
1_170,7,/datasets/audio/deepship/train/1/1_170.wav,105.0,135.0,1,train,Passenger ship,deepship
1_170,8,/datasets/audio/deepship/train/1/1_170.wav,120.0,150.0,1,train,Passenger ship,deepship
1_170,9,/datasets/audio/deepship/train/1/1_170.wav,135.0,165.0,1,train,Passenger ship,deepship
1_170,10,/datasets/audio/deepship/train/1/1_170.wav,150.0,180.0,1,train,Passenger ship,deepship
1_170,11,/datasets/audio/deepship/train/1/1_170.wav,165.0,195.0,1,train,Passenger ship,deepship
1_170,12,/datasets/audio/deepship/train/1/1_170.wav,180.0,210.0,1,train,Passenger ship,deepship
1_170,13,/datasets/audio/deepship/train/1/1_170.wav,195.0,225.0,1,train,Passenger ship,deepship
1_170,14,/datasets/audio/deepship/train/1/1_170.wav,210.0,240.0,1,train,Passenger ship,deepship
1_170,15,/datasets/audio/deepship/train/1/1_170.wav,225.0,255.0,1,train,Passenger ship,deepship
1_170,16,/datasets/audio/deepship/train/1/1_170.wav,240.0,270.0,1,train,Passenger ship,deepship
1_170,17,/datasets/audio/deepship/train/1/1_170.wav,255.0,285.0,1,train,Passenger ship,deepship
1_170,18,/datasets/audio/deepship/train/1/1_170.wav,270.0,300.0,1,train,Passenger ship,deepship
1_170,19,/datasets/audio/deepship/train/1/1_170.wav,285.0,315.0,1,train,Passenger ship,deepship
1_170,20,/datasets/audio/deepship/train/1/1_170.wav,300.0,330.0,1,train,Passenger ship,deepship
1_170,21,/datasets/audio/deepship/train/1/1_170.wav,310.0,340.0,1,train,Passenger ship,deepship
1_171,0,/datasets/audio/deepship/train/1/1_171.wav,0.0,30.0,1,train,Passenger ship,deepship
1_171,1,/datasets/audio/deepship/train/1/1_171.wav,15.0,45.0,1,train,Passenger ship,deepship
1_171,2,/datasets/audio/deepship/train/1/1_171.wav,30.0,60.0,1,train,Passenger ship,deepship
1_171,3,/datasets/audio/deepship/train/1/1_171.wav,45.0,75.0,1,train,Passenger ship,deepship
1_171,4,/datasets/audio/deepship/train/1/1_171.wav,60.0,90.0,1,train,Passenger ship,deepship
1_171,5,/datasets/audio/deepship/train/1/1_171.wav,75.0,105.0,1,train,Passenger ship,deepship
1_171,6,/datasets/audio/deepship/train/1/1_171.wav,90.0,120.0,1,train,Passenger ship,deepship
1_171,7,/datasets/audio/deepship/train/1/1_171.wav,105.0,135.0,1,train,Passenger ship,deepship
1_171,8,/datasets/audio/deepship/train/1/1_171.wav,120.0,150.0,1,train,Passenger ship,deepship
1_171,9,/datasets/audio/deepship/train/1/1_171.wav,135.0,165.0,1,train,Passenger ship,deepship
1_171,10,/datasets/audio/deepship/train/1/1_171.wav,150.0,180.0,1,train,Passenger ship,deepship
1_171,11,/datasets/audio/deepship/train/1/1_171.wav,165.0,195.0,1,train,Passenger ship,deepship
1_171,12,/datasets/audio/deepship/train/1/1_171.wav,180.0,210.0,1,train,Passenger ship,deepship
1_171,13,/datasets/audio/deepship/train/1/1_171.wav,195.0,225.0,1,train,Passenger ship,deepship
1_171,14,/datasets/audio/deepship/train/1/1_171.wav,210.0,240.0,1,train,Passenger ship,deepship
1_171,15,/datasets/audio/deepship/train/1/1_171.wav,225.0,255.0,1,train,Passenger ship,deepship
1_171,16,/datasets/audio/deepship/train/1/1_171.wav,240.0,270.0,1,train,Passenger ship,deepship
1_171,17,/datasets/audio/deepship/train/1/1_171.wav,255.0,285.0,1,train,Passenger ship,deepship
1_171,18,/datasets/audio/deepship/train/1/1_171.wav,270.0,300.0,1,train,Passenger ship,deepship
1_171,19,/datasets/audio/deepship/train/1/1_171.wav,285.0,315.0,1,train,Passenger ship,deepship
1_171,20,/datasets/audio/deepship/train/1/1_171.wav,300.0,330.0,1,train,Passenger ship,deepship
1_171,21,/datasets/audio/deepship/train/1/1_171.wav,315.0,345.0,1,train,Passenger ship,deepship
1_171,22,/datasets/audio/deepship/train/1/1_171.wav,330.0,360.0,1,train,Passenger ship,deepship
1_171,23,/datasets/audio/deepship/train/1/1_171.wav,345.0,375.0,1,train,Passenger ship,deepship
1_171,24,/datasets/audio/deepship/train/1/1_171.wav,360.0,390.0,1,train,Passenger ship,deepship
1_171,25,/datasets/audio/deepship/train/1/1_171.wav,375.0,405.0,1,train,Passenger ship,deepship
1_171,26,/datasets/audio/deepship/train/1/1_171.wav,390.0,420.0,1,train,Passenger ship,deepship
1_171,27,/datasets/audio/deepship/train/1/1_171.wav,405.0,435.0,1,train,Passenger ship,deepship
1_171,28,/datasets/audio/deepship/train/1/1_171.wav,420.0,450.0,1,train,Passenger ship,deepship
1_171,29,/datasets/audio/deepship/train/1/1_171.wav,435.0,465.0,1,train,Passenger ship,deepship
1_171,30,/datasets/audio/deepship/train/1/1_171.wav,450.0,480.0,1,train,Passenger ship,deepship
1_171,31,/datasets/audio/deepship/train/1/1_171.wav,465.0,495.0,1,train,Passenger ship,deepship
1_171,32,/datasets/audio/deepship/train/1/1_171.wav,480.0,510.0,1,train,Passenger ship,deepship
1_171,33,/datasets/audio/deepship/train/1/1_171.wav,495.0,525.0,1,train,Passenger ship,deepship
1_171,34,/datasets/audio/deepship/train/1/1_171.wav,510.0,540.0,1,train,Passenger ship,deepship
1_171,35,/datasets/audio/deepship/train/1/1_171.wav,525.0,555.0,1,train,Passenger ship,deepship
1_171,36,/datasets/audio/deepship/train/1/1_171.wav,540.0,570.0,1,train,Passenger ship,deepship
1_171,37,/datasets/audio/deepship/train/1/1_171.wav,555.0,585.0,1,train,Passenger ship,deepship
1_171,38,/datasets/audio/deepship/train/1/1_171.wav,570.0,600.0,1,train,Passenger ship,deepship
1_171,39,/datasets/audio/deepship/train/1/1_171.wav,585.0,615.0,1,train,Passenger ship,deepship
1_171,40,/datasets/audio/deepship/train/1/1_171.wav,600.0,630.0,1,train,Passenger ship,deepship
1_171,41,/datasets/audio/deepship/train/1/1_171.wav,615.0,645.0,1,train,Passenger ship,deepship
1_171,42,/datasets/audio/deepship/train/1/1_171.wav,630.0,660.0,1,train,Passenger ship,deepship
1_171,43,/datasets/audio/deepship/train/1/1_171.wav,645.0,675.0,1,train,Passenger ship,deepship
1_171,44,/datasets/audio/deepship/train/1/1_171.wav,660.0,690.0,1,train,Passenger ship,deepship
1_171,45,/datasets/audio/deepship/train/1/1_171.wav,675.0,705.0,1,train,Passenger ship,deepship
1_171,46,/datasets/audio/deepship/train/1/1_171.wav,690.0,720.0,1,train,Passenger ship,deepship
1_171,47,/datasets/audio/deepship/train/1/1_171.wav,705.0,735.0,1,train,Passenger ship,deepship
1_171,48,/datasets/audio/deepship/train/1/1_171.wav,720.0,750.0,1,train,Passenger ship,deepship
1_171,49,/datasets/audio/deepship/train/1/1_171.wav,735.0,765.0,1,train,Passenger ship,deepship
1_171,50,/datasets/audio/deepship/train/1/1_171.wav,750.0,780.0,1,train,Passenger ship,deepship
1_172,0,/datasets/audio/deepship/train/1/1_172.wav,0.0,30.0,1,train,Passenger ship,deepship
1_172,1,/datasets/audio/deepship/train/1/1_172.wav,15.0,45.0,1,train,Passenger ship,deepship
1_172,2,/datasets/audio/deepship/train/1/1_172.wav,30.0,60.0,1,train,Passenger ship,deepship
1_172,3,/datasets/audio/deepship/train/1/1_172.wav,45.0,75.0,1,train,Passenger ship,deepship
1_172,4,/datasets/audio/deepship/train/1/1_172.wav,60.0,90.0,1,train,Passenger ship,deepship
1_172,5,/datasets/audio/deepship/train/1/1_172.wav,75.0,105.0,1,train,Passenger ship,deepship
1_172,6,/datasets/audio/deepship/train/1/1_172.wav,90.0,120.0,1,train,Passenger ship,deepship
1_172,7,/datasets/audio/deepship/train/1/1_172.wav,105.0,135.0,1,train,Passenger ship,deepship
1_172,8,/datasets/audio/deepship/train/1/1_172.wav,120.0,150.0,1,train,Passenger ship,deepship
1_172,9,/datasets/audio/deepship/train/1/1_172.wav,135.0,165.0,1,train,Passenger ship,deepship
1_172,10,/datasets/audio/deepship/train/1/1_172.wav,150.0,180.0,1,train,Passenger ship,deepship
1_172,11,/datasets/audio/deepship/train/1/1_172.wav,165.0,195.0,1,train,Passenger ship,deepship
1_172,12,/datasets/audio/deepship/train/1/1_172.wav,180.0,210.0,1,train,Passenger ship,deepship
1_172,13,/datasets/audio/deepship/train/1/1_172.wav,195.0,225.0,1,train,Passenger ship,deepship
1_172,14,/datasets/audio/deepship/train/1/1_172.wav,206.0,236.0,1,train,Passenger ship,deepship
1_173,0,/datasets/audio/deepship/train/1/1_173.wav,0.0,30.0,1,train,Passenger ship,deepship
1_173,1,/datasets/audio/deepship/train/1/1_173.wav,15.0,45.0,1,train,Passenger ship,deepship
1_173,2,/datasets/audio/deepship/train/1/1_173.wav,30.0,60.0,1,train,Passenger ship,deepship
1_173,3,/datasets/audio/deepship/train/1/1_173.wav,45.0,75.0,1,train,Passenger ship,deepship
1_173,4,/datasets/audio/deepship/train/1/1_173.wav,60.0,90.0,1,train,Passenger ship,deepship
1_173,5,/datasets/audio/deepship/train/1/1_173.wav,75.0,105.0,1,train,Passenger ship,deepship
1_173,6,/datasets/audio/deepship/train/1/1_173.wav,90.0,120.0,1,train,Passenger ship,deepship
1_173,7,/datasets/audio/deepship/train/1/1_173.wav,105.0,135.0,1,train,Passenger ship,deepship
1_173,8,/datasets/audio/deepship/train/1/1_173.wav,120.0,150.0,1,train,Passenger ship,deepship
1_173,9,/datasets/audio/deepship/train/1/1_173.wav,135.0,165.0,1,train,Passenger ship,deepship
1_173,10,/datasets/audio/deepship/train/1/1_173.wav,146.0,176.0,1,train,Passenger ship,deepship
1_174,0,/datasets/audio/deepship/train/1/1_174.wav,0.0,30.0,1,train,Passenger ship,deepship
1_175,0,/datasets/audio/deepship/train/1/1_175.wav,0.0,30.0,1,train,Passenger ship,deepship
1_175,1,/datasets/audio/deepship/train/1/1_175.wav,15.0,45.0,1,train,Passenger ship,deepship
1_175,2,/datasets/audio/deepship/train/1/1_175.wav,30.0,60.0,1,train,Passenger ship,deepship
1_175,3,/datasets/audio/deepship/train/1/1_175.wav,45.0,75.0,1,train,Passenger ship,deepship
1_175,4,/datasets/audio/deepship/train/1/1_175.wav,60.0,90.0,1,train,Passenger ship,deepship
1_175,5,/datasets/audio/deepship/train/1/1_175.wav,75.0,105.0,1,train,Passenger ship,deepship
1_175,6,/datasets/audio/deepship/train/1/1_175.wav,90.0,120.0,1,train,Passenger ship,deepship
1_175,7,/datasets/audio/deepship/train/1/1_175.wav,105.0,135.0,1,train,Passenger ship,deepship
1_175,8,/datasets/audio/deepship/train/1/1_175.wav,120.0,150.0,1,train,Passenger ship,deepship
1_175,9,/datasets/audio/deepship/train/1/1_175.wav,135.0,165.0,1,train,Passenger ship,deepship
1_175,10,/datasets/audio/deepship/train/1/1_175.wav,150.0,180.0,1,train,Passenger ship,deepship
1_175,11,/datasets/audio/deepship/train/1/1_175.wav,165.0,195.0,1,train,Passenger ship,deepship
1_175,12,/datasets/audio/deepship/train/1/1_175.wav,180.0,210.0,1,train,Passenger ship,deepship
1_175,13,/datasets/audio/deepship/train/1/1_175.wav,195.0,225.0,1,train,Passenger ship,deepship
1_175,14,/datasets/audio/deepship/train/1/1_175.wav,210.0,240.0,1,train,Passenger ship,deepship
1_175,15,/datasets/audio/deepship/train/1/1_175.wav,225.0,255.0,1,train,Passenger ship,deepship
1_175,16,/datasets/audio/deepship/train/1/1_175.wav,240.0,270.0,1,train,Passenger ship,deepship
1_175,17,/datasets/audio/deepship/train/1/1_175.wav,255.0,285.0,1,train,Passenger ship,deepship
1_175,18,/datasets/audio/deepship/train/1/1_175.wav,270.0,300.0,1,train,Passenger ship,deepship
1_175,19,/datasets/audio/deepship/train/1/1_175.wav,285.0,315.0,1,train,Passenger ship,deepship
1_175,20,/datasets/audio/deepship/train/1/1_175.wav,300.0,330.0,1,train,Passenger ship,deepship
1_175,21,/datasets/audio/deepship/train/1/1_175.wav,315.0,345.0,1,train,Passenger ship,deepship
1_175,22,/datasets/audio/deepship/train/1/1_175.wav,319.0,349.0,1,train,Passenger ship,deepship
1_176,0,/datasets/audio/deepship/train/1/1_176.wav,0.0,30.0,1,train,Passenger ship,deepship
1_176,1,/datasets/audio/deepship/train/1/1_176.wav,15.0,45.0,1,train,Passenger ship,deepship
1_176,2,/datasets/audio/deepship/train/1/1_176.wav,30.0,60.0,1,train,Passenger ship,deepship
1_176,3,/datasets/audio/deepship/train/1/1_176.wav,45.0,75.0,1,train,Passenger ship,deepship
1_176,4,/datasets/audio/deepship/train/1/1_176.wav,60.0,90.0,1,train,Passenger ship,deepship
1_176,5,/datasets/audio/deepship/train/1/1_176.wav,75.0,105.0,1,train,Passenger ship,deepship
1_176,6,/datasets/audio/deepship/train/1/1_176.wav,90.0,120.0,1,train,Passenger ship,deepship
1_176,7,/datasets/audio/deepship/train/1/1_176.wav,105.0,135.0,1,train,Passenger ship,deepship
1_176,8,/datasets/audio/deepship/train/1/1_176.wav,120.0,150.0,1,train,Passenger ship,deepship
1_176,9,/datasets/audio/deepship/train/1/1_176.wav,135.0,165.0,1,train,Passenger ship,deepship
1_176,10,/datasets/audio/deepship/train/1/1_176.wav,150.0,180.0,1,train,Passenger ship,deepship
1_176,11,/datasets/audio/deepship/train/1/1_176.wav,165.0,195.0,1,train,Passenger ship,deepship
1_176,12,/datasets/audio/deepship/train/1/1_176.wav,180.0,210.0,1,train,Passenger ship,deepship
1_176,13,/datasets/audio/deepship/train/1/1_176.wav,195.0,225.0,1,train,Passenger ship,deepship
1_176,14,/datasets/audio/deepship/train/1/1_176.wav,210.0,240.0,1,train,Passenger ship,deepship
1_176,15,/datasets/audio/deepship/train/1/1_176.wav,225.0,255.0,1,train,Passenger ship,deepship
1_176,16,/datasets/audio/deepship/train/1/1_176.wav,240.0,270.0,1,train,Passenger ship,deepship
1_176,17,/datasets/audio/deepship/train/1/1_176.wav,255.0,285.0,1,train,Passenger ship,deepship
1_176,18,/datasets/audio/deepship/train/1/1_176.wav,270.0,300.0,1,train,Passenger ship,deepship
1_176,19,/datasets/audio/deepship/train/1/1_176.wav,285.0,315.0,1,train,Passenger ship,deepship
1_176,20,/datasets/audio/deepship/train/1/1_176.wav,300.0,330.0,1,train,Passenger ship,deepship
1_176,21,/datasets/audio/deepship/train/1/1_176.wav,315.0,345.0,1,train,Passenger ship,deepship
1_176,22,/datasets/audio/deepship/train/1/1_176.wav,330.0,360.0,1,train,Passenger ship,deepship
1_176,23,/datasets/audio/deepship/train/1/1_176.wav,345.0,375.0,1,train,Passenger ship,deepship
1_176,24,/datasets/audio/deepship/train/1/1_176.wav,360.0,390.0,1,train,Passenger ship,deepship
1_176,25,/datasets/audio/deepship/train/1/1_176.wav,375.0,405.0,1,train,Passenger ship,deepship
1_176,26,/datasets/audio/deepship/train/1/1_176.wav,390.0,420.0,1,train,Passenger ship,deepship
1_176,27,/datasets/audio/deepship/train/1/1_176.wav,397.0,427.0,1,train,Passenger ship,deepship
1_178,0,/datasets/audio/deepship/train/1/1_178.wav,0.0,30.0,1,train,Passenger ship,deepship
1_178,1,/datasets/audio/deepship/train/1/1_178.wav,15.0,45.0,1,train,Passenger ship,deepship
1_178,2,/datasets/audio/deepship/train/1/1_178.wav,30.0,60.0,1,train,Passenger ship,deepship
1_178,3,/datasets/audio/deepship/train/1/1_178.wav,45.0,75.0,1,train,Passenger ship,deepship
1_178,4,/datasets/audio/deepship/train/1/1_178.wav,60.0,90.0,1,train,Passenger ship,deepship
1_178,5,/datasets/audio/deepship/train/1/1_178.wav,75.0,105.0,1,train,Passenger ship,deepship
1_178,6,/datasets/audio/deepship/train/1/1_178.wav,90.0,120.0,1,train,Passenger ship,deepship
1_178,7,/datasets/audio/deepship/train/1/1_178.wav,105.0,135.0,1,train,Passenger ship,deepship
1_178,8,/datasets/audio/deepship/train/1/1_178.wav,120.0,150.0,1,train,Passenger ship,deepship
1_178,9,/datasets/audio/deepship/train/1/1_178.wav,135.0,165.0,1,train,Passenger ship,deepship
1_178,10,/datasets/audio/deepship/train/1/1_178.wav,150.0,180.0,1,train,Passenger ship,deepship
1_178,11,/datasets/audio/deepship/train/1/1_178.wav,165.0,195.0,1,train,Passenger ship,deepship
1_178,12,/datasets/audio/deepship/train/1/1_178.wav,180.0,210.0,1,train,Passenger ship,deepship
1_178,13,/datasets/audio/deepship/train/1/1_178.wav,195.0,225.0,1,train,Passenger ship,deepship
1_178,14,/datasets/audio/deepship/train/1/1_178.wav,210.0,240.0,1,train,Passenger ship,deepship
1_178,15,/datasets/audio/deepship/train/1/1_178.wav,225.0,255.0,1,train,Passenger ship,deepship
1_178,16,/datasets/audio/deepship/train/1/1_178.wav,240.0,270.0,1,train,Passenger ship,deepship
1_178,17,/datasets/audio/deepship/train/1/1_178.wav,255.0,285.0,1,train,Passenger ship,deepship
1_178,18,/datasets/audio/deepship/train/1/1_178.wav,270.0,300.0,1,train,Passenger ship,deepship
1_178,19,/datasets/audio/deepship/train/1/1_178.wav,285.0,315.0,1,train,Passenger ship,deepship
1_178,20,/datasets/audio/deepship/train/1/1_178.wav,300.0,330.0,1,train,Passenger ship,deepship
1_178,21,/datasets/audio/deepship/train/1/1_178.wav,315.0,345.0,1,train,Passenger ship,deepship
1_178,22,/datasets/audio/deepship/train/1/1_178.wav,319.0,349.0,1,train,Passenger ship,deepship
1_18,0,/datasets/audio/deepship/train/1/1_18.wav,0.0,30.0,1,train,Passenger ship,deepship
1_18,1,/datasets/audio/deepship/train/1/1_18.wav,15.0,45.0,1,train,Passenger ship,deepship
1_18,2,/datasets/audio/deepship/train/1/1_18.wav,30.0,60.0,1,train,Passenger ship,deepship
1_18,3,/datasets/audio/deepship/train/1/1_18.wav,45.0,75.0,1,train,Passenger ship,deepship
1_18,4,/datasets/audio/deepship/train/1/1_18.wav,60.0,90.0,1,train,Passenger ship,deepship
1_18,5,/datasets/audio/deepship/train/1/1_18.wav,75.0,105.0,1,train,Passenger ship,deepship
1_18,6,/datasets/audio/deepship/train/1/1_18.wav,90.0,120.0,1,train,Passenger ship,deepship
1_18,7,/datasets/audio/deepship/train/1/1_18.wav,105.0,135.0,1,train,Passenger ship,deepship
1_18,8,/datasets/audio/deepship/train/1/1_18.wav,120.0,150.0,1,train,Passenger ship,deepship
1_18,9,/datasets/audio/deepship/train/1/1_18.wav,135.0,165.0,1,train,Passenger ship,deepship
1_18,10,/datasets/audio/deepship/train/1/1_18.wav,150.0,180.0,1,train,Passenger ship,deepship
1_18,11,/datasets/audio/deepship/train/1/1_18.wav,165.0,195.0,1,train,Passenger ship,deepship
1_18,12,/datasets/audio/deepship/train/1/1_18.wav,180.0,210.0,1,train,Passenger ship,deepship
1_18,13,/datasets/audio/deepship/train/1/1_18.wav,191.0,221.0,1,train,Passenger ship,deepship
1_180,0,/datasets/audio/deepship/train/1/1_180.wav,0.0,30.0,1,train,Passenger ship,deepship
1_180,1,/datasets/audio/deepship/train/1/1_180.wav,15.0,45.0,1,train,Passenger ship,deepship
1_180,2,/datasets/audio/deepship/train/1/1_180.wav,30.0,60.0,1,train,Passenger ship,deepship
1_180,3,/datasets/audio/deepship/train/1/1_180.wav,45.0,75.0,1,train,Passenger ship,deepship
1_180,4,/datasets/audio/deepship/train/1/1_180.wav,60.0,90.0,1,train,Passenger ship,deepship
1_180,5,/datasets/audio/deepship/train/1/1_180.wav,75.0,105.0,1,train,Passenger ship,deepship
1_180,6,/datasets/audio/deepship/train/1/1_180.wav,76.0,106.0,1,train,Passenger ship,deepship
1_181,0,/datasets/audio/deepship/train/1/1_181.wav,0.0,30.0,1,train,Passenger ship,deepship
1_181,1,/datasets/audio/deepship/train/1/1_181.wav,15.0,45.0,1,train,Passenger ship,deepship
1_181,2,/datasets/audio/deepship/train/1/1_181.wav,30.0,60.0,1,train,Passenger ship,deepship
1_181,3,/datasets/audio/deepship/train/1/1_181.wav,43.0,73.0,1,train,Passenger ship,deepship
1_182,0,/datasets/audio/deepship/train/1/1_182.wav,0.0,30.0,1,train,Passenger ship,deepship
1_182,1,/datasets/audio/deepship/train/1/1_182.wav,15.0,45.0,1,train,Passenger ship,deepship
1_182,2,/datasets/audio/deepship/train/1/1_182.wav,30.0,60.0,1,train,Passenger ship,deepship
1_182,3,/datasets/audio/deepship/train/1/1_182.wav,45.0,75.0,1,train,Passenger ship,deepship
1_182,4,/datasets/audio/deepship/train/1/1_182.wav,60.0,90.0,1,train,Passenger ship,deepship
1_182,5,/datasets/audio/deepship/train/1/1_182.wav,75.0,105.0,1,train,Passenger ship,deepship
1_182,6,/datasets/audio/deepship/train/1/1_182.wav,90.0,120.0,1,train,Passenger ship,deepship
1_182,7,/datasets/audio/deepship/train/1/1_182.wav,105.0,135.0,1,train,Passenger ship,deepship
1_182,8,/datasets/audio/deepship/train/1/1_182.wav,120.0,150.0,1,train,Passenger ship,deepship
1_182,9,/datasets/audio/deepship/train/1/1_182.wav,135.0,165.0,1,train,Passenger ship,deepship
1_182,10,/datasets/audio/deepship/train/1/1_182.wav,150.0,180.0,1,train,Passenger ship,deepship
1_182,11,/datasets/audio/deepship/train/1/1_182.wav,165.0,195.0,1,train,Passenger ship,deepship
1_182,12,/datasets/audio/deepship/train/1/1_182.wav,180.0,210.0,1,train,Passenger ship,deepship
1_182,13,/datasets/audio/deepship/train/1/1_182.wav,195.0,225.0,1,train,Passenger ship,deepship
1_182,14,/datasets/audio/deepship/train/1/1_182.wav,205.0,235.0,1,train,Passenger ship,deepship
1_183,0,/datasets/audio/deepship/train/1/1_183.wav,0.0,30.0,1,train,Passenger ship,deepship
1_183,1,/datasets/audio/deepship/train/1/1_183.wav,15.0,45.0,1,train,Passenger ship,deepship
1_183,2,/datasets/audio/deepship/train/1/1_183.wav,30.0,60.0,1,train,Passenger ship,deepship
1_183,3,/datasets/audio/deepship/train/1/1_183.wav,45.0,75.0,1,train,Passenger ship,deepship
1_183,4,/datasets/audio/deepship/train/1/1_183.wav,60.0,90.0,1,train,Passenger ship,deepship
1_183,5,/datasets/audio/deepship/train/1/1_183.wav,75.0,105.0,1,train,Passenger ship,deepship
1_183,6,/datasets/audio/deepship/train/1/1_183.wav,90.0,120.0,1,train,Passenger ship,deepship
1_183,7,/datasets/audio/deepship/train/1/1_183.wav,105.0,135.0,1,train,Passenger ship,deepship
1_183,8,/datasets/audio/deepship/train/1/1_183.wav,120.0,150.0,1,train,Passenger ship,deepship
1_183,9,/datasets/audio/deepship/train/1/1_183.wav,135.0,165.0,1,train,Passenger ship,deepship
1_183,10,/datasets/audio/deepship/train/1/1_183.wav,150.0,180.0,1,train,Passenger ship,deepship
1_183,11,/datasets/audio/deepship/train/1/1_183.wav,165.0,195.0,1,train,Passenger ship,deepship
1_183,12,/datasets/audio/deepship/train/1/1_183.wav,180.0,210.0,1,train,Passenger ship,deepship
1_183,13,/datasets/audio/deepship/train/1/1_183.wav,195.0,225.0,1,train,Passenger ship,deepship
1_183,14,/datasets/audio/deepship/train/1/1_183.wav,210.0,240.0,1,train,Passenger ship,deepship
1_183,15,/datasets/audio/deepship/train/1/1_183.wav,225.0,255.0,1,train,Passenger ship,deepship
1_183,16,/datasets/audio/deepship/train/1/1_183.wav,240.0,270.0,1,train,Passenger ship,deepship
1_183,17,/datasets/audio/deepship/train/1/1_183.wav,255.0,285.0,1,train,Passenger ship,deepship
1_183,18,/datasets/audio/deepship/train/1/1_183.wav,270.0,300.0,1,train,Passenger ship,deepship
1_183,19,/datasets/audio/deepship/train/1/1_183.wav,285.0,315.0,1,train,Passenger ship,deepship
1_183,20,/datasets/audio/deepship/train/1/1_183.wav,300.0,330.0,1,train,Passenger ship,deepship
1_183,21,/datasets/audio/deepship/train/1/1_183.wav,315.0,345.0,1,train,Passenger ship,deepship
1_183,22,/datasets/audio/deepship/train/1/1_183.wav,330.0,360.0,1,train,Passenger ship,deepship
1_183,23,/datasets/audio/deepship/train/1/1_183.wav,345.0,375.0,1,train,Passenger ship,deepship
1_183,24,/datasets/audio/deepship/train/1/1_183.wav,360.0,390.0,1,train,Passenger ship,deepship
1_183,25,/datasets/audio/deepship/train/1/1_183.wav,364.0,394.0,1,train,Passenger ship,deepship
1_184,0,/datasets/audio/deepship/train/1/1_184.wav,0.0,30.0,1,train,Passenger ship,deepship
1_184,1,/datasets/audio/deepship/train/1/1_184.wav,15.0,45.0,1,train,Passenger ship,deepship
1_184,2,/datasets/audio/deepship/train/1/1_184.wav,30.0,60.0,1,train,Passenger ship,deepship
1_185,0,/datasets/audio/deepship/train/1/1_185.wav,0.0,30.0,1,train,Passenger ship,deepship
1_185,1,/datasets/audio/deepship/train/1/1_185.wav,15.0,45.0,1,train,Passenger ship,deepship
1_185,2,/datasets/audio/deepship/train/1/1_185.wav,30.0,60.0,1,train,Passenger ship,deepship
1_185,3,/datasets/audio/deepship/train/1/1_185.wav,45.0,75.0,1,train,Passenger ship,deepship
1_185,4,/datasets/audio/deepship/train/1/1_185.wav,60.0,90.0,1,train,Passenger ship,deepship
1_185,5,/datasets/audio/deepship/train/1/1_185.wav,75.0,105.0,1,train,Passenger ship,deepship
1_185,6,/datasets/audio/deepship/train/1/1_185.wav,90.0,120.0,1,train,Passenger ship,deepship
1_185,7,/datasets/audio/deepship/train/1/1_185.wav,105.0,135.0,1,train,Passenger ship,deepship
1_185,8,/datasets/audio/deepship/train/1/1_185.wav,120.0,150.0,1,train,Passenger ship,deepship
1_185,9,/datasets/audio/deepship/train/1/1_185.wav,135.0,165.0,1,train,Passenger ship,deepship
1_185,10,/datasets/audio/deepship/train/1/1_185.wav,150.0,180.0,1,train,Passenger ship,deepship
1_185,11,/datasets/audio/deepship/train/1/1_185.wav,165.0,195.0,1,train,Passenger ship,deepship
1_185,12,/datasets/audio/deepship/train/1/1_185.wav,180.0,210.0,1,train,Passenger ship,deepship
1_185,13,/datasets/audio/deepship/train/1/1_185.wav,195.0,225.0,1,train,Passenger ship,deepship
1_185,14,/datasets/audio/deepship/train/1/1_185.wav,210.0,240.0,1,train,Passenger ship,deepship
1_185,15,/datasets/audio/deepship/train/1/1_185.wav,225.0,255.0,1,train,Passenger ship,deepship
1_185,16,/datasets/audio/deepship/train/1/1_185.wav,240.0,270.0,1,train,Passenger ship,deepship
1_185,17,/datasets/audio/deepship/train/1/1_185.wav,255.0,285.0,1,train,Passenger ship,deepship
1_185,18,/datasets/audio/deepship/train/1/1_185.wav,270.0,300.0,1,train,Passenger ship,deepship
1_185,19,/datasets/audio/deepship/train/1/1_185.wav,285.0,315.0,1,train,Passenger ship,deepship
1_185,20,/datasets/audio/deepship/train/1/1_185.wav,300.0,330.0,1,train,Passenger ship,deepship
1_185,21,/datasets/audio/deepship/train/1/1_185.wav,315.0,345.0,1,train,Passenger ship,deepship
1_185,22,/datasets/audio/deepship/train/1/1_185.wav,330.0,360.0,1,train,Passenger ship,deepship
1_185,23,/datasets/audio/deepship/train/1/1_185.wav,345.0,375.0,1,train,Passenger ship,deepship
1_185,24,/datasets/audio/deepship/train/1/1_185.wav,360.0,390.0,1,train,Passenger ship,deepship
1_185,25,/datasets/audio/deepship/train/1/1_185.wav,375.0,405.0,1,train,Passenger ship,deepship
1_185,26,/datasets/audio/deepship/train/1/1_185.wav,381.0,411.0,1,train,Passenger ship,deepship
1_186,0,/datasets/audio/deepship/train/1/1_186.wav,0.0,30.0,1,train,Passenger ship,deepship
1_186,1,/datasets/audio/deepship/train/1/1_186.wav,15.0,45.0,1,train,Passenger ship,deepship
1_186,2,/datasets/audio/deepship/train/1/1_186.wav,30.0,60.0,1,train,Passenger ship,deepship
1_186,3,/datasets/audio/deepship/train/1/1_186.wav,45.0,75.0,1,train,Passenger ship,deepship
1_186,4,/datasets/audio/deepship/train/1/1_186.wav,60.0,90.0,1,train,Passenger ship,deepship
1_186,5,/datasets/audio/deepship/train/1/1_186.wav,75.0,105.0,1,train,Passenger ship,deepship
1_186,6,/datasets/audio/deepship/train/1/1_186.wav,90.0,120.0,1,train,Passenger ship,deepship
1_186,7,/datasets/audio/deepship/train/1/1_186.wav,105.0,135.0,1,train,Passenger ship,deepship
1_186,8,/datasets/audio/deepship/train/1/1_186.wav,120.0,150.0,1,train,Passenger ship,deepship
1_186,9,/datasets/audio/deepship/train/1/1_186.wav,135.0,165.0,1,train,Passenger ship,deepship
1_186,10,/datasets/audio/deepship/train/1/1_186.wav,150.0,180.0,1,train,Passenger ship,deepship
1_186,11,/datasets/audio/deepship/train/1/1_186.wav,165.0,195.0,1,train,Passenger ship,deepship
1_186,12,/datasets/audio/deepship/train/1/1_186.wav,180.0,210.0,1,train,Passenger ship,deepship
1_186,13,/datasets/audio/deepship/train/1/1_186.wav,195.0,225.0,1,train,Passenger ship,deepship
1_186,14,/datasets/audio/deepship/train/1/1_186.wav,210.0,240.0,1,train,Passenger ship,deepship
1_186,15,/datasets/audio/deepship/train/1/1_186.wav,225.0,255.0,1,train,Passenger ship,deepship
1_186,16,/datasets/audio/deepship/train/1/1_186.wav,240.0,270.0,1,train,Passenger ship,deepship
1_186,17,/datasets/audio/deepship/train/1/1_186.wav,255.0,285.0,1,train,Passenger ship,deepship
1_186,18,/datasets/audio/deepship/train/1/1_186.wav,270.0,300.0,1,train,Passenger ship,deepship
1_186,19,/datasets/audio/deepship/train/1/1_186.wav,285.0,315.0,1,train,Passenger ship,deepship
1_186,20,/datasets/audio/deepship/train/1/1_186.wav,300.0,330.0,1,train,Passenger ship,deepship
1_186,21,/datasets/audio/deepship/train/1/1_186.wav,315.0,345.0,1,train,Passenger ship,deepship
1_186,22,/datasets/audio/deepship/train/1/1_186.wav,330.0,360.0,1,train,Passenger ship,deepship
1_186,23,/datasets/audio/deepship/train/1/1_186.wav,332.0,362.0,1,train,Passenger ship,deepship
1_190,0,/datasets/audio/deepship/train/1/1_190.wav,0.0,30.0,1,train,Passenger ship,deepship
1_190,1,/datasets/audio/deepship/train/1/1_190.wav,2.0,32.0,1,train,Passenger ship,deepship
1_191,0,/datasets/audio/deepship/train/1/1_191.wav,0.0,30.0,1,train,Passenger ship,deepship
1_192,0,/datasets/audio/deepship/train/1/1_192.wav,0.0,30.0,1,train,Passenger ship,deepship
1_193,0,/datasets/audio/deepship/train/1/1_193.wav,0.0,30.0,1,train,Passenger ship,deepship
1_193,1,/datasets/audio/deepship/train/1/1_193.wav,15.0,45.0,1,train,Passenger ship,deepship
1_193,2,/datasets/audio/deepship/train/1/1_193.wav,30.0,60.0,1,train,Passenger ship,deepship
1_193,3,/datasets/audio/deepship/train/1/1_193.wav,45.0,75.0,1,train,Passenger ship,deepship
1_193,4,/datasets/audio/deepship/train/1/1_193.wav,60.0,90.0,1,train,Passenger ship,deepship
1_193,5,/datasets/audio/deepship/train/1/1_193.wav,75.0,105.0,1,train,Passenger ship,deepship
1_193,6,/datasets/audio/deepship/train/1/1_193.wav,90.0,120.0,1,train,Passenger ship,deepship
1_193,7,/datasets/audio/deepship/train/1/1_193.wav,105.0,135.0,1,train,Passenger ship,deepship
1_193,8,/datasets/audio/deepship/train/1/1_193.wav,120.0,150.0,1,train,Passenger ship,deepship
1_193,9,/datasets/audio/deepship/train/1/1_193.wav,126.0,156.0,1,train,Passenger ship,deepship
1_21,0,/datasets/audio/deepship/train/1/1_21.wav,0.0,30.0,1,train,Passenger ship,deepship
1_21,1,/datasets/audio/deepship/train/1/1_21.wav,15.0,45.0,1,train,Passenger ship,deepship
1_21,2,/datasets/audio/deepship/train/1/1_21.wav,30.0,60.0,1,train,Passenger ship,deepship
1_21,3,/datasets/audio/deepship/train/1/1_21.wav,45.0,75.0,1,train,Passenger ship,deepship
1_21,4,/datasets/audio/deepship/train/1/1_21.wav,60.0,90.0,1,train,Passenger ship,deepship
1_21,5,/datasets/audio/deepship/train/1/1_21.wav,75.0,105.0,1,train,Passenger ship,deepship
1_21,6,/datasets/audio/deepship/train/1/1_21.wav,90.0,120.0,1,train,Passenger ship,deepship
1_21,7,/datasets/audio/deepship/train/1/1_21.wav,105.0,135.0,1,train,Passenger ship,deepship
1_21,8,/datasets/audio/deepship/train/1/1_21.wav,120.0,150.0,1,train,Passenger ship,deepship
1_21,9,/datasets/audio/deepship/train/1/1_21.wav,135.0,165.0,1,train,Passenger ship,deepship
1_21,10,/datasets/audio/deepship/train/1/1_21.wav,150.0,180.0,1,train,Passenger ship,deepship
1_21,11,/datasets/audio/deepship/train/1/1_21.wav,165.0,195.0,1,train,Passenger ship,deepship
1_21,12,/datasets/audio/deepship/train/1/1_21.wav,180.0,210.0,1,train,Passenger ship,deepship
1_21,13,/datasets/audio/deepship/train/1/1_21.wav,195.0,225.0,1,train,Passenger ship,deepship
1_21,14,/datasets/audio/deepship/train/1/1_21.wav,210.0,240.0,1,train,Passenger ship,deepship
1_21,15,/datasets/audio/deepship/train/1/1_21.wav,225.0,255.0,1,train,Passenger ship,deepship
1_21,16,/datasets/audio/deepship/train/1/1_21.wav,240.0,270.0,1,train,Passenger ship,deepship
1_21,17,/datasets/audio/deepship/train/1/1_21.wav,255.0,285.0,1,train,Passenger ship,deepship
1_21,18,/datasets/audio/deepship/train/1/1_21.wav,270.0,300.0,1,train,Passenger ship,deepship
1_21,19,/datasets/audio/deepship/train/1/1_21.wav,285.0,315.0,1,train,Passenger ship,deepship
1_21,20,/datasets/audio/deepship/train/1/1_21.wav,300.0,330.0,1,train,Passenger ship,deepship
1_21,21,/datasets/audio/deepship/train/1/1_21.wav,315.0,345.0,1,train,Passenger ship,deepship
1_21,22,/datasets/audio/deepship/train/1/1_21.wav,330.0,360.0,1,train,Passenger ship,deepship
1_21,23,/datasets/audio/deepship/train/1/1_21.wav,345.0,375.0,1,train,Passenger ship,deepship
1_21,24,/datasets/audio/deepship/train/1/1_21.wav,360.0,390.0,1,train,Passenger ship,deepship
1_21,25,/datasets/audio/deepship/train/1/1_21.wav,375.0,405.0,1,train,Passenger ship,deepship
1_21,26,/datasets/audio/deepship/train/1/1_21.wav,390.0,420.0,1,train,Passenger ship,deepship
1_21,27,/datasets/audio/deepship/train/1/1_21.wav,405.0,435.0,1,train,Passenger ship,deepship
1_21,28,/datasets/audio/deepship/train/1/1_21.wav,420.0,450.0,1,train,Passenger ship,deepship
1_21,29,/datasets/audio/deepship/train/1/1_21.wav,435.0,465.0,1,train,Passenger ship,deepship
1_21,30,/datasets/audio/deepship/train/1/1_21.wav,450.0,480.0,1,train,Passenger ship,deepship
1_21,31,/datasets/audio/deepship/train/1/1_21.wav,465.0,495.0,1,train,Passenger ship,deepship
1_21,32,/datasets/audio/deepship/train/1/1_21.wav,480.0,510.0,1,train,Passenger ship,deepship
1_21,33,/datasets/audio/deepship/train/1/1_21.wav,495.0,525.0,1,train,Passenger ship,deepship
1_21,34,/datasets/audio/deepship/train/1/1_21.wav,510.0,540.0,1,train,Passenger ship,deepship
1_21,35,/datasets/audio/deepship/train/1/1_21.wav,525.0,555.0,1,train,Passenger ship,deepship
1_21,36,/datasets/audio/deepship/train/1/1_21.wav,540.0,570.0,1,train,Passenger ship,deepship
1_21,37,/datasets/audio/deepship/train/1/1_21.wav,555.0,585.0,1,train,Passenger ship,deepship
1_21,38,/datasets/audio/deepship/train/1/1_21.wav,570.0,600.0,1,train,Passenger ship,deepship
1_21,39,/datasets/audio/deepship/train/1/1_21.wav,585.0,615.0,1,train,Passenger ship,deepship
1_21,40,/datasets/audio/deepship/train/1/1_21.wav,600.0,630.0,1,train,Passenger ship,deepship
1_21,41,/datasets/audio/deepship/train/1/1_21.wav,615.0,645.0,1,train,Passenger ship,deepship
1_21,42,/datasets/audio/deepship/train/1/1_21.wav,630.0,660.0,1,train,Passenger ship,deepship
1_21,43,/datasets/audio/deepship/train/1/1_21.wav,645.0,675.0,1,train,Passenger ship,deepship
1_21,44,/datasets/audio/deepship/train/1/1_21.wav,660.0,690.0,1,train,Passenger ship,deepship
1_21,45,/datasets/audio/deepship/train/1/1_21.wav,675.0,705.0,1,train,Passenger ship,deepship
1_21,46,/datasets/audio/deepship/train/1/1_21.wav,690.0,720.0,1,train,Passenger ship,deepship
1_21,47,/datasets/audio/deepship/train/1/1_21.wav,705.0,735.0,1,train,Passenger ship,deepship
1_21,48,/datasets/audio/deepship/train/1/1_21.wav,720.0,750.0,1,train,Passenger ship,deepship
1_21,49,/datasets/audio/deepship/train/1/1_21.wav,735.0,765.0,1,train,Passenger ship,deepship
1_21,50,/datasets/audio/deepship/train/1/1_21.wav,750.0,780.0,1,train,Passenger ship,deepship
1_21,51,/datasets/audio/deepship/train/1/1_21.wav,765.0,795.0,1,train,Passenger ship,deepship
1_21,52,/datasets/audio/deepship/train/1/1_21.wav,767.0,797.0,1,train,Passenger ship,deepship
1_22,0,/datasets/audio/deepship/train/1/1_22.wav,0.0,30.0,1,train,Passenger ship,deepship
1_22,1,/datasets/audio/deepship/train/1/1_22.wav,15.0,45.0,1,train,Passenger ship,deepship
1_22,2,/datasets/audio/deepship/train/1/1_22.wav,30.0,60.0,1,train,Passenger ship,deepship
1_22,3,/datasets/audio/deepship/train/1/1_22.wav,45.0,75.0,1,train,Passenger ship,deepship
1_22,4,/datasets/audio/deepship/train/1/1_22.wav,60.0,90.0,1,train,Passenger ship,deepship
1_22,5,/datasets/audio/deepship/train/1/1_22.wav,75.0,105.0,1,train,Passenger ship,deepship
1_22,6,/datasets/audio/deepship/train/1/1_22.wav,90.0,120.0,1,train,Passenger ship,deepship
1_22,7,/datasets/audio/deepship/train/1/1_22.wav,105.0,135.0,1,train,Passenger ship,deepship
1_22,8,/datasets/audio/deepship/train/1/1_22.wav,120.0,150.0,1,train,Passenger ship,deepship
1_22,9,/datasets/audio/deepship/train/1/1_22.wav,135.0,165.0,1,train,Passenger ship,deepship
1_22,10,/datasets/audio/deepship/train/1/1_22.wav,150.0,180.0,1,train,Passenger ship,deepship
1_22,11,/datasets/audio/deepship/train/1/1_22.wav,165.0,195.0,1,train,Passenger ship,deepship
1_22,12,/datasets/audio/deepship/train/1/1_22.wav,180.0,210.0,1,train,Passenger ship,deepship
1_22,13,/datasets/audio/deepship/train/1/1_22.wav,195.0,225.0,1,train,Passenger ship,deepship
1_22,14,/datasets/audio/deepship/train/1/1_22.wav,210.0,240.0,1,train,Passenger ship,deepship
1_22,15,/datasets/audio/deepship/train/1/1_22.wav,225.0,255.0,1,train,Passenger ship,deepship
1_22,16,/datasets/audio/deepship/train/1/1_22.wav,240.0,270.0,1,train,Passenger ship,deepship
1_22,17,/datasets/audio/deepship/train/1/1_22.wav,255.0,285.0,1,train,Passenger ship,deepship
1_22,18,/datasets/audio/deepship/train/1/1_22.wav,270.0,300.0,1,train,Passenger ship,deepship
1_22,19,/datasets/audio/deepship/train/1/1_22.wav,285.0,315.0,1,train,Passenger ship,deepship
1_22,20,/datasets/audio/deepship/train/1/1_22.wav,300.0,330.0,1,train,Passenger ship,deepship
1_22,21,/datasets/audio/deepship/train/1/1_22.wav,315.0,345.0,1,train,Passenger ship,deepship
1_22,22,/datasets/audio/deepship/train/1/1_22.wav,330.0,360.0,1,train,Passenger ship,deepship
1_22,23,/datasets/audio/deepship/train/1/1_22.wav,345.0,375.0,1,train,Passenger ship,deepship
1_22,24,/datasets/audio/deepship/train/1/1_22.wav,355.0,385.0,1,train,Passenger ship,deepship
1_24,0,/datasets/audio/deepship/train/1/1_24.wav,0.0,30.0,1,train,Passenger ship,deepship
1_24,1,/datasets/audio/deepship/train/1/1_24.wav,15.0,45.0,1,train,Passenger ship,deepship
1_24,2,/datasets/audio/deepship/train/1/1_24.wav,30.0,60.0,1,train,Passenger ship,deepship
1_24,3,/datasets/audio/deepship/train/1/1_24.wav,45.0,75.0,1,train,Passenger ship,deepship
1_24,4,/datasets/audio/deepship/train/1/1_24.wav,60.0,90.0,1,train,Passenger ship,deepship
1_24,5,/datasets/audio/deepship/train/1/1_24.wav,75.0,105.0,1,train,Passenger ship,deepship
1_24,6,/datasets/audio/deepship/train/1/1_24.wav,90.0,120.0,1,train,Passenger ship,deepship
1_24,7,/datasets/audio/deepship/train/1/1_24.wav,105.0,135.0,1,train,Passenger ship,deepship
1_24,8,/datasets/audio/deepship/train/1/1_24.wav,120.0,150.0,1,train,Passenger ship,deepship
1_24,9,/datasets/audio/deepship/train/1/1_24.wav,135.0,165.0,1,train,Passenger ship,deepship
1_24,10,/datasets/audio/deepship/train/1/1_24.wav,150.0,180.0,1,train,Passenger ship,deepship
1_24,11,/datasets/audio/deepship/train/1/1_24.wav,165.0,195.0,1,train,Passenger ship,deepship
1_24,12,/datasets/audio/deepship/train/1/1_24.wav,180.0,210.0,1,train,Passenger ship,deepship
1_24,13,/datasets/audio/deepship/train/1/1_24.wav,195.0,225.0,1,train,Passenger ship,deepship
1_24,14,/datasets/audio/deepship/train/1/1_24.wav,210.0,240.0,1,train,Passenger ship,deepship
1_24,15,/datasets/audio/deepship/train/1/1_24.wav,225.0,255.0,1,train,Passenger ship,deepship
1_24,16,/datasets/audio/deepship/train/1/1_24.wav,240.0,270.0,1,train,Passenger ship,deepship
1_24,17,/datasets/audio/deepship/train/1/1_24.wav,255.0,285.0,1,train,Passenger ship,deepship
1_24,18,/datasets/audio/deepship/train/1/1_24.wav,270.0,300.0,1,train,Passenger ship,deepship
1_24,19,/datasets/audio/deepship/train/1/1_24.wav,285.0,315.0,1,train,Passenger ship,deepship
1_24,20,/datasets/audio/deepship/train/1/1_24.wav,300.0,330.0,1,train,Passenger ship,deepship
1_24,21,/datasets/audio/deepship/train/1/1_24.wav,315.0,345.0,1,train,Passenger ship,deepship
1_24,22,/datasets/audio/deepship/train/1/1_24.wav,330.0,360.0,1,train,Passenger ship,deepship
1_24,23,/datasets/audio/deepship/train/1/1_24.wav,345.0,375.0,1,train,Passenger ship,deepship
1_24,24,/datasets/audio/deepship/train/1/1_24.wav,360.0,390.0,1,train,Passenger ship,deepship
1_24,25,/datasets/audio/deepship/train/1/1_24.wav,375.0,405.0,1,train,Passenger ship,deepship
1_24,26,/datasets/audio/deepship/train/1/1_24.wav,390.0,420.0,1,train,Passenger ship,deepship
1_24,27,/datasets/audio/deepship/train/1/1_24.wav,405.0,435.0,1,train,Passenger ship,deepship
1_24,28,/datasets/audio/deepship/train/1/1_24.wav,420.0,450.0,1,train,Passenger ship,deepship
1_24,29,/datasets/audio/deepship/train/1/1_24.wav,435.0,465.0,1,train,Passenger ship,deepship
1_24,30,/datasets/audio/deepship/train/1/1_24.wav,450.0,480.0,1,train,Passenger ship,deepship
1_24,31,/datasets/audio/deepship/train/1/1_24.wav,465.0,495.0,1,train,Passenger ship,deepship
1_24,32,/datasets/audio/deepship/train/1/1_24.wav,480.0,510.0,1,train,Passenger ship,deepship
1_24,33,/datasets/audio/deepship/train/1/1_24.wav,495.0,525.0,1,train,Passenger ship,deepship
1_24,34,/datasets/audio/deepship/train/1/1_24.wav,510.0,540.0,1,train,Passenger ship,deepship
1_24,35,/datasets/audio/deepship/train/1/1_24.wav,525.0,555.0,1,train,Passenger ship,deepship
1_24,36,/datasets/audio/deepship/train/1/1_24.wav,540.0,570.0,1,train,Passenger ship,deepship
1_24,37,/datasets/audio/deepship/train/1/1_24.wav,555.0,585.0,1,train,Passenger ship,deepship
1_24,38,/datasets/audio/deepship/train/1/1_24.wav,570.0,600.0,1,train,Passenger ship,deepship
1_24,39,/datasets/audio/deepship/train/1/1_24.wav,585.0,615.0,1,train,Passenger ship,deepship
1_24,40,/datasets/audio/deepship/train/1/1_24.wav,600.0,630.0,1,train,Passenger ship,deepship
1_24,41,/datasets/audio/deepship/train/1/1_24.wav,615.0,645.0,1,train,Passenger ship,deepship
1_24,42,/datasets/audio/deepship/train/1/1_24.wav,630.0,660.0,1,train,Passenger ship,deepship
1_24,43,/datasets/audio/deepship/train/1/1_24.wav,645.0,675.0,1,train,Passenger ship,deepship
1_24,44,/datasets/audio/deepship/train/1/1_24.wav,660.0,690.0,1,train,Passenger ship,deepship
1_24,45,/datasets/audio/deepship/train/1/1_24.wav,675.0,705.0,1,train,Passenger ship,deepship
1_24,46,/datasets/audio/deepship/train/1/1_24.wav,690.0,720.0,1,train,Passenger ship,deepship
1_24,47,/datasets/audio/deepship/train/1/1_24.wav,705.0,735.0,1,train,Passenger ship,deepship
1_24,48,/datasets/audio/deepship/train/1/1_24.wav,720.0,750.0,1,train,Passenger ship,deepship
1_24,49,/datasets/audio/deepship/train/1/1_24.wav,735.0,765.0,1,train,Passenger ship,deepship
1_24,50,/datasets/audio/deepship/train/1/1_24.wav,750.0,780.0,1,train,Passenger ship,deepship
1_24,51,/datasets/audio/deepship/train/1/1_24.wav,765.0,795.0,1,train,Passenger ship,deepship
1_24,52,/datasets/audio/deepship/train/1/1_24.wav,780.0,810.0,1,train,Passenger ship,deepship
1_24,53,/datasets/audio/deepship/train/1/1_24.wav,795.0,825.0,1,train,Passenger ship,deepship
1_24,54,/datasets/audio/deepship/train/1/1_24.wav,810.0,840.0,1,train,Passenger ship,deepship
1_24,55,/datasets/audio/deepship/train/1/1_24.wav,825.0,855.0,1,train,Passenger ship,deepship
1_24,56,/datasets/audio/deepship/train/1/1_24.wav,840.0,870.0,1,train,Passenger ship,deepship
1_24,57,/datasets/audio/deepship/train/1/1_24.wav,855.0,885.0,1,train,Passenger ship,deepship
1_24,58,/datasets/audio/deepship/train/1/1_24.wav,870.0,900.0,1,train,Passenger ship,deepship
1_24,59,/datasets/audio/deepship/train/1/1_24.wav,885.0,915.0,1,train,Passenger ship,deepship
1_24,60,/datasets/audio/deepship/train/1/1_24.wav,900.0,930.0,1,train,Passenger ship,deepship
1_24,61,/datasets/audio/deepship/train/1/1_24.wav,915.0,945.0,1,train,Passenger ship,deepship
1_24,62,/datasets/audio/deepship/train/1/1_24.wav,930.0,960.0,1,train,Passenger ship,deepship
1_24,63,/datasets/audio/deepship/train/1/1_24.wav,945.0,975.0,1,train,Passenger ship,deepship
1_24,64,/datasets/audio/deepship/train/1/1_24.wav,960.0,990.0,1,train,Passenger ship,deepship
1_24,65,/datasets/audio/deepship/train/1/1_24.wav,975.0,1005.0,1,train,Passenger ship,deepship
1_24,66,/datasets/audio/deepship/train/1/1_24.wav,990.0,1020.0,1,train,Passenger ship,deepship
1_24,67,/datasets/audio/deepship/train/1/1_24.wav,1005.0,1035.0,1,train,Passenger ship,deepship
1_24,68,/datasets/audio/deepship/train/1/1_24.wav,1020.0,1050.0,1,train,Passenger ship,deepship
1_24,69,/datasets/audio/deepship/train/1/1_24.wav,1035.0,1065.0,1,train,Passenger ship,deepship
1_24,70,/datasets/audio/deepship/train/1/1_24.wav,1049.0,1079.0,1,train,Passenger ship,deepship
1_25,0,/datasets/audio/deepship/train/1/1_25.wav,0.0,30.0,1,train,Passenger ship,deepship
1_25,1,/datasets/audio/deepship/train/1/1_25.wav,15.0,45.0,1,train,Passenger ship,deepship
1_25,2,/datasets/audio/deepship/train/1/1_25.wav,30.0,60.0,1,train,Passenger ship,deepship
1_25,3,/datasets/audio/deepship/train/1/1_25.wav,45.0,75.0,1,train,Passenger ship,deepship
1_25,4,/datasets/audio/deepship/train/1/1_25.wav,60.0,90.0,1,train,Passenger ship,deepship
1_25,5,/datasets/audio/deepship/train/1/1_25.wav,75.0,105.0,1,train,Passenger ship,deepship
1_25,6,/datasets/audio/deepship/train/1/1_25.wav,88.0,118.0,1,train,Passenger ship,deepship
1_27,0,/datasets/audio/deepship/train/1/1_27.wav,0.0,30.0,1,train,Passenger ship,deepship
1_27,1,/datasets/audio/deepship/train/1/1_27.wav,3.0,33.0,1,train,Passenger ship,deepship
1_28,0,/datasets/audio/deepship/train/1/1_28.wav,0.0,30.0,1,train,Passenger ship,deepship
1_28,1,/datasets/audio/deepship/train/1/1_28.wav,15.0,45.0,1,train,Passenger ship,deepship
1_28,2,/datasets/audio/deepship/train/1/1_28.wav,30.0,60.0,1,train,Passenger ship,deepship
1_28,3,/datasets/audio/deepship/train/1/1_28.wav,45.0,75.0,1,train,Passenger ship,deepship
1_28,4,/datasets/audio/deepship/train/1/1_28.wav,60.0,90.0,1,train,Passenger ship,deepship
1_28,5,/datasets/audio/deepship/train/1/1_28.wav,75.0,105.0,1,train,Passenger ship,deepship
1_28,6,/datasets/audio/deepship/train/1/1_28.wav,90.0,120.0,1,train,Passenger ship,deepship
1_28,7,/datasets/audio/deepship/train/1/1_28.wav,105.0,135.0,1,train,Passenger ship,deepship
1_28,8,/datasets/audio/deepship/train/1/1_28.wav,120.0,150.0,1,train,Passenger ship,deepship
1_28,9,/datasets/audio/deepship/train/1/1_28.wav,135.0,165.0,1,train,Passenger ship,deepship
1_28,10,/datasets/audio/deepship/train/1/1_28.wav,150.0,180.0,1,train,Passenger ship,deepship
1_28,11,/datasets/audio/deepship/train/1/1_28.wav,165.0,195.0,1,train,Passenger ship,deepship
1_28,12,/datasets/audio/deepship/train/1/1_28.wav,180.0,210.0,1,train,Passenger ship,deepship
1_28,13,/datasets/audio/deepship/train/1/1_28.wav,195.0,225.0,1,train,Passenger ship,deepship
1_28,14,/datasets/audio/deepship/train/1/1_28.wav,210.0,240.0,1,train,Passenger ship,deepship
1_28,15,/datasets/audio/deepship/train/1/1_28.wav,223.0,253.0,1,train,Passenger ship,deepship
1_29,0,/datasets/audio/deepship/train/1/1_29.wav,0.0,30.0,1,train,Passenger ship,deepship
1_29,1,/datasets/audio/deepship/train/1/1_29.wav,6.0,36.0,1,train,Passenger ship,deepship
1_3,0,/datasets/audio/deepship/train/1/1_3.wav,0.0,30.0,1,train,Passenger ship,deepship
1_3,1,/datasets/audio/deepship/train/1/1_3.wav,15.0,45.0,1,train,Passenger ship,deepship
1_3,2,/datasets/audio/deepship/train/1/1_3.wav,30.0,60.0,1,train,Passenger ship,deepship
1_3,3,/datasets/audio/deepship/train/1/1_3.wav,45.0,75.0,1,train,Passenger ship,deepship
1_3,4,/datasets/audio/deepship/train/1/1_3.wav,60.0,90.0,1,train,Passenger ship,deepship
1_3,5,/datasets/audio/deepship/train/1/1_3.wav,75.0,105.0,1,train,Passenger ship,deepship
1_3,6,/datasets/audio/deepship/train/1/1_3.wav,90.0,120.0,1,train,Passenger ship,deepship
1_3,7,/datasets/audio/deepship/train/1/1_3.wav,105.0,135.0,1,train,Passenger ship,deepship
1_3,8,/datasets/audio/deepship/train/1/1_3.wav,120.0,150.0,1,train,Passenger ship,deepship
1_3,9,/datasets/audio/deepship/train/1/1_3.wav,135.0,165.0,1,train,Passenger ship,deepship
1_3,10,/datasets/audio/deepship/train/1/1_3.wav,150.0,180.0,1,train,Passenger ship,deepship
1_3,11,/datasets/audio/deepship/train/1/1_3.wav,165.0,195.0,1,train,Passenger ship,deepship
1_3,12,/datasets/audio/deepship/train/1/1_3.wav,180.0,210.0,1,train,Passenger ship,deepship
1_3,13,/datasets/audio/deepship/train/1/1_3.wav,195.0,225.0,1,train,Passenger ship,deepship
1_3,14,/datasets/audio/deepship/train/1/1_3.wav,210.0,240.0,1,train,Passenger ship,deepship
1_3,15,/datasets/audio/deepship/train/1/1_3.wav,225.0,255.0,1,train,Passenger ship,deepship
1_3,16,/datasets/audio/deepship/train/1/1_3.wav,240.0,270.0,1,train,Passenger ship,deepship
1_3,17,/datasets/audio/deepship/train/1/1_3.wav,255.0,285.0,1,train,Passenger ship,deepship
1_3,18,/datasets/audio/deepship/train/1/1_3.wav,270.0,300.0,1,train,Passenger ship,deepship
1_3,19,/datasets/audio/deepship/train/1/1_3.wav,285.0,315.0,1,train,Passenger ship,deepship
1_3,20,/datasets/audio/deepship/train/1/1_3.wav,300.0,330.0,1,train,Passenger ship,deepship
1_3,21,/datasets/audio/deepship/train/1/1_3.wav,315.0,345.0,1,train,Passenger ship,deepship
1_3,22,/datasets/audio/deepship/train/1/1_3.wav,330.0,360.0,1,train,Passenger ship,deepship
1_3,23,/datasets/audio/deepship/train/1/1_3.wav,345.0,375.0,1,train,Passenger ship,deepship
1_3,24,/datasets/audio/deepship/train/1/1_3.wav,360.0,390.0,1,train,Passenger ship,deepship
1_3,25,/datasets/audio/deepship/train/1/1_3.wav,375.0,405.0,1,train,Passenger ship,deepship
1_3,26,/datasets/audio/deepship/train/1/1_3.wav,390.0,420.0,1,train,Passenger ship,deepship
1_3,27,/datasets/audio/deepship/train/1/1_3.wav,405.0,435.0,1,train,Passenger ship,deepship
1_3,28,/datasets/audio/deepship/train/1/1_3.wav,420.0,450.0,1,train,Passenger ship,deepship
1_3,29,/datasets/audio/deepship/train/1/1_3.wav,435.0,465.0,1,train,Passenger ship,deepship
1_3,30,/datasets/audio/deepship/train/1/1_3.wav,450.0,480.0,1,train,Passenger ship,deepship
1_3,31,/datasets/audio/deepship/train/1/1_3.wav,465.0,495.0,1,train,Passenger ship,deepship
1_3,32,/datasets/audio/deepship/train/1/1_3.wav,480.0,510.0,1,train,Passenger ship,deepship
1_3,33,/datasets/audio/deepship/train/1/1_3.wav,495.0,525.0,1,train,Passenger ship,deepship
1_3,34,/datasets/audio/deepship/train/1/1_3.wav,510.0,540.0,1,train,Passenger ship,deepship
1_3,35,/datasets/audio/deepship/train/1/1_3.wav,525.0,555.0,1,train,Passenger ship,deepship
1_3,36,/datasets/audio/deepship/train/1/1_3.wav,526.0,556.0,1,train,Passenger ship,deepship
1_32,0,/datasets/audio/deepship/train/1/1_32.wav,0.0,30.0,1,train,Passenger ship,deepship
1_32,1,/datasets/audio/deepship/train/1/1_32.wav,15.0,45.0,1,train,Passenger ship,deepship
1_32,2,/datasets/audio/deepship/train/1/1_32.wav,24.0,54.0,1,train,Passenger ship,deepship
1_33,0,/datasets/audio/deepship/train/1/1_33.wav,0.0,30.0,1,train,Passenger ship,deepship
1_33,1,/datasets/audio/deepship/train/1/1_33.wav,15.0,45.0,1,train,Passenger ship,deepship
1_33,2,/datasets/audio/deepship/train/1/1_33.wav,30.0,60.0,1,train,Passenger ship,deepship
1_33,3,/datasets/audio/deepship/train/1/1_33.wav,45.0,75.0,1,train,Passenger ship,deepship
1_33,4,/datasets/audio/deepship/train/1/1_33.wav,60.0,90.0,1,train,Passenger ship,deepship
1_33,5,/datasets/audio/deepship/train/1/1_33.wav,75.0,105.0,1,train,Passenger ship,deepship
1_33,6,/datasets/audio/deepship/train/1/1_33.wav,82.0,112.0,1,train,Passenger ship,deepship
1_34,0,/datasets/audio/deepship/train/1/1_34.wav,0.0,30.0,1,train,Passenger ship,deepship
1_34,1,/datasets/audio/deepship/train/1/1_34.wav,15.0,45.0,1,train,Passenger ship,deepship
1_34,2,/datasets/audio/deepship/train/1/1_34.wav,30.0,60.0,1,train,Passenger ship,deepship
1_34,3,/datasets/audio/deepship/train/1/1_34.wav,45.0,75.0,1,train,Passenger ship,deepship
1_34,4,/datasets/audio/deepship/train/1/1_34.wav,60.0,90.0,1,train,Passenger ship,deepship
1_34,5,/datasets/audio/deepship/train/1/1_34.wav,75.0,105.0,1,train,Passenger ship,deepship
1_34,6,/datasets/audio/deepship/train/1/1_34.wav,90.0,120.0,1,train,Passenger ship,deepship
1_34,7,/datasets/audio/deepship/train/1/1_34.wav,105.0,135.0,1,train,Passenger ship,deepship
1_34,8,/datasets/audio/deepship/train/1/1_34.wav,120.0,150.0,1,train,Passenger ship,deepship
1_34,9,/datasets/audio/deepship/train/1/1_34.wav,135.0,165.0,1,train,Passenger ship,deepship
1_34,10,/datasets/audio/deepship/train/1/1_34.wav,150.0,180.0,1,train,Passenger ship,deepship
1_34,11,/datasets/audio/deepship/train/1/1_34.wav,165.0,195.0,1,train,Passenger ship,deepship
1_34,12,/datasets/audio/deepship/train/1/1_34.wav,180.0,210.0,1,train,Passenger ship,deepship
1_34,13,/datasets/audio/deepship/train/1/1_34.wav,195.0,225.0,1,train,Passenger ship,deepship
1_34,14,/datasets/audio/deepship/train/1/1_34.wav,210.0,240.0,1,train,Passenger ship,deepship
1_34,15,/datasets/audio/deepship/train/1/1_34.wav,225.0,255.0,1,train,Passenger ship,deepship
1_34,16,/datasets/audio/deepship/train/1/1_34.wav,240.0,270.0,1,train,Passenger ship,deepship
1_34,17,/datasets/audio/deepship/train/1/1_34.wav,255.0,285.0,1,train,Passenger ship,deepship
1_34,18,/datasets/audio/deepship/train/1/1_34.wav,270.0,300.0,1,train,Passenger ship,deepship
1_34,19,/datasets/audio/deepship/train/1/1_34.wav,285.0,315.0,1,train,Passenger ship,deepship
1_34,20,/datasets/audio/deepship/train/1/1_34.wav,300.0,330.0,1,train,Passenger ship,deepship
1_34,21,/datasets/audio/deepship/train/1/1_34.wav,315.0,345.0,1,train,Passenger ship,deepship
1_34,22,/datasets/audio/deepship/train/1/1_34.wav,316.0,346.0,1,train,Passenger ship,deepship
1_35,0,/datasets/audio/deepship/train/1/1_35.wav,0.0,30.0,1,train,Passenger ship,deepship
1_35,1,/datasets/audio/deepship/train/1/1_35.wav,15.0,45.0,1,train,Passenger ship,deepship
1_35,2,/datasets/audio/deepship/train/1/1_35.wav,30.0,60.0,1,train,Passenger ship,deepship
1_35,3,/datasets/audio/deepship/train/1/1_35.wav,45.0,75.0,1,train,Passenger ship,deepship
1_35,4,/datasets/audio/deepship/train/1/1_35.wav,60.0,90.0,1,train,Passenger ship,deepship
1_35,5,/datasets/audio/deepship/train/1/1_35.wav,75.0,105.0,1,train,Passenger ship,deepship
1_35,6,/datasets/audio/deepship/train/1/1_35.wav,90.0,120.0,1,train,Passenger ship,deepship
1_35,7,/datasets/audio/deepship/train/1/1_35.wav,105.0,135.0,1,train,Passenger ship,deepship
1_35,8,/datasets/audio/deepship/train/1/1_35.wav,120.0,150.0,1,train,Passenger ship,deepship
1_35,9,/datasets/audio/deepship/train/1/1_35.wav,135.0,165.0,1,train,Passenger ship,deepship
1_35,10,/datasets/audio/deepship/train/1/1_35.wav,150.0,180.0,1,train,Passenger ship,deepship
1_35,11,/datasets/audio/deepship/train/1/1_35.wav,165.0,195.0,1,train,Passenger ship,deepship
1_35,12,/datasets/audio/deepship/train/1/1_35.wav,180.0,210.0,1,train,Passenger ship,deepship
1_35,13,/datasets/audio/deepship/train/1/1_35.wav,195.0,225.0,1,train,Passenger ship,deepship
1_35,14,/datasets/audio/deepship/train/1/1_35.wav,210.0,240.0,1,train,Passenger ship,deepship
1_35,15,/datasets/audio/deepship/train/1/1_35.wav,225.0,255.0,1,train,Passenger ship,deepship
1_35,16,/datasets/audio/deepship/train/1/1_35.wav,240.0,270.0,1,train,Passenger ship,deepship
1_35,17,/datasets/audio/deepship/train/1/1_35.wav,253.0,283.0,1,train,Passenger ship,deepship
1_36,0,/datasets/audio/deepship/train/1/1_36.wav,0.0,30.0,1,train,Passenger ship,deepship
1_36,1,/datasets/audio/deepship/train/1/1_36.wav,15.0,45.0,1,train,Passenger ship,deepship
1_36,2,/datasets/audio/deepship/train/1/1_36.wav,30.0,60.0,1,train,Passenger ship,deepship
1_36,3,/datasets/audio/deepship/train/1/1_36.wav,45.0,75.0,1,train,Passenger ship,deepship
1_36,4,/datasets/audio/deepship/train/1/1_36.wav,60.0,90.0,1,train,Passenger ship,deepship
1_36,5,/datasets/audio/deepship/train/1/1_36.wav,75.0,105.0,1,train,Passenger ship,deepship
1_36,6,/datasets/audio/deepship/train/1/1_36.wav,90.0,120.0,1,train,Passenger ship,deepship
1_36,7,/datasets/audio/deepship/train/1/1_36.wav,105.0,135.0,1,train,Passenger ship,deepship
1_36,8,/datasets/audio/deepship/train/1/1_36.wav,120.0,150.0,1,train,Passenger ship,deepship
1_36,9,/datasets/audio/deepship/train/1/1_36.wav,135.0,165.0,1,train,Passenger ship,deepship
1_36,10,/datasets/audio/deepship/train/1/1_36.wav,150.0,180.0,1,train,Passenger ship,deepship
1_36,11,/datasets/audio/deepship/train/1/1_36.wav,165.0,195.0,1,train,Passenger ship,deepship
1_36,12,/datasets/audio/deepship/train/1/1_36.wav,180.0,210.0,1,train,Passenger ship,deepship
1_36,13,/datasets/audio/deepship/train/1/1_36.wav,195.0,225.0,1,train,Passenger ship,deepship
1_36,14,/datasets/audio/deepship/train/1/1_36.wav,210.0,240.0,1,train,Passenger ship,deepship
1_36,15,/datasets/audio/deepship/train/1/1_36.wav,225.0,255.0,1,train,Passenger ship,deepship
1_36,16,/datasets/audio/deepship/train/1/1_36.wav,240.0,270.0,1,train,Passenger ship,deepship
1_36,17,/datasets/audio/deepship/train/1/1_36.wav,253.0,283.0,1,train,Passenger ship,deepship
1_38,0,/datasets/audio/deepship/train/1/1_38.wav,0.0,30.0,1,train,Passenger ship,deepship
1_38,1,/datasets/audio/deepship/train/1/1_38.wav,15.0,45.0,1,train,Passenger ship,deepship
1_38,2,/datasets/audio/deepship/train/1/1_38.wav,30.0,60.0,1,train,Passenger ship,deepship
1_38,3,/datasets/audio/deepship/train/1/1_38.wav,45.0,75.0,1,train,Passenger ship,deepship
1_38,4,/datasets/audio/deepship/train/1/1_38.wav,60.0,90.0,1,train,Passenger ship,deepship
1_38,5,/datasets/audio/deepship/train/1/1_38.wav,75.0,105.0,1,train,Passenger ship,deepship
1_38,6,/datasets/audio/deepship/train/1/1_38.wav,90.0,120.0,1,train,Passenger ship,deepship
1_38,7,/datasets/audio/deepship/train/1/1_38.wav,105.0,135.0,1,train,Passenger ship,deepship
1_38,8,/datasets/audio/deepship/train/1/1_38.wav,120.0,150.0,1,train,Passenger ship,deepship
1_38,9,/datasets/audio/deepship/train/1/1_38.wav,135.0,165.0,1,train,Passenger ship,deepship
1_38,10,/datasets/audio/deepship/train/1/1_38.wav,150.0,180.0,1,train,Passenger ship,deepship
1_38,11,/datasets/audio/deepship/train/1/1_38.wav,165.0,195.0,1,train,Passenger ship,deepship
1_38,12,/datasets/audio/deepship/train/1/1_38.wav,180.0,210.0,1,train,Passenger ship,deepship
1_38,13,/datasets/audio/deepship/train/1/1_38.wav,195.0,225.0,1,train,Passenger ship,deepship
1_38,14,/datasets/audio/deepship/train/1/1_38.wav,208.0,238.0,1,train,Passenger ship,deepship
1_39,0,/datasets/audio/deepship/train/1/1_39.wav,0.0,30.0,1,train,Passenger ship,deepship
1_39,1,/datasets/audio/deepship/train/1/1_39.wav,15.0,45.0,1,train,Passenger ship,deepship
1_39,2,/datasets/audio/deepship/train/1/1_39.wav,30.0,60.0,1,train,Passenger ship,deepship
1_39,3,/datasets/audio/deepship/train/1/1_39.wav,45.0,75.0,1,train,Passenger ship,deepship
1_39,4,/datasets/audio/deepship/train/1/1_39.wav,60.0,90.0,1,train,Passenger ship,deepship
1_39,5,/datasets/audio/deepship/train/1/1_39.wav,75.0,105.0,1,train,Passenger ship,deepship
1_39,6,/datasets/audio/deepship/train/1/1_39.wav,90.0,120.0,1,train,Passenger ship,deepship
1_39,7,/datasets/audio/deepship/train/1/1_39.wav,105.0,135.0,1,train,Passenger ship,deepship
1_39,8,/datasets/audio/deepship/train/1/1_39.wav,120.0,150.0,1,train,Passenger ship,deepship
1_39,9,/datasets/audio/deepship/train/1/1_39.wav,135.0,165.0,1,train,Passenger ship,deepship
1_39,10,/datasets/audio/deepship/train/1/1_39.wav,150.0,180.0,1,train,Passenger ship,deepship
1_39,11,/datasets/audio/deepship/train/1/1_39.wav,165.0,195.0,1,train,Passenger ship,deepship
1_39,12,/datasets/audio/deepship/train/1/1_39.wav,180.0,210.0,1,train,Passenger ship,deepship
1_39,13,/datasets/audio/deepship/train/1/1_39.wav,195.0,225.0,1,train,Passenger ship,deepship
1_39,14,/datasets/audio/deepship/train/1/1_39.wav,210.0,240.0,1,train,Passenger ship,deepship
1_39,15,/datasets/audio/deepship/train/1/1_39.wav,225.0,255.0,1,train,Passenger ship,deepship
1_39,16,/datasets/audio/deepship/train/1/1_39.wav,240.0,270.0,1,train,Passenger ship,deepship
1_39,17,/datasets/audio/deepship/train/1/1_39.wav,248.0,278.0,1,train,Passenger ship,deepship
1_40,0,/datasets/audio/deepship/train/1/1_40.wav,0.0,30.0,1,train,Passenger ship,deepship
1_40,1,/datasets/audio/deepship/train/1/1_40.wav,15.0,45.0,1,train,Passenger ship,deepship
1_40,2,/datasets/audio/deepship/train/1/1_40.wav,30.0,60.0,1,train,Passenger ship,deepship
1_40,3,/datasets/audio/deepship/train/1/1_40.wav,45.0,75.0,1,train,Passenger ship,deepship
1_40,4,/datasets/audio/deepship/train/1/1_40.wav,60.0,90.0,1,train,Passenger ship,deepship
1_40,5,/datasets/audio/deepship/train/1/1_40.wav,75.0,105.0,1,train,Passenger ship,deepship
1_40,6,/datasets/audio/deepship/train/1/1_40.wav,90.0,120.0,1,train,Passenger ship,deepship
1_40,7,/datasets/audio/deepship/train/1/1_40.wav,105.0,135.0,1,train,Passenger ship,deepship
1_40,8,/datasets/audio/deepship/train/1/1_40.wav,120.0,150.0,1,train,Passenger ship,deepship
1_40,9,/datasets/audio/deepship/train/1/1_40.wav,135.0,165.0,1,train,Passenger ship,deepship
1_40,10,/datasets/audio/deepship/train/1/1_40.wav,150.0,180.0,1,train,Passenger ship,deepship
1_40,11,/datasets/audio/deepship/train/1/1_40.wav,165.0,195.0,1,train,Passenger ship,deepship
1_40,12,/datasets/audio/deepship/train/1/1_40.wav,180.0,210.0,1,train,Passenger ship,deepship
1_40,13,/datasets/audio/deepship/train/1/1_40.wav,195.0,225.0,1,train,Passenger ship,deepship
1_40,14,/datasets/audio/deepship/train/1/1_40.wav,210.0,240.0,1,train,Passenger ship,deepship
1_40,15,/datasets/audio/deepship/train/1/1_40.wav,225.0,255.0,1,train,Passenger ship,deepship
1_40,16,/datasets/audio/deepship/train/1/1_40.wav,240.0,270.0,1,train,Passenger ship,deepship
1_40,17,/datasets/audio/deepship/train/1/1_40.wav,255.0,285.0,1,train,Passenger ship,deepship
1_40,18,/datasets/audio/deepship/train/1/1_40.wav,270.0,300.0,1,train,Passenger ship,deepship
1_40,19,/datasets/audio/deepship/train/1/1_40.wav,285.0,315.0,1,train,Passenger ship,deepship
1_40,20,/datasets/audio/deepship/train/1/1_40.wav,300.0,330.0,1,train,Passenger ship,deepship
1_40,21,/datasets/audio/deepship/train/1/1_40.wav,315.0,345.0,1,train,Passenger ship,deepship
1_40,22,/datasets/audio/deepship/train/1/1_40.wav,330.0,360.0,1,train,Passenger ship,deepship
1_40,23,/datasets/audio/deepship/train/1/1_40.wav,345.0,375.0,1,train,Passenger ship,deepship
1_40,24,/datasets/audio/deepship/train/1/1_40.wav,360.0,390.0,1,train,Passenger ship,deepship
1_40,25,/datasets/audio/deepship/train/1/1_40.wav,375.0,405.0,1,train,Passenger ship,deepship
1_40,26,/datasets/audio/deepship/train/1/1_40.wav,390.0,420.0,1,train,Passenger ship,deepship
1_40,27,/datasets/audio/deepship/train/1/1_40.wav,399.0,429.0,1,train,Passenger ship,deepship
1_41,0,/datasets/audio/deepship/train/1/1_41.wav,0.0,30.0,1,train,Passenger ship,deepship
1_42,0,/datasets/audio/deepship/train/1/1_42.wav,0.0,30.0,1,train,Passenger ship,deepship
1_42,1,/datasets/audio/deepship/train/1/1_42.wav,15.0,45.0,1,train,Passenger ship,deepship
1_42,2,/datasets/audio/deepship/train/1/1_42.wav,30.0,60.0,1,train,Passenger ship,deepship
1_42,3,/datasets/audio/deepship/train/1/1_42.wav,45.0,75.0,1,train,Passenger ship,deepship
1_42,4,/datasets/audio/deepship/train/1/1_42.wav,60.0,90.0,1,train,Passenger ship,deepship
1_42,5,/datasets/audio/deepship/train/1/1_42.wav,75.0,105.0,1,train,Passenger ship,deepship
1_42,6,/datasets/audio/deepship/train/1/1_42.wav,90.0,120.0,1,train,Passenger ship,deepship
1_42,7,/datasets/audio/deepship/train/1/1_42.wav,105.0,135.0,1,train,Passenger ship,deepship
1_42,8,/datasets/audio/deepship/train/1/1_42.wav,120.0,150.0,1,train,Passenger ship,deepship
1_42,9,/datasets/audio/deepship/train/1/1_42.wav,135.0,165.0,1,train,Passenger ship,deepship
1_42,10,/datasets/audio/deepship/train/1/1_42.wav,150.0,180.0,1,train,Passenger ship,deepship
1_42,11,/datasets/audio/deepship/train/1/1_42.wav,165.0,195.0,1,train,Passenger ship,deepship
1_42,12,/datasets/audio/deepship/train/1/1_42.wav,180.0,210.0,1,train,Passenger ship,deepship
1_42,13,/datasets/audio/deepship/train/1/1_42.wav,195.0,225.0,1,train,Passenger ship,deepship
1_42,14,/datasets/audio/deepship/train/1/1_42.wav,210.0,240.0,1,train,Passenger ship,deepship
1_42,15,/datasets/audio/deepship/train/1/1_42.wav,225.0,255.0,1,train,Passenger ship,deepship
1_42,16,/datasets/audio/deepship/train/1/1_42.wav,240.0,270.0,1,train,Passenger ship,deepship
1_42,17,/datasets/audio/deepship/train/1/1_42.wav,255.0,285.0,1,train,Passenger ship,deepship
1_42,18,/datasets/audio/deepship/train/1/1_42.wav,270.0,300.0,1,train,Passenger ship,deepship
1_42,19,/datasets/audio/deepship/train/1/1_42.wav,285.0,315.0,1,train,Passenger ship,deepship
1_42,20,/datasets/audio/deepship/train/1/1_42.wav,292.0,322.0,1,train,Passenger ship,deepship
1_43,0,/datasets/audio/deepship/train/1/1_43.wav,0.0,30.0,1,train,Passenger ship,deepship
1_43,1,/datasets/audio/deepship/train/1/1_43.wav,15.0,45.0,1,train,Passenger ship,deepship
1_43,2,/datasets/audio/deepship/train/1/1_43.wav,30.0,60.0,1,train,Passenger ship,deepship
1_43,3,/datasets/audio/deepship/train/1/1_43.wav,45.0,75.0,1,train,Passenger ship,deepship
1_43,4,/datasets/audio/deepship/train/1/1_43.wav,60.0,90.0,1,train,Passenger ship,deepship
1_43,5,/datasets/audio/deepship/train/1/1_43.wav,75.0,105.0,1,train,Passenger ship,deepship
1_43,6,/datasets/audio/deepship/train/1/1_43.wav,90.0,120.0,1,train,Passenger ship,deepship
1_43,7,/datasets/audio/deepship/train/1/1_43.wav,105.0,135.0,1,train,Passenger ship,deepship
1_43,8,/datasets/audio/deepship/train/1/1_43.wav,120.0,150.0,1,train,Passenger ship,deepship
1_43,9,/datasets/audio/deepship/train/1/1_43.wav,135.0,165.0,1,train,Passenger ship,deepship
1_43,10,/datasets/audio/deepship/train/1/1_43.wav,150.0,180.0,1,train,Passenger ship,deepship
1_43,11,/datasets/audio/deepship/train/1/1_43.wav,165.0,195.0,1,train,Passenger ship,deepship
1_43,12,/datasets/audio/deepship/train/1/1_43.wav,180.0,210.0,1,train,Passenger ship,deepship
1_43,13,/datasets/audio/deepship/train/1/1_43.wav,195.0,225.0,1,train,Passenger ship,deepship
1_43,14,/datasets/audio/deepship/train/1/1_43.wav,210.0,240.0,1,train,Passenger ship,deepship
1_43,15,/datasets/audio/deepship/train/1/1_43.wav,225.0,255.0,1,train,Passenger ship,deepship
1_43,16,/datasets/audio/deepship/train/1/1_43.wav,240.0,270.0,1,train,Passenger ship,deepship
1_43,17,/datasets/audio/deepship/train/1/1_43.wav,252.0,282.0,1,train,Passenger ship,deepship
1_44,0,/datasets/audio/deepship/train/1/1_44.wav,0.0,30.0,1,train,Passenger ship,deepship
1_44,1,/datasets/audio/deepship/train/1/1_44.wav,15.0,45.0,1,train,Passenger ship,deepship
1_44,2,/datasets/audio/deepship/train/1/1_44.wav,30.0,60.0,1,train,Passenger ship,deepship
1_44,3,/datasets/audio/deepship/train/1/1_44.wav,45.0,75.0,1,train,Passenger ship,deepship
1_44,4,/datasets/audio/deepship/train/1/1_44.wav,60.0,90.0,1,train,Passenger ship,deepship
1_44,5,/datasets/audio/deepship/train/1/1_44.wav,75.0,105.0,1,train,Passenger ship,deepship
1_44,6,/datasets/audio/deepship/train/1/1_44.wav,90.0,120.0,1,train,Passenger ship,deepship
1_44,7,/datasets/audio/deepship/train/1/1_44.wav,105.0,135.0,1,train,Passenger ship,deepship
1_44,8,/datasets/audio/deepship/train/1/1_44.wav,120.0,150.0,1,train,Passenger ship,deepship
1_44,9,/datasets/audio/deepship/train/1/1_44.wav,135.0,165.0,1,train,Passenger ship,deepship
1_44,10,/datasets/audio/deepship/train/1/1_44.wav,150.0,180.0,1,train,Passenger ship,deepship
1_44,11,/datasets/audio/deepship/train/1/1_44.wav,165.0,195.0,1,train,Passenger ship,deepship
1_44,12,/datasets/audio/deepship/train/1/1_44.wav,180.0,210.0,1,train,Passenger ship,deepship
1_44,13,/datasets/audio/deepship/train/1/1_44.wav,195.0,225.0,1,train,Passenger ship,deepship
1_44,14,/datasets/audio/deepship/train/1/1_44.wav,200.0,230.0,1,train,Passenger ship,deepship
1_47,0,/datasets/audio/deepship/train/1/1_47.wav,0.0,30.0,1,train,Passenger ship,deepship
1_47,1,/datasets/audio/deepship/train/1/1_47.wav,15.0,45.0,1,train,Passenger ship,deepship
1_47,2,/datasets/audio/deepship/train/1/1_47.wav,30.0,60.0,1,train,Passenger ship,deepship
1_47,3,/datasets/audio/deepship/train/1/1_47.wav,45.0,75.0,1,train,Passenger ship,deepship
1_47,4,/datasets/audio/deepship/train/1/1_47.wav,60.0,90.0,1,train,Passenger ship,deepship
1_47,5,/datasets/audio/deepship/train/1/1_47.wav,75.0,105.0,1,train,Passenger ship,deepship
1_47,6,/datasets/audio/deepship/train/1/1_47.wav,90.0,120.0,1,train,Passenger ship,deepship
1_47,7,/datasets/audio/deepship/train/1/1_47.wav,105.0,135.0,1,train,Passenger ship,deepship
1_47,8,/datasets/audio/deepship/train/1/1_47.wav,120.0,150.0,1,train,Passenger ship,deepship
1_47,9,/datasets/audio/deepship/train/1/1_47.wav,135.0,165.0,1,train,Passenger ship,deepship
1_47,10,/datasets/audio/deepship/train/1/1_47.wav,150.0,180.0,1,train,Passenger ship,deepship
1_47,11,/datasets/audio/deepship/train/1/1_47.wav,165.0,195.0,1,train,Passenger ship,deepship
1_47,12,/datasets/audio/deepship/train/1/1_47.wav,180.0,210.0,1,train,Passenger ship,deepship
1_47,13,/datasets/audio/deepship/train/1/1_47.wav,195.0,225.0,1,train,Passenger ship,deepship
1_47,14,/datasets/audio/deepship/train/1/1_47.wav,210.0,240.0,1,train,Passenger ship,deepship
1_47,15,/datasets/audio/deepship/train/1/1_47.wav,225.0,255.0,1,train,Passenger ship,deepship
1_47,16,/datasets/audio/deepship/train/1/1_47.wav,240.0,270.0,1,train,Passenger ship,deepship
1_47,17,/datasets/audio/deepship/train/1/1_47.wav,255.0,285.0,1,train,Passenger ship,deepship
1_47,18,/datasets/audio/deepship/train/1/1_47.wav,270.0,300.0,1,train,Passenger ship,deepship
1_47,19,/datasets/audio/deepship/train/1/1_47.wav,285.0,315.0,1,train,Passenger ship,deepship
1_47,20,/datasets/audio/deepship/train/1/1_47.wav,290.0,320.0,1,train,Passenger ship,deepship
1_48,0,/datasets/audio/deepship/train/1/1_48.wav,0.0,30.0,1,train,Passenger ship,deepship
1_48,1,/datasets/audio/deepship/train/1/1_48.wav,15.0,45.0,1,train,Passenger ship,deepship
1_48,2,/datasets/audio/deepship/train/1/1_48.wav,30.0,60.0,1,train,Passenger ship,deepship
1_48,3,/datasets/audio/deepship/train/1/1_48.wav,45.0,75.0,1,train,Passenger ship,deepship
1_48,4,/datasets/audio/deepship/train/1/1_48.wav,60.0,90.0,1,train,Passenger ship,deepship
1_48,5,/datasets/audio/deepship/train/1/1_48.wav,75.0,105.0,1,train,Passenger ship,deepship
1_48,6,/datasets/audio/deepship/train/1/1_48.wav,90.0,120.0,1,train,Passenger ship,deepship
1_48,7,/datasets/audio/deepship/train/1/1_48.wav,105.0,135.0,1,train,Passenger ship,deepship
1_48,8,/datasets/audio/deepship/train/1/1_48.wav,120.0,150.0,1,train,Passenger ship,deepship
1_48,9,/datasets/audio/deepship/train/1/1_48.wav,135.0,165.0,1,train,Passenger ship,deepship
1_48,10,/datasets/audio/deepship/train/1/1_48.wav,150.0,180.0,1,train,Passenger ship,deepship
1_48,11,/datasets/audio/deepship/train/1/1_48.wav,165.0,195.0,1,train,Passenger ship,deepship
1_48,12,/datasets/audio/deepship/train/1/1_48.wav,180.0,210.0,1,train,Passenger ship,deepship
1_48,13,/datasets/audio/deepship/train/1/1_48.wav,195.0,225.0,1,train,Passenger ship,deepship
1_48,14,/datasets/audio/deepship/train/1/1_48.wav,210.0,240.0,1,train,Passenger ship,deepship
1_48,15,/datasets/audio/deepship/train/1/1_48.wav,225.0,255.0,1,train,Passenger ship,deepship
1_48,16,/datasets/audio/deepship/train/1/1_48.wav,240.0,270.0,1,train,Passenger ship,deepship
1_48,17,/datasets/audio/deepship/train/1/1_48.wav,255.0,285.0,1,train,Passenger ship,deepship
1_48,18,/datasets/audio/deepship/train/1/1_48.wav,270.0,300.0,1,train,Passenger ship,deepship
1_48,19,/datasets/audio/deepship/train/1/1_48.wav,285.0,315.0,1,train,Passenger ship,deepship
1_48,20,/datasets/audio/deepship/train/1/1_48.wav,300.0,330.0,1,train,Passenger ship,deepship
1_48,21,/datasets/audio/deepship/train/1/1_48.wav,315.0,345.0,1,train,Passenger ship,deepship
1_48,22,/datasets/audio/deepship/train/1/1_48.wav,321.0,351.0,1,train,Passenger ship,deepship
1_49,0,/datasets/audio/deepship/train/1/1_49.wav,0.0,30.0,1,train,Passenger ship,deepship
1_49,1,/datasets/audio/deepship/train/1/1_49.wav,15.0,45.0,1,train,Passenger ship,deepship
1_49,2,/datasets/audio/deepship/train/1/1_49.wav,30.0,60.0,1,train,Passenger ship,deepship
1_49,3,/datasets/audio/deepship/train/1/1_49.wav,45.0,75.0,1,train,Passenger ship,deepship
1_49,4,/datasets/audio/deepship/train/1/1_49.wav,60.0,90.0,1,train,Passenger ship,deepship
1_49,5,/datasets/audio/deepship/train/1/1_49.wav,75.0,105.0,1,train,Passenger ship,deepship
1_49,6,/datasets/audio/deepship/train/1/1_49.wav,90.0,120.0,1,train,Passenger ship,deepship
1_49,7,/datasets/audio/deepship/train/1/1_49.wav,105.0,135.0,1,train,Passenger ship,deepship
1_49,8,/datasets/audio/deepship/train/1/1_49.wav,120.0,150.0,1,train,Passenger ship,deepship
1_49,9,/datasets/audio/deepship/train/1/1_49.wav,135.0,165.0,1,train,Passenger ship,deepship
1_49,10,/datasets/audio/deepship/train/1/1_49.wav,150.0,180.0,1,train,Passenger ship,deepship
1_49,11,/datasets/audio/deepship/train/1/1_49.wav,165.0,195.0,1,train,Passenger ship,deepship
1_49,12,/datasets/audio/deepship/train/1/1_49.wav,180.0,210.0,1,train,Passenger ship,deepship
1_49,13,/datasets/audio/deepship/train/1/1_49.wav,195.0,225.0,1,train,Passenger ship,deepship
1_49,14,/datasets/audio/deepship/train/1/1_49.wav,210.0,240.0,1,train,Passenger ship,deepship
1_49,15,/datasets/audio/deepship/train/1/1_49.wav,225.0,255.0,1,train,Passenger ship,deepship
1_49,16,/datasets/audio/deepship/train/1/1_49.wav,240.0,270.0,1,train,Passenger ship,deepship
1_49,17,/datasets/audio/deepship/train/1/1_49.wav,255.0,285.0,1,train,Passenger ship,deepship
1_49,18,/datasets/audio/deepship/train/1/1_49.wav,270.0,300.0,1,train,Passenger ship,deepship
1_49,19,/datasets/audio/deepship/train/1/1_49.wav,285.0,315.0,1,train,Passenger ship,deepship
1_49,20,/datasets/audio/deepship/train/1/1_49.wav,300.0,330.0,1,train,Passenger ship,deepship
1_49,21,/datasets/audio/deepship/train/1/1_49.wav,315.0,345.0,1,train,Passenger ship,deepship
1_49,22,/datasets/audio/deepship/train/1/1_49.wav,330.0,360.0,1,train,Passenger ship,deepship
1_49,23,/datasets/audio/deepship/train/1/1_49.wav,345.0,375.0,1,train,Passenger ship,deepship
1_49,24,/datasets/audio/deepship/train/1/1_49.wav,360.0,390.0,1,train,Passenger ship,deepship
1_49,25,/datasets/audio/deepship/train/1/1_49.wav,375.0,405.0,1,train,Passenger ship,deepship
1_49,26,/datasets/audio/deepship/train/1/1_49.wav,390.0,420.0,1,train,Passenger ship,deepship
1_49,27,/datasets/audio/deepship/train/1/1_49.wav,405.0,435.0,1,train,Passenger ship,deepship
1_49,28,/datasets/audio/deepship/train/1/1_49.wav,420.0,450.0,1,train,Passenger ship,deepship
1_49,29,/datasets/audio/deepship/train/1/1_49.wav,435.0,465.0,1,train,Passenger ship,deepship
1_49,30,/datasets/audio/deepship/train/1/1_49.wav,450.0,480.0,1,train,Passenger ship,deepship
1_49,31,/datasets/audio/deepship/train/1/1_49.wav,465.0,495.0,1,train,Passenger ship,deepship
1_49,32,/datasets/audio/deepship/train/1/1_49.wav,480.0,510.0,1,train,Passenger ship,deepship
1_49,33,/datasets/audio/deepship/train/1/1_49.wav,495.0,525.0,1,train,Passenger ship,deepship
1_49,34,/datasets/audio/deepship/train/1/1_49.wav,510.0,540.0,1,train,Passenger ship,deepship
1_49,35,/datasets/audio/deepship/train/1/1_49.wav,525.0,555.0,1,train,Passenger ship,deepship
1_49,36,/datasets/audio/deepship/train/1/1_49.wav,540.0,570.0,1,train,Passenger ship,deepship
1_49,37,/datasets/audio/deepship/train/1/1_49.wav,550.0,580.0,1,train,Passenger ship,deepship
1_50,0,/datasets/audio/deepship/train/1/1_50.wav,0.0,30.0,1,train,Passenger ship,deepship
1_50,1,/datasets/audio/deepship/train/1/1_50.wav,15.0,45.0,1,train,Passenger ship,deepship
1_50,2,/datasets/audio/deepship/train/1/1_50.wav,30.0,60.0,1,train,Passenger ship,deepship
1_50,3,/datasets/audio/deepship/train/1/1_50.wav,45.0,75.0,1,train,Passenger ship,deepship
1_50,4,/datasets/audio/deepship/train/1/1_50.wav,60.0,90.0,1,train,Passenger ship,deepship
1_50,5,/datasets/audio/deepship/train/1/1_50.wav,75.0,105.0,1,train,Passenger ship,deepship
1_50,6,/datasets/audio/deepship/train/1/1_50.wav,90.0,120.0,1,train,Passenger ship,deepship
1_50,7,/datasets/audio/deepship/train/1/1_50.wav,105.0,135.0,1,train,Passenger ship,deepship
1_50,8,/datasets/audio/deepship/train/1/1_50.wav,120.0,150.0,1,train,Passenger ship,deepship
1_50,9,/datasets/audio/deepship/train/1/1_50.wav,133.0,163.0,1,train,Passenger ship,deepship
1_51,0,/datasets/audio/deepship/train/1/1_51.wav,0.0,30.0,1,train,Passenger ship,deepship
1_51,1,/datasets/audio/deepship/train/1/1_51.wav,15.0,45.0,1,train,Passenger ship,deepship
1_51,2,/datasets/audio/deepship/train/1/1_51.wav,30.0,60.0,1,train,Passenger ship,deepship
1_51,3,/datasets/audio/deepship/train/1/1_51.wav,45.0,75.0,1,train,Passenger ship,deepship
1_51,4,/datasets/audio/deepship/train/1/1_51.wav,60.0,90.0,1,train,Passenger ship,deepship
1_51,5,/datasets/audio/deepship/train/1/1_51.wav,75.0,105.0,1,train,Passenger ship,deepship
1_51,6,/datasets/audio/deepship/train/1/1_51.wav,90.0,120.0,1,train,Passenger ship,deepship
1_51,7,/datasets/audio/deepship/train/1/1_51.wav,105.0,135.0,1,train,Passenger ship,deepship
1_51,8,/datasets/audio/deepship/train/1/1_51.wav,120.0,150.0,1,train,Passenger ship,deepship
1_51,9,/datasets/audio/deepship/train/1/1_51.wav,135.0,165.0,1,train,Passenger ship,deepship
1_51,10,/datasets/audio/deepship/train/1/1_51.wav,150.0,180.0,1,train,Passenger ship,deepship
1_51,11,/datasets/audio/deepship/train/1/1_51.wav,165.0,195.0,1,train,Passenger ship,deepship
1_51,12,/datasets/audio/deepship/train/1/1_51.wav,180.0,210.0,1,train,Passenger ship,deepship
1_51,13,/datasets/audio/deepship/train/1/1_51.wav,195.0,225.0,1,train,Passenger ship,deepship
1_51,14,/datasets/audio/deepship/train/1/1_51.wav,210.0,240.0,1,train,Passenger ship,deepship
1_51,15,/datasets/audio/deepship/train/1/1_51.wav,225.0,255.0,1,train,Passenger ship,deepship
1_51,16,/datasets/audio/deepship/train/1/1_51.wav,240.0,270.0,1,train,Passenger ship,deepship
1_51,17,/datasets/audio/deepship/train/1/1_51.wav,255.0,285.0,1,train,Passenger ship,deepship
1_51,18,/datasets/audio/deepship/train/1/1_51.wav,270.0,300.0,1,train,Passenger ship,deepship
1_54,0,/datasets/audio/deepship/train/1/1_54.wav,0.0,30.0,1,train,Passenger ship,deepship
1_54,1,/datasets/audio/deepship/train/1/1_54.wav,15.0,45.0,1,train,Passenger ship,deepship
1_54,2,/datasets/audio/deepship/train/1/1_54.wav,30.0,60.0,1,train,Passenger ship,deepship
1_54,3,/datasets/audio/deepship/train/1/1_54.wav,45.0,75.0,1,train,Passenger ship,deepship
1_54,4,/datasets/audio/deepship/train/1/1_54.wav,60.0,90.0,1,train,Passenger ship,deepship
1_54,5,/datasets/audio/deepship/train/1/1_54.wav,75.0,105.0,1,train,Passenger ship,deepship
1_54,6,/datasets/audio/deepship/train/1/1_54.wav,90.0,120.0,1,train,Passenger ship,deepship
1_54,7,/datasets/audio/deepship/train/1/1_54.wav,105.0,135.0,1,train,Passenger ship,deepship
1_54,8,/datasets/audio/deepship/train/1/1_54.wav,120.0,150.0,1,train,Passenger ship,deepship
1_54,9,/datasets/audio/deepship/train/1/1_54.wav,135.0,165.0,1,train,Passenger ship,deepship
1_54,10,/datasets/audio/deepship/train/1/1_54.wav,150.0,180.0,1,train,Passenger ship,deepship
1_54,11,/datasets/audio/deepship/train/1/1_54.wav,165.0,195.0,1,train,Passenger ship,deepship
1_54,12,/datasets/audio/deepship/train/1/1_54.wav,180.0,210.0,1,train,Passenger ship,deepship
1_54,13,/datasets/audio/deepship/train/1/1_54.wav,195.0,225.0,1,train,Passenger ship,deepship
1_54,14,/datasets/audio/deepship/train/1/1_54.wav,210.0,240.0,1,train,Passenger ship,deepship
1_54,15,/datasets/audio/deepship/train/1/1_54.wav,225.0,255.0,1,train,Passenger ship,deepship
1_54,16,/datasets/audio/deepship/train/1/1_54.wav,240.0,270.0,1,train,Passenger ship,deepship
1_54,17,/datasets/audio/deepship/train/1/1_54.wav,255.0,285.0,1,train,Passenger ship,deepship
1_54,18,/datasets/audio/deepship/train/1/1_54.wav,270.0,300.0,1,train,Passenger ship,deepship
1_54,19,/datasets/audio/deepship/train/1/1_54.wav,285.0,315.0,1,train,Passenger ship,deepship
1_54,20,/datasets/audio/deepship/train/1/1_54.wav,300.0,330.0,1,train,Passenger ship,deepship
1_54,21,/datasets/audio/deepship/train/1/1_54.wav,315.0,345.0,1,train,Passenger ship,deepship
1_54,22,/datasets/audio/deepship/train/1/1_54.wav,330.0,360.0,1,train,Passenger ship,deepship
1_54,23,/datasets/audio/deepship/train/1/1_54.wav,345.0,375.0,1,train,Passenger ship,deepship
1_54,24,/datasets/audio/deepship/train/1/1_54.wav,360.0,390.0,1,train,Passenger ship,deepship
1_54,25,/datasets/audio/deepship/train/1/1_54.wav,375.0,405.0,1,train,Passenger ship,deepship
1_54,26,/datasets/audio/deepship/train/1/1_54.wav,390.0,420.0,1,train,Passenger ship,deepship
1_54,27,/datasets/audio/deepship/train/1/1_54.wav,405.0,435.0,1,train,Passenger ship,deepship
1_54,28,/datasets/audio/deepship/train/1/1_54.wav,420.0,450.0,1,train,Passenger ship,deepship
1_54,29,/datasets/audio/deepship/train/1/1_54.wav,435.0,465.0,1,train,Passenger ship,deepship
1_54,30,/datasets/audio/deepship/train/1/1_54.wav,450.0,480.0,1,train,Passenger ship,deepship
1_54,31,/datasets/audio/deepship/train/1/1_54.wav,465.0,495.0,1,train,Passenger ship,deepship
1_54,32,/datasets/audio/deepship/train/1/1_54.wav,480.0,510.0,1,train,Passenger ship,deepship
1_54,33,/datasets/audio/deepship/train/1/1_54.wav,495.0,525.0,1,train,Passenger ship,deepship
1_54,34,/datasets/audio/deepship/train/1/1_54.wav,510.0,540.0,1,train,Passenger ship,deepship
1_54,35,/datasets/audio/deepship/train/1/1_54.wav,525.0,555.0,1,train,Passenger ship,deepship
1_54,36,/datasets/audio/deepship/train/1/1_54.wav,540.0,570.0,1,train,Passenger ship,deepship
1_54,37,/datasets/audio/deepship/train/1/1_54.wav,555.0,585.0,1,train,Passenger ship,deepship
1_54,38,/datasets/audio/deepship/train/1/1_54.wav,570.0,600.0,1,train,Passenger ship,deepship
1_54,39,/datasets/audio/deepship/train/1/1_54.wav,585.0,615.0,1,train,Passenger ship,deepship
1_54,40,/datasets/audio/deepship/train/1/1_54.wav,600.0,630.0,1,train,Passenger ship,deepship
1_54,41,/datasets/audio/deepship/train/1/1_54.wav,615.0,645.0,1,train,Passenger ship,deepship
1_54,42,/datasets/audio/deepship/train/1/1_54.wav,630.0,660.0,1,train,Passenger ship,deepship
1_54,43,/datasets/audio/deepship/train/1/1_54.wav,645.0,675.0,1,train,Passenger ship,deepship
1_54,44,/datasets/audio/deepship/train/1/1_54.wav,660.0,690.0,1,train,Passenger ship,deepship
1_54,45,/datasets/audio/deepship/train/1/1_54.wav,675.0,705.0,1,train,Passenger ship,deepship
1_54,46,/datasets/audio/deepship/train/1/1_54.wav,690.0,720.0,1,train,Passenger ship,deepship
1_54,47,/datasets/audio/deepship/train/1/1_54.wav,705.0,735.0,1,train,Passenger ship,deepship
1_54,48,/datasets/audio/deepship/train/1/1_54.wav,720.0,750.0,1,train,Passenger ship,deepship
1_54,49,/datasets/audio/deepship/train/1/1_54.wav,735.0,765.0,1,train,Passenger ship,deepship
1_54,50,/datasets/audio/deepship/train/1/1_54.wav,750.0,780.0,1,train,Passenger ship,deepship
1_54,51,/datasets/audio/deepship/train/1/1_54.wav,765.0,795.0,1,train,Passenger ship,deepship
1_54,52,/datasets/audio/deepship/train/1/1_54.wav,780.0,810.0,1,train,Passenger ship,deepship
1_54,53,/datasets/audio/deepship/train/1/1_54.wav,795.0,825.0,1,train,Passenger ship,deepship
1_54,54,/datasets/audio/deepship/train/1/1_54.wav,810.0,840.0,1,train,Passenger ship,deepship
1_54,55,/datasets/audio/deepship/train/1/1_54.wav,825.0,855.0,1,train,Passenger ship,deepship
1_54,56,/datasets/audio/deepship/train/1/1_54.wav,840.0,870.0,1,train,Passenger ship,deepship
1_54,57,/datasets/audio/deepship/train/1/1_54.wav,855.0,885.0,1,train,Passenger ship,deepship
1_54,58,/datasets/audio/deepship/train/1/1_54.wav,870.0,900.0,1,train,Passenger ship,deepship
1_54,59,/datasets/audio/deepship/train/1/1_54.wav,885.0,915.0,1,train,Passenger ship,deepship
1_54,60,/datasets/audio/deepship/train/1/1_54.wav,900.0,930.0,1,train,Passenger ship,deepship
1_54,61,/datasets/audio/deepship/train/1/1_54.wav,915.0,945.0,1,train,Passenger ship,deepship
1_54,62,/datasets/audio/deepship/train/1/1_54.wav,930.0,960.0,1,train,Passenger ship,deepship
1_54,63,/datasets/audio/deepship/train/1/1_54.wav,945.0,975.0,1,train,Passenger ship,deepship
1_54,64,/datasets/audio/deepship/train/1/1_54.wav,960.0,990.0,1,train,Passenger ship,deepship
1_54,65,/datasets/audio/deepship/train/1/1_54.wav,975.0,1005.0,1,train,Passenger ship,deepship
1_54,66,/datasets/audio/deepship/train/1/1_54.wav,990.0,1020.0,1,train,Passenger ship,deepship
1_54,67,/datasets/audio/deepship/train/1/1_54.wav,1005.0,1035.0,1,train,Passenger ship,deepship
1_54,68,/datasets/audio/deepship/train/1/1_54.wav,1020.0,1050.0,1,train,Passenger ship,deepship
1_54,69,/datasets/audio/deepship/train/1/1_54.wav,1035.0,1065.0,1,train,Passenger ship,deepship
1_54,70,/datasets/audio/deepship/train/1/1_54.wav,1050.0,1080.0,1,train,Passenger ship,deepship
1_54,71,/datasets/audio/deepship/train/1/1_54.wav,1065.0,1095.0,1,train,Passenger ship,deepship
1_54,72,/datasets/audio/deepship/train/1/1_54.wav,1080.0,1110.0,1,train,Passenger ship,deepship
1_54,73,/datasets/audio/deepship/train/1/1_54.wav,1095.0,1125.0,1,train,Passenger ship,deepship
1_54,74,/datasets/audio/deepship/train/1/1_54.wav,1110.0,1140.0,1,train,Passenger ship,deepship
1_54,75,/datasets/audio/deepship/train/1/1_54.wav,1125.0,1155.0,1,train,Passenger ship,deepship
1_54,76,/datasets/audio/deepship/train/1/1_54.wav,1140.0,1170.0,1,train,Passenger ship,deepship
1_54,77,/datasets/audio/deepship/train/1/1_54.wav,1155.0,1185.0,1,train,Passenger ship,deepship
1_54,78,/datasets/audio/deepship/train/1/1_54.wav,1170.0,1200.0,1,train,Passenger ship,deepship
1_54,79,/datasets/audio/deepship/train/1/1_54.wav,1185.0,1215.0,1,train,Passenger ship,deepship
1_54,80,/datasets/audio/deepship/train/1/1_54.wav,1200.0,1230.0,1,train,Passenger ship,deepship
1_54,81,/datasets/audio/deepship/train/1/1_54.wav,1215.0,1245.0,1,train,Passenger ship,deepship
1_54,82,/datasets/audio/deepship/train/1/1_54.wav,1230.0,1260.0,1,train,Passenger ship,deepship
1_54,83,/datasets/audio/deepship/train/1/1_54.wav,1245.0,1275.0,1,train,Passenger ship,deepship
1_54,84,/datasets/audio/deepship/train/1/1_54.wav,1260.0,1290.0,1,train,Passenger ship,deepship
1_54,85,/datasets/audio/deepship/train/1/1_54.wav,1270.0,1300.0,1,train,Passenger ship,deepship
1_55,0,/datasets/audio/deepship/train/1/1_55.wav,0.0,30.0,1,train,Passenger ship,deepship
1_55,1,/datasets/audio/deepship/train/1/1_55.wav,15.0,45.0,1,train,Passenger ship,deepship
1_55,2,/datasets/audio/deepship/train/1/1_55.wav,30.0,60.0,1,train,Passenger ship,deepship
1_55,3,/datasets/audio/deepship/train/1/1_55.wav,45.0,75.0,1,train,Passenger ship,deepship
1_55,4,/datasets/audio/deepship/train/1/1_55.wav,60.0,90.0,1,train,Passenger ship,deepship
1_55,5,/datasets/audio/deepship/train/1/1_55.wav,75.0,105.0,1,train,Passenger ship,deepship
1_55,6,/datasets/audio/deepship/train/1/1_55.wav,90.0,120.0,1,train,Passenger ship,deepship
1_55,7,/datasets/audio/deepship/train/1/1_55.wav,105.0,135.0,1,train,Passenger ship,deepship
1_55,8,/datasets/audio/deepship/train/1/1_55.wav,120.0,150.0,1,train,Passenger ship,deepship
1_55,9,/datasets/audio/deepship/train/1/1_55.wav,135.0,165.0,1,train,Passenger ship,deepship
1_55,10,/datasets/audio/deepship/train/1/1_55.wav,150.0,180.0,1,train,Passenger ship,deepship
1_55,11,/datasets/audio/deepship/train/1/1_55.wav,165.0,195.0,1,train,Passenger ship,deepship
1_55,12,/datasets/audio/deepship/train/1/1_55.wav,180.0,210.0,1,train,Passenger ship,deepship
1_55,13,/datasets/audio/deepship/train/1/1_55.wav,195.0,225.0,1,train,Passenger ship,deepship
1_55,14,/datasets/audio/deepship/train/1/1_55.wav,210.0,240.0,1,train,Passenger ship,deepship
1_55,15,/datasets/audio/deepship/train/1/1_55.wav,225.0,255.0,1,train,Passenger ship,deepship
1_55,16,/datasets/audio/deepship/train/1/1_55.wav,240.0,270.0,1,train,Passenger ship,deepship
1_55,17,/datasets/audio/deepship/train/1/1_55.wav,255.0,285.0,1,train,Passenger ship,deepship
1_55,18,/datasets/audio/deepship/train/1/1_55.wav,270.0,300.0,1,train,Passenger ship,deepship
1_55,19,/datasets/audio/deepship/train/1/1_55.wav,285.0,315.0,1,train,Passenger ship,deepship
1_55,20,/datasets/audio/deepship/train/1/1_55.wav,300.0,330.0,1,train,Passenger ship,deepship
1_55,21,/datasets/audio/deepship/train/1/1_55.wav,315.0,345.0,1,train,Passenger ship,deepship
1_55,22,/datasets/audio/deepship/train/1/1_55.wav,330.0,360.0,1,train,Passenger ship,deepship
1_55,23,/datasets/audio/deepship/train/1/1_55.wav,345.0,375.0,1,train,Passenger ship,deepship
1_55,24,/datasets/audio/deepship/train/1/1_55.wav,360.0,390.0,1,train,Passenger ship,deepship
1_55,25,/datasets/audio/deepship/train/1/1_55.wav,375.0,405.0,1,train,Passenger ship,deepship
1_55,26,/datasets/audio/deepship/train/1/1_55.wav,390.0,420.0,1,train,Passenger ship,deepship
1_55,27,/datasets/audio/deepship/train/1/1_55.wav,405.0,435.0,1,train,Passenger ship,deepship
1_55,28,/datasets/audio/deepship/train/1/1_55.wav,420.0,450.0,1,train,Passenger ship,deepship
1_55,29,/datasets/audio/deepship/train/1/1_55.wav,435.0,465.0,1,train,Passenger ship,deepship
1_55,30,/datasets/audio/deepship/train/1/1_55.wav,446.0,476.0,1,train,Passenger ship,deepship
1_56,0,/datasets/audio/deepship/train/1/1_56.wav,0.0,30.0,1,train,Passenger ship,deepship
1_56,1,/datasets/audio/deepship/train/1/1_56.wav,15.0,45.0,1,train,Passenger ship,deepship
1_56,2,/datasets/audio/deepship/train/1/1_56.wav,30.0,60.0,1,train,Passenger ship,deepship
1_56,3,/datasets/audio/deepship/train/1/1_56.wav,45.0,75.0,1,train,Passenger ship,deepship
1_56,4,/datasets/audio/deepship/train/1/1_56.wav,60.0,90.0,1,train,Passenger ship,deepship
1_56,5,/datasets/audio/deepship/train/1/1_56.wav,75.0,105.0,1,train,Passenger ship,deepship
1_56,6,/datasets/audio/deepship/train/1/1_56.wav,90.0,120.0,1,train,Passenger ship,deepship
1_56,7,/datasets/audio/deepship/train/1/1_56.wav,105.0,135.0,1,train,Passenger ship,deepship
1_56,8,/datasets/audio/deepship/train/1/1_56.wav,120.0,150.0,1,train,Passenger ship,deepship
1_56,9,/datasets/audio/deepship/train/1/1_56.wav,135.0,165.0,1,train,Passenger ship,deepship
1_56,10,/datasets/audio/deepship/train/1/1_56.wav,150.0,180.0,1,train,Passenger ship,deepship
1_56,11,/datasets/audio/deepship/train/1/1_56.wav,165.0,195.0,1,train,Passenger ship,deepship
1_56,12,/datasets/audio/deepship/train/1/1_56.wav,180.0,210.0,1,train,Passenger ship,deepship
1_56,13,/datasets/audio/deepship/train/1/1_56.wav,188.0,218.0,1,train,Passenger ship,deepship
1_58,0,/datasets/audio/deepship/train/1/1_58.wav,0.0,30.0,1,train,Passenger ship,deepship
1_58,1,/datasets/audio/deepship/train/1/1_58.wav,15.0,45.0,1,train,Passenger ship,deepship
1_58,2,/datasets/audio/deepship/train/1/1_58.wav,30.0,60.0,1,train,Passenger ship,deepship
1_58,3,/datasets/audio/deepship/train/1/1_58.wav,45.0,75.0,1,train,Passenger ship,deepship
1_58,4,/datasets/audio/deepship/train/1/1_58.wav,60.0,90.0,1,train,Passenger ship,deepship
1_58,5,/datasets/audio/deepship/train/1/1_58.wav,75.0,105.0,1,train,Passenger ship,deepship
1_58,6,/datasets/audio/deepship/train/1/1_58.wav,90.0,120.0,1,train,Passenger ship,deepship
1_58,7,/datasets/audio/deepship/train/1/1_58.wav,105.0,135.0,1,train,Passenger ship,deepship
1_58,8,/datasets/audio/deepship/train/1/1_58.wav,120.0,150.0,1,train,Passenger ship,deepship
1_58,9,/datasets/audio/deepship/train/1/1_58.wav,135.0,165.0,1,train,Passenger ship,deepship
1_58,10,/datasets/audio/deepship/train/1/1_58.wav,150.0,180.0,1,train,Passenger ship,deepship
1_58,11,/datasets/audio/deepship/train/1/1_58.wav,165.0,195.0,1,train,Passenger ship,deepship
1_58,12,/datasets/audio/deepship/train/1/1_58.wav,180.0,210.0,1,train,Passenger ship,deepship
1_58,13,/datasets/audio/deepship/train/1/1_58.wav,195.0,225.0,1,train,Passenger ship,deepship
1_58,14,/datasets/audio/deepship/train/1/1_58.wav,210.0,240.0,1,train,Passenger ship,deepship
1_58,15,/datasets/audio/deepship/train/1/1_58.wav,225.0,255.0,1,train,Passenger ship,deepship
1_58,16,/datasets/audio/deepship/train/1/1_58.wav,240.0,270.0,1,train,Passenger ship,deepship
1_58,17,/datasets/audio/deepship/train/1/1_58.wav,255.0,285.0,1,train,Passenger ship,deepship
1_58,18,/datasets/audio/deepship/train/1/1_58.wav,270.0,300.0,1,train,Passenger ship,deepship
1_58,19,/datasets/audio/deepship/train/1/1_58.wav,285.0,315.0,1,train,Passenger ship,deepship
1_58,20,/datasets/audio/deepship/train/1/1_58.wav,300.0,330.0,1,train,Passenger ship,deepship
1_58,21,/datasets/audio/deepship/train/1/1_58.wav,315.0,345.0,1,train,Passenger ship,deepship
1_58,22,/datasets/audio/deepship/train/1/1_58.wav,330.0,360.0,1,train,Passenger ship,deepship
1_58,23,/datasets/audio/deepship/train/1/1_58.wav,345.0,375.0,1,train,Passenger ship,deepship
1_58,24,/datasets/audio/deepship/train/1/1_58.wav,360.0,390.0,1,train,Passenger ship,deepship
1_58,25,/datasets/audio/deepship/train/1/1_58.wav,375.0,405.0,1,train,Passenger ship,deepship
1_58,26,/datasets/audio/deepship/train/1/1_58.wav,390.0,420.0,1,train,Passenger ship,deepship
1_58,27,/datasets/audio/deepship/train/1/1_58.wav,405.0,435.0,1,train,Passenger ship,deepship
1_58,28,/datasets/audio/deepship/train/1/1_58.wav,420.0,450.0,1,train,Passenger ship,deepship
1_58,29,/datasets/audio/deepship/train/1/1_58.wav,435.0,465.0,1,train,Passenger ship,deepship
1_58,30,/datasets/audio/deepship/train/1/1_58.wav,450.0,480.0,1,train,Passenger ship,deepship
1_58,31,/datasets/audio/deepship/train/1/1_58.wav,465.0,495.0,1,train,Passenger ship,deepship
1_58,32,/datasets/audio/deepship/train/1/1_58.wav,480.0,510.0,1,train,Passenger ship,deepship
1_58,33,/datasets/audio/deepship/train/1/1_58.wav,495.0,525.0,1,train,Passenger ship,deepship
1_58,34,/datasets/audio/deepship/train/1/1_58.wav,503.0,533.0,1,train,Passenger ship,deepship
1_59,0,/datasets/audio/deepship/train/1/1_59.wav,0.0,30.0,1,train,Passenger ship,deepship
1_59,1,/datasets/audio/deepship/train/1/1_59.wav,15.0,45.0,1,train,Passenger ship,deepship
1_59,2,/datasets/audio/deepship/train/1/1_59.wav,30.0,60.0,1,train,Passenger ship,deepship
1_59,3,/datasets/audio/deepship/train/1/1_59.wav,45.0,75.0,1,train,Passenger ship,deepship
1_59,4,/datasets/audio/deepship/train/1/1_59.wav,60.0,90.0,1,train,Passenger ship,deepship
1_59,5,/datasets/audio/deepship/train/1/1_59.wav,74.0,104.0,1,train,Passenger ship,deepship
1_6,0,/datasets/audio/deepship/train/1/1_6.wav,0.0,30.0,1,train,Passenger ship,deepship
1_63,0,/datasets/audio/deepship/train/1/1_63.wav,0.0,30.0,1,train,Passenger ship,deepship
1_65,0,/datasets/audio/deepship/train/1/1_65.wav,0.0,30.0,1,train,Passenger ship,deepship
1_65,1,/datasets/audio/deepship/train/1/1_65.wav,15.0,45.0,1,train,Passenger ship,deepship
1_65,2,/datasets/audio/deepship/train/1/1_65.wav,30.0,60.0,1,train,Passenger ship,deepship
1_65,3,/datasets/audio/deepship/train/1/1_65.wav,45.0,75.0,1,train,Passenger ship,deepship
1_65,4,/datasets/audio/deepship/train/1/1_65.wav,60.0,90.0,1,train,Passenger ship,deepship
1_65,5,/datasets/audio/deepship/train/1/1_65.wav,75.0,105.0,1,train,Passenger ship,deepship
1_65,6,/datasets/audio/deepship/train/1/1_65.wav,90.0,120.0,1,train,Passenger ship,deepship
1_65,7,/datasets/audio/deepship/train/1/1_65.wav,105.0,135.0,1,train,Passenger ship,deepship
1_65,8,/datasets/audio/deepship/train/1/1_65.wav,120.0,150.0,1,train,Passenger ship,deepship
1_65,9,/datasets/audio/deepship/train/1/1_65.wav,135.0,165.0,1,train,Passenger ship,deepship
1_65,10,/datasets/audio/deepship/train/1/1_65.wav,150.0,180.0,1,train,Passenger ship,deepship
1_65,11,/datasets/audio/deepship/train/1/1_65.wav,165.0,195.0,1,train,Passenger ship,deepship
1_65,12,/datasets/audio/deepship/train/1/1_65.wav,180.0,210.0,1,train,Passenger ship,deepship
1_65,13,/datasets/audio/deepship/train/1/1_65.wav,195.0,225.0,1,train,Passenger ship,deepship
1_65,14,/datasets/audio/deepship/train/1/1_65.wav,210.0,240.0,1,train,Passenger ship,deepship
1_65,15,/datasets/audio/deepship/train/1/1_65.wav,225.0,255.0,1,train,Passenger ship,deepship
1_65,16,/datasets/audio/deepship/train/1/1_65.wav,240.0,270.0,1,train,Passenger ship,deepship
1_65,17,/datasets/audio/deepship/train/1/1_65.wav,255.0,285.0,1,train,Passenger ship,deepship
1_65,18,/datasets/audio/deepship/train/1/1_65.wav,268.0,298.0,1,train,Passenger ship,deepship
1_66,0,/datasets/audio/deepship/train/1/1_66.wav,0.0,30.0,1,train,Passenger ship,deepship
1_66,1,/datasets/audio/deepship/train/1/1_66.wav,15.0,45.0,1,train,Passenger ship,deepship
1_66,2,/datasets/audio/deepship/train/1/1_66.wav,20.0,50.0,1,train,Passenger ship,deepship
1_69,0,/datasets/audio/deepship/train/1/1_69.wav,0.0,30.0,1,train,Passenger ship,deepship
1_69,1,/datasets/audio/deepship/train/1/1_69.wav,15.0,45.0,1,train,Passenger ship,deepship
1_69,2,/datasets/audio/deepship/train/1/1_69.wav,30.0,60.0,1,train,Passenger ship,deepship
1_69,3,/datasets/audio/deepship/train/1/1_69.wav,37.0,67.0,1,train,Passenger ship,deepship
1_71,0,/datasets/audio/deepship/train/1/1_71.wav,0.0,30.0,1,train,Passenger ship,deepship
1_71,1,/datasets/audio/deepship/train/1/1_71.wav,15.0,45.0,1,train,Passenger ship,deepship
1_71,2,/datasets/audio/deepship/train/1/1_71.wav,30.0,60.0,1,train,Passenger ship,deepship
1_71,3,/datasets/audio/deepship/train/1/1_71.wav,45.0,75.0,1,train,Passenger ship,deepship
1_71,4,/datasets/audio/deepship/train/1/1_71.wav,60.0,90.0,1,train,Passenger ship,deepship
1_71,5,/datasets/audio/deepship/train/1/1_71.wav,75.0,105.0,1,train,Passenger ship,deepship
1_71,6,/datasets/audio/deepship/train/1/1_71.wav,90.0,120.0,1,train,Passenger ship,deepship
1_71,7,/datasets/audio/deepship/train/1/1_71.wav,105.0,135.0,1,train,Passenger ship,deepship
1_71,8,/datasets/audio/deepship/train/1/1_71.wav,120.0,150.0,1,train,Passenger ship,deepship
1_71,9,/datasets/audio/deepship/train/1/1_71.wav,135.0,165.0,1,train,Passenger ship,deepship
1_71,10,/datasets/audio/deepship/train/1/1_71.wav,150.0,180.0,1,train,Passenger ship,deepship
1_71,11,/datasets/audio/deepship/train/1/1_71.wav,165.0,195.0,1,train,Passenger ship,deepship
1_71,12,/datasets/audio/deepship/train/1/1_71.wav,180.0,210.0,1,train,Passenger ship,deepship
1_71,13,/datasets/audio/deepship/train/1/1_71.wav,195.0,225.0,1,train,Passenger ship,deepship
1_71,14,/datasets/audio/deepship/train/1/1_71.wav,210.0,240.0,1,train,Passenger ship,deepship
1_71,15,/datasets/audio/deepship/train/1/1_71.wav,225.0,255.0,1,train,Passenger ship,deepship
1_71,16,/datasets/audio/deepship/train/1/1_71.wav,240.0,270.0,1,train,Passenger ship,deepship
1_71,17,/datasets/audio/deepship/train/1/1_71.wav,255.0,285.0,1,train,Passenger ship,deepship
1_71,18,/datasets/audio/deepship/train/1/1_71.wav,270.0,300.0,1,train,Passenger ship,deepship
1_71,19,/datasets/audio/deepship/train/1/1_71.wav,285.0,315.0,1,train,Passenger ship,deepship
1_71,20,/datasets/audio/deepship/train/1/1_71.wav,300.0,330.0,1,train,Passenger ship,deepship
1_71,21,/datasets/audio/deepship/train/1/1_71.wav,315.0,345.0,1,train,Passenger ship,deepship
1_71,22,/datasets/audio/deepship/train/1/1_71.wav,320.0,350.0,1,train,Passenger ship,deepship
1_72,0,/datasets/audio/deepship/train/1/1_72.wav,0.0,30.0,1,train,Passenger ship,deepship
1_72,1,/datasets/audio/deepship/train/1/1_72.wav,15.0,45.0,1,train,Passenger ship,deepship
1_72,2,/datasets/audio/deepship/train/1/1_72.wav,30.0,60.0,1,train,Passenger ship,deepship
1_72,3,/datasets/audio/deepship/train/1/1_72.wav,45.0,75.0,1,train,Passenger ship,deepship
1_72,4,/datasets/audio/deepship/train/1/1_72.wav,60.0,90.0,1,train,Passenger ship,deepship
1_72,5,/datasets/audio/deepship/train/1/1_72.wav,75.0,105.0,1,train,Passenger ship,deepship
1_72,6,/datasets/audio/deepship/train/1/1_72.wav,90.0,120.0,1,train,Passenger ship,deepship
1_72,7,/datasets/audio/deepship/train/1/1_72.wav,105.0,135.0,1,train,Passenger ship,deepship
1_72,8,/datasets/audio/deepship/train/1/1_72.wav,120.0,150.0,1,train,Passenger ship,deepship
1_72,9,/datasets/audio/deepship/train/1/1_72.wav,135.0,165.0,1,train,Passenger ship,deepship
1_72,10,/datasets/audio/deepship/train/1/1_72.wav,150.0,180.0,1,train,Passenger ship,deepship
1_72,11,/datasets/audio/deepship/train/1/1_72.wav,165.0,195.0,1,train,Passenger ship,deepship
1_72,12,/datasets/audio/deepship/train/1/1_72.wav,180.0,210.0,1,train,Passenger ship,deepship
1_72,13,/datasets/audio/deepship/train/1/1_72.wav,195.0,225.0,1,train,Passenger ship,deepship
1_72,14,/datasets/audio/deepship/train/1/1_72.wav,206.0,236.0,1,train,Passenger ship,deepship
1_73,0,/datasets/audio/deepship/train/1/1_73.wav,0.0,30.0,1,train,Passenger ship,deepship
1_74,0,/datasets/audio/deepship/train/1/1_74.wav,0.0,30.0,1,train,Passenger ship,deepship
1_74,1,/datasets/audio/deepship/train/1/1_74.wav,15.0,45.0,1,train,Passenger ship,deepship
1_74,2,/datasets/audio/deepship/train/1/1_74.wav,30.0,60.0,1,train,Passenger ship,deepship
1_74,3,/datasets/audio/deepship/train/1/1_74.wav,45.0,75.0,1,train,Passenger ship,deepship
1_74,4,/datasets/audio/deepship/train/1/1_74.wav,60.0,90.0,1,train,Passenger ship,deepship
1_74,5,/datasets/audio/deepship/train/1/1_74.wav,75.0,105.0,1,train,Passenger ship,deepship
1_74,6,/datasets/audio/deepship/train/1/1_74.wav,90.0,120.0,1,train,Passenger ship,deepship
1_74,7,/datasets/audio/deepship/train/1/1_74.wav,105.0,135.0,1,train,Passenger ship,deepship
1_74,8,/datasets/audio/deepship/train/1/1_74.wav,120.0,150.0,1,train,Passenger ship,deepship
1_74,9,/datasets/audio/deepship/train/1/1_74.wav,135.0,165.0,1,train,Passenger ship,deepship
1_74,10,/datasets/audio/deepship/train/1/1_74.wav,150.0,180.0,1,train,Passenger ship,deepship
1_74,11,/datasets/audio/deepship/train/1/1_74.wav,165.0,195.0,1,train,Passenger ship,deepship
1_74,12,/datasets/audio/deepship/train/1/1_74.wav,180.0,210.0,1,train,Passenger ship,deepship
1_74,13,/datasets/audio/deepship/train/1/1_74.wav,195.0,225.0,1,train,Passenger ship,deepship
1_74,14,/datasets/audio/deepship/train/1/1_74.wav,210.0,240.0,1,train,Passenger ship,deepship
1_74,15,/datasets/audio/deepship/train/1/1_74.wav,225.0,255.0,1,train,Passenger ship,deepship
1_74,16,/datasets/audio/deepship/train/1/1_74.wav,240.0,270.0,1,train,Passenger ship,deepship
1_74,17,/datasets/audio/deepship/train/1/1_74.wav,255.0,285.0,1,train,Passenger ship,deepship
1_74,18,/datasets/audio/deepship/train/1/1_74.wav,270.0,300.0,1,train,Passenger ship,deepship
1_74,19,/datasets/audio/deepship/train/1/1_74.wav,285.0,315.0,1,train,Passenger ship,deepship
1_74,20,/datasets/audio/deepship/train/1/1_74.wav,300.0,330.0,1,train,Passenger ship,deepship
1_74,21,/datasets/audio/deepship/train/1/1_74.wav,315.0,345.0,1,train,Passenger ship,deepship
1_74,22,/datasets/audio/deepship/train/1/1_74.wav,330.0,360.0,1,train,Passenger ship,deepship
1_74,23,/datasets/audio/deepship/train/1/1_74.wav,334.0,364.0,1,train,Passenger ship,deepship
1_78,0,/datasets/audio/deepship/train/1/1_78.wav,0.0,30.0,1,train,Passenger ship,deepship
1_79,0,/datasets/audio/deepship/train/1/1_79.wav,0.0,30.0,1,train,Passenger ship,deepship
1_8,0,/datasets/audio/deepship/train/1/1_8.wav,0.0,30.0,1,train,Passenger ship,deepship
1_80,0,/datasets/audio/deepship/train/1/1_80.wav,0.0,30.0,1,train,Passenger ship,deepship
1_80,1,/datasets/audio/deepship/train/1/1_80.wav,10.0,40.0,1,train,Passenger ship,deepship
1_81,0,/datasets/audio/deepship/train/1/1_81.wav,0.0,30.0,1,train,Passenger ship,deepship
1_82,0,/datasets/audio/deepship/train/1/1_82.wav,0.0,30.0,1,train,Passenger ship,deepship
1_83,0,/datasets/audio/deepship/train/1/1_83.wav,0.0,30.0,1,train,Passenger ship,deepship
1_83,1,/datasets/audio/deepship/train/1/1_83.wav,15.0,45.0,1,train,Passenger ship,deepship
1_83,2,/datasets/audio/deepship/train/1/1_83.wav,30.0,60.0,1,train,Passenger ship,deepship
1_83,3,/datasets/audio/deepship/train/1/1_83.wav,45.0,75.0,1,train,Passenger ship,deepship
1_83,4,/datasets/audio/deepship/train/1/1_83.wav,60.0,90.0,1,train,Passenger ship,deepship
1_83,5,/datasets/audio/deepship/train/1/1_83.wav,75.0,105.0,1,train,Passenger ship,deepship
1_83,6,/datasets/audio/deepship/train/1/1_83.wav,90.0,120.0,1,train,Passenger ship,deepship
1_83,7,/datasets/audio/deepship/train/1/1_83.wav,93.0,123.0,1,train,Passenger ship,deepship
1_85,0,/datasets/audio/deepship/train/1/1_85.wav,0.0,30.0,1,train,Passenger ship,deepship
1_85,1,/datasets/audio/deepship/train/1/1_85.wav,15.0,45.0,1,train,Passenger ship,deepship
1_85,2,/datasets/audio/deepship/train/1/1_85.wav,30.0,60.0,1,train,Passenger ship,deepship
1_85,3,/datasets/audio/deepship/train/1/1_85.wav,45.0,75.0,1,train,Passenger ship,deepship
1_85,4,/datasets/audio/deepship/train/1/1_85.wav,60.0,90.0,1,train,Passenger ship,deepship
1_85,5,/datasets/audio/deepship/train/1/1_85.wav,75.0,105.0,1,train,Passenger ship,deepship
1_85,6,/datasets/audio/deepship/train/1/1_85.wav,90.0,120.0,1,train,Passenger ship,deepship
1_85,7,/datasets/audio/deepship/train/1/1_85.wav,105.0,135.0,1,train,Passenger ship,deepship
1_85,8,/datasets/audio/deepship/train/1/1_85.wav,120.0,150.0,1,train,Passenger ship,deepship
1_85,9,/datasets/audio/deepship/train/1/1_85.wav,135.0,165.0,1,train,Passenger ship,deepship
1_85,10,/datasets/audio/deepship/train/1/1_85.wav,150.0,180.0,1,train,Passenger ship,deepship
1_85,11,/datasets/audio/deepship/train/1/1_85.wav,165.0,195.0,1,train,Passenger ship,deepship
1_85,12,/datasets/audio/deepship/train/1/1_85.wav,180.0,210.0,1,train,Passenger ship,deepship
1_85,13,/datasets/audio/deepship/train/1/1_85.wav,195.0,225.0,1,train,Passenger ship,deepship
1_85,14,/datasets/audio/deepship/train/1/1_85.wav,210.0,240.0,1,train,Passenger ship,deepship
1_85,15,/datasets/audio/deepship/train/1/1_85.wav,225.0,255.0,1,train,Passenger ship,deepship
1_85,16,/datasets/audio/deepship/train/1/1_85.wav,240.0,270.0,1,train,Passenger ship,deepship
1_85,17,/datasets/audio/deepship/train/1/1_85.wav,255.0,285.0,1,train,Passenger ship,deepship
1_85,18,/datasets/audio/deepship/train/1/1_85.wav,270.0,300.0,1,train,Passenger ship,deepship
1_85,19,/datasets/audio/deepship/train/1/1_85.wav,285.0,315.0,1,train,Passenger ship,deepship
1_85,20,/datasets/audio/deepship/train/1/1_85.wav,300.0,330.0,1,train,Passenger ship,deepship
1_85,21,/datasets/audio/deepship/train/1/1_85.wav,315.0,345.0,1,train,Passenger ship,deepship
1_85,22,/datasets/audio/deepship/train/1/1_85.wav,330.0,360.0,1,train,Passenger ship,deepship
1_85,23,/datasets/audio/deepship/train/1/1_85.wav,342.0,372.0,1,train,Passenger ship,deepship
1_87,0,/datasets/audio/deepship/train/1/1_87.wav,0.0,30.0,1,train,Passenger ship,deepship
1_87,1,/datasets/audio/deepship/train/1/1_87.wav,15.0,45.0,1,train,Passenger ship,deepship
1_87,2,/datasets/audio/deepship/train/1/1_87.wav,30.0,60.0,1,train,Passenger ship,deepship
1_87,3,/datasets/audio/deepship/train/1/1_87.wav,45.0,75.0,1,train,Passenger ship,deepship
1_87,4,/datasets/audio/deepship/train/1/1_87.wav,60.0,90.0,1,train,Passenger ship,deepship
1_87,5,/datasets/audio/deepship/train/1/1_87.wav,75.0,105.0,1,train,Passenger ship,deepship
1_87,6,/datasets/audio/deepship/train/1/1_87.wav,90.0,120.0,1,train,Passenger ship,deepship
1_87,7,/datasets/audio/deepship/train/1/1_87.wav,105.0,135.0,1,train,Passenger ship,deepship
1_87,8,/datasets/audio/deepship/train/1/1_87.wav,120.0,150.0,1,train,Passenger ship,deepship
1_87,9,/datasets/audio/deepship/train/1/1_87.wav,135.0,165.0,1,train,Passenger ship,deepship
1_87,10,/datasets/audio/deepship/train/1/1_87.wav,150.0,180.0,1,train,Passenger ship,deepship
1_87,11,/datasets/audio/deepship/train/1/1_87.wav,165.0,195.0,1,train,Passenger ship,deepship
1_87,12,/datasets/audio/deepship/train/1/1_87.wav,180.0,210.0,1,train,Passenger ship,deepship
1_87,13,/datasets/audio/deepship/train/1/1_87.wav,195.0,225.0,1,train,Passenger ship,deepship
1_87,14,/datasets/audio/deepship/train/1/1_87.wav,210.0,240.0,1,train,Passenger ship,deepship
1_87,15,/datasets/audio/deepship/train/1/1_87.wav,225.0,255.0,1,train,Passenger ship,deepship
1_87,16,/datasets/audio/deepship/train/1/1_87.wav,240.0,270.0,1,train,Passenger ship,deepship
1_87,17,/datasets/audio/deepship/train/1/1_87.wav,255.0,285.0,1,train,Passenger ship,deepship
1_87,18,/datasets/audio/deepship/train/1/1_87.wav,270.0,300.0,1,train,Passenger ship,deepship
1_87,19,/datasets/audio/deepship/train/1/1_87.wav,285.0,315.0,1,train,Passenger ship,deepship
1_87,20,/datasets/audio/deepship/train/1/1_87.wav,300.0,330.0,1,train,Passenger ship,deepship
1_87,21,/datasets/audio/deepship/train/1/1_87.wav,315.0,345.0,1,train,Passenger ship,deepship
1_87,22,/datasets/audio/deepship/train/1/1_87.wav,330.0,360.0,1,train,Passenger ship,deepship
1_87,23,/datasets/audio/deepship/train/1/1_87.wav,339.0,369.0,1,train,Passenger ship,deepship
1_88,0,/datasets/audio/deepship/train/1/1_88.wav,0.0,30.0,1,train,Passenger ship,deepship
1_88,1,/datasets/audio/deepship/train/1/1_88.wav,15.0,45.0,1,train,Passenger ship,deepship
1_88,2,/datasets/audio/deepship/train/1/1_88.wav,30.0,60.0,1,train,Passenger ship,deepship
1_88,3,/datasets/audio/deepship/train/1/1_88.wav,45.0,75.0,1,train,Passenger ship,deepship
1_88,4,/datasets/audio/deepship/train/1/1_88.wav,60.0,90.0,1,train,Passenger ship,deepship
1_88,5,/datasets/audio/deepship/train/1/1_88.wav,75.0,105.0,1,train,Passenger ship,deepship
1_88,6,/datasets/audio/deepship/train/1/1_88.wav,90.0,120.0,1,train,Passenger ship,deepship
1_88,7,/datasets/audio/deepship/train/1/1_88.wav,105.0,135.0,1,train,Passenger ship,deepship
1_88,8,/datasets/audio/deepship/train/1/1_88.wav,120.0,150.0,1,train,Passenger ship,deepship
1_88,9,/datasets/audio/deepship/train/1/1_88.wav,135.0,165.0,1,train,Passenger ship,deepship
1_88,10,/datasets/audio/deepship/train/1/1_88.wav,150.0,180.0,1,train,Passenger ship,deepship
1_88,11,/datasets/audio/deepship/train/1/1_88.wav,165.0,195.0,1,train,Passenger ship,deepship
1_88,12,/datasets/audio/deepship/train/1/1_88.wav,180.0,210.0,1,train,Passenger ship,deepship
1_88,13,/datasets/audio/deepship/train/1/1_88.wav,195.0,225.0,1,train,Passenger ship,deepship
1_88,14,/datasets/audio/deepship/train/1/1_88.wav,210.0,240.0,1,train,Passenger ship,deepship
1_88,15,/datasets/audio/deepship/train/1/1_88.wav,225.0,255.0,1,train,Passenger ship,deepship
1_88,16,/datasets/audio/deepship/train/1/1_88.wav,240.0,270.0,1,train,Passenger ship,deepship
1_88,17,/datasets/audio/deepship/train/1/1_88.wav,254.0,284.0,1,train,Passenger ship,deepship
1_89,0,/datasets/audio/deepship/train/1/1_89.wav,0.0,30.0,1,train,Passenger ship,deepship
1_89,1,/datasets/audio/deepship/train/1/1_89.wav,15.0,45.0,1,train,Passenger ship,deepship
1_89,2,/datasets/audio/deepship/train/1/1_89.wav,20.0,50.0,1,train,Passenger ship,deepship
1_9,0,/datasets/audio/deepship/train/1/1_9.wav,0.0,30.0,1,train,Passenger ship,deepship
1_90,0,/datasets/audio/deepship/train/1/1_90.wav,0.0,30.0,1,train,Passenger ship,deepship
1_90,1,/datasets/audio/deepship/train/1/1_90.wav,15.0,45.0,1,train,Passenger ship,deepship
1_90,2,/datasets/audio/deepship/train/1/1_90.wav,30.0,60.0,1,train,Passenger ship,deepship
1_90,3,/datasets/audio/deepship/train/1/1_90.wav,45.0,75.0,1,train,Passenger ship,deepship
1_90,4,/datasets/audio/deepship/train/1/1_90.wav,60.0,90.0,1,train,Passenger ship,deepship
1_90,5,/datasets/audio/deepship/train/1/1_90.wav,75.0,105.0,1,train,Passenger ship,deepship
1_90,6,/datasets/audio/deepship/train/1/1_90.wav,90.0,120.0,1,train,Passenger ship,deepship
1_90,7,/datasets/audio/deepship/train/1/1_90.wav,105.0,135.0,1,train,Passenger ship,deepship
1_90,8,/datasets/audio/deepship/train/1/1_90.wav,120.0,150.0,1,train,Passenger ship,deepship
1_90,9,/datasets/audio/deepship/train/1/1_90.wav,135.0,165.0,1,train,Passenger ship,deepship
1_90,10,/datasets/audio/deepship/train/1/1_90.wav,150.0,180.0,1,train,Passenger ship,deepship
1_90,11,/datasets/audio/deepship/train/1/1_90.wav,165.0,195.0,1,train,Passenger ship,deepship
1_90,12,/datasets/audio/deepship/train/1/1_90.wav,180.0,210.0,1,train,Passenger ship,deepship
1_90,13,/datasets/audio/deepship/train/1/1_90.wav,195.0,225.0,1,train,Passenger ship,deepship
1_90,14,/datasets/audio/deepship/train/1/1_90.wav,210.0,240.0,1,train,Passenger ship,deepship
1_90,15,/datasets/audio/deepship/train/1/1_90.wav,225.0,255.0,1,train,Passenger ship,deepship
1_90,16,/datasets/audio/deepship/train/1/1_90.wav,240.0,270.0,1,train,Passenger ship,deepship
1_90,17,/datasets/audio/deepship/train/1/1_90.wav,255.0,285.0,1,train,Passenger ship,deepship
1_90,18,/datasets/audio/deepship/train/1/1_90.wav,270.0,300.0,1,train,Passenger ship,deepship
1_92,0,/datasets/audio/deepship/train/1/1_92.wav,0.0,30.0,1,train,Passenger ship,deepship
1_92,1,/datasets/audio/deepship/train/1/1_92.wav,15.0,45.0,1,train,Passenger ship,deepship
1_92,2,/datasets/audio/deepship/train/1/1_92.wav,30.0,60.0,1,train,Passenger ship,deepship
1_92,3,/datasets/audio/deepship/train/1/1_92.wav,45.0,75.0,1,train,Passenger ship,deepship
1_92,4,/datasets/audio/deepship/train/1/1_92.wav,60.0,90.0,1,train,Passenger ship,deepship
1_92,5,/datasets/audio/deepship/train/1/1_92.wav,75.0,105.0,1,train,Passenger ship,deepship
1_92,6,/datasets/audio/deepship/train/1/1_92.wav,90.0,120.0,1,train,Passenger ship,deepship
1_92,7,/datasets/audio/deepship/train/1/1_92.wav,105.0,135.0,1,train,Passenger ship,deepship
1_92,8,/datasets/audio/deepship/train/1/1_92.wav,120.0,150.0,1,train,Passenger ship,deepship
1_92,9,/datasets/audio/deepship/train/1/1_92.wav,135.0,165.0,1,train,Passenger ship,deepship
1_92,10,/datasets/audio/deepship/train/1/1_92.wav,150.0,180.0,1,train,Passenger ship,deepship
1_92,11,/datasets/audio/deepship/train/1/1_92.wav,165.0,195.0,1,train,Passenger ship,deepship
1_92,12,/datasets/audio/deepship/train/1/1_92.wav,180.0,210.0,1,train,Passenger ship,deepship
1_92,13,/datasets/audio/deepship/train/1/1_92.wav,195.0,225.0,1,train,Passenger ship,deepship
1_92,14,/datasets/audio/deepship/train/1/1_92.wav,210.0,240.0,1,train,Passenger ship,deepship
1_92,15,/datasets/audio/deepship/train/1/1_92.wav,225.0,255.0,1,train,Passenger ship,deepship
1_92,16,/datasets/audio/deepship/train/1/1_92.wav,237.0,267.0,1,train,Passenger ship,deepship
1_93,0,/datasets/audio/deepship/train/1/1_93.wav,0.0,30.0,1,train,Passenger ship,deepship
1_93,1,/datasets/audio/deepship/train/1/1_93.wav,15.0,45.0,1,train,Passenger ship,deepship
1_93,2,/datasets/audio/deepship/train/1/1_93.wav,30.0,60.0,1,train,Passenger ship,deepship
1_93,3,/datasets/audio/deepship/train/1/1_93.wav,45.0,75.0,1,train,Passenger ship,deepship
1_93,4,/datasets/audio/deepship/train/1/1_93.wav,60.0,90.0,1,train,Passenger ship,deepship
1_93,5,/datasets/audio/deepship/train/1/1_93.wav,75.0,105.0,1,train,Passenger ship,deepship
1_93,6,/datasets/audio/deepship/train/1/1_93.wav,90.0,120.0,1,train,Passenger ship,deepship
1_93,7,/datasets/audio/deepship/train/1/1_93.wav,92.0,122.0,1,train,Passenger ship,deepship
1_94,0,/datasets/audio/deepship/train/1/1_94.wav,0.0,30.0,1,train,Passenger ship,deepship
1_94,1,/datasets/audio/deepship/train/1/1_94.wav,15.0,45.0,1,train,Passenger ship,deepship
1_94,2,/datasets/audio/deepship/train/1/1_94.wav,30.0,60.0,1,train,Passenger ship,deepship
1_94,3,/datasets/audio/deepship/train/1/1_94.wav,45.0,75.0,1,train,Passenger ship,deepship
1_94,4,/datasets/audio/deepship/train/1/1_94.wav,60.0,90.0,1,train,Passenger ship,deepship
1_94,5,/datasets/audio/deepship/train/1/1_94.wav,75.0,105.0,1,train,Passenger ship,deepship
1_94,6,/datasets/audio/deepship/train/1/1_94.wav,90.0,120.0,1,train,Passenger ship,deepship
1_94,7,/datasets/audio/deepship/train/1/1_94.wav,105.0,135.0,1,train,Passenger ship,deepship
1_94,8,/datasets/audio/deepship/train/1/1_94.wav,120.0,150.0,1,train,Passenger ship,deepship
1_94,9,/datasets/audio/deepship/train/1/1_94.wav,135.0,165.0,1,train,Passenger ship,deepship
1_94,10,/datasets/audio/deepship/train/1/1_94.wav,150.0,180.0,1,train,Passenger ship,deepship
1_94,11,/datasets/audio/deepship/train/1/1_94.wav,165.0,195.0,1,train,Passenger ship,deepship
1_94,12,/datasets/audio/deepship/train/1/1_94.wav,180.0,210.0,1,train,Passenger ship,deepship
1_94,13,/datasets/audio/deepship/train/1/1_94.wav,195.0,225.0,1,train,Passenger ship,deepship
1_94,14,/datasets/audio/deepship/train/1/1_94.wav,210.0,240.0,1,train,Passenger ship,deepship
1_94,15,/datasets/audio/deepship/train/1/1_94.wav,225.0,255.0,1,train,Passenger ship,deepship
1_94,16,/datasets/audio/deepship/train/1/1_94.wav,240.0,270.0,1,train,Passenger ship,deepship
1_94,17,/datasets/audio/deepship/train/1/1_94.wav,255.0,285.0,1,train,Passenger ship,deepship
1_94,18,/datasets/audio/deepship/train/1/1_94.wav,270.0,300.0,1,train,Passenger ship,deepship
1_94,19,/datasets/audio/deepship/train/1/1_94.wav,285.0,315.0,1,train,Passenger ship,deepship
1_94,20,/datasets/audio/deepship/train/1/1_94.wav,300.0,330.0,1,train,Passenger ship,deepship
1_94,21,/datasets/audio/deepship/train/1/1_94.wav,315.0,345.0,1,train,Passenger ship,deepship
1_94,22,/datasets/audio/deepship/train/1/1_94.wav,330.0,360.0,1,train,Passenger ship,deepship
1_94,23,/datasets/audio/deepship/train/1/1_94.wav,345.0,375.0,1,train,Passenger ship,deepship
1_94,24,/datasets/audio/deepship/train/1/1_94.wav,360.0,390.0,1,train,Passenger ship,deepship
1_94,25,/datasets/audio/deepship/train/1/1_94.wav,375.0,405.0,1,train,Passenger ship,deepship
1_94,26,/datasets/audio/deepship/train/1/1_94.wav,390.0,420.0,1,train,Passenger ship,deepship
1_94,27,/datasets/audio/deepship/train/1/1_94.wav,405.0,435.0,1,train,Passenger ship,deepship
1_94,28,/datasets/audio/deepship/train/1/1_94.wav,420.0,450.0,1,train,Passenger ship,deepship
1_94,29,/datasets/audio/deepship/train/1/1_94.wav,433.0,463.0,1,train,Passenger ship,deepship
1_95,0,/datasets/audio/deepship/train/1/1_95.wav,0.0,30.0,1,train,Passenger ship,deepship
1_95,1,/datasets/audio/deepship/train/1/1_95.wav,15.0,45.0,1,train,Passenger ship,deepship
1_95,2,/datasets/audio/deepship/train/1/1_95.wav,30.0,60.0,1,train,Passenger ship,deepship
1_95,3,/datasets/audio/deepship/train/1/1_95.wav,45.0,75.0,1,train,Passenger ship,deepship
1_95,4,/datasets/audio/deepship/train/1/1_95.wav,60.0,90.0,1,train,Passenger ship,deepship
1_95,5,/datasets/audio/deepship/train/1/1_95.wav,75.0,105.0,1,train,Passenger ship,deepship
1_95,6,/datasets/audio/deepship/train/1/1_95.wav,90.0,120.0,1,train,Passenger ship,deepship
1_95,7,/datasets/audio/deepship/train/1/1_95.wav,105.0,135.0,1,train,Passenger ship,deepship
1_95,8,/datasets/audio/deepship/train/1/1_95.wav,120.0,150.0,1,train,Passenger ship,deepship
1_96,0,/datasets/audio/deepship/train/1/1_96.wav,0.0,30.0,1,train,Passenger ship,deepship
1_96,1,/datasets/audio/deepship/train/1/1_96.wav,15.0,45.0,1,train,Passenger ship,deepship
1_96,2,/datasets/audio/deepship/train/1/1_96.wav,30.0,60.0,1,train,Passenger ship,deepship
1_96,3,/datasets/audio/deepship/train/1/1_96.wav,45.0,75.0,1,train,Passenger ship,deepship
1_96,4,/datasets/audio/deepship/train/1/1_96.wav,60.0,90.0,1,train,Passenger ship,deepship
1_96,5,/datasets/audio/deepship/train/1/1_96.wav,75.0,105.0,1,train,Passenger ship,deepship
1_96,6,/datasets/audio/deepship/train/1/1_96.wav,90.0,120.0,1,train,Passenger ship,deepship
1_96,7,/datasets/audio/deepship/train/1/1_96.wav,105.0,135.0,1,train,Passenger ship,deepship
1_96,8,/datasets/audio/deepship/train/1/1_96.wav,120.0,150.0,1,train,Passenger ship,deepship
1_96,9,/datasets/audio/deepship/train/1/1_96.wav,135.0,165.0,1,train,Passenger ship,deepship
1_96,10,/datasets/audio/deepship/train/1/1_96.wav,150.0,180.0,1,train,Passenger ship,deepship
1_96,11,/datasets/audio/deepship/train/1/1_96.wav,165.0,195.0,1,train,Passenger ship,deepship
1_96,12,/datasets/audio/deepship/train/1/1_96.wav,180.0,210.0,1,train,Passenger ship,deepship
1_96,13,/datasets/audio/deepship/train/1/1_96.wav,195.0,225.0,1,train,Passenger ship,deepship
1_96,14,/datasets/audio/deepship/train/1/1_96.wav,210.0,240.0,1,train,Passenger ship,deepship
1_96,15,/datasets/audio/deepship/train/1/1_96.wav,225.0,255.0,1,train,Passenger ship,deepship
1_96,16,/datasets/audio/deepship/train/1/1_96.wav,240.0,270.0,1,train,Passenger ship,deepship
1_96,17,/datasets/audio/deepship/train/1/1_96.wav,255.0,285.0,1,train,Passenger ship,deepship
1_96,18,/datasets/audio/deepship/train/1/1_96.wav,270.0,300.0,1,train,Passenger ship,deepship
1_96,19,/datasets/audio/deepship/train/1/1_96.wav,285.0,315.0,1,train,Passenger ship,deepship
1_96,20,/datasets/audio/deepship/train/1/1_96.wav,300.0,330.0,1,train,Passenger ship,deepship
1_96,21,/datasets/audio/deepship/train/1/1_96.wav,315.0,345.0,1,train,Passenger ship,deepship
1_96,22,/datasets/audio/deepship/train/1/1_96.wav,330.0,360.0,1,train,Passenger ship,deepship
1_96,23,/datasets/audio/deepship/train/1/1_96.wav,345.0,375.0,1,train,Passenger ship,deepship
1_96,24,/datasets/audio/deepship/train/1/1_96.wav,360.0,390.0,1,train,Passenger ship,deepship
1_96,25,/datasets/audio/deepship/train/1/1_96.wav,375.0,405.0,1,train,Passenger ship,deepship
1_96,26,/datasets/audio/deepship/train/1/1_96.wav,390.0,420.0,1,train,Passenger ship,deepship
1_96,27,/datasets/audio/deepship/train/1/1_96.wav,405.0,435.0,1,train,Passenger ship,deepship
1_96,28,/datasets/audio/deepship/train/1/1_96.wav,420.0,450.0,1,train,Passenger ship,deepship
1_96,29,/datasets/audio/deepship/train/1/1_96.wav,435.0,465.0,1,train,Passenger ship,deepship
1_96,30,/datasets/audio/deepship/train/1/1_96.wav,450.0,480.0,1,train,Passenger ship,deepship
1_96,31,/datasets/audio/deepship/train/1/1_96.wav,465.0,495.0,1,train,Passenger ship,deepship
1_96,32,/datasets/audio/deepship/train/1/1_96.wav,480.0,510.0,1,train,Passenger ship,deepship
1_96,33,/datasets/audio/deepship/train/1/1_96.wav,495.0,525.0,1,train,Passenger ship,deepship
1_96,34,/datasets/audio/deepship/train/1/1_96.wav,510.0,540.0,1,train,Passenger ship,deepship
1_96,35,/datasets/audio/deepship/train/1/1_96.wav,525.0,555.0,1,train,Passenger ship,deepship
1_96,36,/datasets/audio/deepship/train/1/1_96.wav,540.0,570.0,1,train,Passenger ship,deepship
1_96,37,/datasets/audio/deepship/train/1/1_96.wav,555.0,585.0,1,train,Passenger ship,deepship
1_96,38,/datasets/audio/deepship/train/1/1_96.wav,570.0,600.0,1,train,Passenger ship,deepship
1_96,39,/datasets/audio/deepship/train/1/1_96.wav,585.0,615.0,1,train,Passenger ship,deepship
1_96,40,/datasets/audio/deepship/train/1/1_96.wav,600.0,630.0,1,train,Passenger ship,deepship
1_96,41,/datasets/audio/deepship/train/1/1_96.wav,615.0,645.0,1,train,Passenger ship,deepship
1_96,42,/datasets/audio/deepship/train/1/1_96.wav,630.0,660.0,1,train,Passenger ship,deepship
1_96,43,/datasets/audio/deepship/train/1/1_96.wav,645.0,675.0,1,train,Passenger ship,deepship
1_96,44,/datasets/audio/deepship/train/1/1_96.wav,660.0,690.0,1,train,Passenger ship,deepship
1_96,45,/datasets/audio/deepship/train/1/1_96.wav,675.0,705.0,1,train,Passenger ship,deepship
1_96,46,/datasets/audio/deepship/train/1/1_96.wav,690.0,720.0,1,train,Passenger ship,deepship
1_96,47,/datasets/audio/deepship/train/1/1_96.wav,705.0,735.0,1,train,Passenger ship,deepship
1_96,48,/datasets/audio/deepship/train/1/1_96.wav,720.0,750.0,1,train,Passenger ship,deepship
1_96,49,/datasets/audio/deepship/train/1/1_96.wav,735.0,765.0,1,train,Passenger ship,deepship
1_96,50,/datasets/audio/deepship/train/1/1_96.wav,750.0,780.0,1,train,Passenger ship,deepship
1_96,51,/datasets/audio/deepship/train/1/1_96.wav,765.0,795.0,1,train,Passenger ship,deepship
1_96,52,/datasets/audio/deepship/train/1/1_96.wav,780.0,810.0,1,train,Passenger ship,deepship
1_96,53,/datasets/audio/deepship/train/1/1_96.wav,795.0,825.0,1,train,Passenger ship,deepship
1_96,54,/datasets/audio/deepship/train/1/1_96.wav,810.0,840.0,1,train,Passenger ship,deepship
1_96,55,/datasets/audio/deepship/train/1/1_96.wav,825.0,855.0,1,train,Passenger ship,deepship
1_96,56,/datasets/audio/deepship/train/1/1_96.wav,840.0,870.0,1,train,Passenger ship,deepship
1_96,57,/datasets/audio/deepship/train/1/1_96.wav,855.0,885.0,1,train,Passenger ship,deepship
1_96,58,/datasets/audio/deepship/train/1/1_96.wav,870.0,900.0,1,train,Passenger ship,deepship
1_96,59,/datasets/audio/deepship/train/1/1_96.wav,885.0,915.0,1,train,Passenger ship,deepship
1_96,60,/datasets/audio/deepship/train/1/1_96.wav,900.0,930.0,1,train,Passenger ship,deepship
1_96,61,/datasets/audio/deepship/train/1/1_96.wav,915.0,945.0,1,train,Passenger ship,deepship
1_96,62,/datasets/audio/deepship/train/1/1_96.wav,930.0,960.0,1,train,Passenger ship,deepship
1_96,63,/datasets/audio/deepship/train/1/1_96.wav,945.0,975.0,1,train,Passenger ship,deepship
1_96,64,/datasets/audio/deepship/train/1/1_96.wav,960.0,990.0,1,train,Passenger ship,deepship
1_96,65,/datasets/audio/deepship/train/1/1_96.wav,975.0,1005.0,1,train,Passenger ship,deepship
1_96,66,/datasets/audio/deepship/train/1/1_96.wav,990.0,1020.0,1,train,Passenger ship,deepship
1_96,67,/datasets/audio/deepship/train/1/1_96.wav,1005.0,1035.0,1,train,Passenger ship,deepship
1_96,68,/datasets/audio/deepship/train/1/1_96.wav,1020.0,1050.0,1,train,Passenger ship,deepship
1_96,69,/datasets/audio/deepship/train/1/1_96.wav,1035.0,1065.0,1,train,Passenger ship,deepship
1_96,70,/datasets/audio/deepship/train/1/1_96.wav,1050.0,1080.0,1,train,Passenger ship,deepship
1_96,71,/datasets/audio/deepship/train/1/1_96.wav,1065.0,1095.0,1,train,Passenger ship,deepship
1_96,72,/datasets/audio/deepship/train/1/1_96.wav,1080.0,1110.0,1,train,Passenger ship,deepship
1_96,73,/datasets/audio/deepship/train/1/1_96.wav,1095.0,1125.0,1,train,Passenger ship,deepship
1_96,74,/datasets/audio/deepship/train/1/1_96.wav,1110.0,1140.0,1,train,Passenger ship,deepship
1_96,75,/datasets/audio/deepship/train/1/1_96.wav,1125.0,1155.0,1,train,Passenger ship,deepship
1_96,76,/datasets/audio/deepship/train/1/1_96.wav,1140.0,1170.0,1,train,Passenger ship,deepship
1_96,77,/datasets/audio/deepship/train/1/1_96.wav,1155.0,1185.0,1,train,Passenger ship,deepship
1_96,78,/datasets/audio/deepship/train/1/1_96.wav,1170.0,1200.0,1,train,Passenger ship,deepship
1_96,79,/datasets/audio/deepship/train/1/1_96.wav,1185.0,1215.0,1,train,Passenger ship,deepship
1_96,80,/datasets/audio/deepship/train/1/1_96.wav,1200.0,1230.0,1,train,Passenger ship,deepship
1_96,81,/datasets/audio/deepship/train/1/1_96.wav,1215.0,1245.0,1,train,Passenger ship,deepship
1_96,82,/datasets/audio/deepship/train/1/1_96.wav,1230.0,1260.0,1,train,Passenger ship,deepship
1_96,83,/datasets/audio/deepship/train/1/1_96.wav,1245.0,1275.0,1,train,Passenger ship,deepship
1_96,84,/datasets/audio/deepship/train/1/1_96.wav,1260.0,1290.0,1,train,Passenger ship,deepship
1_96,85,/datasets/audio/deepship/train/1/1_96.wav,1275.0,1305.0,1,train,Passenger ship,deepship
1_96,86,/datasets/audio/deepship/train/1/1_96.wav,1290.0,1320.0,1,train,Passenger ship,deepship
1_96,87,/datasets/audio/deepship/train/1/1_96.wav,1305.0,1335.0,1,train,Passenger ship,deepship
1_96,88,/datasets/audio/deepship/train/1/1_96.wav,1320.0,1350.0,1,train,Passenger ship,deepship
1_96,89,/datasets/audio/deepship/train/1/1_96.wav,1335.0,1365.0,1,train,Passenger ship,deepship
1_96,90,/datasets/audio/deepship/train/1/1_96.wav,1350.0,1380.0,1,train,Passenger ship,deepship
1_96,91,/datasets/audio/deepship/train/1/1_96.wav,1365.0,1395.0,1,train,Passenger ship,deepship
1_96,92,/datasets/audio/deepship/train/1/1_96.wav,1380.0,1410.0,1,train,Passenger ship,deepship
1_96,93,/datasets/audio/deepship/train/1/1_96.wav,1395.0,1425.0,1,train,Passenger ship,deepship
1_96,94,/datasets/audio/deepship/train/1/1_96.wav,1410.0,1440.0,1,train,Passenger ship,deepship
1_96,95,/datasets/audio/deepship/train/1/1_96.wav,1425.0,1455.0,1,train,Passenger ship,deepship
1_96,96,/datasets/audio/deepship/train/1/1_96.wav,1440.0,1470.0,1,train,Passenger ship,deepship
1_96,97,/datasets/audio/deepship/train/1/1_96.wav,1455.0,1485.0,1,train,Passenger ship,deepship
1_96,98,/datasets/audio/deepship/train/1/1_96.wav,1470.0,1500.0,1,train,Passenger ship,deepship
1_96,99,/datasets/audio/deepship/train/1/1_96.wav,1485.0,1515.0,1,train,Passenger ship,deepship
1_96,100,/datasets/audio/deepship/train/1/1_96.wav,1500.0,1530.0,1,train,Passenger ship,deepship
1_96,101,/datasets/audio/deepship/train/1/1_96.wav,1515.0,1545.0,1,train,Passenger ship,deepship
1_96,102,/datasets/audio/deepship/train/1/1_96.wav,1530.0,1560.0,1,train,Passenger ship,deepship
1_96,103,/datasets/audio/deepship/train/1/1_96.wav,1545.0,1575.0,1,train,Passenger ship,deepship
1_96,104,/datasets/audio/deepship/train/1/1_96.wav,1560.0,1590.0,1,train,Passenger ship,deepship
1_96,105,/datasets/audio/deepship/train/1/1_96.wav,1575.0,1605.0,1,train,Passenger ship,deepship
1_96,106,/datasets/audio/deepship/train/1/1_96.wav,1590.0,1620.0,1,train,Passenger ship,deepship
1_96,107,/datasets/audio/deepship/train/1/1_96.wav,1605.0,1635.0,1,train,Passenger ship,deepship
1_96,108,/datasets/audio/deepship/train/1/1_96.wav,1620.0,1650.0,1,train,Passenger ship,deepship
1_96,109,/datasets/audio/deepship/train/1/1_96.wav,1635.0,1665.0,1,train,Passenger ship,deepship
1_96,110,/datasets/audio/deepship/train/1/1_96.wav,1650.0,1680.0,1,train,Passenger ship,deepship
1_96,111,/datasets/audio/deepship/train/1/1_96.wav,1665.0,1695.0,1,train,Passenger ship,deepship
1_96,112,/datasets/audio/deepship/train/1/1_96.wav,1680.0,1710.0,1,train,Passenger ship,deepship
1_96,113,/datasets/audio/deepship/train/1/1_96.wav,1695.0,1725.0,1,train,Passenger ship,deepship
1_96,114,/datasets/audio/deepship/train/1/1_96.wav,1710.0,1740.0,1,train,Passenger ship,deepship
1_96,115,/datasets/audio/deepship/train/1/1_96.wav,1725.0,1755.0,1,train,Passenger ship,deepship
1_96,116,/datasets/audio/deepship/train/1/1_96.wav,1740.0,1770.0,1,train,Passenger ship,deepship
1_96,117,/datasets/audio/deepship/train/1/1_96.wav,1755.0,1785.0,1,train,Passenger ship,deepship
1_96,118,/datasets/audio/deepship/train/1/1_96.wav,1770.0,1800.0,1,train,Passenger ship,deepship
1_96,119,/datasets/audio/deepship/train/1/1_96.wav,1785.0,1815.0,1,train,Passenger ship,deepship
1_96,120,/datasets/audio/deepship/train/1/1_96.wav,1800.0,1830.0,1,train,Passenger ship,deepship
1_96,121,/datasets/audio/deepship/train/1/1_96.wav,1815.0,1845.0,1,train,Passenger ship,deepship
1_96,122,/datasets/audio/deepship/train/1/1_96.wav,1830.0,1860.0,1,train,Passenger ship,deepship
1_96,123,/datasets/audio/deepship/train/1/1_96.wav,1845.0,1875.0,1,train,Passenger ship,deepship
1_96,124,/datasets/audio/deepship/train/1/1_96.wav,1857.0,1887.0,1,train,Passenger ship,deepship
1_97,0,/datasets/audio/deepship/train/1/1_97.wav,0.0,30.0,1,train,Passenger ship,deepship
1_97,1,/datasets/audio/deepship/train/1/1_97.wav,7.0,37.0,1,train,Passenger ship,deepship
1_98,0,/datasets/audio/deepship/train/1/1_98.wav,0.0,30.0,1,train,Passenger ship,deepship
1_98,1,/datasets/audio/deepship/train/1/1_98.wav,15.0,45.0,1,train,Passenger ship,deepship
1_98,2,/datasets/audio/deepship/train/1/1_98.wav,30.0,60.0,1,train,Passenger ship,deepship
1_98,3,/datasets/audio/deepship/train/1/1_98.wav,45.0,75.0,1,train,Passenger ship,deepship
1_98,4,/datasets/audio/deepship/train/1/1_98.wav,60.0,90.0,1,train,Passenger ship,deepship
1_98,5,/datasets/audio/deepship/train/1/1_98.wav,75.0,105.0,1,train,Passenger ship,deepship
1_98,6,/datasets/audio/deepship/train/1/1_98.wav,90.0,120.0,1,train,Passenger ship,deepship
1_98,7,/datasets/audio/deepship/train/1/1_98.wav,105.0,135.0,1,train,Passenger ship,deepship
1_98,8,/datasets/audio/deepship/train/1/1_98.wav,120.0,150.0,1,train,Passenger ship,deepship
1_98,9,/datasets/audio/deepship/train/1/1_98.wav,135.0,165.0,1,train,Passenger ship,deepship
1_98,10,/datasets/audio/deepship/train/1/1_98.wav,148.0,178.0,1,train,Passenger ship,deepship
1_99,0,/datasets/audio/deepship/train/1/1_99.wav,0.0,30.0,1,train,Passenger ship,deepship
1_99,1,/datasets/audio/deepship/train/1/1_99.wav,15.0,45.0,1,train,Passenger ship,deepship
1_99,2,/datasets/audio/deepship/train/1/1_99.wav,30.0,60.0,1,train,Passenger ship,deepship
1_99,3,/datasets/audio/deepship/train/1/1_99.wav,45.0,75.0,1,train,Passenger ship,deepship
1_99,4,/datasets/audio/deepship/train/1/1_99.wav,60.0,90.0,1,train,Passenger ship,deepship
1_99,5,/datasets/audio/deepship/train/1/1_99.wav,75.0,105.0,1,train,Passenger ship,deepship
1_99,6,/datasets/audio/deepship/train/1/1_99.wav,90.0,120.0,1,train,Passenger ship,deepship
1_99,7,/datasets/audio/deepship/train/1/1_99.wav,105.0,135.0,1,train,Passenger ship,deepship
1_99,8,/datasets/audio/deepship/train/1/1_99.wav,120.0,150.0,1,train,Passenger ship,deepship
1_99,9,/datasets/audio/deepship/train/1/1_99.wav,135.0,165.0,1,train,Passenger ship,deepship
1_99,10,/datasets/audio/deepship/train/1/1_99.wav,150.0,180.0,1,train,Passenger ship,deepship
1_99,11,/datasets/audio/deepship/train/1/1_99.wav,165.0,195.0,1,train,Passenger ship,deepship
1_99,12,/datasets/audio/deepship/train/1/1_99.wav,180.0,210.0,1,train,Passenger ship,deepship
1_99,13,/datasets/audio/deepship/train/1/1_99.wav,195.0,225.0,1,train,Passenger ship,deepship
1_99,14,/datasets/audio/deepship/train/1/1_99.wav,210.0,240.0,1,train,Passenger ship,deepship
1_99,15,/datasets/audio/deepship/train/1/1_99.wav,225.0,255.0,1,train,Passenger ship,deepship
1_99,16,/datasets/audio/deepship/train/1/1_99.wav,240.0,270.0,1,train,Passenger ship,deepship
1_99,17,/datasets/audio/deepship/train/1/1_99.wav,244.0,274.0,1,train,Passenger ship,deepship
2_1,0,/datasets/audio/deepship/train/2/2_1.wav,0.0,30.0,2,train,Oil tanker,deepship
2_1,1,/datasets/audio/deepship/train/2/2_1.wav,15.0,45.0,2,train,Oil tanker,deepship
2_1,2,/datasets/audio/deepship/train/2/2_1.wav,30.0,60.0,2,train,Oil tanker,deepship
2_1,3,/datasets/audio/deepship/train/2/2_1.wav,45.0,75.0,2,train,Oil tanker,deepship
2_1,4,/datasets/audio/deepship/train/2/2_1.wav,60.0,90.0,2,train,Oil tanker,deepship
2_1,5,/datasets/audio/deepship/train/2/2_1.wav,75.0,105.0,2,train,Oil tanker,deepship
2_1,6,/datasets/audio/deepship/train/2/2_1.wav,90.0,120.0,2,train,Oil tanker,deepship
2_1,7,/datasets/audio/deepship/train/2/2_1.wav,105.0,135.0,2,train,Oil tanker,deepship
2_1,8,/datasets/audio/deepship/train/2/2_1.wav,120.0,150.0,2,train,Oil tanker,deepship
2_1,9,/datasets/audio/deepship/train/2/2_1.wav,135.0,165.0,2,train,Oil tanker,deepship
2_1,10,/datasets/audio/deepship/train/2/2_1.wav,150.0,180.0,2,train,Oil tanker,deepship
2_1,11,/datasets/audio/deepship/train/2/2_1.wav,165.0,195.0,2,train,Oil tanker,deepship
2_1,12,/datasets/audio/deepship/train/2/2_1.wav,180.0,210.0,2,train,Oil tanker,deepship
2_1,13,/datasets/audio/deepship/train/2/2_1.wav,195.0,225.0,2,train,Oil tanker,deepship
2_1,14,/datasets/audio/deepship/train/2/2_1.wav,210.0,240.0,2,train,Oil tanker,deepship
2_1,15,/datasets/audio/deepship/train/2/2_1.wav,225.0,255.0,2,train,Oil tanker,deepship
2_1,16,/datasets/audio/deepship/train/2/2_1.wav,240.0,270.0,2,train,Oil tanker,deepship
2_1,17,/datasets/audio/deepship/train/2/2_1.wav,248.0,278.0,2,train,Oil tanker,deepship
2_10,0,/datasets/audio/deepship/train/2/2_10.wav,0.0,30.0,2,train,Oil tanker,deepship
2_100,0,/datasets/audio/deepship/train/2/2_100.wav,0.0,30.0,2,train,Oil tanker,deepship
2_100,1,/datasets/audio/deepship/train/2/2_100.wav,15.0,45.0,2,train,Oil tanker,deepship
2_100,2,/datasets/audio/deepship/train/2/2_100.wav,30.0,60.0,2,train,Oil tanker,deepship
2_100,3,/datasets/audio/deepship/train/2/2_100.wav,45.0,75.0,2,train,Oil tanker,deepship
2_100,4,/datasets/audio/deepship/train/2/2_100.wav,60.0,90.0,2,train,Oil tanker,deepship
2_100,5,/datasets/audio/deepship/train/2/2_100.wav,75.0,105.0,2,train,Oil tanker,deepship
2_100,6,/datasets/audio/deepship/train/2/2_100.wav,90.0,120.0,2,train,Oil tanker,deepship
2_100,7,/datasets/audio/deepship/train/2/2_100.wav,105.0,135.0,2,train,Oil tanker,deepship
2_100,8,/datasets/audio/deepship/train/2/2_100.wav,120.0,150.0,2,train,Oil tanker,deepship
2_100,9,/datasets/audio/deepship/train/2/2_100.wav,135.0,165.0,2,train,Oil tanker,deepship
2_100,10,/datasets/audio/deepship/train/2/2_100.wav,150.0,180.0,2,train,Oil tanker,deepship
2_100,11,/datasets/audio/deepship/train/2/2_100.wav,165.0,195.0,2,train,Oil tanker,deepship
2_100,12,/datasets/audio/deepship/train/2/2_100.wav,180.0,210.0,2,train,Oil tanker,deepship
2_100,13,/datasets/audio/deepship/train/2/2_100.wav,195.0,225.0,2,train,Oil tanker,deepship
2_100,14,/datasets/audio/deepship/train/2/2_100.wav,210.0,240.0,2,train,Oil tanker,deepship
2_100,15,/datasets/audio/deepship/train/2/2_100.wav,225.0,255.0,2,train,Oil tanker,deepship
2_100,16,/datasets/audio/deepship/train/2/2_100.wav,240.0,270.0,2,train,Oil tanker,deepship
2_100,17,/datasets/audio/deepship/train/2/2_100.wav,255.0,285.0,2,train,Oil tanker,deepship
2_100,18,/datasets/audio/deepship/train/2/2_100.wav,270.0,300.0,2,train,Oil tanker,deepship
2_100,19,/datasets/audio/deepship/train/2/2_100.wav,285.0,315.0,2,train,Oil tanker,deepship
2_100,20,/datasets/audio/deepship/train/2/2_100.wav,300.0,330.0,2,train,Oil tanker,deepship
2_100,21,/datasets/audio/deepship/train/2/2_100.wav,315.0,345.0,2,train,Oil tanker,deepship
2_100,22,/datasets/audio/deepship/train/2/2_100.wav,330.0,360.0,2,train,Oil tanker,deepship
2_100,23,/datasets/audio/deepship/train/2/2_100.wav,340.0,370.0,2,train,Oil tanker,deepship
2_101,0,/datasets/audio/deepship/train/2/2_101.wav,0.0,30.0,2,train,Oil tanker,deepship
2_101,1,/datasets/audio/deepship/train/2/2_101.wav,15.0,45.0,2,train,Oil tanker,deepship
2_101,2,/datasets/audio/deepship/train/2/2_101.wav,30.0,60.0,2,train,Oil tanker,deepship
2_101,3,/datasets/audio/deepship/train/2/2_101.wav,45.0,75.0,2,train,Oil tanker,deepship
2_101,4,/datasets/audio/deepship/train/2/2_101.wav,60.0,90.0,2,train,Oil tanker,deepship
2_101,5,/datasets/audio/deepship/train/2/2_101.wav,75.0,105.0,2,train,Oil tanker,deepship
2_101,6,/datasets/audio/deepship/train/2/2_101.wav,90.0,120.0,2,train,Oil tanker,deepship
2_101,7,/datasets/audio/deepship/train/2/2_101.wav,105.0,135.0,2,train,Oil tanker,deepship
2_101,8,/datasets/audio/deepship/train/2/2_101.wav,120.0,150.0,2,train,Oil tanker,deepship
2_101,9,/datasets/audio/deepship/train/2/2_101.wav,135.0,165.0,2,train,Oil tanker,deepship
2_101,10,/datasets/audio/deepship/train/2/2_101.wav,150.0,180.0,2,train,Oil tanker,deepship
2_101,11,/datasets/audio/deepship/train/2/2_101.wav,165.0,195.0,2,train,Oil tanker,deepship
2_102,0,/datasets/audio/deepship/train/2/2_102.wav,0.0,30.0,2,train,Oil tanker,deepship
2_102,1,/datasets/audio/deepship/train/2/2_102.wav,15.0,45.0,2,train,Oil tanker,deepship
2_102,2,/datasets/audio/deepship/train/2/2_102.wav,30.0,60.0,2,train,Oil tanker,deepship
2_102,3,/datasets/audio/deepship/train/2/2_102.wav,45.0,75.0,2,train,Oil tanker,deepship
2_102,4,/datasets/audio/deepship/train/2/2_102.wav,60.0,90.0,2,train,Oil tanker,deepship
2_102,5,/datasets/audio/deepship/train/2/2_102.wav,75.0,105.0,2,train,Oil tanker,deepship
2_102,6,/datasets/audio/deepship/train/2/2_102.wav,90.0,120.0,2,train,Oil tanker,deepship
2_102,7,/datasets/audio/deepship/train/2/2_102.wav,105.0,135.0,2,train,Oil tanker,deepship
2_102,8,/datasets/audio/deepship/train/2/2_102.wav,120.0,150.0,2,train,Oil tanker,deepship
2_102,9,/datasets/audio/deepship/train/2/2_102.wav,135.0,165.0,2,train,Oil tanker,deepship
2_102,10,/datasets/audio/deepship/train/2/2_102.wav,150.0,180.0,2,train,Oil tanker,deepship
2_102,11,/datasets/audio/deepship/train/2/2_102.wav,165.0,195.0,2,train,Oil tanker,deepship
2_102,12,/datasets/audio/deepship/train/2/2_102.wav,180.0,210.0,2,train,Oil tanker,deepship
2_102,13,/datasets/audio/deepship/train/2/2_102.wav,195.0,225.0,2,train,Oil tanker,deepship
2_102,14,/datasets/audio/deepship/train/2/2_102.wav,210.0,240.0,2,train,Oil tanker,deepship
2_102,15,/datasets/audio/deepship/train/2/2_102.wav,225.0,255.0,2,train,Oil tanker,deepship
2_102,16,/datasets/audio/deepship/train/2/2_102.wav,240.0,270.0,2,train,Oil tanker,deepship
2_102,17,/datasets/audio/deepship/train/2/2_102.wav,255.0,285.0,2,train,Oil tanker,deepship
2_102,18,/datasets/audio/deepship/train/2/2_102.wav,270.0,300.0,2,train,Oil tanker,deepship
2_102,19,/datasets/audio/deepship/train/2/2_102.wav,285.0,315.0,2,train,Oil tanker,deepship
2_102,20,/datasets/audio/deepship/train/2/2_102.wav,300.0,330.0,2,train,Oil tanker,deepship
2_102,21,/datasets/audio/deepship/train/2/2_102.wav,315.0,345.0,2,train,Oil tanker,deepship
2_102,22,/datasets/audio/deepship/train/2/2_102.wav,330.0,360.0,2,train,Oil tanker,deepship
2_102,23,/datasets/audio/deepship/train/2/2_102.wav,345.0,375.0,2,train,Oil tanker,deepship
2_102,24,/datasets/audio/deepship/train/2/2_102.wav,360.0,390.0,2,train,Oil tanker,deepship
2_102,25,/datasets/audio/deepship/train/2/2_102.wav,375.0,405.0,2,train,Oil tanker,deepship
2_102,26,/datasets/audio/deepship/train/2/2_102.wav,390.0,420.0,2,train,Oil tanker,deepship
2_102,27,/datasets/audio/deepship/train/2/2_102.wav,405.0,435.0,2,train,Oil tanker,deepship
2_102,28,/datasets/audio/deepship/train/2/2_102.wav,420.0,450.0,2,train,Oil tanker,deepship
2_102,29,/datasets/audio/deepship/train/2/2_102.wav,435.0,465.0,2,train,Oil tanker,deepship
2_102,30,/datasets/audio/deepship/train/2/2_102.wav,450.0,480.0,2,train,Oil tanker,deepship
2_102,31,/datasets/audio/deepship/train/2/2_102.wav,465.0,495.0,2,train,Oil tanker,deepship
2_102,32,/datasets/audio/deepship/train/2/2_102.wav,479.0,509.0,2,train,Oil tanker,deepship
2_103,0,/datasets/audio/deepship/train/2/2_103.wav,0.0,30.0,2,train,Oil tanker,deepship
2_103,1,/datasets/audio/deepship/train/2/2_103.wav,15.0,45.0,2,train,Oil tanker,deepship
2_103,2,/datasets/audio/deepship/train/2/2_103.wav,30.0,60.0,2,train,Oil tanker,deepship
2_103,3,/datasets/audio/deepship/train/2/2_103.wav,45.0,75.0,2,train,Oil tanker,deepship
2_103,4,/datasets/audio/deepship/train/2/2_103.wav,60.0,90.0,2,train,Oil tanker,deepship
2_103,5,/datasets/audio/deepship/train/2/2_103.wav,75.0,105.0,2,train,Oil tanker,deepship
2_103,6,/datasets/audio/deepship/train/2/2_103.wav,90.0,120.0,2,train,Oil tanker,deepship
2_103,7,/datasets/audio/deepship/train/2/2_103.wav,100.0,130.0,2,train,Oil tanker,deepship
2_104,0,/datasets/audio/deepship/train/2/2_104.wav,0.0,30.0,2,train,Oil tanker,deepship
2_104,1,/datasets/audio/deepship/train/2/2_104.wav,15.0,45.0,2,train,Oil tanker,deepship
2_104,2,/datasets/audio/deepship/train/2/2_104.wav,30.0,60.0,2,train,Oil tanker,deepship
2_104,3,/datasets/audio/deepship/train/2/2_104.wav,45.0,75.0,2,train,Oil tanker,deepship
2_104,4,/datasets/audio/deepship/train/2/2_104.wav,60.0,90.0,2,train,Oil tanker,deepship
2_104,5,/datasets/audio/deepship/train/2/2_104.wav,75.0,105.0,2,train,Oil tanker,deepship
2_104,6,/datasets/audio/deepship/train/2/2_104.wav,90.0,120.0,2,train,Oil tanker,deepship
2_104,7,/datasets/audio/deepship/train/2/2_104.wav,105.0,135.0,2,train,Oil tanker,deepship
2_104,8,/datasets/audio/deepship/train/2/2_104.wav,120.0,150.0,2,train,Oil tanker,deepship
2_104,9,/datasets/audio/deepship/train/2/2_104.wav,135.0,165.0,2,train,Oil tanker,deepship
2_104,10,/datasets/audio/deepship/train/2/2_104.wav,150.0,180.0,2,train,Oil tanker,deepship
2_104,11,/datasets/audio/deepship/train/2/2_104.wav,165.0,195.0,2,train,Oil tanker,deepship
2_104,12,/datasets/audio/deepship/train/2/2_104.wav,180.0,210.0,2,train,Oil tanker,deepship
2_104,13,/datasets/audio/deepship/train/2/2_104.wav,195.0,225.0,2,train,Oil tanker,deepship
2_104,14,/datasets/audio/deepship/train/2/2_104.wav,210.0,240.0,2,train,Oil tanker,deepship
2_104,15,/datasets/audio/deepship/train/2/2_104.wav,225.0,255.0,2,train,Oil tanker,deepship
2_104,16,/datasets/audio/deepship/train/2/2_104.wav,240.0,270.0,2,train,Oil tanker,deepship
2_104,17,/datasets/audio/deepship/train/2/2_104.wav,255.0,285.0,2,train,Oil tanker,deepship
2_104,18,/datasets/audio/deepship/train/2/2_104.wav,270.0,300.0,2,train,Oil tanker,deepship
2_104,19,/datasets/audio/deepship/train/2/2_104.wav,285.0,315.0,2,train,Oil tanker,deepship
2_104,20,/datasets/audio/deepship/train/2/2_104.wav,300.0,330.0,2,train,Oil tanker,deepship
2_104,21,/datasets/audio/deepship/train/2/2_104.wav,315.0,345.0,2,train,Oil tanker,deepship
2_104,22,/datasets/audio/deepship/train/2/2_104.wav,330.0,360.0,2,train,Oil tanker,deepship
2_104,23,/datasets/audio/deepship/train/2/2_104.wav,345.0,375.0,2,train,Oil tanker,deepship
2_104,24,/datasets/audio/deepship/train/2/2_104.wav,360.0,390.0,2,train,Oil tanker,deepship
2_104,25,/datasets/audio/deepship/train/2/2_104.wav,375.0,405.0,2,train,Oil tanker,deepship
2_104,26,/datasets/audio/deepship/train/2/2_104.wav,390.0,420.0,2,train,Oil tanker,deepship
2_104,27,/datasets/audio/deepship/train/2/2_104.wav,405.0,435.0,2,train,Oil tanker,deepship
2_104,28,/datasets/audio/deepship/train/2/2_104.wav,420.0,450.0,2,train,Oil tanker,deepship
2_104,29,/datasets/audio/deepship/train/2/2_104.wav,435.0,465.0,2,train,Oil tanker,deepship
2_104,30,/datasets/audio/deepship/train/2/2_104.wav,450.0,480.0,2,train,Oil tanker,deepship
2_104,31,/datasets/audio/deepship/train/2/2_104.wav,465.0,495.0,2,train,Oil tanker,deepship
2_104,32,/datasets/audio/deepship/train/2/2_104.wav,480.0,510.0,2,train,Oil tanker,deepship
2_104,33,/datasets/audio/deepship/train/2/2_104.wav,488.0,518.0,2,train,Oil tanker,deepship
2_105,0,/datasets/audio/deepship/train/2/2_105.wav,0.0,30.0,2,train,Oil tanker,deepship
2_105,1,/datasets/audio/deepship/train/2/2_105.wav,15.0,45.0,2,train,Oil tanker,deepship
2_105,2,/datasets/audio/deepship/train/2/2_105.wav,30.0,60.0,2,train,Oil tanker,deepship
2_105,3,/datasets/audio/deepship/train/2/2_105.wav,45.0,75.0,2,train,Oil tanker,deepship
2_105,4,/datasets/audio/deepship/train/2/2_105.wav,60.0,90.0,2,train,Oil tanker,deepship
2_105,5,/datasets/audio/deepship/train/2/2_105.wav,75.0,105.0,2,train,Oil tanker,deepship
2_105,6,/datasets/audio/deepship/train/2/2_105.wav,90.0,120.0,2,train,Oil tanker,deepship
2_105,7,/datasets/audio/deepship/train/2/2_105.wav,105.0,135.0,2,train,Oil tanker,deepship
2_105,8,/datasets/audio/deepship/train/2/2_105.wav,120.0,150.0,2,train,Oil tanker,deepship
2_105,9,/datasets/audio/deepship/train/2/2_105.wav,135.0,165.0,2,train,Oil tanker,deepship
2_105,10,/datasets/audio/deepship/train/2/2_105.wav,150.0,180.0,2,train,Oil tanker,deepship
2_105,11,/datasets/audio/deepship/train/2/2_105.wav,165.0,195.0,2,train,Oil tanker,deepship
2_105,12,/datasets/audio/deepship/train/2/2_105.wav,180.0,210.0,2,train,Oil tanker,deepship
2_105,13,/datasets/audio/deepship/train/2/2_105.wav,195.0,225.0,2,train,Oil tanker,deepship
2_105,14,/datasets/audio/deepship/train/2/2_105.wav,210.0,240.0,2,train,Oil tanker,deepship
2_105,15,/datasets/audio/deepship/train/2/2_105.wav,225.0,255.0,2,train,Oil tanker,deepship
2_105,16,/datasets/audio/deepship/train/2/2_105.wav,240.0,270.0,2,train,Oil tanker,deepship
2_105,17,/datasets/audio/deepship/train/2/2_105.wav,255.0,285.0,2,train,Oil tanker,deepship
2_105,18,/datasets/audio/deepship/train/2/2_105.wav,270.0,300.0,2,train,Oil tanker,deepship
2_105,19,/datasets/audio/deepship/train/2/2_105.wav,285.0,315.0,2,train,Oil tanker,deepship
2_105,20,/datasets/audio/deepship/train/2/2_105.wav,298.0,328.0,2,train,Oil tanker,deepship
2_107,0,/datasets/audio/deepship/train/2/2_107.wav,0.0,30.0,2,train,Oil tanker,deepship
2_107,1,/datasets/audio/deepship/train/2/2_107.wav,15.0,45.0,2,train,Oil tanker,deepship
2_107,2,/datasets/audio/deepship/train/2/2_107.wav,30.0,60.0,2,train,Oil tanker,deepship
2_107,3,/datasets/audio/deepship/train/2/2_107.wav,45.0,75.0,2,train,Oil tanker,deepship
2_107,4,/datasets/audio/deepship/train/2/2_107.wav,60.0,90.0,2,train,Oil tanker,deepship
2_107,5,/datasets/audio/deepship/train/2/2_107.wav,75.0,105.0,2,train,Oil tanker,deepship
2_107,6,/datasets/audio/deepship/train/2/2_107.wav,90.0,120.0,2,train,Oil tanker,deepship
2_107,7,/datasets/audio/deepship/train/2/2_107.wav,105.0,135.0,2,train,Oil tanker,deepship
2_107,8,/datasets/audio/deepship/train/2/2_107.wav,110.0,140.0,2,train,Oil tanker,deepship
2_108,0,/datasets/audio/deepship/train/2/2_108.wav,0.0,30.0,2,train,Oil tanker,deepship
2_109,0,/datasets/audio/deepship/train/2/2_109.wav,0.0,30.0,2,train,Oil tanker,deepship
2_11,0,/datasets/audio/deepship/train/2/2_11.wav,0.0,30.0,2,train,Oil tanker,deepship
2_11,1,/datasets/audio/deepship/train/2/2_11.wav,15.0,45.0,2,train,Oil tanker,deepship
2_11,2,/datasets/audio/deepship/train/2/2_11.wav,30.0,60.0,2,train,Oil tanker,deepship
2_11,3,/datasets/audio/deepship/train/2/2_11.wav,45.0,75.0,2,train,Oil tanker,deepship
2_11,4,/datasets/audio/deepship/train/2/2_11.wav,60.0,90.0,2,train,Oil tanker,deepship
2_11,5,/datasets/audio/deepship/train/2/2_11.wav,75.0,105.0,2,train,Oil tanker,deepship
2_11,6,/datasets/audio/deepship/train/2/2_11.wav,90.0,120.0,2,train,Oil tanker,deepship
2_11,7,/datasets/audio/deepship/train/2/2_11.wav,105.0,135.0,2,train,Oil tanker,deepship
2_11,8,/datasets/audio/deepship/train/2/2_11.wav,120.0,150.0,2,train,Oil tanker,deepship
2_11,9,/datasets/audio/deepship/train/2/2_11.wav,135.0,165.0,2,train,Oil tanker,deepship
2_11,10,/datasets/audio/deepship/train/2/2_11.wav,150.0,180.0,2,train,Oil tanker,deepship
2_11,11,/datasets/audio/deepship/train/2/2_11.wav,165.0,195.0,2,train,Oil tanker,deepship
2_11,12,/datasets/audio/deepship/train/2/2_11.wav,180.0,210.0,2,train,Oil tanker,deepship
2_11,13,/datasets/audio/deepship/train/2/2_11.wav,195.0,225.0,2,train,Oil tanker,deepship
2_11,14,/datasets/audio/deepship/train/2/2_11.wav,210.0,240.0,2,train,Oil tanker,deepship
2_11,15,/datasets/audio/deepship/train/2/2_11.wav,225.0,255.0,2,train,Oil tanker,deepship
2_11,16,/datasets/audio/deepship/train/2/2_11.wav,240.0,270.0,2,train,Oil tanker,deepship
2_11,17,/datasets/audio/deepship/train/2/2_11.wav,255.0,285.0,2,train,Oil tanker,deepship
2_11,18,/datasets/audio/deepship/train/2/2_11.wav,270.0,300.0,2,train,Oil tanker,deepship
2_11,19,/datasets/audio/deepship/train/2/2_11.wav,285.0,315.0,2,train,Oil tanker,deepship
2_11,20,/datasets/audio/deepship/train/2/2_11.wav,300.0,330.0,2,train,Oil tanker,deepship
2_11,21,/datasets/audio/deepship/train/2/2_11.wav,315.0,345.0,2,train,Oil tanker,deepship
2_11,22,/datasets/audio/deepship/train/2/2_11.wav,330.0,360.0,2,train,Oil tanker,deepship
2_11,23,/datasets/audio/deepship/train/2/2_11.wav,341.0,371.0,2,train,Oil tanker,deepship
2_110,0,/datasets/audio/deepship/train/2/2_110.wav,0.0,30.0,2,train,Oil tanker,deepship
2_110,1,/datasets/audio/deepship/train/2/2_110.wav,15.0,45.0,2,train,Oil tanker,deepship
2_110,2,/datasets/audio/deepship/train/2/2_110.wav,30.0,60.0,2,train,Oil tanker,deepship
2_110,3,/datasets/audio/deepship/train/2/2_110.wav,45.0,75.0,2,train,Oil tanker,deepship
2_110,4,/datasets/audio/deepship/train/2/2_110.wav,60.0,90.0,2,train,Oil tanker,deepship
2_110,5,/datasets/audio/deepship/train/2/2_110.wav,75.0,105.0,2,train,Oil tanker,deepship
2_110,6,/datasets/audio/deepship/train/2/2_110.wav,90.0,120.0,2,train,Oil tanker,deepship
2_110,7,/datasets/audio/deepship/train/2/2_110.wav,105.0,135.0,2,train,Oil tanker,deepship
2_110,8,/datasets/audio/deepship/train/2/2_110.wav,120.0,150.0,2,train,Oil tanker,deepship
2_110,9,/datasets/audio/deepship/train/2/2_110.wav,135.0,165.0,2,train,Oil tanker,deepship
2_110,10,/datasets/audio/deepship/train/2/2_110.wav,150.0,180.0,2,train,Oil tanker,deepship
2_110,11,/datasets/audio/deepship/train/2/2_110.wav,165.0,195.0,2,train,Oil tanker,deepship
2_110,12,/datasets/audio/deepship/train/2/2_110.wav,180.0,210.0,2,train,Oil tanker,deepship
2_110,13,/datasets/audio/deepship/train/2/2_110.wav,195.0,225.0,2,train,Oil tanker,deepship
2_110,14,/datasets/audio/deepship/train/2/2_110.wav,210.0,240.0,2,train,Oil tanker,deepship
2_110,15,/datasets/audio/deepship/train/2/2_110.wav,225.0,255.0,2,train,Oil tanker,deepship
2_110,16,/datasets/audio/deepship/train/2/2_110.wav,240.0,270.0,2,train,Oil tanker,deepship
2_110,17,/datasets/audio/deepship/train/2/2_110.wav,255.0,285.0,2,train,Oil tanker,deepship
2_110,18,/datasets/audio/deepship/train/2/2_110.wav,270.0,300.0,2,train,Oil tanker,deepship
2_110,19,/datasets/audio/deepship/train/2/2_110.wav,285.0,315.0,2,train,Oil tanker,deepship
2_110,20,/datasets/audio/deepship/train/2/2_110.wav,300.0,330.0,2,train,Oil tanker,deepship
2_110,21,/datasets/audio/deepship/train/2/2_110.wav,315.0,345.0,2,train,Oil tanker,deepship
2_110,22,/datasets/audio/deepship/train/2/2_110.wav,330.0,360.0,2,train,Oil tanker,deepship
2_110,23,/datasets/audio/deepship/train/2/2_110.wav,345.0,375.0,2,train,Oil tanker,deepship
2_110,24,/datasets/audio/deepship/train/2/2_110.wav,360.0,390.0,2,train,Oil tanker,deepship
2_110,25,/datasets/audio/deepship/train/2/2_110.wav,375.0,405.0,2,train,Oil tanker,deepship
2_110,26,/datasets/audio/deepship/train/2/2_110.wav,390.0,420.0,2,train,Oil tanker,deepship
2_110,27,/datasets/audio/deepship/train/2/2_110.wav,405.0,435.0,2,train,Oil tanker,deepship
2_110,28,/datasets/audio/deepship/train/2/2_110.wav,412.0,442.0,2,train,Oil tanker,deepship
2_111,0,/datasets/audio/deepship/train/2/2_111.wav,0.0,30.0,2,train,Oil tanker,deepship
2_111,1,/datasets/audio/deepship/train/2/2_111.wav,11.0,41.0,2,train,Oil tanker,deepship
2_112,0,/datasets/audio/deepship/train/2/2_112.wav,0.0,30.0,2,train,Oil tanker,deepship
2_112,1,/datasets/audio/deepship/train/2/2_112.wav,15.0,45.0,2,train,Oil tanker,deepship
2_112,2,/datasets/audio/deepship/train/2/2_112.wav,30.0,60.0,2,train,Oil tanker,deepship
2_112,3,/datasets/audio/deepship/train/2/2_112.wav,45.0,75.0,2,train,Oil tanker,deepship
2_112,4,/datasets/audio/deepship/train/2/2_112.wav,60.0,90.0,2,train,Oil tanker,deepship
2_112,5,/datasets/audio/deepship/train/2/2_112.wav,75.0,105.0,2,train,Oil tanker,deepship
2_112,6,/datasets/audio/deepship/train/2/2_112.wav,90.0,120.0,2,train,Oil tanker,deepship
2_112,7,/datasets/audio/deepship/train/2/2_112.wav,105.0,135.0,2,train,Oil tanker,deepship
2_112,8,/datasets/audio/deepship/train/2/2_112.wav,120.0,150.0,2,train,Oil tanker,deepship
2_112,9,/datasets/audio/deepship/train/2/2_112.wav,135.0,165.0,2,train,Oil tanker,deepship
2_112,10,/datasets/audio/deepship/train/2/2_112.wav,150.0,180.0,2,train,Oil tanker,deepship
2_112,11,/datasets/audio/deepship/train/2/2_112.wav,165.0,195.0,2,train,Oil tanker,deepship
2_112,12,/datasets/audio/deepship/train/2/2_112.wav,180.0,210.0,2,train,Oil tanker,deepship
2_112,13,/datasets/audio/deepship/train/2/2_112.wav,195.0,225.0,2,train,Oil tanker,deepship
2_112,14,/datasets/audio/deepship/train/2/2_112.wav,210.0,240.0,2,train,Oil tanker,deepship
2_112,15,/datasets/audio/deepship/train/2/2_112.wav,225.0,255.0,2,train,Oil tanker,deepship
2_112,16,/datasets/audio/deepship/train/2/2_112.wav,240.0,270.0,2,train,Oil tanker,deepship
2_112,17,/datasets/audio/deepship/train/2/2_112.wav,255.0,285.0,2,train,Oil tanker,deepship
2_112,18,/datasets/audio/deepship/train/2/2_112.wav,270.0,300.0,2,train,Oil tanker,deepship
2_112,19,/datasets/audio/deepship/train/2/2_112.wav,285.0,315.0,2,train,Oil tanker,deepship
2_112,20,/datasets/audio/deepship/train/2/2_112.wav,300.0,330.0,2,train,Oil tanker,deepship
2_112,21,/datasets/audio/deepship/train/2/2_112.wav,315.0,345.0,2,train,Oil tanker,deepship
2_112,22,/datasets/audio/deepship/train/2/2_112.wav,330.0,360.0,2,train,Oil tanker,deepship
2_112,23,/datasets/audio/deepship/train/2/2_112.wav,345.0,375.0,2,train,Oil tanker,deepship
2_112,24,/datasets/audio/deepship/train/2/2_112.wav,360.0,390.0,2,train,Oil tanker,deepship
2_112,25,/datasets/audio/deepship/train/2/2_112.wav,375.0,405.0,2,train,Oil tanker,deepship
2_112,26,/datasets/audio/deepship/train/2/2_112.wav,390.0,420.0,2,train,Oil tanker,deepship
2_112,27,/datasets/audio/deepship/train/2/2_112.wav,392.0,422.0,2,train,Oil tanker,deepship
2_113,0,/datasets/audio/deepship/train/2/2_113.wav,0.0,30.0,2,train,Oil tanker,deepship
2_113,1,/datasets/audio/deepship/train/2/2_113.wav,12.0,42.0,2,train,Oil tanker,deepship
2_114,0,/datasets/audio/deepship/train/2/2_114.wav,0.0,30.0,2,train,Oil tanker,deepship
2_116,0,/datasets/audio/deepship/train/2/2_116.wav,0.0,30.0,2,train,Oil tanker,deepship
2_117,0,/datasets/audio/deepship/train/2/2_117.wav,0.0,30.0,2,train,Oil tanker,deepship
2_117,1,/datasets/audio/deepship/train/2/2_117.wav,15.0,45.0,2,train,Oil tanker,deepship
2_117,2,/datasets/audio/deepship/train/2/2_117.wav,30.0,60.0,2,train,Oil tanker,deepship
2_117,3,/datasets/audio/deepship/train/2/2_117.wav,45.0,75.0,2,train,Oil tanker,deepship
2_117,4,/datasets/audio/deepship/train/2/2_117.wav,59.0,89.0,2,train,Oil tanker,deepship
2_119,0,/datasets/audio/deepship/train/2/2_119.wav,0.0,30.0,2,train,Oil tanker,deepship
2_119,1,/datasets/audio/deepship/train/2/2_119.wav,15.0,45.0,2,train,Oil tanker,deepship
2_119,2,/datasets/audio/deepship/train/2/2_119.wav,30.0,60.0,2,train,Oil tanker,deepship
2_119,3,/datasets/audio/deepship/train/2/2_119.wav,45.0,75.0,2,train,Oil tanker,deepship
2_119,4,/datasets/audio/deepship/train/2/2_119.wav,60.0,90.0,2,train,Oil tanker,deepship
2_119,5,/datasets/audio/deepship/train/2/2_119.wav,75.0,105.0,2,train,Oil tanker,deepship
2_119,6,/datasets/audio/deepship/train/2/2_119.wav,90.0,120.0,2,train,Oil tanker,deepship
2_119,7,/datasets/audio/deepship/train/2/2_119.wav,105.0,135.0,2,train,Oil tanker,deepship
2_119,8,/datasets/audio/deepship/train/2/2_119.wav,120.0,150.0,2,train,Oil tanker,deepship
2_119,9,/datasets/audio/deepship/train/2/2_119.wav,135.0,165.0,2,train,Oil tanker,deepship
2_119,10,/datasets/audio/deepship/train/2/2_119.wav,150.0,180.0,2,train,Oil tanker,deepship
2_119,11,/datasets/audio/deepship/train/2/2_119.wav,165.0,195.0,2,train,Oil tanker,deepship
2_119,12,/datasets/audio/deepship/train/2/2_119.wav,180.0,210.0,2,train,Oil tanker,deepship
2_119,13,/datasets/audio/deepship/train/2/2_119.wav,195.0,225.0,2,train,Oil tanker,deepship
2_119,14,/datasets/audio/deepship/train/2/2_119.wav,210.0,240.0,2,train,Oil tanker,deepship
2_119,15,/datasets/audio/deepship/train/2/2_119.wav,225.0,255.0,2,train,Oil tanker,deepship
2_119,16,/datasets/audio/deepship/train/2/2_119.wav,240.0,270.0,2,train,Oil tanker,deepship
2_119,17,/datasets/audio/deepship/train/2/2_119.wav,255.0,285.0,2,train,Oil tanker,deepship
2_119,18,/datasets/audio/deepship/train/2/2_119.wav,270.0,300.0,2,train,Oil tanker,deepship
2_119,19,/datasets/audio/deepship/train/2/2_119.wav,285.0,315.0,2,train,Oil tanker,deepship
2_119,20,/datasets/audio/deepship/train/2/2_119.wav,300.0,330.0,2,train,Oil tanker,deepship
2_119,21,/datasets/audio/deepship/train/2/2_119.wav,315.0,345.0,2,train,Oil tanker,deepship
2_119,22,/datasets/audio/deepship/train/2/2_119.wav,330.0,360.0,2,train,Oil tanker,deepship
2_119,23,/datasets/audio/deepship/train/2/2_119.wav,345.0,375.0,2,train,Oil tanker,deepship
2_119,24,/datasets/audio/deepship/train/2/2_119.wav,360.0,390.0,2,train,Oil tanker,deepship
2_119,25,/datasets/audio/deepship/train/2/2_119.wav,375.0,405.0,2,train,Oil tanker,deepship
2_119,26,/datasets/audio/deepship/train/2/2_119.wav,390.0,420.0,2,train,Oil tanker,deepship
2_119,27,/datasets/audio/deepship/train/2/2_119.wav,405.0,435.0,2,train,Oil tanker,deepship
2_119,28,/datasets/audio/deepship/train/2/2_119.wav,420.0,450.0,2,train,Oil tanker,deepship
2_119,29,/datasets/audio/deepship/train/2/2_119.wav,435.0,465.0,2,train,Oil tanker,deepship
2_119,30,/datasets/audio/deepship/train/2/2_119.wav,450.0,480.0,2,train,Oil tanker,deepship
2_119,31,/datasets/audio/deepship/train/2/2_119.wav,465.0,495.0,2,train,Oil tanker,deepship
2_119,32,/datasets/audio/deepship/train/2/2_119.wav,480.0,510.0,2,train,Oil tanker,deepship
2_119,33,/datasets/audio/deepship/train/2/2_119.wav,489.0,519.0,2,train,Oil tanker,deepship
2_12,0,/datasets/audio/deepship/train/2/2_12.wav,0.0,30.0,2,train,Oil tanker,deepship
2_12,1,/datasets/audio/deepship/train/2/2_12.wav,3.0,33.0,2,train,Oil tanker,deepship
2_120,0,/datasets/audio/deepship/train/2/2_120.wav,0.0,30.0,2,train,Oil tanker,deepship
2_120,1,/datasets/audio/deepship/train/2/2_120.wav,15.0,45.0,2,train,Oil tanker,deepship
2_120,2,/datasets/audio/deepship/train/2/2_120.wav,30.0,60.0,2,train,Oil tanker,deepship
2_120,3,/datasets/audio/deepship/train/2/2_120.wav,45.0,75.0,2,train,Oil tanker,deepship
2_120,4,/datasets/audio/deepship/train/2/2_120.wav,60.0,90.0,2,train,Oil tanker,deepship
2_120,5,/datasets/audio/deepship/train/2/2_120.wav,75.0,105.0,2,train,Oil tanker,deepship
2_120,6,/datasets/audio/deepship/train/2/2_120.wav,90.0,120.0,2,train,Oil tanker,deepship
2_120,7,/datasets/audio/deepship/train/2/2_120.wav,105.0,135.0,2,train,Oil tanker,deepship
2_120,8,/datasets/audio/deepship/train/2/2_120.wav,120.0,150.0,2,train,Oil tanker,deepship
2_120,9,/datasets/audio/deepship/train/2/2_120.wav,135.0,165.0,2,train,Oil tanker,deepship
2_120,10,/datasets/audio/deepship/train/2/2_120.wav,150.0,180.0,2,train,Oil tanker,deepship
2_120,11,/datasets/audio/deepship/train/2/2_120.wav,165.0,195.0,2,train,Oil tanker,deepship
2_120,12,/datasets/audio/deepship/train/2/2_120.wav,180.0,210.0,2,train,Oil tanker,deepship
2_120,13,/datasets/audio/deepship/train/2/2_120.wav,195.0,225.0,2,train,Oil tanker,deepship
2_120,14,/datasets/audio/deepship/train/2/2_120.wav,210.0,240.0,2,train,Oil tanker,deepship
2_120,15,/datasets/audio/deepship/train/2/2_120.wav,225.0,255.0,2,train,Oil tanker,deepship
2_120,16,/datasets/audio/deepship/train/2/2_120.wav,240.0,270.0,2,train,Oil tanker,deepship
2_120,17,/datasets/audio/deepship/train/2/2_120.wav,255.0,285.0,2,train,Oil tanker,deepship
2_120,18,/datasets/audio/deepship/train/2/2_120.wav,270.0,300.0,2,train,Oil tanker,deepship
2_120,19,/datasets/audio/deepship/train/2/2_120.wav,285.0,315.0,2,train,Oil tanker,deepship
2_120,20,/datasets/audio/deepship/train/2/2_120.wav,300.0,330.0,2,train,Oil tanker,deepship
2_120,21,/datasets/audio/deepship/train/2/2_120.wav,312.0,342.0,2,train,Oil tanker,deepship
2_121,0,/datasets/audio/deepship/train/2/2_121.wav,0.0,30.0,2,train,Oil tanker,deepship
2_122,0,/datasets/audio/deepship/train/2/2_122.wav,0.0,30.0,2,train,Oil tanker,deepship
2_122,1,/datasets/audio/deepship/train/2/2_122.wav,15.0,45.0,2,train,Oil tanker,deepship
2_122,2,/datasets/audio/deepship/train/2/2_122.wav,30.0,60.0,2,train,Oil tanker,deepship
2_122,3,/datasets/audio/deepship/train/2/2_122.wav,45.0,75.0,2,train,Oil tanker,deepship
2_122,4,/datasets/audio/deepship/train/2/2_122.wav,60.0,90.0,2,train,Oil tanker,deepship
2_122,5,/datasets/audio/deepship/train/2/2_122.wav,75.0,105.0,2,train,Oil tanker,deepship
2_122,6,/datasets/audio/deepship/train/2/2_122.wav,90.0,120.0,2,train,Oil tanker,deepship
2_122,7,/datasets/audio/deepship/train/2/2_122.wav,105.0,135.0,2,train,Oil tanker,deepship
2_122,8,/datasets/audio/deepship/train/2/2_122.wav,120.0,150.0,2,train,Oil tanker,deepship
2_122,9,/datasets/audio/deepship/train/2/2_122.wav,135.0,165.0,2,train,Oil tanker,deepship
2_122,10,/datasets/audio/deepship/train/2/2_122.wav,150.0,180.0,2,train,Oil tanker,deepship
2_122,11,/datasets/audio/deepship/train/2/2_122.wav,165.0,195.0,2,train,Oil tanker,deepship
2_122,12,/datasets/audio/deepship/train/2/2_122.wav,180.0,210.0,2,train,Oil tanker,deepship
2_122,13,/datasets/audio/deepship/train/2/2_122.wav,195.0,225.0,2,train,Oil tanker,deepship
2_122,14,/datasets/audio/deepship/train/2/2_122.wav,210.0,240.0,2,train,Oil tanker,deepship
2_122,15,/datasets/audio/deepship/train/2/2_122.wav,225.0,255.0,2,train,Oil tanker,deepship
2_122,16,/datasets/audio/deepship/train/2/2_122.wav,240.0,270.0,2,train,Oil tanker,deepship
2_122,17,/datasets/audio/deepship/train/2/2_122.wav,255.0,285.0,2,train,Oil tanker,deepship
2_122,18,/datasets/audio/deepship/train/2/2_122.wav,270.0,300.0,2,train,Oil tanker,deepship
2_122,19,/datasets/audio/deepship/train/2/2_122.wav,285.0,315.0,2,train,Oil tanker,deepship
2_122,20,/datasets/audio/deepship/train/2/2_122.wav,300.0,330.0,2,train,Oil tanker,deepship
2_122,21,/datasets/audio/deepship/train/2/2_122.wav,310.0,340.0,2,train,Oil tanker,deepship
2_123,0,/datasets/audio/deepship/train/2/2_123.wav,0.0,30.0,2,train,Oil tanker,deepship
2_123,1,/datasets/audio/deepship/train/2/2_123.wav,15.0,45.0,2,train,Oil tanker,deepship
2_123,2,/datasets/audio/deepship/train/2/2_123.wav,30.0,60.0,2,train,Oil tanker,deepship
2_123,3,/datasets/audio/deepship/train/2/2_123.wav,45.0,75.0,2,train,Oil tanker,deepship
2_123,4,/datasets/audio/deepship/train/2/2_123.wav,60.0,90.0,2,train,Oil tanker,deepship
2_123,5,/datasets/audio/deepship/train/2/2_123.wav,75.0,105.0,2,train,Oil tanker,deepship
2_123,6,/datasets/audio/deepship/train/2/2_123.wav,90.0,120.0,2,train,Oil tanker,deepship
2_123,7,/datasets/audio/deepship/train/2/2_123.wav,105.0,135.0,2,train,Oil tanker,deepship
2_123,8,/datasets/audio/deepship/train/2/2_123.wav,120.0,150.0,2,train,Oil tanker,deepship
2_123,9,/datasets/audio/deepship/train/2/2_123.wav,135.0,165.0,2,train,Oil tanker,deepship
2_123,10,/datasets/audio/deepship/train/2/2_123.wav,150.0,180.0,2,train,Oil tanker,deepship
2_123,11,/datasets/audio/deepship/train/2/2_123.wav,165.0,195.0,2,train,Oil tanker,deepship
2_123,12,/datasets/audio/deepship/train/2/2_123.wav,180.0,210.0,2,train,Oil tanker,deepship
2_123,13,/datasets/audio/deepship/train/2/2_123.wav,195.0,225.0,2,train,Oil tanker,deepship
2_123,14,/datasets/audio/deepship/train/2/2_123.wav,210.0,240.0,2,train,Oil tanker,deepship
2_123,15,/datasets/audio/deepship/train/2/2_123.wav,225.0,255.0,2,train,Oil tanker,deepship
2_123,16,/datasets/audio/deepship/train/2/2_123.wav,240.0,270.0,2,train,Oil tanker,deepship
2_123,17,/datasets/audio/deepship/train/2/2_123.wav,255.0,285.0,2,train,Oil tanker,deepship
2_123,18,/datasets/audio/deepship/train/2/2_123.wav,270.0,300.0,2,train,Oil tanker,deepship
2_123,19,/datasets/audio/deepship/train/2/2_123.wav,285.0,315.0,2,train,Oil tanker,deepship
2_123,20,/datasets/audio/deepship/train/2/2_123.wav,300.0,330.0,2,train,Oil tanker,deepship
2_123,21,/datasets/audio/deepship/train/2/2_123.wav,315.0,345.0,2,train,Oil tanker,deepship
2_123,22,/datasets/audio/deepship/train/2/2_123.wav,330.0,360.0,2,train,Oil tanker,deepship
2_125,0,/datasets/audio/deepship/train/2/2_125.wav,0.0,30.0,2,train,Oil tanker,deepship
2_125,1,/datasets/audio/deepship/train/2/2_125.wav,15.0,45.0,2,train,Oil tanker,deepship
2_125,2,/datasets/audio/deepship/train/2/2_125.wav,30.0,60.0,2,train,Oil tanker,deepship
2_125,3,/datasets/audio/deepship/train/2/2_125.wav,45.0,75.0,2,train,Oil tanker,deepship
2_125,4,/datasets/audio/deepship/train/2/2_125.wav,60.0,90.0,2,train,Oil tanker,deepship
2_125,5,/datasets/audio/deepship/train/2/2_125.wav,75.0,105.0,2,train,Oil tanker,deepship
2_125,6,/datasets/audio/deepship/train/2/2_125.wav,90.0,120.0,2,train,Oil tanker,deepship
2_125,7,/datasets/audio/deepship/train/2/2_125.wav,105.0,135.0,2,train,Oil tanker,deepship
2_125,8,/datasets/audio/deepship/train/2/2_125.wav,120.0,150.0,2,train,Oil tanker,deepship
2_125,9,/datasets/audio/deepship/train/2/2_125.wav,135.0,165.0,2,train,Oil tanker,deepship
2_125,10,/datasets/audio/deepship/train/2/2_125.wav,150.0,180.0,2,train,Oil tanker,deepship
2_125,11,/datasets/audio/deepship/train/2/2_125.wav,165.0,195.0,2,train,Oil tanker,deepship
2_125,12,/datasets/audio/deepship/train/2/2_125.wav,180.0,210.0,2,train,Oil tanker,deepship
2_125,13,/datasets/audio/deepship/train/2/2_125.wav,195.0,225.0,2,train,Oil tanker,deepship
2_125,14,/datasets/audio/deepship/train/2/2_125.wav,210.0,240.0,2,train,Oil tanker,deepship
2_125,15,/datasets/audio/deepship/train/2/2_125.wav,225.0,255.0,2,train,Oil tanker,deepship
2_125,16,/datasets/audio/deepship/train/2/2_125.wav,240.0,270.0,2,train,Oil tanker,deepship
2_125,17,/datasets/audio/deepship/train/2/2_125.wav,255.0,285.0,2,train,Oil tanker,deepship
2_125,18,/datasets/audio/deepship/train/2/2_125.wav,270.0,300.0,2,train,Oil tanker,deepship
2_125,19,/datasets/audio/deepship/train/2/2_125.wav,285.0,315.0,2,train,Oil tanker,deepship
2_125,20,/datasets/audio/deepship/train/2/2_125.wav,300.0,330.0,2,train,Oil tanker,deepship
2_125,21,/datasets/audio/deepship/train/2/2_125.wav,315.0,345.0,2,train,Oil tanker,deepship
2_125,22,/datasets/audio/deepship/train/2/2_125.wav,330.0,360.0,2,train,Oil tanker,deepship
2_125,23,/datasets/audio/deepship/train/2/2_125.wav,345.0,375.0,2,train,Oil tanker,deepship
2_125,24,/datasets/audio/deepship/train/2/2_125.wav,360.0,390.0,2,train,Oil tanker,deepship
2_125,25,/datasets/audio/deepship/train/2/2_125.wav,375.0,405.0,2,train,Oil tanker,deepship
2_125,26,/datasets/audio/deepship/train/2/2_125.wav,390.0,420.0,2,train,Oil tanker,deepship
2_125,27,/datasets/audio/deepship/train/2/2_125.wav,405.0,435.0,2,train,Oil tanker,deepship
2_125,28,/datasets/audio/deepship/train/2/2_125.wav,420.0,450.0,2,train,Oil tanker,deepship
2_125,29,/datasets/audio/deepship/train/2/2_125.wav,435.0,465.0,2,train,Oil tanker,deepship
2_125,30,/datasets/audio/deepship/train/2/2_125.wav,450.0,480.0,2,train,Oil tanker,deepship
2_125,31,/datasets/audio/deepship/train/2/2_125.wav,465.0,495.0,2,train,Oil tanker,deepship
2_125,32,/datasets/audio/deepship/train/2/2_125.wav,480.0,510.0,2,train,Oil tanker,deepship
2_125,33,/datasets/audio/deepship/train/2/2_125.wav,482.0,512.0,2,train,Oil tanker,deepship
2_128,0,/datasets/audio/deepship/train/2/2_128.wav,0.0,30.0,2,train,Oil tanker,deepship
2_128,1,/datasets/audio/deepship/train/2/2_128.wav,15.0,45.0,2,train,Oil tanker,deepship
2_128,2,/datasets/audio/deepship/train/2/2_128.wav,30.0,60.0,2,train,Oil tanker,deepship
2_128,3,/datasets/audio/deepship/train/2/2_128.wav,45.0,75.0,2,train,Oil tanker,deepship
2_128,4,/datasets/audio/deepship/train/2/2_128.wav,60.0,90.0,2,train,Oil tanker,deepship
2_128,5,/datasets/audio/deepship/train/2/2_128.wav,75.0,105.0,2,train,Oil tanker,deepship
2_128,6,/datasets/audio/deepship/train/2/2_128.wav,90.0,120.0,2,train,Oil tanker,deepship
2_128,7,/datasets/audio/deepship/train/2/2_128.wav,105.0,135.0,2,train,Oil tanker,deepship
2_128,8,/datasets/audio/deepship/train/2/2_128.wav,120.0,150.0,2,train,Oil tanker,deepship
2_128,9,/datasets/audio/deepship/train/2/2_128.wav,135.0,165.0,2,train,Oil tanker,deepship
2_128,10,/datasets/audio/deepship/train/2/2_128.wav,150.0,180.0,2,train,Oil tanker,deepship
2_128,11,/datasets/audio/deepship/train/2/2_128.wav,165.0,195.0,2,train,Oil tanker,deepship
2_128,12,/datasets/audio/deepship/train/2/2_128.wav,180.0,210.0,2,train,Oil tanker,deepship
2_128,13,/datasets/audio/deepship/train/2/2_128.wav,195.0,225.0,2,train,Oil tanker,deepship
2_128,14,/datasets/audio/deepship/train/2/2_128.wav,210.0,240.0,2,train,Oil tanker,deepship
2_128,15,/datasets/audio/deepship/train/2/2_128.wav,225.0,255.0,2,train,Oil tanker,deepship
2_128,16,/datasets/audio/deepship/train/2/2_128.wav,240.0,270.0,2,train,Oil tanker,deepship
2_128,17,/datasets/audio/deepship/train/2/2_128.wav,255.0,285.0,2,train,Oil tanker,deepship
2_128,18,/datasets/audio/deepship/train/2/2_128.wav,270.0,300.0,2,train,Oil tanker,deepship
2_128,19,/datasets/audio/deepship/train/2/2_128.wav,285.0,315.0,2,train,Oil tanker,deepship
2_128,20,/datasets/audio/deepship/train/2/2_128.wav,287.0,317.0,2,train,Oil tanker,deepship
2_129,0,/datasets/audio/deepship/train/2/2_129.wav,0.0,30.0,2,train,Oil tanker,deepship
2_129,1,/datasets/audio/deepship/train/2/2_129.wav,15.0,45.0,2,train,Oil tanker,deepship
2_129,2,/datasets/audio/deepship/train/2/2_129.wav,30.0,60.0,2,train,Oil tanker,deepship
2_129,3,/datasets/audio/deepship/train/2/2_129.wav,45.0,75.0,2,train,Oil tanker,deepship
2_129,4,/datasets/audio/deepship/train/2/2_129.wav,60.0,90.0,2,train,Oil tanker,deepship
2_129,5,/datasets/audio/deepship/train/2/2_129.wav,75.0,105.0,2,train,Oil tanker,deepship
2_129,6,/datasets/audio/deepship/train/2/2_129.wav,90.0,120.0,2,train,Oil tanker,deepship
2_129,7,/datasets/audio/deepship/train/2/2_129.wav,105.0,135.0,2,train,Oil tanker,deepship
2_129,8,/datasets/audio/deepship/train/2/2_129.wav,120.0,150.0,2,train,Oil tanker,deepship
2_129,9,/datasets/audio/deepship/train/2/2_129.wav,135.0,165.0,2,train,Oil tanker,deepship
2_129,10,/datasets/audio/deepship/train/2/2_129.wav,150.0,180.0,2,train,Oil tanker,deepship
2_129,11,/datasets/audio/deepship/train/2/2_129.wav,165.0,195.0,2,train,Oil tanker,deepship
2_129,12,/datasets/audio/deepship/train/2/2_129.wav,174.0,204.0,2,train,Oil tanker,deepship
2_130,0,/datasets/audio/deepship/train/2/2_130.wav,0.0,30.0,2,train,Oil tanker,deepship
2_130,1,/datasets/audio/deepship/train/2/2_130.wav,15.0,45.0,2,train,Oil tanker,deepship
2_130,2,/datasets/audio/deepship/train/2/2_130.wav,27.0,57.0,2,train,Oil tanker,deepship
2_132,0,/datasets/audio/deepship/train/2/2_132.wav,0.0,30.0,2,train,Oil tanker,deepship
2_132,1,/datasets/audio/deepship/train/2/2_132.wav,15.0,45.0,2,train,Oil tanker,deepship
2_132,2,/datasets/audio/deepship/train/2/2_132.wav,30.0,60.0,2,train,Oil tanker,deepship
2_132,3,/datasets/audio/deepship/train/2/2_132.wav,33.0,63.0,2,train,Oil tanker,deepship
2_133,0,/datasets/audio/deepship/train/2/2_133.wav,0.0,30.0,2,train,Oil tanker,deepship
2_133,1,/datasets/audio/deepship/train/2/2_133.wav,15.0,45.0,2,train,Oil tanker,deepship
2_133,2,/datasets/audio/deepship/train/2/2_133.wav,30.0,60.0,2,train,Oil tanker,deepship
2_133,3,/datasets/audio/deepship/train/2/2_133.wav,45.0,75.0,2,train,Oil tanker,deepship
2_133,4,/datasets/audio/deepship/train/2/2_133.wav,60.0,90.0,2,train,Oil tanker,deepship
2_133,5,/datasets/audio/deepship/train/2/2_133.wav,75.0,105.0,2,train,Oil tanker,deepship
2_133,6,/datasets/audio/deepship/train/2/2_133.wav,90.0,120.0,2,train,Oil tanker,deepship
2_133,7,/datasets/audio/deepship/train/2/2_133.wav,105.0,135.0,2,train,Oil tanker,deepship
2_133,8,/datasets/audio/deepship/train/2/2_133.wav,120.0,150.0,2,train,Oil tanker,deepship
2_133,9,/datasets/audio/deepship/train/2/2_133.wav,135.0,165.0,2,train,Oil tanker,deepship
2_133,10,/datasets/audio/deepship/train/2/2_133.wav,150.0,180.0,2,train,Oil tanker,deepship
2_133,11,/datasets/audio/deepship/train/2/2_133.wav,165.0,195.0,2,train,Oil tanker,deepship
2_133,12,/datasets/audio/deepship/train/2/2_133.wav,180.0,210.0,2,train,Oil tanker,deepship
2_133,13,/datasets/audio/deepship/train/2/2_133.wav,195.0,225.0,2,train,Oil tanker,deepship
2_133,14,/datasets/audio/deepship/train/2/2_133.wav,210.0,240.0,2,train,Oil tanker,deepship
2_133,15,/datasets/audio/deepship/train/2/2_133.wav,225.0,255.0,2,train,Oil tanker,deepship
2_133,16,/datasets/audio/deepship/train/2/2_133.wav,240.0,270.0,2,train,Oil tanker,deepship
2_133,17,/datasets/audio/deepship/train/2/2_133.wav,255.0,285.0,2,train,Oil tanker,deepship
2_133,18,/datasets/audio/deepship/train/2/2_133.wav,270.0,300.0,2,train,Oil tanker,deepship
2_133,19,/datasets/audio/deepship/train/2/2_133.wav,285.0,315.0,2,train,Oil tanker,deepship
2_133,20,/datasets/audio/deepship/train/2/2_133.wav,300.0,330.0,2,train,Oil tanker,deepship
2_133,21,/datasets/audio/deepship/train/2/2_133.wav,315.0,345.0,2,train,Oil tanker,deepship
2_133,22,/datasets/audio/deepship/train/2/2_133.wav,330.0,360.0,2,train,Oil tanker,deepship
2_133,23,/datasets/audio/deepship/train/2/2_133.wav,345.0,375.0,2,train,Oil tanker,deepship
2_133,24,/datasets/audio/deepship/train/2/2_133.wav,360.0,390.0,2,train,Oil tanker,deepship
2_133,25,/datasets/audio/deepship/train/2/2_133.wav,375.0,405.0,2,train,Oil tanker,deepship
2_133,26,/datasets/audio/deepship/train/2/2_133.wav,386.0,416.0,2,train,Oil tanker,deepship
2_135,0,/datasets/audio/deepship/train/2/2_135.wav,0.0,30.0,2,train,Oil tanker,deepship
2_135,1,/datasets/audio/deepship/train/2/2_135.wav,15.0,45.0,2,train,Oil tanker,deepship
2_135,2,/datasets/audio/deepship/train/2/2_135.wav,30.0,60.0,2,train,Oil tanker,deepship
2_135,3,/datasets/audio/deepship/train/2/2_135.wav,39.0,69.0,2,train,Oil tanker,deepship
2_136,0,/datasets/audio/deepship/train/2/2_136.wav,0.0,30.0,2,train,Oil tanker,deepship
2_136,1,/datasets/audio/deepship/train/2/2_136.wav,15.0,45.0,2,train,Oil tanker,deepship
2_136,2,/datasets/audio/deepship/train/2/2_136.wav,30.0,60.0,2,train,Oil tanker,deepship
2_136,3,/datasets/audio/deepship/train/2/2_136.wav,45.0,75.0,2,train,Oil tanker,deepship
2_136,4,/datasets/audio/deepship/train/2/2_136.wav,60.0,90.0,2,train,Oil tanker,deepship
2_136,5,/datasets/audio/deepship/train/2/2_136.wav,75.0,105.0,2,train,Oil tanker,deepship
2_136,6,/datasets/audio/deepship/train/2/2_136.wav,90.0,120.0,2,train,Oil tanker,deepship
2_136,7,/datasets/audio/deepship/train/2/2_136.wav,105.0,135.0,2,train,Oil tanker,deepship
2_136,8,/datasets/audio/deepship/train/2/2_136.wav,120.0,150.0,2,train,Oil tanker,deepship
2_136,9,/datasets/audio/deepship/train/2/2_136.wav,135.0,165.0,2,train,Oil tanker,deepship
2_136,10,/datasets/audio/deepship/train/2/2_136.wav,150.0,180.0,2,train,Oil tanker,deepship
2_136,11,/datasets/audio/deepship/train/2/2_136.wav,165.0,195.0,2,train,Oil tanker,deepship
2_136,12,/datasets/audio/deepship/train/2/2_136.wav,180.0,210.0,2,train,Oil tanker,deepship
2_136,13,/datasets/audio/deepship/train/2/2_136.wav,195.0,225.0,2,train,Oil tanker,deepship
2_136,14,/datasets/audio/deepship/train/2/2_136.wav,210.0,240.0,2,train,Oil tanker,deepship
2_136,15,/datasets/audio/deepship/train/2/2_136.wav,225.0,255.0,2,train,Oil tanker,deepship
2_136,16,/datasets/audio/deepship/train/2/2_136.wav,240.0,270.0,2,train,Oil tanker,deepship
2_136,17,/datasets/audio/deepship/train/2/2_136.wav,255.0,285.0,2,train,Oil tanker,deepship
2_136,18,/datasets/audio/deepship/train/2/2_136.wav,270.0,300.0,2,train,Oil tanker,deepship
2_136,19,/datasets/audio/deepship/train/2/2_136.wav,285.0,315.0,2,train,Oil tanker,deepship
2_136,20,/datasets/audio/deepship/train/2/2_136.wav,300.0,330.0,2,train,Oil tanker,deepship
2_136,21,/datasets/audio/deepship/train/2/2_136.wav,315.0,345.0,2,train,Oil tanker,deepship
2_136,22,/datasets/audio/deepship/train/2/2_136.wav,330.0,360.0,2,train,Oil tanker,deepship
2_136,23,/datasets/audio/deepship/train/2/2_136.wav,345.0,375.0,2,train,Oil tanker,deepship
2_136,24,/datasets/audio/deepship/train/2/2_136.wav,360.0,390.0,2,train,Oil tanker,deepship
2_136,25,/datasets/audio/deepship/train/2/2_136.wav,375.0,405.0,2,train,Oil tanker,deepship
2_136,26,/datasets/audio/deepship/train/2/2_136.wav,380.0,410.0,2,train,Oil tanker,deepship
2_137,0,/datasets/audio/deepship/train/2/2_137.wav,0.0,30.0,2,train,Oil tanker,deepship
2_137,1,/datasets/audio/deepship/train/2/2_137.wav,15.0,45.0,2,train,Oil tanker,deepship
2_137,2,/datasets/audio/deepship/train/2/2_137.wav,30.0,60.0,2,train,Oil tanker,deepship
2_137,3,/datasets/audio/deepship/train/2/2_137.wav,45.0,75.0,2,train,Oil tanker,deepship
2_137,4,/datasets/audio/deepship/train/2/2_137.wav,60.0,90.0,2,train,Oil tanker,deepship
2_137,5,/datasets/audio/deepship/train/2/2_137.wav,75.0,105.0,2,train,Oil tanker,deepship
2_137,6,/datasets/audio/deepship/train/2/2_137.wav,90.0,120.0,2,train,Oil tanker,deepship
2_137,7,/datasets/audio/deepship/train/2/2_137.wav,105.0,135.0,2,train,Oil tanker,deepship
2_137,8,/datasets/audio/deepship/train/2/2_137.wav,120.0,150.0,2,train,Oil tanker,deepship
2_137,9,/datasets/audio/deepship/train/2/2_137.wav,135.0,165.0,2,train,Oil tanker,deepship
2_137,10,/datasets/audio/deepship/train/2/2_137.wav,150.0,180.0,2,train,Oil tanker,deepship
2_137,11,/datasets/audio/deepship/train/2/2_137.wav,165.0,195.0,2,train,Oil tanker,deepship
2_137,12,/datasets/audio/deepship/train/2/2_137.wav,180.0,210.0,2,train,Oil tanker,deepship
2_137,13,/datasets/audio/deepship/train/2/2_137.wav,195.0,225.0,2,train,Oil tanker,deepship
2_137,14,/datasets/audio/deepship/train/2/2_137.wav,210.0,240.0,2,train,Oil tanker,deepship
2_137,15,/datasets/audio/deepship/train/2/2_137.wav,225.0,255.0,2,train,Oil tanker,deepship
2_137,16,/datasets/audio/deepship/train/2/2_137.wav,240.0,270.0,2,train,Oil tanker,deepship
2_137,17,/datasets/audio/deepship/train/2/2_137.wav,255.0,285.0,2,train,Oil tanker,deepship
2_137,18,/datasets/audio/deepship/train/2/2_137.wav,270.0,300.0,2,train,Oil tanker,deepship
2_137,19,/datasets/audio/deepship/train/2/2_137.wav,285.0,315.0,2,train,Oil tanker,deepship
2_137,20,/datasets/audio/deepship/train/2/2_137.wav,300.0,330.0,2,train,Oil tanker,deepship
2_137,21,/datasets/audio/deepship/train/2/2_137.wav,315.0,345.0,2,train,Oil tanker,deepship
2_137,22,/datasets/audio/deepship/train/2/2_137.wav,322.0,352.0,2,train,Oil tanker,deepship
2_138,0,/datasets/audio/deepship/train/2/2_138.wav,0.0,30.0,2,train,Oil tanker,deepship
2_138,1,/datasets/audio/deepship/train/2/2_138.wav,15.0,45.0,2,train,Oil tanker,deepship
2_138,2,/datasets/audio/deepship/train/2/2_138.wav,30.0,60.0,2,train,Oil tanker,deepship
2_138,3,/datasets/audio/deepship/train/2/2_138.wav,45.0,75.0,2,train,Oil tanker,deepship
2_138,4,/datasets/audio/deepship/train/2/2_138.wav,60.0,90.0,2,train,Oil tanker,deepship
2_138,5,/datasets/audio/deepship/train/2/2_138.wav,75.0,105.0,2,train,Oil tanker,deepship
2_138,6,/datasets/audio/deepship/train/2/2_138.wav,90.0,120.0,2,train,Oil tanker,deepship
2_138,7,/datasets/audio/deepship/train/2/2_138.wav,105.0,135.0,2,train,Oil tanker,deepship
2_138,8,/datasets/audio/deepship/train/2/2_138.wav,120.0,150.0,2,train,Oil tanker,deepship
2_138,9,/datasets/audio/deepship/train/2/2_138.wav,135.0,165.0,2,train,Oil tanker,deepship
2_138,10,/datasets/audio/deepship/train/2/2_138.wav,150.0,180.0,2,train,Oil tanker,deepship
2_138,11,/datasets/audio/deepship/train/2/2_138.wav,165.0,195.0,2,train,Oil tanker,deepship
2_138,12,/datasets/audio/deepship/train/2/2_138.wav,180.0,210.0,2,train,Oil tanker,deepship
2_138,13,/datasets/audio/deepship/train/2/2_138.wav,195.0,225.0,2,train,Oil tanker,deepship
2_138,14,/datasets/audio/deepship/train/2/2_138.wav,210.0,240.0,2,train,Oil tanker,deepship
2_138,15,/datasets/audio/deepship/train/2/2_138.wav,225.0,255.0,2,train,Oil tanker,deepship
2_138,16,/datasets/audio/deepship/train/2/2_138.wav,230.0,260.0,2,train,Oil tanker,deepship
2_139,0,/datasets/audio/deepship/train/2/2_139.wav,0.0,30.0,2,train,Oil tanker,deepship
2_139,1,/datasets/audio/deepship/train/2/2_139.wav,15.0,45.0,2,train,Oil tanker,deepship
2_139,2,/datasets/audio/deepship/train/2/2_139.wav,30.0,60.0,2,train,Oil tanker,deepship
2_139,3,/datasets/audio/deepship/train/2/2_139.wav,45.0,75.0,2,train,Oil tanker,deepship
2_139,4,/datasets/audio/deepship/train/2/2_139.wav,60.0,90.0,2,train,Oil tanker,deepship
2_139,5,/datasets/audio/deepship/train/2/2_139.wav,75.0,105.0,2,train,Oil tanker,deepship
2_139,6,/datasets/audio/deepship/train/2/2_139.wav,90.0,120.0,2,train,Oil tanker,deepship
2_139,7,/datasets/audio/deepship/train/2/2_139.wav,105.0,135.0,2,train,Oil tanker,deepship
2_139,8,/datasets/audio/deepship/train/2/2_139.wav,120.0,150.0,2,train,Oil tanker,deepship
2_140,0,/datasets/audio/deepship/train/2/2_140.wav,0.0,30.0,2,train,Oil tanker,deepship
2_140,1,/datasets/audio/deepship/train/2/2_140.wav,15.0,45.0,2,train,Oil tanker,deepship
2_140,2,/datasets/audio/deepship/train/2/2_140.wav,17.0,47.0,2,train,Oil tanker,deepship
2_142,0,/datasets/audio/deepship/train/2/2_142.wav,0.0,30.0,2,train,Oil tanker,deepship
2_142,1,/datasets/audio/deepship/train/2/2_142.wav,15.0,45.0,2,train,Oil tanker,deepship
2_142,2,/datasets/audio/deepship/train/2/2_142.wav,30.0,60.0,2,train,Oil tanker,deepship
2_142,3,/datasets/audio/deepship/train/2/2_142.wav,45.0,75.0,2,train,Oil tanker,deepship
2_142,4,/datasets/audio/deepship/train/2/2_142.wav,60.0,90.0,2,train,Oil tanker,deepship
2_142,5,/datasets/audio/deepship/train/2/2_142.wav,75.0,105.0,2,train,Oil tanker,deepship
2_142,6,/datasets/audio/deepship/train/2/2_142.wav,90.0,120.0,2,train,Oil tanker,deepship
2_142,7,/datasets/audio/deepship/train/2/2_142.wav,105.0,135.0,2,train,Oil tanker,deepship
2_142,8,/datasets/audio/deepship/train/2/2_142.wav,120.0,150.0,2,train,Oil tanker,deepship
2_142,9,/datasets/audio/deepship/train/2/2_142.wav,135.0,165.0,2,train,Oil tanker,deepship
2_142,10,/datasets/audio/deepship/train/2/2_142.wav,150.0,180.0,2,train,Oil tanker,deepship
2_142,11,/datasets/audio/deepship/train/2/2_142.wav,165.0,195.0,2,train,Oil tanker,deepship
2_142,12,/datasets/audio/deepship/train/2/2_142.wav,180.0,210.0,2,train,Oil tanker,deepship
2_142,13,/datasets/audio/deepship/train/2/2_142.wav,195.0,225.0,2,train,Oil tanker,deepship
2_142,14,/datasets/audio/deepship/train/2/2_142.wav,210.0,240.0,2,train,Oil tanker,deepship
2_142,15,/datasets/audio/deepship/train/2/2_142.wav,225.0,255.0,2,train,Oil tanker,deepship
2_142,16,/datasets/audio/deepship/train/2/2_142.wav,240.0,270.0,2,train,Oil tanker,deepship
2_142,17,/datasets/audio/deepship/train/2/2_142.wav,255.0,285.0,2,train,Oil tanker,deepship
2_142,18,/datasets/audio/deepship/train/2/2_142.wav,270.0,300.0,2,train,Oil tanker,deepship
2_142,19,/datasets/audio/deepship/train/2/2_142.wav,285.0,315.0,2,train,Oil tanker,deepship
2_142,20,/datasets/audio/deepship/train/2/2_142.wav,300.0,330.0,2,train,Oil tanker,deepship
2_142,21,/datasets/audio/deepship/train/2/2_142.wav,315.0,345.0,2,train,Oil tanker,deepship
2_142,22,/datasets/audio/deepship/train/2/2_142.wav,330.0,360.0,2,train,Oil tanker,deepship
2_142,23,/datasets/audio/deepship/train/2/2_142.wav,345.0,375.0,2,train,Oil tanker,deepship
2_142,24,/datasets/audio/deepship/train/2/2_142.wav,360.0,390.0,2,train,Oil tanker,deepship
2_142,25,/datasets/audio/deepship/train/2/2_142.wav,365.0,395.0,2,train,Oil tanker,deepship
2_143,0,/datasets/audio/deepship/train/2/2_143.wav,0.0,30.0,2,train,Oil tanker,deepship
2_143,1,/datasets/audio/deepship/train/2/2_143.wav,10.0,40.0,2,train,Oil tanker,deepship
2_145,0,/datasets/audio/deepship/train/2/2_145.wav,0.0,30.0,2,train,Oil tanker,deepship
2_145,1,/datasets/audio/deepship/train/2/2_145.wav,15.0,45.0,2,train,Oil tanker,deepship
2_145,2,/datasets/audio/deepship/train/2/2_145.wav,18.0,48.0,2,train,Oil tanker,deepship
2_146,0,/datasets/audio/deepship/train/2/2_146.wav,0.0,30.0,2,train,Oil tanker,deepship
2_148,0,/datasets/audio/deepship/train/2/2_148.wav,0.0,30.0,2,train,Oil tanker,deepship
2_149,0,/datasets/audio/deepship/train/2/2_149.wav,0.0,30.0,2,train,Oil tanker,deepship
2_149,1,/datasets/audio/deepship/train/2/2_149.wav,15.0,45.0,2,train,Oil tanker,deepship
2_149,2,/datasets/audio/deepship/train/2/2_149.wav,30.0,60.0,2,train,Oil tanker,deepship
2_149,3,/datasets/audio/deepship/train/2/2_149.wav,45.0,75.0,2,train,Oil tanker,deepship
2_149,4,/datasets/audio/deepship/train/2/2_149.wav,60.0,90.0,2,train,Oil tanker,deepship
2_149,5,/datasets/audio/deepship/train/2/2_149.wav,75.0,105.0,2,train,Oil tanker,deepship
2_149,6,/datasets/audio/deepship/train/2/2_149.wav,90.0,120.0,2,train,Oil tanker,deepship
2_149,7,/datasets/audio/deepship/train/2/2_149.wav,105.0,135.0,2,train,Oil tanker,deepship
2_149,8,/datasets/audio/deepship/train/2/2_149.wav,120.0,150.0,2,train,Oil tanker,deepship
2_149,9,/datasets/audio/deepship/train/2/2_149.wav,135.0,165.0,2,train,Oil tanker,deepship
2_149,10,/datasets/audio/deepship/train/2/2_149.wav,150.0,180.0,2,train,Oil tanker,deepship
2_149,11,/datasets/audio/deepship/train/2/2_149.wav,165.0,195.0,2,train,Oil tanker,deepship
2_149,12,/datasets/audio/deepship/train/2/2_149.wav,180.0,210.0,2,train,Oil tanker,deepship
2_149,13,/datasets/audio/deepship/train/2/2_149.wav,195.0,225.0,2,train,Oil tanker,deepship
2_149,14,/datasets/audio/deepship/train/2/2_149.wav,210.0,240.0,2,train,Oil tanker,deepship
2_149,15,/datasets/audio/deepship/train/2/2_149.wav,225.0,255.0,2,train,Oil tanker,deepship
2_149,16,/datasets/audio/deepship/train/2/2_149.wav,240.0,270.0,2,train,Oil tanker,deepship
2_149,17,/datasets/audio/deepship/train/2/2_149.wav,255.0,285.0,2,train,Oil tanker,deepship
2_149,18,/datasets/audio/deepship/train/2/2_149.wav,270.0,300.0,2,train,Oil tanker,deepship
2_149,19,/datasets/audio/deepship/train/2/2_149.wav,285.0,315.0,2,train,Oil tanker,deepship
2_149,20,/datasets/audio/deepship/train/2/2_149.wav,300.0,330.0,2,train,Oil tanker,deepship
2_149,21,/datasets/audio/deepship/train/2/2_149.wav,315.0,345.0,2,train,Oil tanker,deepship
2_149,22,/datasets/audio/deepship/train/2/2_149.wav,330.0,360.0,2,train,Oil tanker,deepship
2_149,23,/datasets/audio/deepship/train/2/2_149.wav,345.0,375.0,2,train,Oil tanker,deepship
2_149,24,/datasets/audio/deepship/train/2/2_149.wav,360.0,390.0,2,train,Oil tanker,deepship
2_149,25,/datasets/audio/deepship/train/2/2_149.wav,375.0,405.0,2,train,Oil tanker,deepship
2_149,26,/datasets/audio/deepship/train/2/2_149.wav,390.0,420.0,2,train,Oil tanker,deepship
2_149,27,/datasets/audio/deepship/train/2/2_149.wav,405.0,435.0,2,train,Oil tanker,deepship
2_149,28,/datasets/audio/deepship/train/2/2_149.wav,420.0,450.0,2,train,Oil tanker,deepship
2_149,29,/datasets/audio/deepship/train/2/2_149.wav,435.0,465.0,2,train,Oil tanker,deepship
2_149,30,/datasets/audio/deepship/train/2/2_149.wav,450.0,480.0,2,train,Oil tanker,deepship
2_149,31,/datasets/audio/deepship/train/2/2_149.wav,465.0,495.0,2,train,Oil tanker,deepship
2_149,32,/datasets/audio/deepship/train/2/2_149.wav,480.0,510.0,2,train,Oil tanker,deepship
2_149,33,/datasets/audio/deepship/train/2/2_149.wav,493.0,523.0,2,train,Oil tanker,deepship
2_150,0,/datasets/audio/deepship/train/2/2_150.wav,0.0,30.0,2,train,Oil tanker,deepship
2_150,1,/datasets/audio/deepship/train/2/2_150.wav,15.0,45.0,2,train,Oil tanker,deepship
2_150,2,/datasets/audio/deepship/train/2/2_150.wav,30.0,60.0,2,train,Oil tanker,deepship
2_150,3,/datasets/audio/deepship/train/2/2_150.wav,45.0,75.0,2,train,Oil tanker,deepship
2_150,4,/datasets/audio/deepship/train/2/2_150.wav,60.0,90.0,2,train,Oil tanker,deepship
2_150,5,/datasets/audio/deepship/train/2/2_150.wav,75.0,105.0,2,train,Oil tanker,deepship
2_150,6,/datasets/audio/deepship/train/2/2_150.wav,90.0,120.0,2,train,Oil tanker,deepship
2_150,7,/datasets/audio/deepship/train/2/2_150.wav,105.0,135.0,2,train,Oil tanker,deepship
2_150,8,/datasets/audio/deepship/train/2/2_150.wav,120.0,150.0,2,train,Oil tanker,deepship
2_150,9,/datasets/audio/deepship/train/2/2_150.wav,135.0,165.0,2,train,Oil tanker,deepship
2_150,10,/datasets/audio/deepship/train/2/2_150.wav,150.0,180.0,2,train,Oil tanker,deepship
2_150,11,/datasets/audio/deepship/train/2/2_150.wav,165.0,195.0,2,train,Oil tanker,deepship
2_150,12,/datasets/audio/deepship/train/2/2_150.wav,180.0,210.0,2,train,Oil tanker,deepship
2_150,13,/datasets/audio/deepship/train/2/2_150.wav,195.0,225.0,2,train,Oil tanker,deepship
2_150,14,/datasets/audio/deepship/train/2/2_150.wav,210.0,240.0,2,train,Oil tanker,deepship
2_150,15,/datasets/audio/deepship/train/2/2_150.wav,225.0,255.0,2,train,Oil tanker,deepship
2_150,16,/datasets/audio/deepship/train/2/2_150.wav,240.0,270.0,2,train,Oil tanker,deepship
2_150,17,/datasets/audio/deepship/train/2/2_150.wav,255.0,285.0,2,train,Oil tanker,deepship
2_150,18,/datasets/audio/deepship/train/2/2_150.wav,270.0,300.0,2,train,Oil tanker,deepship
2_150,19,/datasets/audio/deepship/train/2/2_150.wav,285.0,315.0,2,train,Oil tanker,deepship
2_150,20,/datasets/audio/deepship/train/2/2_150.wav,300.0,330.0,2,train,Oil tanker,deepship
2_150,21,/datasets/audio/deepship/train/2/2_150.wav,315.0,345.0,2,train,Oil tanker,deepship
2_150,22,/datasets/audio/deepship/train/2/2_150.wav,330.0,360.0,2,train,Oil tanker,deepship
2_150,23,/datasets/audio/deepship/train/2/2_150.wav,339.0,369.0,2,train,Oil tanker,deepship
2_152,0,/datasets/audio/deepship/train/2/2_152.wav,0.0,30.0,2,train,Oil tanker,deepship
2_152,1,/datasets/audio/deepship/train/2/2_152.wav,15.0,45.0,2,train,Oil tanker,deepship
2_152,2,/datasets/audio/deepship/train/2/2_152.wav,30.0,60.0,2,train,Oil tanker,deepship
2_152,3,/datasets/audio/deepship/train/2/2_152.wav,45.0,75.0,2,train,Oil tanker,deepship
2_152,4,/datasets/audio/deepship/train/2/2_152.wav,60.0,90.0,2,train,Oil tanker,deepship
2_152,5,/datasets/audio/deepship/train/2/2_152.wav,75.0,105.0,2,train,Oil tanker,deepship
2_152,6,/datasets/audio/deepship/train/2/2_152.wav,90.0,120.0,2,train,Oil tanker,deepship
2_152,7,/datasets/audio/deepship/train/2/2_152.wav,105.0,135.0,2,train,Oil tanker,deepship
2_152,8,/datasets/audio/deepship/train/2/2_152.wav,120.0,150.0,2,train,Oil tanker,deepship
2_152,9,/datasets/audio/deepship/train/2/2_152.wav,135.0,165.0,2,train,Oil tanker,deepship
2_152,10,/datasets/audio/deepship/train/2/2_152.wav,150.0,180.0,2,train,Oil tanker,deepship
2_152,11,/datasets/audio/deepship/train/2/2_152.wav,165.0,195.0,2,train,Oil tanker,deepship
2_152,12,/datasets/audio/deepship/train/2/2_152.wav,180.0,210.0,2,train,Oil tanker,deepship
2_152,13,/datasets/audio/deepship/train/2/2_152.wav,195.0,225.0,2,train,Oil tanker,deepship
2_152,14,/datasets/audio/deepship/train/2/2_152.wav,210.0,240.0,2,train,Oil tanker,deepship
2_152,15,/datasets/audio/deepship/train/2/2_152.wav,225.0,255.0,2,train,Oil tanker,deepship
2_152,16,/datasets/audio/deepship/train/2/2_152.wav,240.0,270.0,2,train,Oil tanker,deepship
2_152,17,/datasets/audio/deepship/train/2/2_152.wav,255.0,285.0,2,train,Oil tanker,deepship
2_152,18,/datasets/audio/deepship/train/2/2_152.wav,270.0,300.0,2,train,Oil tanker,deepship
2_152,19,/datasets/audio/deepship/train/2/2_152.wav,285.0,315.0,2,train,Oil tanker,deepship
2_152,20,/datasets/audio/deepship/train/2/2_152.wav,300.0,330.0,2,train,Oil tanker,deepship
2_152,21,/datasets/audio/deepship/train/2/2_152.wav,315.0,345.0,2,train,Oil tanker,deepship
2_152,22,/datasets/audio/deepship/train/2/2_152.wav,330.0,360.0,2,train,Oil tanker,deepship
2_152,23,/datasets/audio/deepship/train/2/2_152.wav,345.0,375.0,2,train,Oil tanker,deepship
2_152,24,/datasets/audio/deepship/train/2/2_152.wav,360.0,390.0,2,train,Oil tanker,deepship
2_152,25,/datasets/audio/deepship/train/2/2_152.wav,375.0,405.0,2,train,Oil tanker,deepship
2_152,26,/datasets/audio/deepship/train/2/2_152.wav,390.0,420.0,2,train,Oil tanker,deepship
2_154,0,/datasets/audio/deepship/train/2/2_154.wav,0.0,30.0,2,train,Oil tanker,deepship
2_155,0,/datasets/audio/deepship/train/2/2_155.wav,0.0,30.0,2,train,Oil tanker,deepship
2_157,0,/datasets/audio/deepship/train/2/2_157.wav,0.0,30.0,2,train,Oil tanker,deepship
2_157,1,/datasets/audio/deepship/train/2/2_157.wav,15.0,45.0,2,train,Oil tanker,deepship
2_157,2,/datasets/audio/deepship/train/2/2_157.wav,30.0,60.0,2,train,Oil tanker,deepship
2_157,3,/datasets/audio/deepship/train/2/2_157.wav,45.0,75.0,2,train,Oil tanker,deepship
2_157,4,/datasets/audio/deepship/train/2/2_157.wav,60.0,90.0,2,train,Oil tanker,deepship
2_157,5,/datasets/audio/deepship/train/2/2_157.wav,75.0,105.0,2,train,Oil tanker,deepship
2_157,6,/datasets/audio/deepship/train/2/2_157.wav,90.0,120.0,2,train,Oil tanker,deepship
2_157,7,/datasets/audio/deepship/train/2/2_157.wav,105.0,135.0,2,train,Oil tanker,deepship
2_157,8,/datasets/audio/deepship/train/2/2_157.wav,120.0,150.0,2,train,Oil tanker,deepship
2_157,9,/datasets/audio/deepship/train/2/2_157.wav,135.0,165.0,2,train,Oil tanker,deepship
2_157,10,/datasets/audio/deepship/train/2/2_157.wav,150.0,180.0,2,train,Oil tanker,deepship
2_157,11,/datasets/audio/deepship/train/2/2_157.wav,165.0,195.0,2,train,Oil tanker,deepship
2_157,12,/datasets/audio/deepship/train/2/2_157.wav,180.0,210.0,2,train,Oil tanker,deepship
2_157,13,/datasets/audio/deepship/train/2/2_157.wav,195.0,225.0,2,train,Oil tanker,deepship
2_157,14,/datasets/audio/deepship/train/2/2_157.wav,210.0,240.0,2,train,Oil tanker,deepship
2_157,15,/datasets/audio/deepship/train/2/2_157.wav,225.0,255.0,2,train,Oil tanker,deepship
2_157,16,/datasets/audio/deepship/train/2/2_157.wav,240.0,270.0,2,train,Oil tanker,deepship
2_157,17,/datasets/audio/deepship/train/2/2_157.wav,255.0,285.0,2,train,Oil tanker,deepship
2_157,18,/datasets/audio/deepship/train/2/2_157.wav,270.0,300.0,2,train,Oil tanker,deepship
2_157,19,/datasets/audio/deepship/train/2/2_157.wav,285.0,315.0,2,train,Oil tanker,deepship
2_157,20,/datasets/audio/deepship/train/2/2_157.wav,300.0,330.0,2,train,Oil tanker,deepship
2_157,21,/datasets/audio/deepship/train/2/2_157.wav,315.0,345.0,2,train,Oil tanker,deepship
2_157,22,/datasets/audio/deepship/train/2/2_157.wav,330.0,360.0,2,train,Oil tanker,deepship
2_157,23,/datasets/audio/deepship/train/2/2_157.wav,340.0,370.0,2,train,Oil tanker,deepship
2_159,0,/datasets/audio/deepship/train/2/2_159.wav,0.0,30.0,2,train,Oil tanker,deepship
2_159,1,/datasets/audio/deepship/train/2/2_159.wav,15.0,45.0,2,train,Oil tanker,deepship
2_159,2,/datasets/audio/deepship/train/2/2_159.wav,30.0,60.0,2,train,Oil tanker,deepship
2_159,3,/datasets/audio/deepship/train/2/2_159.wav,45.0,75.0,2,train,Oil tanker,deepship
2_159,4,/datasets/audio/deepship/train/2/2_159.wav,60.0,90.0,2,train,Oil tanker,deepship
2_159,5,/datasets/audio/deepship/train/2/2_159.wav,75.0,105.0,2,train,Oil tanker,deepship
2_159,6,/datasets/audio/deepship/train/2/2_159.wav,90.0,120.0,2,train,Oil tanker,deepship
2_159,7,/datasets/audio/deepship/train/2/2_159.wav,105.0,135.0,2,train,Oil tanker,deepship
2_159,8,/datasets/audio/deepship/train/2/2_159.wav,120.0,150.0,2,train,Oil tanker,deepship
2_159,9,/datasets/audio/deepship/train/2/2_159.wav,135.0,165.0,2,train,Oil tanker,deepship
2_159,10,/datasets/audio/deepship/train/2/2_159.wav,150.0,180.0,2,train,Oil tanker,deepship
2_159,11,/datasets/audio/deepship/train/2/2_159.wav,165.0,195.0,2,train,Oil tanker,deepship
2_159,12,/datasets/audio/deepship/train/2/2_159.wav,180.0,210.0,2,train,Oil tanker,deepship
2_159,13,/datasets/audio/deepship/train/2/2_159.wav,195.0,225.0,2,train,Oil tanker,deepship
2_159,14,/datasets/audio/deepship/train/2/2_159.wav,210.0,240.0,2,train,Oil tanker,deepship
2_159,15,/datasets/audio/deepship/train/2/2_159.wav,225.0,255.0,2,train,Oil tanker,deepship
2_159,16,/datasets/audio/deepship/train/2/2_159.wav,240.0,270.0,2,train,Oil tanker,deepship
2_159,17,/datasets/audio/deepship/train/2/2_159.wav,255.0,285.0,2,train,Oil tanker,deepship
2_159,18,/datasets/audio/deepship/train/2/2_159.wav,270.0,300.0,2,train,Oil tanker,deepship
2_159,19,/datasets/audio/deepship/train/2/2_159.wav,285.0,315.0,2,train,Oil tanker,deepship
2_159,20,/datasets/audio/deepship/train/2/2_159.wav,287.0,317.0,2,train,Oil tanker,deepship
2_16,0,/datasets/audio/deepship/train/2/2_16.wav,0.0,30.0,2,train,Oil tanker,deepship
2_16,1,/datasets/audio/deepship/train/2/2_16.wav,15.0,45.0,2,train,Oil tanker,deepship
2_16,2,/datasets/audio/deepship/train/2/2_16.wav,30.0,60.0,2,train,Oil tanker,deepship
2_16,3,/datasets/audio/deepship/train/2/2_16.wav,45.0,75.0,2,train,Oil tanker,deepship
2_16,4,/datasets/audio/deepship/train/2/2_16.wav,60.0,90.0,2,train,Oil tanker,deepship
2_16,5,/datasets/audio/deepship/train/2/2_16.wav,75.0,105.0,2,train,Oil tanker,deepship
2_16,6,/datasets/audio/deepship/train/2/2_16.wav,90.0,120.0,2,train,Oil tanker,deepship
2_16,7,/datasets/audio/deepship/train/2/2_16.wav,105.0,135.0,2,train,Oil tanker,deepship
2_16,8,/datasets/audio/deepship/train/2/2_16.wav,120.0,150.0,2,train,Oil tanker,deepship
2_16,9,/datasets/audio/deepship/train/2/2_16.wav,135.0,165.0,2,train,Oil tanker,deepship
2_16,10,/datasets/audio/deepship/train/2/2_16.wav,150.0,180.0,2,train,Oil tanker,deepship
2_16,11,/datasets/audio/deepship/train/2/2_16.wav,165.0,195.0,2,train,Oil tanker,deepship
2_16,12,/datasets/audio/deepship/train/2/2_16.wav,180.0,210.0,2,train,Oil tanker,deepship
2_16,13,/datasets/audio/deepship/train/2/2_16.wav,195.0,225.0,2,train,Oil tanker,deepship
2_16,14,/datasets/audio/deepship/train/2/2_16.wav,210.0,240.0,2,train,Oil tanker,deepship
2_16,15,/datasets/audio/deepship/train/2/2_16.wav,225.0,255.0,2,train,Oil tanker,deepship
2_16,16,/datasets/audio/deepship/train/2/2_16.wav,240.0,270.0,2,train,Oil tanker,deepship
2_16,17,/datasets/audio/deepship/train/2/2_16.wav,255.0,285.0,2,train,Oil tanker,deepship
2_16,18,/datasets/audio/deepship/train/2/2_16.wav,270.0,300.0,2,train,Oil tanker,deepship
2_16,19,/datasets/audio/deepship/train/2/2_16.wav,285.0,315.0,2,train,Oil tanker,deepship
2_16,20,/datasets/audio/deepship/train/2/2_16.wav,300.0,330.0,2,train,Oil tanker,deepship
2_16,21,/datasets/audio/deepship/train/2/2_16.wav,315.0,345.0,2,train,Oil tanker,deepship
2_16,22,/datasets/audio/deepship/train/2/2_16.wav,330.0,360.0,2,train,Oil tanker,deepship
2_16,23,/datasets/audio/deepship/train/2/2_16.wav,345.0,375.0,2,train,Oil tanker,deepship
2_16,24,/datasets/audio/deepship/train/2/2_16.wav,360.0,390.0,2,train,Oil tanker,deepship
2_16,25,/datasets/audio/deepship/train/2/2_16.wav,375.0,405.0,2,train,Oil tanker,deepship
2_16,26,/datasets/audio/deepship/train/2/2_16.wav,390.0,420.0,2,train,Oil tanker,deepship
2_16,27,/datasets/audio/deepship/train/2/2_16.wav,405.0,435.0,2,train,Oil tanker,deepship
2_16,28,/datasets/audio/deepship/train/2/2_16.wav,420.0,450.0,2,train,Oil tanker,deepship
2_16,29,/datasets/audio/deepship/train/2/2_16.wav,435.0,465.0,2,train,Oil tanker,deepship
2_16,30,/datasets/audio/deepship/train/2/2_16.wav,450.0,480.0,2,train,Oil tanker,deepship
2_16,31,/datasets/audio/deepship/train/2/2_16.wav,465.0,495.0,2,train,Oil tanker,deepship
2_16,32,/datasets/audio/deepship/train/2/2_16.wav,476.0,506.0,2,train,Oil tanker,deepship
2_160,0,/datasets/audio/deepship/train/2/2_160.wav,0.0,30.0,2,train,Oil tanker,deepship
2_160,1,/datasets/audio/deepship/train/2/2_160.wav,15.0,45.0,2,train,Oil tanker,deepship
2_160,2,/datasets/audio/deepship/train/2/2_160.wav,30.0,60.0,2,train,Oil tanker,deepship
2_160,3,/datasets/audio/deepship/train/2/2_160.wav,45.0,75.0,2,train,Oil tanker,deepship
2_160,4,/datasets/audio/deepship/train/2/2_160.wav,54.0,84.0,2,train,Oil tanker,deepship
2_161,0,/datasets/audio/deepship/train/2/2_161.wav,0.0,30.0,2,train,Oil tanker,deepship
2_162,0,/datasets/audio/deepship/train/2/2_162.wav,0.0,30.0,2,train,Oil tanker,deepship
2_162,1,/datasets/audio/deepship/train/2/2_162.wav,15.0,45.0,2,train,Oil tanker,deepship
2_162,2,/datasets/audio/deepship/train/2/2_162.wav,30.0,60.0,2,train,Oil tanker,deepship
2_162,3,/datasets/audio/deepship/train/2/2_162.wav,45.0,75.0,2,train,Oil tanker,deepship
2_162,4,/datasets/audio/deepship/train/2/2_162.wav,60.0,90.0,2,train,Oil tanker,deepship
2_162,5,/datasets/audio/deepship/train/2/2_162.wav,75.0,105.0,2,train,Oil tanker,deepship
2_162,6,/datasets/audio/deepship/train/2/2_162.wav,90.0,120.0,2,train,Oil tanker,deepship
2_162,7,/datasets/audio/deepship/train/2/2_162.wav,105.0,135.0,2,train,Oil tanker,deepship
2_162,8,/datasets/audio/deepship/train/2/2_162.wav,120.0,150.0,2,train,Oil tanker,deepship
2_162,9,/datasets/audio/deepship/train/2/2_162.wav,135.0,165.0,2,train,Oil tanker,deepship
2_162,10,/datasets/audio/deepship/train/2/2_162.wav,150.0,180.0,2,train,Oil tanker,deepship
2_162,11,/datasets/audio/deepship/train/2/2_162.wav,165.0,195.0,2,train,Oil tanker,deepship
2_162,12,/datasets/audio/deepship/train/2/2_162.wav,180.0,210.0,2,train,Oil tanker,deepship
2_162,13,/datasets/audio/deepship/train/2/2_162.wav,195.0,225.0,2,train,Oil tanker,deepship
2_162,14,/datasets/audio/deepship/train/2/2_162.wav,210.0,240.0,2,train,Oil tanker,deepship
2_162,15,/datasets/audio/deepship/train/2/2_162.wav,225.0,255.0,2,train,Oil tanker,deepship
2_162,16,/datasets/audio/deepship/train/2/2_162.wav,240.0,270.0,2,train,Oil tanker,deepship
2_162,17,/datasets/audio/deepship/train/2/2_162.wav,255.0,285.0,2,train,Oil tanker,deepship
2_162,18,/datasets/audio/deepship/train/2/2_162.wav,270.0,300.0,2,train,Oil tanker,deepship
2_162,19,/datasets/audio/deepship/train/2/2_162.wav,285.0,315.0,2,train,Oil tanker,deepship
2_162,20,/datasets/audio/deepship/train/2/2_162.wav,300.0,330.0,2,train,Oil tanker,deepship
2_162,21,/datasets/audio/deepship/train/2/2_162.wav,315.0,345.0,2,train,Oil tanker,deepship
2_162,22,/datasets/audio/deepship/train/2/2_162.wav,330.0,360.0,2,train,Oil tanker,deepship
2_162,23,/datasets/audio/deepship/train/2/2_162.wav,345.0,375.0,2,train,Oil tanker,deepship
2_162,24,/datasets/audio/deepship/train/2/2_162.wav,360.0,390.0,2,train,Oil tanker,deepship
2_162,25,/datasets/audio/deepship/train/2/2_162.wav,375.0,405.0,2,train,Oil tanker,deepship
2_162,26,/datasets/audio/deepship/train/2/2_162.wav,390.0,420.0,2,train,Oil tanker,deepship
2_162,27,/datasets/audio/deepship/train/2/2_162.wav,405.0,435.0,2,train,Oil tanker,deepship
2_162,28,/datasets/audio/deepship/train/2/2_162.wav,420.0,450.0,2,train,Oil tanker,deepship
2_162,29,/datasets/audio/deepship/train/2/2_162.wav,435.0,465.0,2,train,Oil tanker,deepship
2_162,30,/datasets/audio/deepship/train/2/2_162.wav,450.0,480.0,2,train,Oil tanker,deepship
2_162,31,/datasets/audio/deepship/train/2/2_162.wav,465.0,495.0,2,train,Oil tanker,deepship
2_162,32,/datasets/audio/deepship/train/2/2_162.wav,468.0,498.0,2,train,Oil tanker,deepship
2_163,0,/datasets/audio/deepship/train/2/2_163.wav,0.0,30.0,2,train,Oil tanker,deepship
2_164,0,/datasets/audio/deepship/train/2/2_164.wav,0.0,30.0,2,train,Oil tanker,deepship
2_164,1,/datasets/audio/deepship/train/2/2_164.wav,15.0,45.0,2,train,Oil tanker,deepship
2_164,2,/datasets/audio/deepship/train/2/2_164.wav,30.0,60.0,2,train,Oil tanker,deepship
2_164,3,/datasets/audio/deepship/train/2/2_164.wav,45.0,75.0,2,train,Oil tanker,deepship
2_164,4,/datasets/audio/deepship/train/2/2_164.wav,60.0,90.0,2,train,Oil tanker,deepship
2_164,5,/datasets/audio/deepship/train/2/2_164.wav,75.0,105.0,2,train,Oil tanker,deepship
2_164,6,/datasets/audio/deepship/train/2/2_164.wav,90.0,120.0,2,train,Oil tanker,deepship
2_164,7,/datasets/audio/deepship/train/2/2_164.wav,105.0,135.0,2,train,Oil tanker,deepship
2_164,8,/datasets/audio/deepship/train/2/2_164.wav,120.0,150.0,2,train,Oil tanker,deepship
2_164,9,/datasets/audio/deepship/train/2/2_164.wav,135.0,165.0,2,train,Oil tanker,deepship
2_164,10,/datasets/audio/deepship/train/2/2_164.wav,150.0,180.0,2,train,Oil tanker,deepship
2_164,11,/datasets/audio/deepship/train/2/2_164.wav,165.0,195.0,2,train,Oil tanker,deepship
2_164,12,/datasets/audio/deepship/train/2/2_164.wav,180.0,210.0,2,train,Oil tanker,deepship
2_164,13,/datasets/audio/deepship/train/2/2_164.wav,195.0,225.0,2,train,Oil tanker,deepship
2_164,14,/datasets/audio/deepship/train/2/2_164.wav,210.0,240.0,2,train,Oil tanker,deepship
2_164,15,/datasets/audio/deepship/train/2/2_164.wav,225.0,255.0,2,train,Oil tanker,deepship
2_164,16,/datasets/audio/deepship/train/2/2_164.wav,240.0,270.0,2,train,Oil tanker,deepship
2_164,17,/datasets/audio/deepship/train/2/2_164.wav,245.0,275.0,2,train,Oil tanker,deepship
2_165,0,/datasets/audio/deepship/train/2/2_165.wav,0.0,30.0,2,train,Oil tanker,deepship
2_166,0,/datasets/audio/deepship/train/2/2_166.wav,0.0,30.0,2,train,Oil tanker,deepship
2_168,0,/datasets/audio/deepship/train/2/2_168.wav,0.0,30.0,2,train,Oil tanker,deepship
2_169,0,/datasets/audio/deepship/train/2/2_169.wav,0.0,30.0,2,train,Oil tanker,deepship
2_169,1,/datasets/audio/deepship/train/2/2_169.wav,15.0,45.0,2,train,Oil tanker,deepship
2_169,2,/datasets/audio/deepship/train/2/2_169.wav,30.0,60.0,2,train,Oil tanker,deepship
2_169,3,/datasets/audio/deepship/train/2/2_169.wav,45.0,75.0,2,train,Oil tanker,deepship
2_169,4,/datasets/audio/deepship/train/2/2_169.wav,60.0,90.0,2,train,Oil tanker,deepship
2_169,5,/datasets/audio/deepship/train/2/2_169.wav,75.0,105.0,2,train,Oil tanker,deepship
2_169,6,/datasets/audio/deepship/train/2/2_169.wav,90.0,120.0,2,train,Oil tanker,deepship
2_169,7,/datasets/audio/deepship/train/2/2_169.wav,105.0,135.0,2,train,Oil tanker,deepship
2_169,8,/datasets/audio/deepship/train/2/2_169.wav,120.0,150.0,2,train,Oil tanker,deepship
2_169,9,/datasets/audio/deepship/train/2/2_169.wav,135.0,165.0,2,train,Oil tanker,deepship
2_169,10,/datasets/audio/deepship/train/2/2_169.wav,150.0,180.0,2,train,Oil tanker,deepship
2_169,11,/datasets/audio/deepship/train/2/2_169.wav,165.0,195.0,2,train,Oil tanker,deepship
2_169,12,/datasets/audio/deepship/train/2/2_169.wav,180.0,210.0,2,train,Oil tanker,deepship
2_169,13,/datasets/audio/deepship/train/2/2_169.wav,195.0,225.0,2,train,Oil tanker,deepship
2_169,14,/datasets/audio/deepship/train/2/2_169.wav,210.0,240.0,2,train,Oil tanker,deepship
2_169,15,/datasets/audio/deepship/train/2/2_169.wav,225.0,255.0,2,train,Oil tanker,deepship
2_169,16,/datasets/audio/deepship/train/2/2_169.wav,240.0,270.0,2,train,Oil tanker,deepship
2_169,17,/datasets/audio/deepship/train/2/2_169.wav,255.0,285.0,2,train,Oil tanker,deepship
2_169,18,/datasets/audio/deepship/train/2/2_169.wav,270.0,300.0,2,train,Oil tanker,deepship
2_169,19,/datasets/audio/deepship/train/2/2_169.wav,285.0,315.0,2,train,Oil tanker,deepship
2_169,20,/datasets/audio/deepship/train/2/2_169.wav,300.0,330.0,2,train,Oil tanker,deepship
2_169,21,/datasets/audio/deepship/train/2/2_169.wav,315.0,345.0,2,train,Oil tanker,deepship
2_169,22,/datasets/audio/deepship/train/2/2_169.wav,330.0,360.0,2,train,Oil tanker,deepship
2_169,23,/datasets/audio/deepship/train/2/2_169.wav,345.0,375.0,2,train,Oil tanker,deepship
2_169,24,/datasets/audio/deepship/train/2/2_169.wav,360.0,390.0,2,train,Oil tanker,deepship
2_169,25,/datasets/audio/deepship/train/2/2_169.wav,375.0,405.0,2,train,Oil tanker,deepship
2_169,26,/datasets/audio/deepship/train/2/2_169.wav,390.0,420.0,2,train,Oil tanker,deepship
2_169,27,/datasets/audio/deepship/train/2/2_169.wav,405.0,435.0,2,train,Oil tanker,deepship
2_169,28,/datasets/audio/deepship/train/2/2_169.wav,420.0,450.0,2,train,Oil tanker,deepship
2_169,29,/datasets/audio/deepship/train/2/2_169.wav,435.0,465.0,2,train,Oil tanker,deepship
2_169,30,/datasets/audio/deepship/train/2/2_169.wav,450.0,480.0,2,train,Oil tanker,deepship
2_169,31,/datasets/audio/deepship/train/2/2_169.wav,465.0,495.0,2,train,Oil tanker,deepship
2_169,32,/datasets/audio/deepship/train/2/2_169.wav,480.0,510.0,2,train,Oil tanker,deepship
2_169,33,/datasets/audio/deepship/train/2/2_169.wav,495.0,525.0,2,train,Oil tanker,deepship
2_169,34,/datasets/audio/deepship/train/2/2_169.wav,510.0,540.0,2,train,Oil tanker,deepship
2_169,35,/datasets/audio/deepship/train/2/2_169.wav,524.0,554.0,2,train,Oil tanker,deepship
2_17,0,/datasets/audio/deepship/train/2/2_17.wav,0.0,30.0,2,train,Oil tanker,deepship
2_17,1,/datasets/audio/deepship/train/2/2_17.wav,15.0,45.0,2,train,Oil tanker,deepship
2_17,2,/datasets/audio/deepship/train/2/2_17.wav,30.0,60.0,2,train,Oil tanker,deepship
2_17,3,/datasets/audio/deepship/train/2/2_17.wav,45.0,75.0,2,train,Oil tanker,deepship
2_17,4,/datasets/audio/deepship/train/2/2_17.wav,60.0,90.0,2,train,Oil tanker,deepship
2_17,5,/datasets/audio/deepship/train/2/2_17.wav,75.0,105.0,2,train,Oil tanker,deepship
2_17,6,/datasets/audio/deepship/train/2/2_17.wav,90.0,120.0,2,train,Oil tanker,deepship
2_17,7,/datasets/audio/deepship/train/2/2_17.wav,105.0,135.0,2,train,Oil tanker,deepship
2_17,8,/datasets/audio/deepship/train/2/2_17.wav,120.0,150.0,2,train,Oil tanker,deepship
2_17,9,/datasets/audio/deepship/train/2/2_17.wav,135.0,165.0,2,train,Oil tanker,deepship
2_17,10,/datasets/audio/deepship/train/2/2_17.wav,150.0,180.0,2,train,Oil tanker,deepship
2_17,11,/datasets/audio/deepship/train/2/2_17.wav,165.0,195.0,2,train,Oil tanker,deepship
2_17,12,/datasets/audio/deepship/train/2/2_17.wav,180.0,210.0,2,train,Oil tanker,deepship
2_17,13,/datasets/audio/deepship/train/2/2_17.wav,195.0,225.0,2,train,Oil tanker,deepship
2_17,14,/datasets/audio/deepship/train/2/2_17.wav,210.0,240.0,2,train,Oil tanker,deepship
2_17,15,/datasets/audio/deepship/train/2/2_17.wav,225.0,255.0,2,train,Oil tanker,deepship
2_17,16,/datasets/audio/deepship/train/2/2_17.wav,240.0,270.0,2,train,Oil tanker,deepship
2_17,17,/datasets/audio/deepship/train/2/2_17.wav,255.0,285.0,2,train,Oil tanker,deepship
2_17,18,/datasets/audio/deepship/train/2/2_17.wav,270.0,300.0,2,train,Oil tanker,deepship
2_17,19,/datasets/audio/deepship/train/2/2_17.wav,285.0,315.0,2,train,Oil tanker,deepship
2_17,20,/datasets/audio/deepship/train/2/2_17.wav,300.0,330.0,2,train,Oil tanker,deepship
2_17,21,/datasets/audio/deepship/train/2/2_17.wav,315.0,345.0,2,train,Oil tanker,deepship
2_17,22,/datasets/audio/deepship/train/2/2_17.wav,330.0,360.0,2,train,Oil tanker,deepship
2_170,0,/datasets/audio/deepship/train/2/2_170.wav,0.0,30.0,2,train,Oil tanker,deepship
2_172,0,/datasets/audio/deepship/train/2/2_172.wav,0.0,30.0,2,train,Oil tanker,deepship
2_172,1,/datasets/audio/deepship/train/2/2_172.wav,15.0,45.0,2,train,Oil tanker,deepship
2_172,2,/datasets/audio/deepship/train/2/2_172.wav,30.0,60.0,2,train,Oil tanker,deepship
2_172,3,/datasets/audio/deepship/train/2/2_172.wav,45.0,75.0,2,train,Oil tanker,deepship
2_172,4,/datasets/audio/deepship/train/2/2_172.wav,60.0,90.0,2,train,Oil tanker,deepship
2_172,5,/datasets/audio/deepship/train/2/2_172.wav,75.0,105.0,2,train,Oil tanker,deepship
2_172,6,/datasets/audio/deepship/train/2/2_172.wav,90.0,120.0,2,train,Oil tanker,deepship
2_172,7,/datasets/audio/deepship/train/2/2_172.wav,105.0,135.0,2,train,Oil tanker,deepship
2_172,8,/datasets/audio/deepship/train/2/2_172.wav,120.0,150.0,2,train,Oil tanker,deepship
2_172,9,/datasets/audio/deepship/train/2/2_172.wav,135.0,165.0,2,train,Oil tanker,deepship
2_172,10,/datasets/audio/deepship/train/2/2_172.wav,150.0,180.0,2,train,Oil tanker,deepship
2_172,11,/datasets/audio/deepship/train/2/2_172.wav,165.0,195.0,2,train,Oil tanker,deepship
2_172,12,/datasets/audio/deepship/train/2/2_172.wav,180.0,210.0,2,train,Oil tanker,deepship
2_172,13,/datasets/audio/deepship/train/2/2_172.wav,195.0,225.0,2,train,Oil tanker,deepship
2_172,14,/datasets/audio/deepship/train/2/2_172.wav,210.0,240.0,2,train,Oil tanker,deepship
2_172,15,/datasets/audio/deepship/train/2/2_172.wav,225.0,255.0,2,train,Oil tanker,deepship
2_172,16,/datasets/audio/deepship/train/2/2_172.wav,240.0,270.0,2,train,Oil tanker,deepship
2_172,17,/datasets/audio/deepship/train/2/2_172.wav,255.0,285.0,2,train,Oil tanker,deepship
2_172,18,/datasets/audio/deepship/train/2/2_172.wav,270.0,300.0,2,train,Oil tanker,deepship
2_172,19,/datasets/audio/deepship/train/2/2_172.wav,285.0,315.0,2,train,Oil tanker,deepship
2_172,20,/datasets/audio/deepship/train/2/2_172.wav,300.0,330.0,2,train,Oil tanker,deepship
2_172,21,/datasets/audio/deepship/train/2/2_172.wav,315.0,345.0,2,train,Oil tanker,deepship
2_172,22,/datasets/audio/deepship/train/2/2_172.wav,330.0,360.0,2,train,Oil tanker,deepship
2_172,23,/datasets/audio/deepship/train/2/2_172.wav,342.0,372.0,2,train,Oil tanker,deepship
2_173,0,/datasets/audio/deepship/train/2/2_173.wav,0.0,30.0,2,train,Oil tanker,deepship
2_173,1,/datasets/audio/deepship/train/2/2_173.wav,15.0,45.0,2,train,Oil tanker,deepship
2_173,2,/datasets/audio/deepship/train/2/2_173.wav,19.0,49.0,2,train,Oil tanker,deepship
2_174,0,/datasets/audio/deepship/train/2/2_174.wav,0.0,30.0,2,train,Oil tanker,deepship
2_174,1,/datasets/audio/deepship/train/2/2_174.wav,15.0,45.0,2,train,Oil tanker,deepship
2_174,2,/datasets/audio/deepship/train/2/2_174.wav,30.0,60.0,2,train,Oil tanker,deepship
2_174,3,/datasets/audio/deepship/train/2/2_174.wav,45.0,75.0,2,train,Oil tanker,deepship
2_174,4,/datasets/audio/deepship/train/2/2_174.wav,60.0,90.0,2,train,Oil tanker,deepship
2_174,5,/datasets/audio/deepship/train/2/2_174.wav,75.0,105.0,2,train,Oil tanker,deepship
2_174,6,/datasets/audio/deepship/train/2/2_174.wav,90.0,120.0,2,train,Oil tanker,deepship
2_174,7,/datasets/audio/deepship/train/2/2_174.wav,105.0,135.0,2,train,Oil tanker,deepship
2_174,8,/datasets/audio/deepship/train/2/2_174.wav,120.0,150.0,2,train,Oil tanker,deepship
2_174,9,/datasets/audio/deepship/train/2/2_174.wav,135.0,165.0,2,train,Oil tanker,deepship
2_174,10,/datasets/audio/deepship/train/2/2_174.wav,139.0,169.0,2,train,Oil tanker,deepship
2_175,0,/datasets/audio/deepship/train/2/2_175.wav,0.0,30.0,2,train,Oil tanker,deepship
2_175,1,/datasets/audio/deepship/train/2/2_175.wav,15.0,45.0,2,train,Oil tanker,deepship
2_175,2,/datasets/audio/deepship/train/2/2_175.wav,30.0,60.0,2,train,Oil tanker,deepship
2_175,3,/datasets/audio/deepship/train/2/2_175.wav,45.0,75.0,2,train,Oil tanker,deepship
2_175,4,/datasets/audio/deepship/train/2/2_175.wav,59.0,89.0,2,train,Oil tanker,deepship
2_176,0,/datasets/audio/deepship/train/2/2_176.wav,0.0,30.0,2,train,Oil tanker,deepship
2_176,1,/datasets/audio/deepship/train/2/2_176.wav,15.0,45.0,2,train,Oil tanker,deepship
2_176,2,/datasets/audio/deepship/train/2/2_176.wav,30.0,60.0,2,train,Oil tanker,deepship
2_176,3,/datasets/audio/deepship/train/2/2_176.wav,45.0,75.0,2,train,Oil tanker,deepship
2_176,4,/datasets/audio/deepship/train/2/2_176.wav,60.0,90.0,2,train,Oil tanker,deepship
2_176,5,/datasets/audio/deepship/train/2/2_176.wav,75.0,105.0,2,train,Oil tanker,deepship
2_176,6,/datasets/audio/deepship/train/2/2_176.wav,90.0,120.0,2,train,Oil tanker,deepship
2_176,7,/datasets/audio/deepship/train/2/2_176.wav,101.0,131.0,2,train,Oil tanker,deepship
2_177,0,/datasets/audio/deepship/train/2/2_177.wav,0.0,30.0,2,train,Oil tanker,deepship
2_18,0,/datasets/audio/deepship/train/2/2_18.wav,0.0,30.0,2,train,Oil tanker,deepship
2_18,1,/datasets/audio/deepship/train/2/2_18.wav,15.0,45.0,2,train,Oil tanker,deepship
2_18,2,/datasets/audio/deepship/train/2/2_18.wav,30.0,60.0,2,train,Oil tanker,deepship
2_18,3,/datasets/audio/deepship/train/2/2_18.wav,36.0,66.0,2,train,Oil tanker,deepship
2_180,0,/datasets/audio/deepship/train/2/2_180.wav,0.0,30.0,2,train,Oil tanker,deepship
2_180,1,/datasets/audio/deepship/train/2/2_180.wav,15.0,45.0,2,train,Oil tanker,deepship
2_180,2,/datasets/audio/deepship/train/2/2_180.wav,30.0,60.0,2,train,Oil tanker,deepship
2_180,3,/datasets/audio/deepship/train/2/2_180.wav,45.0,75.0,2,train,Oil tanker,deepship
2_180,4,/datasets/audio/deepship/train/2/2_180.wav,60.0,90.0,2,train,Oil tanker,deepship
2_180,5,/datasets/audio/deepship/train/2/2_180.wav,75.0,105.0,2,train,Oil tanker,deepship
2_180,6,/datasets/audio/deepship/train/2/2_180.wav,90.0,120.0,2,train,Oil tanker,deepship
2_180,7,/datasets/audio/deepship/train/2/2_180.wav,105.0,135.0,2,train,Oil tanker,deepship
2_180,8,/datasets/audio/deepship/train/2/2_180.wav,120.0,150.0,2,train,Oil tanker,deepship
2_180,9,/datasets/audio/deepship/train/2/2_180.wav,135.0,165.0,2,train,Oil tanker,deepship
2_180,10,/datasets/audio/deepship/train/2/2_180.wav,150.0,180.0,2,train,Oil tanker,deepship
2_180,11,/datasets/audio/deepship/train/2/2_180.wav,165.0,195.0,2,train,Oil tanker,deepship
2_180,12,/datasets/audio/deepship/train/2/2_180.wav,180.0,210.0,2,train,Oil tanker,deepship
2_180,13,/datasets/audio/deepship/train/2/2_180.wav,195.0,225.0,2,train,Oil tanker,deepship
2_180,14,/datasets/audio/deepship/train/2/2_180.wav,205.0,235.0,2,train,Oil tanker,deepship
2_181,0,/datasets/audio/deepship/train/2/2_181.wav,0.0,30.0,2,train,Oil tanker,deepship
2_181,1,/datasets/audio/deepship/train/2/2_181.wav,15.0,45.0,2,train,Oil tanker,deepship
2_181,2,/datasets/audio/deepship/train/2/2_181.wav,30.0,60.0,2,train,Oil tanker,deepship
2_181,3,/datasets/audio/deepship/train/2/2_181.wav,45.0,75.0,2,train,Oil tanker,deepship
2_181,4,/datasets/audio/deepship/train/2/2_181.wav,60.0,90.0,2,train,Oil tanker,deepship
2_181,5,/datasets/audio/deepship/train/2/2_181.wav,75.0,105.0,2,train,Oil tanker,deepship
2_181,6,/datasets/audio/deepship/train/2/2_181.wav,90.0,120.0,2,train,Oil tanker,deepship
2_181,7,/datasets/audio/deepship/train/2/2_181.wav,105.0,135.0,2,train,Oil tanker,deepship
2_181,8,/datasets/audio/deepship/train/2/2_181.wav,120.0,150.0,2,train,Oil tanker,deepship
2_181,9,/datasets/audio/deepship/train/2/2_181.wav,135.0,165.0,2,train,Oil tanker,deepship
2_181,10,/datasets/audio/deepship/train/2/2_181.wav,150.0,180.0,2,train,Oil tanker,deepship
2_181,11,/datasets/audio/deepship/train/2/2_181.wav,165.0,195.0,2,train,Oil tanker,deepship
2_181,12,/datasets/audio/deepship/train/2/2_181.wav,180.0,210.0,2,train,Oil tanker,deepship
2_181,13,/datasets/audio/deepship/train/2/2_181.wav,195.0,225.0,2,train,Oil tanker,deepship
2_181,14,/datasets/audio/deepship/train/2/2_181.wav,210.0,240.0,2,train,Oil tanker,deepship
2_181,15,/datasets/audio/deepship/train/2/2_181.wav,225.0,255.0,2,train,Oil tanker,deepship
2_181,16,/datasets/audio/deepship/train/2/2_181.wav,240.0,270.0,2,train,Oil tanker,deepship
2_181,17,/datasets/audio/deepship/train/2/2_181.wav,255.0,285.0,2,train,Oil tanker,deepship
2_181,18,/datasets/audio/deepship/train/2/2_181.wav,270.0,300.0,2,train,Oil tanker,deepship
2_181,19,/datasets/audio/deepship/train/2/2_181.wav,285.0,315.0,2,train,Oil tanker,deepship
2_181,20,/datasets/audio/deepship/train/2/2_181.wav,286.0,316.0,2,train,Oil tanker,deepship
2_182,0,/datasets/audio/deepship/train/2/2_182.wav,0.0,30.0,2,train,Oil tanker,deepship
2_182,1,/datasets/audio/deepship/train/2/2_182.wav,15.0,45.0,2,train,Oil tanker,deepship
2_182,2,/datasets/audio/deepship/train/2/2_182.wav,30.0,60.0,2,train,Oil tanker,deepship
2_182,3,/datasets/audio/deepship/train/2/2_182.wav,45.0,75.0,2,train,Oil tanker,deepship
2_182,4,/datasets/audio/deepship/train/2/2_182.wav,60.0,90.0,2,train,Oil tanker,deepship
2_182,5,/datasets/audio/deepship/train/2/2_182.wav,75.0,105.0,2,train,Oil tanker,deepship
2_182,6,/datasets/audio/deepship/train/2/2_182.wav,90.0,120.0,2,train,Oil tanker,deepship
2_182,7,/datasets/audio/deepship/train/2/2_182.wav,105.0,135.0,2,train,Oil tanker,deepship
2_182,8,/datasets/audio/deepship/train/2/2_182.wav,120.0,150.0,2,train,Oil tanker,deepship
2_182,9,/datasets/audio/deepship/train/2/2_182.wav,135.0,165.0,2,train,Oil tanker,deepship
2_182,10,/datasets/audio/deepship/train/2/2_182.wav,150.0,180.0,2,train,Oil tanker,deepship
2_182,11,/datasets/audio/deepship/train/2/2_182.wav,165.0,195.0,2,train,Oil tanker,deepship
2_182,12,/datasets/audio/deepship/train/2/2_182.wav,180.0,210.0,2,train,Oil tanker,deepship
2_182,13,/datasets/audio/deepship/train/2/2_182.wav,195.0,225.0,2,train,Oil tanker,deepship
2_182,14,/datasets/audio/deepship/train/2/2_182.wav,210.0,240.0,2,train,Oil tanker,deepship
2_182,15,/datasets/audio/deepship/train/2/2_182.wav,225.0,255.0,2,train,Oil tanker,deepship
2_182,16,/datasets/audio/deepship/train/2/2_182.wav,240.0,270.0,2,train,Oil tanker,deepship
2_182,17,/datasets/audio/deepship/train/2/2_182.wav,255.0,285.0,2,train,Oil tanker,deepship
2_182,18,/datasets/audio/deepship/train/2/2_182.wav,270.0,300.0,2,train,Oil tanker,deepship
2_182,19,/datasets/audio/deepship/train/2/2_182.wav,278.0,308.0,2,train,Oil tanker,deepship
2_183,0,/datasets/audio/deepship/train/2/2_183.wav,0.0,30.0,2,train,Oil tanker,deepship
2_183,1,/datasets/audio/deepship/train/2/2_183.wav,15.0,45.0,2,train,Oil tanker,deepship
2_183,2,/datasets/audio/deepship/train/2/2_183.wav,30.0,60.0,2,train,Oil tanker,deepship
2_183,3,/datasets/audio/deepship/train/2/2_183.wav,45.0,75.0,2,train,Oil tanker,deepship
2_183,4,/datasets/audio/deepship/train/2/2_183.wav,60.0,90.0,2,train,Oil tanker,deepship
2_183,5,/datasets/audio/deepship/train/2/2_183.wav,75.0,105.0,2,train,Oil tanker,deepship
2_183,6,/datasets/audio/deepship/train/2/2_183.wav,90.0,120.0,2,train,Oil tanker,deepship
2_183,7,/datasets/audio/deepship/train/2/2_183.wav,105.0,135.0,2,train,Oil tanker,deepship
2_183,8,/datasets/audio/deepship/train/2/2_183.wav,120.0,150.0,2,train,Oil tanker,deepship
2_183,9,/datasets/audio/deepship/train/2/2_183.wav,135.0,165.0,2,train,Oil tanker,deepship
2_183,10,/datasets/audio/deepship/train/2/2_183.wav,150.0,180.0,2,train,Oil tanker,deepship
2_183,11,/datasets/audio/deepship/train/2/2_183.wav,165.0,195.0,2,train,Oil tanker,deepship
2_183,12,/datasets/audio/deepship/train/2/2_183.wav,180.0,210.0,2,train,Oil tanker,deepship
2_183,13,/datasets/audio/deepship/train/2/2_183.wav,195.0,225.0,2,train,Oil tanker,deepship
2_183,14,/datasets/audio/deepship/train/2/2_183.wav,210.0,240.0,2,train,Oil tanker,deepship
2_183,15,/datasets/audio/deepship/train/2/2_183.wav,211.0,241.0,2,train,Oil tanker,deepship
2_184,0,/datasets/audio/deepship/train/2/2_184.wav,0.0,30.0,2,train,Oil tanker,deepship
2_184,1,/datasets/audio/deepship/train/2/2_184.wav,15.0,45.0,2,train,Oil tanker,deepship
2_184,2,/datasets/audio/deepship/train/2/2_184.wav,30.0,60.0,2,train,Oil tanker,deepship
2_184,3,/datasets/audio/deepship/train/2/2_184.wav,39.0,69.0,2,train,Oil tanker,deepship
2_187,0,/datasets/audio/deepship/train/2/2_187.wav,0.0,30.0,2,train,Oil tanker,deepship
2_187,1,/datasets/audio/deepship/train/2/2_187.wav,15.0,45.0,2,train,Oil tanker,deepship
2_187,2,/datasets/audio/deepship/train/2/2_187.wav,30.0,60.0,2,train,Oil tanker,deepship
2_187,3,/datasets/audio/deepship/train/2/2_187.wav,45.0,75.0,2,train,Oil tanker,deepship
2_187,4,/datasets/audio/deepship/train/2/2_187.wav,60.0,90.0,2,train,Oil tanker,deepship
2_187,5,/datasets/audio/deepship/train/2/2_187.wav,75.0,105.0,2,train,Oil tanker,deepship
2_187,6,/datasets/audio/deepship/train/2/2_187.wav,90.0,120.0,2,train,Oil tanker,deepship
2_187,7,/datasets/audio/deepship/train/2/2_187.wav,105.0,135.0,2,train,Oil tanker,deepship
2_187,8,/datasets/audio/deepship/train/2/2_187.wav,120.0,150.0,2,train,Oil tanker,deepship
2_187,9,/datasets/audio/deepship/train/2/2_187.wav,135.0,165.0,2,train,Oil tanker,deepship
2_187,10,/datasets/audio/deepship/train/2/2_187.wav,150.0,180.0,2,train,Oil tanker,deepship
2_187,11,/datasets/audio/deepship/train/2/2_187.wav,165.0,195.0,2,train,Oil tanker,deepship
2_187,12,/datasets/audio/deepship/train/2/2_187.wav,180.0,210.0,2,train,Oil tanker,deepship
2_187,13,/datasets/audio/deepship/train/2/2_187.wav,195.0,225.0,2,train,Oil tanker,deepship
2_187,14,/datasets/audio/deepship/train/2/2_187.wav,210.0,240.0,2,train,Oil tanker,deepship
2_187,15,/datasets/audio/deepship/train/2/2_187.wav,225.0,255.0,2,train,Oil tanker,deepship
2_187,16,/datasets/audio/deepship/train/2/2_187.wav,240.0,270.0,2,train,Oil tanker,deepship
2_187,17,/datasets/audio/deepship/train/2/2_187.wav,255.0,285.0,2,train,Oil tanker,deepship
2_187,18,/datasets/audio/deepship/train/2/2_187.wav,270.0,300.0,2,train,Oil tanker,deepship
2_187,19,/datasets/audio/deepship/train/2/2_187.wav,285.0,315.0,2,train,Oil tanker,deepship
2_187,20,/datasets/audio/deepship/train/2/2_187.wav,300.0,330.0,2,train,Oil tanker,deepship
2_187,21,/datasets/audio/deepship/train/2/2_187.wav,315.0,345.0,2,train,Oil tanker,deepship
2_187,22,/datasets/audio/deepship/train/2/2_187.wav,320.0,350.0,2,train,Oil tanker,deepship
2_188,0,/datasets/audio/deepship/train/2/2_188.wav,0.0,30.0,2,train,Oil tanker,deepship
2_188,1,/datasets/audio/deepship/train/2/2_188.wav,15.0,45.0,2,train,Oil tanker,deepship
2_188,2,/datasets/audio/deepship/train/2/2_188.wav,30.0,60.0,2,train,Oil tanker,deepship
2_188,3,/datasets/audio/deepship/train/2/2_188.wav,44.0,74.0,2,train,Oil tanker,deepship
2_189,0,/datasets/audio/deepship/train/2/2_189.wav,0.0,30.0,2,train,Oil tanker,deepship
2_191,0,/datasets/audio/deepship/train/2/2_191.wav,0.0,30.0,2,train,Oil tanker,deepship
2_194,0,/datasets/audio/deepship/train/2/2_194.wav,0.0,30.0,2,train,Oil tanker,deepship
2_194,1,/datasets/audio/deepship/train/2/2_194.wav,15.0,45.0,2,train,Oil tanker,deepship
2_194,2,/datasets/audio/deepship/train/2/2_194.wav,30.0,60.0,2,train,Oil tanker,deepship
2_194,3,/datasets/audio/deepship/train/2/2_194.wav,45.0,75.0,2,train,Oil tanker,deepship
2_194,4,/datasets/audio/deepship/train/2/2_194.wav,60.0,90.0,2,train,Oil tanker,deepship
2_194,5,/datasets/audio/deepship/train/2/2_194.wav,75.0,105.0,2,train,Oil tanker,deepship
2_194,6,/datasets/audio/deepship/train/2/2_194.wav,90.0,120.0,2,train,Oil tanker,deepship
2_194,7,/datasets/audio/deepship/train/2/2_194.wav,105.0,135.0,2,train,Oil tanker,deepship
2_194,8,/datasets/audio/deepship/train/2/2_194.wav,120.0,150.0,2,train,Oil tanker,deepship
2_194,9,/datasets/audio/deepship/train/2/2_194.wav,135.0,165.0,2,train,Oil tanker,deepship
2_194,10,/datasets/audio/deepship/train/2/2_194.wav,150.0,180.0,2,train,Oil tanker,deepship
2_194,11,/datasets/audio/deepship/train/2/2_194.wav,165.0,195.0,2,train,Oil tanker,deepship
2_194,12,/datasets/audio/deepship/train/2/2_194.wav,180.0,210.0,2,train,Oil tanker,deepship
2_194,13,/datasets/audio/deepship/train/2/2_194.wav,195.0,225.0,2,train,Oil tanker,deepship
2_194,14,/datasets/audio/deepship/train/2/2_194.wav,210.0,240.0,2,train,Oil tanker,deepship
2_194,15,/datasets/audio/deepship/train/2/2_194.wav,225.0,255.0,2,train,Oil tanker,deepship
2_194,16,/datasets/audio/deepship/train/2/2_194.wav,240.0,270.0,2,train,Oil tanker,deepship
2_194,17,/datasets/audio/deepship/train/2/2_194.wav,255.0,285.0,2,train,Oil tanker,deepship
2_194,18,/datasets/audio/deepship/train/2/2_194.wav,270.0,300.0,2,train,Oil tanker,deepship
2_194,19,/datasets/audio/deepship/train/2/2_194.wav,285.0,315.0,2,train,Oil tanker,deepship
2_194,20,/datasets/audio/deepship/train/2/2_194.wav,300.0,330.0,2,train,Oil tanker,deepship
2_194,21,/datasets/audio/deepship/train/2/2_194.wav,315.0,345.0,2,train,Oil tanker,deepship
2_194,22,/datasets/audio/deepship/train/2/2_194.wav,330.0,360.0,2,train,Oil tanker,deepship
2_194,23,/datasets/audio/deepship/train/2/2_194.wav,345.0,375.0,2,train,Oil tanker,deepship
2_194,24,/datasets/audio/deepship/train/2/2_194.wav,360.0,390.0,2,train,Oil tanker,deepship
2_194,25,/datasets/audio/deepship/train/2/2_194.wav,375.0,405.0,2,train,Oil tanker,deepship
2_194,26,/datasets/audio/deepship/train/2/2_194.wav,390.0,420.0,2,train,Oil tanker,deepship
2_194,27,/datasets/audio/deepship/train/2/2_194.wav,405.0,435.0,2,train,Oil tanker,deepship
2_194,28,/datasets/audio/deepship/train/2/2_194.wav,420.0,450.0,2,train,Oil tanker,deepship
2_194,29,/datasets/audio/deepship/train/2/2_194.wav,435.0,465.0,2,train,Oil tanker,deepship
2_194,30,/datasets/audio/deepship/train/2/2_194.wav,450.0,480.0,2,train,Oil tanker,deepship
2_194,31,/datasets/audio/deepship/train/2/2_194.wav,465.0,495.0,2,train,Oil tanker,deepship
2_194,32,/datasets/audio/deepship/train/2/2_194.wav,480.0,510.0,2,train,Oil tanker,deepship
2_194,33,/datasets/audio/deepship/train/2/2_194.wav,495.0,525.0,2,train,Oil tanker,deepship
2_194,34,/datasets/audio/deepship/train/2/2_194.wav,510.0,540.0,2,train,Oil tanker,deepship
2_194,35,/datasets/audio/deepship/train/2/2_194.wav,525.0,555.0,2,train,Oil tanker,deepship
2_194,36,/datasets/audio/deepship/train/2/2_194.wav,540.0,570.0,2,train,Oil tanker,deepship
2_194,37,/datasets/audio/deepship/train/2/2_194.wav,555.0,585.0,2,train,Oil tanker,deepship
2_194,38,/datasets/audio/deepship/train/2/2_194.wav,570.0,600.0,2,train,Oil tanker,deepship
2_194,39,/datasets/audio/deepship/train/2/2_194.wav,585.0,615.0,2,train,Oil tanker,deepship
2_194,40,/datasets/audio/deepship/train/2/2_194.wav,600.0,630.0,2,train,Oil tanker,deepship
2_194,41,/datasets/audio/deepship/train/2/2_194.wav,615.0,645.0,2,train,Oil tanker,deepship
2_194,42,/datasets/audio/deepship/train/2/2_194.wav,630.0,660.0,2,train,Oil tanker,deepship
2_194,43,/datasets/audio/deepship/train/2/2_194.wav,645.0,675.0,2,train,Oil tanker,deepship
2_194,44,/datasets/audio/deepship/train/2/2_194.wav,660.0,690.0,2,train,Oil tanker,deepship
2_194,45,/datasets/audio/deepship/train/2/2_194.wav,668.0,698.0,2,train,Oil tanker,deepship
2_195,0,/datasets/audio/deepship/train/2/2_195.wav,0.0,30.0,2,train,Oil tanker,deepship
2_196,0,/datasets/audio/deepship/train/2/2_196.wav,0.0,30.0,2,train,Oil tanker,deepship
2_197,0,/datasets/audio/deepship/train/2/2_197.wav,0.0,30.0,2,train,Oil tanker,deepship
2_198,0,/datasets/audio/deepship/train/2/2_198.wav,0.0,30.0,2,train,Oil tanker,deepship
2_198,1,/datasets/audio/deepship/train/2/2_198.wav,3.0,33.0,2,train,Oil tanker,deepship
2_199,0,/datasets/audio/deepship/train/2/2_199.wav,0.0,30.0,2,train,Oil tanker,deepship
2_199,1,/datasets/audio/deepship/train/2/2_199.wav,15.0,45.0,2,train,Oil tanker,deepship
2_199,2,/datasets/audio/deepship/train/2/2_199.wav,30.0,60.0,2,train,Oil tanker,deepship
2_199,3,/datasets/audio/deepship/train/2/2_199.wav,45.0,75.0,2,train,Oil tanker,deepship
2_199,4,/datasets/audio/deepship/train/2/2_199.wav,60.0,90.0,2,train,Oil tanker,deepship
2_199,5,/datasets/audio/deepship/train/2/2_199.wav,75.0,105.0,2,train,Oil tanker,deepship
2_199,6,/datasets/audio/deepship/train/2/2_199.wav,90.0,120.0,2,train,Oil tanker,deepship
2_199,7,/datasets/audio/deepship/train/2/2_199.wav,105.0,135.0,2,train,Oil tanker,deepship
2_199,8,/datasets/audio/deepship/train/2/2_199.wav,120.0,150.0,2,train,Oil tanker,deepship
2_199,9,/datasets/audio/deepship/train/2/2_199.wav,135.0,165.0,2,train,Oil tanker,deepship
2_199,10,/datasets/audio/deepship/train/2/2_199.wav,150.0,180.0,2,train,Oil tanker,deepship
2_199,11,/datasets/audio/deepship/train/2/2_199.wav,165.0,195.0,2,train,Oil tanker,deepship
2_199,12,/datasets/audio/deepship/train/2/2_199.wav,180.0,210.0,2,train,Oil tanker,deepship
2_199,13,/datasets/audio/deepship/train/2/2_199.wav,195.0,225.0,2,train,Oil tanker,deepship
2_199,14,/datasets/audio/deepship/train/2/2_199.wav,210.0,240.0,2,train,Oil tanker,deepship
2_199,15,/datasets/audio/deepship/train/2/2_199.wav,225.0,255.0,2,train,Oil tanker,deepship
2_199,16,/datasets/audio/deepship/train/2/2_199.wav,240.0,270.0,2,train,Oil tanker,deepship
2_199,17,/datasets/audio/deepship/train/2/2_199.wav,255.0,285.0,2,train,Oil tanker,deepship
2_199,18,/datasets/audio/deepship/train/2/2_199.wav,270.0,300.0,2,train,Oil tanker,deepship
2_199,19,/datasets/audio/deepship/train/2/2_199.wav,285.0,315.0,2,train,Oil tanker,deepship
2_199,20,/datasets/audio/deepship/train/2/2_199.wav,300.0,330.0,2,train,Oil tanker,deepship
2_199,21,/datasets/audio/deepship/train/2/2_199.wav,315.0,345.0,2,train,Oil tanker,deepship
2_199,22,/datasets/audio/deepship/train/2/2_199.wav,330.0,360.0,2,train,Oil tanker,deepship
2_199,23,/datasets/audio/deepship/train/2/2_199.wav,345.0,375.0,2,train,Oil tanker,deepship
2_199,24,/datasets/audio/deepship/train/2/2_199.wav,360.0,390.0,2,train,Oil tanker,deepship
2_199,25,/datasets/audio/deepship/train/2/2_199.wav,375.0,405.0,2,train,Oil tanker,deepship
2_199,26,/datasets/audio/deepship/train/2/2_199.wav,390.0,420.0,2,train,Oil tanker,deepship
2_199,27,/datasets/audio/deepship/train/2/2_199.wav,405.0,435.0,2,train,Oil tanker,deepship
2_199,28,/datasets/audio/deepship/train/2/2_199.wav,420.0,450.0,2,train,Oil tanker,deepship
2_199,29,/datasets/audio/deepship/train/2/2_199.wav,435.0,465.0,2,train,Oil tanker,deepship
2_199,30,/datasets/audio/deepship/train/2/2_199.wav,450.0,480.0,2,train,Oil tanker,deepship
2_199,31,/datasets/audio/deepship/train/2/2_199.wav,465.0,495.0,2,train,Oil tanker,deepship
2_199,32,/datasets/audio/deepship/train/2/2_199.wav,480.0,510.0,2,train,Oil tanker,deepship
2_199,33,/datasets/audio/deepship/train/2/2_199.wav,495.0,525.0,2,train,Oil tanker,deepship
2_199,34,/datasets/audio/deepship/train/2/2_199.wav,510.0,540.0,2,train,Oil tanker,deepship
2_199,35,/datasets/audio/deepship/train/2/2_199.wav,525.0,555.0,2,train,Oil tanker,deepship
2_199,36,/datasets/audio/deepship/train/2/2_199.wav,540.0,570.0,2,train,Oil tanker,deepship
2_199,37,/datasets/audio/deepship/train/2/2_199.wav,555.0,585.0,2,train,Oil tanker,deepship
2_199,38,/datasets/audio/deepship/train/2/2_199.wav,570.0,600.0,2,train,Oil tanker,deepship
2_199,39,/datasets/audio/deepship/train/2/2_199.wav,585.0,615.0,2,train,Oil tanker,deepship
2_199,40,/datasets/audio/deepship/train/2/2_199.wav,600.0,630.0,2,train,Oil tanker,deepship
2_199,41,/datasets/audio/deepship/train/2/2_199.wav,615.0,645.0,2,train,Oil tanker,deepship
2_199,42,/datasets/audio/deepship/train/2/2_199.wav,629.0,659.0,2,train,Oil tanker,deepship
2_20,0,/datasets/audio/deepship/train/2/2_20.wav,0.0,30.0,2,train,Oil tanker,deepship
2_20,1,/datasets/audio/deepship/train/2/2_20.wav,15.0,45.0,2,train,Oil tanker,deepship
2_20,2,/datasets/audio/deepship/train/2/2_20.wav,30.0,60.0,2,train,Oil tanker,deepship
2_20,3,/datasets/audio/deepship/train/2/2_20.wav,45.0,75.0,2,train,Oil tanker,deepship
2_20,4,/datasets/audio/deepship/train/2/2_20.wav,60.0,90.0,2,train,Oil tanker,deepship
2_20,5,/datasets/audio/deepship/train/2/2_20.wav,74.0,104.0,2,train,Oil tanker,deepship
2_200,0,/datasets/audio/deepship/train/2/2_200.wav,0.0,30.0,2,train,Oil tanker,deepship
2_200,1,/datasets/audio/deepship/train/2/2_200.wav,15.0,45.0,2,train,Oil tanker,deepship
2_200,2,/datasets/audio/deepship/train/2/2_200.wav,30.0,60.0,2,train,Oil tanker,deepship
2_200,3,/datasets/audio/deepship/train/2/2_200.wav,45.0,75.0,2,train,Oil tanker,deepship
2_200,4,/datasets/audio/deepship/train/2/2_200.wav,60.0,90.0,2,train,Oil tanker,deepship
2_200,5,/datasets/audio/deepship/train/2/2_200.wav,75.0,105.0,2,train,Oil tanker,deepship
2_200,6,/datasets/audio/deepship/train/2/2_200.wav,90.0,120.0,2,train,Oil tanker,deepship
2_200,7,/datasets/audio/deepship/train/2/2_200.wav,105.0,135.0,2,train,Oil tanker,deepship
2_200,8,/datasets/audio/deepship/train/2/2_200.wav,120.0,150.0,2,train,Oil tanker,deepship
2_200,9,/datasets/audio/deepship/train/2/2_200.wav,135.0,165.0,2,train,Oil tanker,deepship
2_200,10,/datasets/audio/deepship/train/2/2_200.wav,150.0,180.0,2,train,Oil tanker,deepship
2_200,11,/datasets/audio/deepship/train/2/2_200.wav,165.0,195.0,2,train,Oil tanker,deepship
2_200,12,/datasets/audio/deepship/train/2/2_200.wav,180.0,210.0,2,train,Oil tanker,deepship
2_200,13,/datasets/audio/deepship/train/2/2_200.wav,195.0,225.0,2,train,Oil tanker,deepship
2_200,14,/datasets/audio/deepship/train/2/2_200.wav,210.0,240.0,2,train,Oil tanker,deepship
2_200,15,/datasets/audio/deepship/train/2/2_200.wav,224.0,254.0,2,train,Oil tanker,deepship
2_202,0,/datasets/audio/deepship/train/2/2_202.wav,0.0,30.0,2,train,Oil tanker,deepship
2_202,1,/datasets/audio/deepship/train/2/2_202.wav,15.0,45.0,2,train,Oil tanker,deepship
2_202,2,/datasets/audio/deepship/train/2/2_202.wav,30.0,60.0,2,train,Oil tanker,deepship
2_202,3,/datasets/audio/deepship/train/2/2_202.wav,45.0,75.0,2,train,Oil tanker,deepship
2_202,4,/datasets/audio/deepship/train/2/2_202.wav,60.0,90.0,2,train,Oil tanker,deepship
2_202,5,/datasets/audio/deepship/train/2/2_202.wav,75.0,105.0,2,train,Oil tanker,deepship
2_202,6,/datasets/audio/deepship/train/2/2_202.wav,90.0,120.0,2,train,Oil tanker,deepship
2_202,7,/datasets/audio/deepship/train/2/2_202.wav,105.0,135.0,2,train,Oil tanker,deepship
2_202,8,/datasets/audio/deepship/train/2/2_202.wav,120.0,150.0,2,train,Oil tanker,deepship
2_202,9,/datasets/audio/deepship/train/2/2_202.wav,135.0,165.0,2,train,Oil tanker,deepship
2_202,10,/datasets/audio/deepship/train/2/2_202.wav,150.0,180.0,2,train,Oil tanker,deepship
2_202,11,/datasets/audio/deepship/train/2/2_202.wav,165.0,195.0,2,train,Oil tanker,deepship
2_202,12,/datasets/audio/deepship/train/2/2_202.wav,180.0,210.0,2,train,Oil tanker,deepship
2_202,13,/datasets/audio/deepship/train/2/2_202.wav,195.0,225.0,2,train,Oil tanker,deepship
2_202,14,/datasets/audio/deepship/train/2/2_202.wav,210.0,240.0,2,train,Oil tanker,deepship
2_202,15,/datasets/audio/deepship/train/2/2_202.wav,225.0,255.0,2,train,Oil tanker,deepship
2_202,16,/datasets/audio/deepship/train/2/2_202.wav,240.0,270.0,2,train,Oil tanker,deepship
2_202,17,/datasets/audio/deepship/train/2/2_202.wav,255.0,285.0,2,train,Oil tanker,deepship
2_202,18,/datasets/audio/deepship/train/2/2_202.wav,270.0,300.0,2,train,Oil tanker,deepship
2_202,19,/datasets/audio/deepship/train/2/2_202.wav,285.0,315.0,2,train,Oil tanker,deepship
2_202,20,/datasets/audio/deepship/train/2/2_202.wav,300.0,330.0,2,train,Oil tanker,deepship
2_202,21,/datasets/audio/deepship/train/2/2_202.wav,315.0,345.0,2,train,Oil tanker,deepship
2_202,22,/datasets/audio/deepship/train/2/2_202.wav,330.0,360.0,2,train,Oil tanker,deepship
2_202,23,/datasets/audio/deepship/train/2/2_202.wav,345.0,375.0,2,train,Oil tanker,deepship
2_202,24,/datasets/audio/deepship/train/2/2_202.wav,360.0,390.0,2,train,Oil tanker,deepship
2_202,25,/datasets/audio/deepship/train/2/2_202.wav,375.0,405.0,2,train,Oil tanker,deepship
2_202,26,/datasets/audio/deepship/train/2/2_202.wav,390.0,420.0,2,train,Oil tanker,deepship
2_202,27,/datasets/audio/deepship/train/2/2_202.wav,405.0,435.0,2,train,Oil tanker,deepship
2_202,28,/datasets/audio/deepship/train/2/2_202.wav,420.0,450.0,2,train,Oil tanker,deepship
2_202,29,/datasets/audio/deepship/train/2/2_202.wav,435.0,465.0,2,train,Oil tanker,deepship
2_202,30,/datasets/audio/deepship/train/2/2_202.wav,450.0,480.0,2,train,Oil tanker,deepship
2_202,31,/datasets/audio/deepship/train/2/2_202.wav,465.0,495.0,2,train,Oil tanker,deepship
2_202,32,/datasets/audio/deepship/train/2/2_202.wav,480.0,510.0,2,train,Oil tanker,deepship
2_202,33,/datasets/audio/deepship/train/2/2_202.wav,495.0,525.0,2,train,Oil tanker,deepship
2_202,34,/datasets/audio/deepship/train/2/2_202.wav,510.0,540.0,2,train,Oil tanker,deepship
2_202,35,/datasets/audio/deepship/train/2/2_202.wav,512.0,542.0,2,train,Oil tanker,deepship
2_203,0,/datasets/audio/deepship/train/2/2_203.wav,0.0,30.0,2,train,Oil tanker,deepship
2_204,0,/datasets/audio/deepship/train/2/2_204.wav,0.0,30.0,2,train,Oil tanker,deepship
2_204,1,/datasets/audio/deepship/train/2/2_204.wav,15.0,45.0,2,train,Oil tanker,deepship
2_204,2,/datasets/audio/deepship/train/2/2_204.wav,19.0,49.0,2,train,Oil tanker,deepship
2_206,0,/datasets/audio/deepship/train/2/2_206.wav,0.0,30.0,2,train,Oil tanker,deepship
2_206,1,/datasets/audio/deepship/train/2/2_206.wav,15.0,45.0,2,train,Oil tanker,deepship
2_206,2,/datasets/audio/deepship/train/2/2_206.wav,30.0,60.0,2,train,Oil tanker,deepship
2_206,3,/datasets/audio/deepship/train/2/2_206.wav,45.0,75.0,2,train,Oil tanker,deepship
2_206,4,/datasets/audio/deepship/train/2/2_206.wav,60.0,90.0,2,train,Oil tanker,deepship
2_206,5,/datasets/audio/deepship/train/2/2_206.wav,75.0,105.0,2,train,Oil tanker,deepship
2_206,6,/datasets/audio/deepship/train/2/2_206.wav,90.0,120.0,2,train,Oil tanker,deepship
2_206,7,/datasets/audio/deepship/train/2/2_206.wav,105.0,135.0,2,train,Oil tanker,deepship
2_206,8,/datasets/audio/deepship/train/2/2_206.wav,120.0,150.0,2,train,Oil tanker,deepship
2_206,9,/datasets/audio/deepship/train/2/2_206.wav,135.0,165.0,2,train,Oil tanker,deepship
2_206,10,/datasets/audio/deepship/train/2/2_206.wav,150.0,180.0,2,train,Oil tanker,deepship
2_206,11,/datasets/audio/deepship/train/2/2_206.wav,165.0,195.0,2,train,Oil tanker,deepship
2_206,12,/datasets/audio/deepship/train/2/2_206.wav,180.0,210.0,2,train,Oil tanker,deepship
2_206,13,/datasets/audio/deepship/train/2/2_206.wav,195.0,225.0,2,train,Oil tanker,deepship
2_206,14,/datasets/audio/deepship/train/2/2_206.wav,209.0,239.0,2,train,Oil tanker,deepship
2_207,0,/datasets/audio/deepship/train/2/2_207.wav,0.0,30.0,2,train,Oil tanker,deepship
2_207,1,/datasets/audio/deepship/train/2/2_207.wav,15.0,45.0,2,train,Oil tanker,deepship
2_207,2,/datasets/audio/deepship/train/2/2_207.wav,30.0,60.0,2,train,Oil tanker,deepship
2_207,3,/datasets/audio/deepship/train/2/2_207.wav,35.0,65.0,2,train,Oil tanker,deepship
2_208,0,/datasets/audio/deepship/train/2/2_208.wav,0.0,30.0,2,train,Oil tanker,deepship
2_208,1,/datasets/audio/deepship/train/2/2_208.wav,15.0,45.0,2,train,Oil tanker,deepship
2_208,2,/datasets/audio/deepship/train/2/2_208.wav,30.0,60.0,2,train,Oil tanker,deepship
2_208,3,/datasets/audio/deepship/train/2/2_208.wav,45.0,75.0,2,train,Oil tanker,deepship
2_208,4,/datasets/audio/deepship/train/2/2_208.wav,60.0,90.0,2,train,Oil tanker,deepship
2_208,5,/datasets/audio/deepship/train/2/2_208.wav,75.0,105.0,2,train,Oil tanker,deepship
2_208,6,/datasets/audio/deepship/train/2/2_208.wav,90.0,120.0,2,train,Oil tanker,deepship
2_208,7,/datasets/audio/deepship/train/2/2_208.wav,105.0,135.0,2,train,Oil tanker,deepship
2_208,8,/datasets/audio/deepship/train/2/2_208.wav,120.0,150.0,2,train,Oil tanker,deepship
2_208,9,/datasets/audio/deepship/train/2/2_208.wav,135.0,165.0,2,train,Oil tanker,deepship
2_208,10,/datasets/audio/deepship/train/2/2_208.wav,150.0,180.0,2,train,Oil tanker,deepship
2_208,11,/datasets/audio/deepship/train/2/2_208.wav,151.0,181.0,2,train,Oil tanker,deepship
2_209,0,/datasets/audio/deepship/train/2/2_209.wav,0.0,30.0,2,train,Oil tanker,deepship
2_21,0,/datasets/audio/deepship/train/2/2_21.wav,0.0,30.0,2,train,Oil tanker,deepship
2_210,0,/datasets/audio/deepship/train/2/2_210.wav,0.0,30.0,2,train,Oil tanker,deepship
2_210,1,/datasets/audio/deepship/train/2/2_210.wav,15.0,45.0,2,train,Oil tanker,deepship
2_210,2,/datasets/audio/deepship/train/2/2_210.wav,19.0,49.0,2,train,Oil tanker,deepship
2_211,0,/datasets/audio/deepship/train/2/2_211.wav,0.0,30.0,2,train,Oil tanker,deepship
2_211,1,/datasets/audio/deepship/train/2/2_211.wav,15.0,45.0,2,train,Oil tanker,deepship
2_211,2,/datasets/audio/deepship/train/2/2_211.wav,30.0,60.0,2,train,Oil tanker,deepship
2_211,3,/datasets/audio/deepship/train/2/2_211.wav,45.0,75.0,2,train,Oil tanker,deepship
2_211,4,/datasets/audio/deepship/train/2/2_211.wav,60.0,90.0,2,train,Oil tanker,deepship
2_211,5,/datasets/audio/deepship/train/2/2_211.wav,75.0,105.0,2,train,Oil tanker,deepship
2_211,6,/datasets/audio/deepship/train/2/2_211.wav,90.0,120.0,2,train,Oil tanker,deepship
2_211,7,/datasets/audio/deepship/train/2/2_211.wav,105.0,135.0,2,train,Oil tanker,deepship
2_211,8,/datasets/audio/deepship/train/2/2_211.wav,120.0,150.0,2,train,Oil tanker,deepship
2_211,9,/datasets/audio/deepship/train/2/2_211.wav,126.0,156.0,2,train,Oil tanker,deepship
2_212,0,/datasets/audio/deepship/train/2/2_212.wav,0.0,30.0,2,train,Oil tanker,deepship
2_212,1,/datasets/audio/deepship/train/2/2_212.wav,15.0,45.0,2,train,Oil tanker,deepship
2_212,2,/datasets/audio/deepship/train/2/2_212.wav,30.0,60.0,2,train,Oil tanker,deepship
2_212,3,/datasets/audio/deepship/train/2/2_212.wav,45.0,75.0,2,train,Oil tanker,deepship
2_212,4,/datasets/audio/deepship/train/2/2_212.wav,60.0,90.0,2,train,Oil tanker,deepship
2_212,5,/datasets/audio/deepship/train/2/2_212.wav,75.0,105.0,2,train,Oil tanker,deepship
2_212,6,/datasets/audio/deepship/train/2/2_212.wav,90.0,120.0,2,train,Oil tanker,deepship
2_212,7,/datasets/audio/deepship/train/2/2_212.wav,105.0,135.0,2,train,Oil tanker,deepship
2_212,8,/datasets/audio/deepship/train/2/2_212.wav,120.0,150.0,2,train,Oil tanker,deepship
2_212,9,/datasets/audio/deepship/train/2/2_212.wav,135.0,165.0,2,train,Oil tanker,deepship
2_212,10,/datasets/audio/deepship/train/2/2_212.wav,150.0,180.0,2,train,Oil tanker,deepship
2_212,11,/datasets/audio/deepship/train/2/2_212.wav,165.0,195.0,2,train,Oil tanker,deepship
2_212,12,/datasets/audio/deepship/train/2/2_212.wav,180.0,210.0,2,train,Oil tanker,deepship
2_212,13,/datasets/audio/deepship/train/2/2_212.wav,195.0,225.0,2,train,Oil tanker,deepship
2_212,14,/datasets/audio/deepship/train/2/2_212.wav,210.0,240.0,2,train,Oil tanker,deepship
2_212,15,/datasets/audio/deepship/train/2/2_212.wav,225.0,255.0,2,train,Oil tanker,deepship
2_212,16,/datasets/audio/deepship/train/2/2_212.wav,240.0,270.0,2,train,Oil tanker,deepship
2_212,17,/datasets/audio/deepship/train/2/2_212.wav,255.0,285.0,2,train,Oil tanker,deepship
2_212,18,/datasets/audio/deepship/train/2/2_212.wav,270.0,300.0,2,train,Oil tanker,deepship
2_212,19,/datasets/audio/deepship/train/2/2_212.wav,285.0,315.0,2,train,Oil tanker,deepship
2_212,20,/datasets/audio/deepship/train/2/2_212.wav,300.0,330.0,2,train,Oil tanker,deepship
2_212,21,/datasets/audio/deepship/train/2/2_212.wav,315.0,345.0,2,train,Oil tanker,deepship
2_212,22,/datasets/audio/deepship/train/2/2_212.wav,330.0,360.0,2,train,Oil tanker,deepship
2_212,23,/datasets/audio/deepship/train/2/2_212.wav,340.0,370.0,2,train,Oil tanker,deepship
2_214,0,/datasets/audio/deepship/train/2/2_214.wav,0.0,30.0,2,train,Oil tanker,deepship
2_215,0,/datasets/audio/deepship/train/2/2_215.wav,0.0,30.0,2,train,Oil tanker,deepship
2_215,1,/datasets/audio/deepship/train/2/2_215.wav,15.0,45.0,2,train,Oil tanker,deepship
2_215,2,/datasets/audio/deepship/train/2/2_215.wav,30.0,60.0,2,train,Oil tanker,deepship
2_215,3,/datasets/audio/deepship/train/2/2_215.wav,45.0,75.0,2,train,Oil tanker,deepship
2_215,4,/datasets/audio/deepship/train/2/2_215.wav,60.0,90.0,2,train,Oil tanker,deepship
2_215,5,/datasets/audio/deepship/train/2/2_215.wav,75.0,105.0,2,train,Oil tanker,deepship
2_215,6,/datasets/audio/deepship/train/2/2_215.wav,90.0,120.0,2,train,Oil tanker,deepship
2_215,7,/datasets/audio/deepship/train/2/2_215.wav,105.0,135.0,2,train,Oil tanker,deepship
2_215,8,/datasets/audio/deepship/train/2/2_215.wav,120.0,150.0,2,train,Oil tanker,deepship
2_215,9,/datasets/audio/deepship/train/2/2_215.wav,135.0,165.0,2,train,Oil tanker,deepship
2_215,10,/datasets/audio/deepship/train/2/2_215.wav,150.0,180.0,2,train,Oil tanker,deepship
2_215,11,/datasets/audio/deepship/train/2/2_215.wav,165.0,195.0,2,train,Oil tanker,deepship
2_215,12,/datasets/audio/deepship/train/2/2_215.wav,180.0,210.0,2,train,Oil tanker,deepship
2_215,13,/datasets/audio/deepship/train/2/2_215.wav,195.0,225.0,2,train,Oil tanker,deepship
2_215,14,/datasets/audio/deepship/train/2/2_215.wav,210.0,240.0,2,train,Oil tanker,deepship
2_215,15,/datasets/audio/deepship/train/2/2_215.wav,225.0,255.0,2,train,Oil tanker,deepship
2_215,16,/datasets/audio/deepship/train/2/2_215.wav,240.0,270.0,2,train,Oil tanker,deepship
2_215,17,/datasets/audio/deepship/train/2/2_215.wav,255.0,285.0,2,train,Oil tanker,deepship
2_215,18,/datasets/audio/deepship/train/2/2_215.wav,270.0,300.0,2,train,Oil tanker,deepship
2_215,19,/datasets/audio/deepship/train/2/2_215.wav,278.0,308.0,2,train,Oil tanker,deepship
2_216,0,/datasets/audio/deepship/train/2/2_216.wav,0.0,30.0,2,train,Oil tanker,deepship
2_216,1,/datasets/audio/deepship/train/2/2_216.wav,15.0,45.0,2,train,Oil tanker,deepship
2_216,2,/datasets/audio/deepship/train/2/2_216.wav,30.0,60.0,2,train,Oil tanker,deepship
2_216,3,/datasets/audio/deepship/train/2/2_216.wav,45.0,75.0,2,train,Oil tanker,deepship
2_216,4,/datasets/audio/deepship/train/2/2_216.wav,60.0,90.0,2,train,Oil tanker,deepship
2_216,5,/datasets/audio/deepship/train/2/2_216.wav,75.0,105.0,2,train,Oil tanker,deepship
2_216,6,/datasets/audio/deepship/train/2/2_216.wav,90.0,120.0,2,train,Oil tanker,deepship
2_216,7,/datasets/audio/deepship/train/2/2_216.wav,105.0,135.0,2,train,Oil tanker,deepship
2_216,8,/datasets/audio/deepship/train/2/2_216.wav,120.0,150.0,2,train,Oil tanker,deepship
2_216,9,/datasets/audio/deepship/train/2/2_216.wav,135.0,165.0,2,train,Oil tanker,deepship
2_216,10,/datasets/audio/deepship/train/2/2_216.wav,150.0,180.0,2,train,Oil tanker,deepship
2_216,11,/datasets/audio/deepship/train/2/2_216.wav,165.0,195.0,2,train,Oil tanker,deepship
2_216,12,/datasets/audio/deepship/train/2/2_216.wav,180.0,210.0,2,train,Oil tanker,deepship
2_216,13,/datasets/audio/deepship/train/2/2_216.wav,195.0,225.0,2,train,Oil tanker,deepship
2_216,14,/datasets/audio/deepship/train/2/2_216.wav,210.0,240.0,2,train,Oil tanker,deepship
2_216,15,/datasets/audio/deepship/train/2/2_216.wav,225.0,255.0,2,train,Oil tanker,deepship
2_216,16,/datasets/audio/deepship/train/2/2_216.wav,240.0,270.0,2,train,Oil tanker,deepship
2_216,17,/datasets/audio/deepship/train/2/2_216.wav,255.0,285.0,2,train,Oil tanker,deepship
2_216,18,/datasets/audio/deepship/train/2/2_216.wav,270.0,300.0,2,train,Oil tanker,deepship
2_216,19,/datasets/audio/deepship/train/2/2_216.wav,285.0,315.0,2,train,Oil tanker,deepship
2_216,20,/datasets/audio/deepship/train/2/2_216.wav,300.0,330.0,2,train,Oil tanker,deepship
2_216,21,/datasets/audio/deepship/train/2/2_216.wav,315.0,345.0,2,train,Oil tanker,deepship
2_216,22,/datasets/audio/deepship/train/2/2_216.wav,321.0,351.0,2,train,Oil tanker,deepship
2_218,0,/datasets/audio/deepship/train/2/2_218.wav,0.0,30.0,2,train,Oil tanker,deepship
2_218,1,/datasets/audio/deepship/train/2/2_218.wav,15.0,45.0,2,train,Oil tanker,deepship
2_218,2,/datasets/audio/deepship/train/2/2_218.wav,20.0,50.0,2,train,Oil tanker,deepship
2_219,0,/datasets/audio/deepship/train/2/2_219.wav,0.0,30.0,2,train,Oil tanker,deepship
2_219,1,/datasets/audio/deepship/train/2/2_219.wav,7.0,37.0,2,train,Oil tanker,deepship
2_220,0,/datasets/audio/deepship/train/2/2_220.wav,0.0,30.0,2,train,Oil tanker,deepship
2_220,1,/datasets/audio/deepship/train/2/2_220.wav,15.0,45.0,2,train,Oil tanker,deepship
2_220,2,/datasets/audio/deepship/train/2/2_220.wav,30.0,60.0,2,train,Oil tanker,deepship
2_220,3,/datasets/audio/deepship/train/2/2_220.wav,45.0,75.0,2,train,Oil tanker,deepship
2_220,4,/datasets/audio/deepship/train/2/2_220.wav,60.0,90.0,2,train,Oil tanker,deepship
2_220,5,/datasets/audio/deepship/train/2/2_220.wav,75.0,105.0,2,train,Oil tanker,deepship
2_220,6,/datasets/audio/deepship/train/2/2_220.wav,90.0,120.0,2,train,Oil tanker,deepship
2_220,7,/datasets/audio/deepship/train/2/2_220.wav,105.0,135.0,2,train,Oil tanker,deepship
2_220,8,/datasets/audio/deepship/train/2/2_220.wav,120.0,150.0,2,train,Oil tanker,deepship
2_220,9,/datasets/audio/deepship/train/2/2_220.wav,135.0,165.0,2,train,Oil tanker,deepship
2_220,10,/datasets/audio/deepship/train/2/2_220.wav,150.0,180.0,2,train,Oil tanker,deepship
2_220,11,/datasets/audio/deepship/train/2/2_220.wav,165.0,195.0,2,train,Oil tanker,deepship
2_220,12,/datasets/audio/deepship/train/2/2_220.wav,180.0,210.0,2,train,Oil tanker,deepship
2_220,13,/datasets/audio/deepship/train/2/2_220.wav,195.0,225.0,2,train,Oil tanker,deepship
2_220,14,/datasets/audio/deepship/train/2/2_220.wav,210.0,240.0,2,train,Oil tanker,deepship
2_220,15,/datasets/audio/deepship/train/2/2_220.wav,225.0,255.0,2,train,Oil tanker,deepship
2_220,16,/datasets/audio/deepship/train/2/2_220.wav,240.0,270.0,2,train,Oil tanker,deepship
2_220,17,/datasets/audio/deepship/train/2/2_220.wav,255.0,285.0,2,train,Oil tanker,deepship
2_220,18,/datasets/audio/deepship/train/2/2_220.wav,270.0,300.0,2,train,Oil tanker,deepship
2_220,19,/datasets/audio/deepship/train/2/2_220.wav,285.0,315.0,2,train,Oil tanker,deepship
2_220,20,/datasets/audio/deepship/train/2/2_220.wav,300.0,330.0,2,train,Oil tanker,deepship
2_220,21,/datasets/audio/deepship/train/2/2_220.wav,315.0,345.0,2,train,Oil tanker,deepship
2_220,22,/datasets/audio/deepship/train/2/2_220.wav,330.0,360.0,2,train,Oil tanker,deepship
2_220,23,/datasets/audio/deepship/train/2/2_220.wav,336.0,366.0,2,train,Oil tanker,deepship
2_221,0,/datasets/audio/deepship/train/2/2_221.wav,0.0,30.0,2,train,Oil tanker,deepship
2_222,0,/datasets/audio/deepship/train/2/2_222.wav,0.0,30.0,2,train,Oil tanker,deepship
2_222,1,/datasets/audio/deepship/train/2/2_222.wav,15.0,45.0,2,train,Oil tanker,deepship
2_222,2,/datasets/audio/deepship/train/2/2_222.wav,30.0,60.0,2,train,Oil tanker,deepship
2_222,3,/datasets/audio/deepship/train/2/2_222.wav,45.0,75.0,2,train,Oil tanker,deepship
2_222,4,/datasets/audio/deepship/train/2/2_222.wav,60.0,90.0,2,train,Oil tanker,deepship
2_222,5,/datasets/audio/deepship/train/2/2_222.wav,75.0,105.0,2,train,Oil tanker,deepship
2_222,6,/datasets/audio/deepship/train/2/2_222.wav,90.0,120.0,2,train,Oil tanker,deepship
2_222,7,/datasets/audio/deepship/train/2/2_222.wav,105.0,135.0,2,train,Oil tanker,deepship
2_222,8,/datasets/audio/deepship/train/2/2_222.wav,120.0,150.0,2,train,Oil tanker,deepship
2_222,9,/datasets/audio/deepship/train/2/2_222.wav,135.0,165.0,2,train,Oil tanker,deepship
2_222,10,/datasets/audio/deepship/train/2/2_222.wav,150.0,180.0,2,train,Oil tanker,deepship
2_222,11,/datasets/audio/deepship/train/2/2_222.wav,165.0,195.0,2,train,Oil tanker,deepship
2_222,12,/datasets/audio/deepship/train/2/2_222.wav,180.0,210.0,2,train,Oil tanker,deepship
2_222,13,/datasets/audio/deepship/train/2/2_222.wav,195.0,225.0,2,train,Oil tanker,deepship
2_222,14,/datasets/audio/deepship/train/2/2_222.wav,210.0,240.0,2,train,Oil tanker,deepship
2_222,15,/datasets/audio/deepship/train/2/2_222.wav,225.0,255.0,2,train,Oil tanker,deepship
2_222,16,/datasets/audio/deepship/train/2/2_222.wav,240.0,270.0,2,train,Oil tanker,deepship
2_222,17,/datasets/audio/deepship/train/2/2_222.wav,255.0,285.0,2,train,Oil tanker,deepship
2_222,18,/datasets/audio/deepship/train/2/2_222.wav,270.0,300.0,2,train,Oil tanker,deepship
2_222,19,/datasets/audio/deepship/train/2/2_222.wav,285.0,315.0,2,train,Oil tanker,deepship
2_222,20,/datasets/audio/deepship/train/2/2_222.wav,300.0,330.0,2,train,Oil tanker,deepship
2_222,21,/datasets/audio/deepship/train/2/2_222.wav,315.0,345.0,2,train,Oil tanker,deepship
2_222,22,/datasets/audio/deepship/train/2/2_222.wav,330.0,360.0,2,train,Oil tanker,deepship
2_222,23,/datasets/audio/deepship/train/2/2_222.wav,345.0,375.0,2,train,Oil tanker,deepship
2_222,24,/datasets/audio/deepship/train/2/2_222.wav,360.0,390.0,2,train,Oil tanker,deepship
2_222,25,/datasets/audio/deepship/train/2/2_222.wav,375.0,405.0,2,train,Oil tanker,deepship
2_222,26,/datasets/audio/deepship/train/2/2_222.wav,390.0,420.0,2,train,Oil tanker,deepship
2_222,27,/datasets/audio/deepship/train/2/2_222.wav,405.0,435.0,2,train,Oil tanker,deepship
2_222,28,/datasets/audio/deepship/train/2/2_222.wav,420.0,450.0,2,train,Oil tanker,deepship
2_222,29,/datasets/audio/deepship/train/2/2_222.wav,435.0,465.0,2,train,Oil tanker,deepship
2_222,30,/datasets/audio/deepship/train/2/2_222.wav,450.0,480.0,2,train,Oil tanker,deepship
2_222,31,/datasets/audio/deepship/train/2/2_222.wav,465.0,495.0,2,train,Oil tanker,deepship
2_222,32,/datasets/audio/deepship/train/2/2_222.wav,480.0,510.0,2,train,Oil tanker,deepship
2_222,33,/datasets/audio/deepship/train/2/2_222.wav,486.0,516.0,2,train,Oil tanker,deepship
2_223,0,/datasets/audio/deepship/train/2/2_223.wav,0.0,30.0,2,train,Oil tanker,deepship
2_223,1,/datasets/audio/deepship/train/2/2_223.wav,15.0,45.0,2,train,Oil tanker,deepship
2_223,2,/datasets/audio/deepship/train/2/2_223.wav,30.0,60.0,2,train,Oil tanker,deepship
2_223,3,/datasets/audio/deepship/train/2/2_223.wav,45.0,75.0,2,train,Oil tanker,deepship
2_223,4,/datasets/audio/deepship/train/2/2_223.wav,60.0,90.0,2,train,Oil tanker,deepship
2_223,5,/datasets/audio/deepship/train/2/2_223.wav,75.0,105.0,2,train,Oil tanker,deepship
2_223,6,/datasets/audio/deepship/train/2/2_223.wav,90.0,120.0,2,train,Oil tanker,deepship
2_223,7,/datasets/audio/deepship/train/2/2_223.wav,105.0,135.0,2,train,Oil tanker,deepship
2_223,8,/datasets/audio/deepship/train/2/2_223.wav,120.0,150.0,2,train,Oil tanker,deepship
2_223,9,/datasets/audio/deepship/train/2/2_223.wav,135.0,165.0,2,train,Oil tanker,deepship
2_223,10,/datasets/audio/deepship/train/2/2_223.wav,150.0,180.0,2,train,Oil tanker,deepship
2_223,11,/datasets/audio/deepship/train/2/2_223.wav,165.0,195.0,2,train,Oil tanker,deepship
2_223,12,/datasets/audio/deepship/train/2/2_223.wav,180.0,210.0,2,train,Oil tanker,deepship
2_223,13,/datasets/audio/deepship/train/2/2_223.wav,195.0,225.0,2,train,Oil tanker,deepship
2_223,14,/datasets/audio/deepship/train/2/2_223.wav,210.0,240.0,2,train,Oil tanker,deepship
2_223,15,/datasets/audio/deepship/train/2/2_223.wav,225.0,255.0,2,train,Oil tanker,deepship
2_223,16,/datasets/audio/deepship/train/2/2_223.wav,240.0,270.0,2,train,Oil tanker,deepship
2_223,17,/datasets/audio/deepship/train/2/2_223.wav,255.0,285.0,2,train,Oil tanker,deepship
2_223,18,/datasets/audio/deepship/train/2/2_223.wav,270.0,300.0,2,train,Oil tanker,deepship
2_223,19,/datasets/audio/deepship/train/2/2_223.wav,285.0,315.0,2,train,Oil tanker,deepship
2_223,20,/datasets/audio/deepship/train/2/2_223.wav,300.0,330.0,2,train,Oil tanker,deepship
2_223,21,/datasets/audio/deepship/train/2/2_223.wav,315.0,345.0,2,train,Oil tanker,deepship
2_223,22,/datasets/audio/deepship/train/2/2_223.wav,330.0,360.0,2,train,Oil tanker,deepship
2_223,23,/datasets/audio/deepship/train/2/2_223.wav,345.0,375.0,2,train,Oil tanker,deepship
2_223,24,/datasets/audio/deepship/train/2/2_223.wav,360.0,390.0,2,train,Oil tanker,deepship
2_223,25,/datasets/audio/deepship/train/2/2_223.wav,375.0,405.0,2,train,Oil tanker,deepship
2_223,26,/datasets/audio/deepship/train/2/2_223.wav,390.0,420.0,2,train,Oil tanker,deepship
2_223,27,/datasets/audio/deepship/train/2/2_223.wav,405.0,435.0,2,train,Oil tanker,deepship
2_223,28,/datasets/audio/deepship/train/2/2_223.wav,420.0,450.0,2,train,Oil tanker,deepship
2_223,29,/datasets/audio/deepship/train/2/2_223.wav,430.0,460.0,2,train,Oil tanker,deepship
2_224,0,/datasets/audio/deepship/train/2/2_224.wav,0.0,30.0,2,train,Oil tanker,deepship
2_224,1,/datasets/audio/deepship/train/2/2_224.wav,15.0,45.0,2,train,Oil tanker,deepship
2_224,2,/datasets/audio/deepship/train/2/2_224.wav,30.0,60.0,2,train,Oil tanker,deepship
2_224,3,/datasets/audio/deepship/train/2/2_224.wav,45.0,75.0,2,train,Oil tanker,deepship
2_224,4,/datasets/audio/deepship/train/2/2_224.wav,60.0,90.0,2,train,Oil tanker,deepship
2_224,5,/datasets/audio/deepship/train/2/2_224.wav,75.0,105.0,2,train,Oil tanker,deepship
2_224,6,/datasets/audio/deepship/train/2/2_224.wav,90.0,120.0,2,train,Oil tanker,deepship
2_224,7,/datasets/audio/deepship/train/2/2_224.wav,105.0,135.0,2,train,Oil tanker,deepship
2_224,8,/datasets/audio/deepship/train/2/2_224.wav,120.0,150.0,2,train,Oil tanker,deepship
2_224,9,/datasets/audio/deepship/train/2/2_224.wav,135.0,165.0,2,train,Oil tanker,deepship
2_224,10,/datasets/audio/deepship/train/2/2_224.wav,150.0,180.0,2,train,Oil tanker,deepship
2_224,11,/datasets/audio/deepship/train/2/2_224.wav,165.0,195.0,2,train,Oil tanker,deepship
2_224,12,/datasets/audio/deepship/train/2/2_224.wav,180.0,210.0,2,train,Oil tanker,deepship
2_224,13,/datasets/audio/deepship/train/2/2_224.wav,195.0,225.0,2,train,Oil tanker,deepship
2_224,14,/datasets/audio/deepship/train/2/2_224.wav,210.0,240.0,2,train,Oil tanker,deepship
2_224,15,/datasets/audio/deepship/train/2/2_224.wav,225.0,255.0,2,train,Oil tanker,deepship
2_224,16,/datasets/audio/deepship/train/2/2_224.wav,240.0,270.0,2,train,Oil tanker,deepship
2_224,17,/datasets/audio/deepship/train/2/2_224.wav,255.0,285.0,2,train,Oil tanker,deepship
2_224,18,/datasets/audio/deepship/train/2/2_224.wav,270.0,300.0,2,train,Oil tanker,deepship
2_224,19,/datasets/audio/deepship/train/2/2_224.wav,285.0,315.0,2,train,Oil tanker,deepship
2_224,20,/datasets/audio/deepship/train/2/2_224.wav,300.0,330.0,2,train,Oil tanker,deepship
2_224,21,/datasets/audio/deepship/train/2/2_224.wav,315.0,345.0,2,train,Oil tanker,deepship
2_224,22,/datasets/audio/deepship/train/2/2_224.wav,321.0,351.0,2,train,Oil tanker,deepship
2_225,0,/datasets/audio/deepship/train/2/2_225.wav,0.0,30.0,2,train,Oil tanker,deepship
2_225,1,/datasets/audio/deepship/train/2/2_225.wav,15.0,45.0,2,train,Oil tanker,deepship
2_226,0,/datasets/audio/deepship/train/2/2_226.wav,0.0,30.0,2,train,Oil tanker,deepship
2_227,0,/datasets/audio/deepship/train/2/2_227.wav,0.0,30.0,2,train,Oil tanker,deepship
2_227,1,/datasets/audio/deepship/train/2/2_227.wav,15.0,45.0,2,train,Oil tanker,deepship
2_227,2,/datasets/audio/deepship/train/2/2_227.wav,30.0,60.0,2,train,Oil tanker,deepship
2_227,3,/datasets/audio/deepship/train/2/2_227.wav,45.0,75.0,2,train,Oil tanker,deepship
2_227,4,/datasets/audio/deepship/train/2/2_227.wav,60.0,90.0,2,train,Oil tanker,deepship
2_227,5,/datasets/audio/deepship/train/2/2_227.wav,75.0,105.0,2,train,Oil tanker,deepship
2_227,6,/datasets/audio/deepship/train/2/2_227.wav,90.0,120.0,2,train,Oil tanker,deepship
2_227,7,/datasets/audio/deepship/train/2/2_227.wav,105.0,135.0,2,train,Oil tanker,deepship
2_227,8,/datasets/audio/deepship/train/2/2_227.wav,120.0,150.0,2,train,Oil tanker,deepship
2_227,9,/datasets/audio/deepship/train/2/2_227.wav,135.0,165.0,2,train,Oil tanker,deepship
2_227,10,/datasets/audio/deepship/train/2/2_227.wav,150.0,180.0,2,train,Oil tanker,deepship
2_227,11,/datasets/audio/deepship/train/2/2_227.wav,165.0,195.0,2,train,Oil tanker,deepship
2_227,12,/datasets/audio/deepship/train/2/2_227.wav,180.0,210.0,2,train,Oil tanker,deepship
2_227,13,/datasets/audio/deepship/train/2/2_227.wav,195.0,225.0,2,train,Oil tanker,deepship
2_227,14,/datasets/audio/deepship/train/2/2_227.wav,210.0,240.0,2,train,Oil tanker,deepship
2_227,15,/datasets/audio/deepship/train/2/2_227.wav,225.0,255.0,2,train,Oil tanker,deepship
2_227,16,/datasets/audio/deepship/train/2/2_227.wav,240.0,270.0,2,train,Oil tanker,deepship
2_227,17,/datasets/audio/deepship/train/2/2_227.wav,255.0,285.0,2,train,Oil tanker,deepship
2_227,18,/datasets/audio/deepship/train/2/2_227.wav,270.0,300.0,2,train,Oil tanker,deepship
2_227,19,/datasets/audio/deepship/train/2/2_227.wav,285.0,315.0,2,train,Oil tanker,deepship
2_227,20,/datasets/audio/deepship/train/2/2_227.wav,300.0,330.0,2,train,Oil tanker,deepship
2_227,21,/datasets/audio/deepship/train/2/2_227.wav,315.0,345.0,2,train,Oil tanker,deepship
2_227,22,/datasets/audio/deepship/train/2/2_227.wav,330.0,360.0,2,train,Oil tanker,deepship
2_227,23,/datasets/audio/deepship/train/2/2_227.wav,345.0,375.0,2,train,Oil tanker,deepship
2_227,24,/datasets/audio/deepship/train/2/2_227.wav,360.0,390.0,2,train,Oil tanker,deepship
2_227,25,/datasets/audio/deepship/train/2/2_227.wav,375.0,405.0,2,train,Oil tanker,deepship
2_227,26,/datasets/audio/deepship/train/2/2_227.wav,390.0,420.0,2,train,Oil tanker,deepship
2_227,27,/datasets/audio/deepship/train/2/2_227.wav,405.0,435.0,2,train,Oil tanker,deepship
2_227,28,/datasets/audio/deepship/train/2/2_227.wav,420.0,450.0,2,train,Oil tanker,deepship
2_227,29,/datasets/audio/deepship/train/2/2_227.wav,435.0,465.0,2,train,Oil tanker,deepship
2_227,30,/datasets/audio/deepship/train/2/2_227.wav,450.0,480.0,2,train,Oil tanker,deepship
2_227,31,/datasets/audio/deepship/train/2/2_227.wav,465.0,495.0,2,train,Oil tanker,deepship
2_227,32,/datasets/audio/deepship/train/2/2_227.wav,472.0,502.0,2,train,Oil tanker,deepship
2_229,0,/datasets/audio/deepship/train/2/2_229.wav,0.0,30.0,2,train,Oil tanker,deepship
2_229,1,/datasets/audio/deepship/train/2/2_229.wav,15.0,45.0,2,train,Oil tanker,deepship
2_229,2,/datasets/audio/deepship/train/2/2_229.wav,30.0,60.0,2,train,Oil tanker,deepship
2_229,3,/datasets/audio/deepship/train/2/2_229.wav,38.0,68.0,2,train,Oil tanker,deepship
2_23,0,/datasets/audio/deepship/train/2/2_23.wav,0.0,30.0,2,train,Oil tanker,deepship
2_23,1,/datasets/audio/deepship/train/2/2_23.wav,15.0,45.0,2,train,Oil tanker,deepship
2_23,2,/datasets/audio/deepship/train/2/2_23.wav,30.0,60.0,2,train,Oil tanker,deepship
2_23,3,/datasets/audio/deepship/train/2/2_23.wav,45.0,75.0,2,train,Oil tanker,deepship
2_23,4,/datasets/audio/deepship/train/2/2_23.wav,60.0,90.0,2,train,Oil tanker,deepship
2_23,5,/datasets/audio/deepship/train/2/2_23.wav,75.0,105.0,2,train,Oil tanker,deepship
2_23,6,/datasets/audio/deepship/train/2/2_23.wav,90.0,120.0,2,train,Oil tanker,deepship
2_23,7,/datasets/audio/deepship/train/2/2_23.wav,105.0,135.0,2,train,Oil tanker,deepship
2_23,8,/datasets/audio/deepship/train/2/2_23.wav,120.0,150.0,2,train,Oil tanker,deepship
2_23,9,/datasets/audio/deepship/train/2/2_23.wav,135.0,165.0,2,train,Oil tanker,deepship
2_23,10,/datasets/audio/deepship/train/2/2_23.wav,150.0,180.0,2,train,Oil tanker,deepship
2_23,11,/datasets/audio/deepship/train/2/2_23.wav,165.0,195.0,2,train,Oil tanker,deepship
2_23,12,/datasets/audio/deepship/train/2/2_23.wav,180.0,210.0,2,train,Oil tanker,deepship
2_23,13,/datasets/audio/deepship/train/2/2_23.wav,195.0,225.0,2,train,Oil tanker,deepship
2_23,14,/datasets/audio/deepship/train/2/2_23.wav,210.0,240.0,2,train,Oil tanker,deepship
2_23,15,/datasets/audio/deepship/train/2/2_23.wav,225.0,255.0,2,train,Oil tanker,deepship
2_23,16,/datasets/audio/deepship/train/2/2_23.wav,240.0,270.0,2,train,Oil tanker,deepship
2_23,17,/datasets/audio/deepship/train/2/2_23.wav,255.0,285.0,2,train,Oil tanker,deepship
2_23,18,/datasets/audio/deepship/train/2/2_23.wav,270.0,300.0,2,train,Oil tanker,deepship
2_23,19,/datasets/audio/deepship/train/2/2_23.wav,285.0,315.0,2,train,Oil tanker,deepship
2_23,20,/datasets/audio/deepship/train/2/2_23.wav,300.0,330.0,2,train,Oil tanker,deepship
2_23,21,/datasets/audio/deepship/train/2/2_23.wav,315.0,345.0,2,train,Oil tanker,deepship
2_23,22,/datasets/audio/deepship/train/2/2_23.wav,330.0,360.0,2,train,Oil tanker,deepship
2_23,23,/datasets/audio/deepship/train/2/2_23.wav,340.0,370.0,2,train,Oil tanker,deepship
2_230,0,/datasets/audio/deepship/train/2/2_230.wav,0.0,30.0,2,train,Oil tanker,deepship
2_230,1,/datasets/audio/deepship/train/2/2_230.wav,15.0,45.0,2,train,Oil tanker,deepship
2_230,2,/datasets/audio/deepship/train/2/2_230.wav,30.0,60.0,2,train,Oil tanker,deepship
2_230,3,/datasets/audio/deepship/train/2/2_230.wav,45.0,75.0,2,train,Oil tanker,deepship
2_230,4,/datasets/audio/deepship/train/2/2_230.wav,60.0,90.0,2,train,Oil tanker,deepship
2_230,5,/datasets/audio/deepship/train/2/2_230.wav,75.0,105.0,2,train,Oil tanker,deepship
2_230,6,/datasets/audio/deepship/train/2/2_230.wav,90.0,120.0,2,train,Oil tanker,deepship
2_230,7,/datasets/audio/deepship/train/2/2_230.wav,105.0,135.0,2,train,Oil tanker,deepship
2_230,8,/datasets/audio/deepship/train/2/2_230.wav,120.0,150.0,2,train,Oil tanker,deepship
2_230,9,/datasets/audio/deepship/train/2/2_230.wav,135.0,165.0,2,train,Oil tanker,deepship
2_230,10,/datasets/audio/deepship/train/2/2_230.wav,150.0,180.0,2,train,Oil tanker,deepship
2_230,11,/datasets/audio/deepship/train/2/2_230.wav,165.0,195.0,2,train,Oil tanker,deepship
2_230,12,/datasets/audio/deepship/train/2/2_230.wav,180.0,210.0,2,train,Oil tanker,deepship
2_230,13,/datasets/audio/deepship/train/2/2_230.wav,195.0,225.0,2,train,Oil tanker,deepship
2_230,14,/datasets/audio/deepship/train/2/2_230.wav,210.0,240.0,2,train,Oil tanker,deepship
2_230,15,/datasets/audio/deepship/train/2/2_230.wav,225.0,255.0,2,train,Oil tanker,deepship
2_230,16,/datasets/audio/deepship/train/2/2_230.wav,240.0,270.0,2,train,Oil tanker,deepship
2_230,17,/datasets/audio/deepship/train/2/2_230.wav,255.0,285.0,2,train,Oil tanker,deepship
2_230,18,/datasets/audio/deepship/train/2/2_230.wav,270.0,300.0,2,train,Oil tanker,deepship
2_230,19,/datasets/audio/deepship/train/2/2_230.wav,285.0,315.0,2,train,Oil tanker,deepship
2_230,20,/datasets/audio/deepship/train/2/2_230.wav,300.0,330.0,2,train,Oil tanker,deepship
2_230,21,/datasets/audio/deepship/train/2/2_230.wav,315.0,345.0,2,train,Oil tanker,deepship
2_230,22,/datasets/audio/deepship/train/2/2_230.wav,320.0,350.0,2,train,Oil tanker,deepship
2_231,0,/datasets/audio/deepship/train/2/2_231.wav,0.0,30.0,2,train,Oil tanker,deepship
2_231,1,/datasets/audio/deepship/train/2/2_231.wav,15.0,45.0,2,train,Oil tanker,deepship
2_231,2,/datasets/audio/deepship/train/2/2_231.wav,30.0,60.0,2,train,Oil tanker,deepship
2_231,3,/datasets/audio/deepship/train/2/2_231.wav,45.0,75.0,2,train,Oil tanker,deepship
2_231,4,/datasets/audio/deepship/train/2/2_231.wav,60.0,90.0,2,train,Oil tanker,deepship
2_231,5,/datasets/audio/deepship/train/2/2_231.wav,75.0,105.0,2,train,Oil tanker,deepship
2_231,6,/datasets/audio/deepship/train/2/2_231.wav,90.0,120.0,2,train,Oil tanker,deepship
2_231,7,/datasets/audio/deepship/train/2/2_231.wav,105.0,135.0,2,train,Oil tanker,deepship
2_231,8,/datasets/audio/deepship/train/2/2_231.wav,120.0,150.0,2,train,Oil tanker,deepship
2_231,9,/datasets/audio/deepship/train/2/2_231.wav,135.0,165.0,2,train,Oil tanker,deepship
2_231,10,/datasets/audio/deepship/train/2/2_231.wav,150.0,180.0,2,train,Oil tanker,deepship
2_231,11,/datasets/audio/deepship/train/2/2_231.wav,165.0,195.0,2,train,Oil tanker,deepship
2_231,12,/datasets/audio/deepship/train/2/2_231.wav,180.0,210.0,2,train,Oil tanker,deepship
2_231,13,/datasets/audio/deepship/train/2/2_231.wav,195.0,225.0,2,train,Oil tanker,deepship
2_231,14,/datasets/audio/deepship/train/2/2_231.wav,210.0,240.0,2,train,Oil tanker,deepship
2_231,15,/datasets/audio/deepship/train/2/2_231.wav,225.0,255.0,2,train,Oil tanker,deepship
2_231,16,/datasets/audio/deepship/train/2/2_231.wav,240.0,270.0,2,train,Oil tanker,deepship
2_231,17,/datasets/audio/deepship/train/2/2_231.wav,255.0,285.0,2,train,Oil tanker,deepship
2_231,18,/datasets/audio/deepship/train/2/2_231.wav,270.0,300.0,2,train,Oil tanker,deepship
2_231,19,/datasets/audio/deepship/train/2/2_231.wav,285.0,315.0,2,train,Oil tanker,deepship
2_231,20,/datasets/audio/deepship/train/2/2_231.wav,300.0,330.0,2,train,Oil tanker,deepship
2_231,21,/datasets/audio/deepship/train/2/2_231.wav,315.0,345.0,2,train,Oil tanker,deepship
2_231,22,/datasets/audio/deepship/train/2/2_231.wav,330.0,360.0,2,train,Oil tanker,deepship
2_231,23,/datasets/audio/deepship/train/2/2_231.wav,345.0,375.0,2,train,Oil tanker,deepship
2_231,24,/datasets/audio/deepship/train/2/2_231.wav,360.0,390.0,2,train,Oil tanker,deepship
2_231,25,/datasets/audio/deepship/train/2/2_231.wav,368.0,398.0,2,train,Oil tanker,deepship
2_232,0,/datasets/audio/deepship/train/2/2_232.wav,0.0,30.0,2,train,Oil tanker,deepship
2_234,0,/datasets/audio/deepship/train/2/2_234.wav,0.0,30.0,2,train,Oil tanker,deepship
2_235,0,/datasets/audio/deepship/train/2/2_235.wav,0.0,30.0,2,train,Oil tanker,deepship
2_235,1,/datasets/audio/deepship/train/2/2_235.wav,15.0,45.0,2,train,Oil tanker,deepship
2_235,2,/datasets/audio/deepship/train/2/2_235.wav,30.0,60.0,2,train,Oil tanker,deepship
2_235,3,/datasets/audio/deepship/train/2/2_235.wav,45.0,75.0,2,train,Oil tanker,deepship
2_235,4,/datasets/audio/deepship/train/2/2_235.wav,60.0,90.0,2,train,Oil tanker,deepship
2_235,5,/datasets/audio/deepship/train/2/2_235.wav,68.0,98.0,2,train,Oil tanker,deepship
2_236,0,/datasets/audio/deepship/train/2/2_236.wav,0.0,30.0,2,train,Oil tanker,deepship
2_237,0,/datasets/audio/deepship/train/2/2_237.wav,0.0,30.0,2,train,Oil tanker,deepship
2_237,1,/datasets/audio/deepship/train/2/2_237.wav,15.0,45.0,2,train,Oil tanker,deepship
2_237,2,/datasets/audio/deepship/train/2/2_237.wav,30.0,60.0,2,train,Oil tanker,deepship
2_237,3,/datasets/audio/deepship/train/2/2_237.wav,45.0,75.0,2,train,Oil tanker,deepship
2_237,4,/datasets/audio/deepship/train/2/2_237.wav,60.0,90.0,2,train,Oil tanker,deepship
2_237,5,/datasets/audio/deepship/train/2/2_237.wav,75.0,105.0,2,train,Oil tanker,deepship
2_237,6,/datasets/audio/deepship/train/2/2_237.wav,90.0,120.0,2,train,Oil tanker,deepship
2_237,7,/datasets/audio/deepship/train/2/2_237.wav,105.0,135.0,2,train,Oil tanker,deepship
2_237,8,/datasets/audio/deepship/train/2/2_237.wav,120.0,150.0,2,train,Oil tanker,deepship
2_237,9,/datasets/audio/deepship/train/2/2_237.wav,135.0,165.0,2,train,Oil tanker,deepship
2_237,10,/datasets/audio/deepship/train/2/2_237.wav,150.0,180.0,2,train,Oil tanker,deepship
2_237,11,/datasets/audio/deepship/train/2/2_237.wav,165.0,195.0,2,train,Oil tanker,deepship
2_237,12,/datasets/audio/deepship/train/2/2_237.wav,180.0,210.0,2,train,Oil tanker,deepship
2_237,13,/datasets/audio/deepship/train/2/2_237.wav,195.0,225.0,2,train,Oil tanker,deepship
2_237,14,/datasets/audio/deepship/train/2/2_237.wav,210.0,240.0,2,train,Oil tanker,deepship
2_237,15,/datasets/audio/deepship/train/2/2_237.wav,225.0,255.0,2,train,Oil tanker,deepship
2_237,16,/datasets/audio/deepship/train/2/2_237.wav,240.0,270.0,2,train,Oil tanker,deepship
2_237,17,/datasets/audio/deepship/train/2/2_237.wav,255.0,285.0,2,train,Oil tanker,deepship
2_237,18,/datasets/audio/deepship/train/2/2_237.wav,259.0,289.0,2,train,Oil tanker,deepship
2_238,0,/datasets/audio/deepship/train/2/2_238.wav,0.0,30.0,2,train,Oil tanker,deepship
2_238,1,/datasets/audio/deepship/train/2/2_238.wav,15.0,45.0,2,train,Oil tanker,deepship
2_238,2,/datasets/audio/deepship/train/2/2_238.wav,30.0,60.0,2,train,Oil tanker,deepship
2_238,3,/datasets/audio/deepship/train/2/2_238.wav,45.0,75.0,2,train,Oil tanker,deepship
2_238,4,/datasets/audio/deepship/train/2/2_238.wav,49.0,79.0,2,train,Oil tanker,deepship
2_239,0,/datasets/audio/deepship/train/2/2_239.wav,0.0,30.0,2,train,Oil tanker,deepship
2_239,1,/datasets/audio/deepship/train/2/2_239.wav,15.0,45.0,2,train,Oil tanker,deepship
2_239,2,/datasets/audio/deepship/train/2/2_239.wav,30.0,60.0,2,train,Oil tanker,deepship
2_239,3,/datasets/audio/deepship/train/2/2_239.wav,45.0,75.0,2,train,Oil tanker,deepship
2_239,4,/datasets/audio/deepship/train/2/2_239.wav,60.0,90.0,2,train,Oil tanker,deepship
2_239,5,/datasets/audio/deepship/train/2/2_239.wav,75.0,105.0,2,train,Oil tanker,deepship
2_239,6,/datasets/audio/deepship/train/2/2_239.wav,90.0,120.0,2,train,Oil tanker,deepship
2_239,7,/datasets/audio/deepship/train/2/2_239.wav,105.0,135.0,2,train,Oil tanker,deepship
2_239,8,/datasets/audio/deepship/train/2/2_239.wav,120.0,150.0,2,train,Oil tanker,deepship
2_239,9,/datasets/audio/deepship/train/2/2_239.wav,135.0,165.0,2,train,Oil tanker,deepship
2_239,10,/datasets/audio/deepship/train/2/2_239.wav,150.0,180.0,2,train,Oil tanker,deepship
2_239,11,/datasets/audio/deepship/train/2/2_239.wav,165.0,195.0,2,train,Oil tanker,deepship
2_239,12,/datasets/audio/deepship/train/2/2_239.wav,180.0,210.0,2,train,Oil tanker,deepship
2_239,13,/datasets/audio/deepship/train/2/2_239.wav,195.0,225.0,2,train,Oil tanker,deepship
2_239,14,/datasets/audio/deepship/train/2/2_239.wav,210.0,240.0,2,train,Oil tanker,deepship
2_239,15,/datasets/audio/deepship/train/2/2_239.wav,225.0,255.0,2,train,Oil tanker,deepship
2_239,16,/datasets/audio/deepship/train/2/2_239.wav,240.0,270.0,2,train,Oil tanker,deepship
2_239,17,/datasets/audio/deepship/train/2/2_239.wav,255.0,285.0,2,train,Oil tanker,deepship
2_239,18,/datasets/audio/deepship/train/2/2_239.wav,270.0,300.0,2,train,Oil tanker,deepship
2_239,19,/datasets/audio/deepship/train/2/2_239.wav,285.0,315.0,2,train,Oil tanker,deepship
2_239,20,/datasets/audio/deepship/train/2/2_239.wav,300.0,330.0,2,train,Oil tanker,deepship
2_239,21,/datasets/audio/deepship/train/2/2_239.wav,315.0,345.0,2,train,Oil tanker,deepship
2_239,22,/datasets/audio/deepship/train/2/2_239.wav,330.0,360.0,2,train,Oil tanker,deepship
2_239,23,/datasets/audio/deepship/train/2/2_239.wav,345.0,375.0,2,train,Oil tanker,deepship
2_239,24,/datasets/audio/deepship/train/2/2_239.wav,360.0,390.0,2,train,Oil tanker,deepship
2_239,25,/datasets/audio/deepship/train/2/2_239.wav,375.0,405.0,2,train,Oil tanker,deepship
2_239,26,/datasets/audio/deepship/train/2/2_239.wav,390.0,420.0,2,train,Oil tanker,deepship
2_239,27,/datasets/audio/deepship/train/2/2_239.wav,405.0,435.0,2,train,Oil tanker,deepship
2_239,28,/datasets/audio/deepship/train/2/2_239.wav,420.0,450.0,2,train,Oil tanker,deepship
2_239,29,/datasets/audio/deepship/train/2/2_239.wav,435.0,465.0,2,train,Oil tanker,deepship
2_239,30,/datasets/audio/deepship/train/2/2_239.wav,450.0,480.0,2,train,Oil tanker,deepship
2_239,31,/datasets/audio/deepship/train/2/2_239.wav,465.0,495.0,2,train,Oil tanker,deepship
2_239,32,/datasets/audio/deepship/train/2/2_239.wav,480.0,510.0,2,train,Oil tanker,deepship
2_239,33,/datasets/audio/deepship/train/2/2_239.wav,495.0,525.0,2,train,Oil tanker,deepship
2_239,34,/datasets/audio/deepship/train/2/2_239.wav,510.0,540.0,2,train,Oil tanker,deepship
2_239,35,/datasets/audio/deepship/train/2/2_239.wav,525.0,555.0,2,train,Oil tanker,deepship
2_239,36,/datasets/audio/deepship/train/2/2_239.wav,528.0,558.0,2,train,Oil tanker,deepship
2_24,0,/datasets/audio/deepship/train/2/2_24.wav,0.0,30.0,2,train,Oil tanker,deepship
2_240,0,/datasets/audio/deepship/train/2/2_240.wav,0.0,30.0,2,train,Oil tanker,deepship
2_26,0,/datasets/audio/deepship/train/2/2_26.wav,0.0,30.0,2,train,Oil tanker,deepship
2_26,1,/datasets/audio/deepship/train/2/2_26.wav,15.0,45.0,2,train,Oil tanker,deepship
2_26,2,/datasets/audio/deepship/train/2/2_26.wav,30.0,60.0,2,train,Oil tanker,deepship
2_26,3,/datasets/audio/deepship/train/2/2_26.wav,45.0,75.0,2,train,Oil tanker,deepship
2_26,4,/datasets/audio/deepship/train/2/2_26.wav,60.0,90.0,2,train,Oil tanker,deepship
2_26,5,/datasets/audio/deepship/train/2/2_26.wav,75.0,105.0,2,train,Oil tanker,deepship
2_26,6,/datasets/audio/deepship/train/2/2_26.wav,90.0,120.0,2,train,Oil tanker,deepship
2_26,7,/datasets/audio/deepship/train/2/2_26.wav,105.0,135.0,2,train,Oil tanker,deepship
2_26,8,/datasets/audio/deepship/train/2/2_26.wav,120.0,150.0,2,train,Oil tanker,deepship
2_26,9,/datasets/audio/deepship/train/2/2_26.wav,135.0,165.0,2,train,Oil tanker,deepship
2_26,10,/datasets/audio/deepship/train/2/2_26.wav,150.0,180.0,2,train,Oil tanker,deepship
2_26,11,/datasets/audio/deepship/train/2/2_26.wav,165.0,195.0,2,train,Oil tanker,deepship
2_26,12,/datasets/audio/deepship/train/2/2_26.wav,180.0,210.0,2,train,Oil tanker,deepship
2_26,13,/datasets/audio/deepship/train/2/2_26.wav,195.0,225.0,2,train,Oil tanker,deepship
2_26,14,/datasets/audio/deepship/train/2/2_26.wav,210.0,240.0,2,train,Oil tanker,deepship
2_26,15,/datasets/audio/deepship/train/2/2_26.wav,225.0,255.0,2,train,Oil tanker,deepship
2_26,16,/datasets/audio/deepship/train/2/2_26.wav,240.0,270.0,2,train,Oil tanker,deepship
2_26,17,/datasets/audio/deepship/train/2/2_26.wav,255.0,285.0,2,train,Oil tanker,deepship
2_26,18,/datasets/audio/deepship/train/2/2_26.wav,270.0,300.0,2,train,Oil tanker,deepship
2_26,19,/datasets/audio/deepship/train/2/2_26.wav,285.0,315.0,2,train,Oil tanker,deepship
2_26,20,/datasets/audio/deepship/train/2/2_26.wav,300.0,330.0,2,train,Oil tanker,deepship
2_26,21,/datasets/audio/deepship/train/2/2_26.wav,315.0,345.0,2,train,Oil tanker,deepship
2_26,22,/datasets/audio/deepship/train/2/2_26.wav,318.0,348.0,2,train,Oil tanker,deepship
2_27,0,/datasets/audio/deepship/train/2/2_27.wav,0.0,30.0,2,train,Oil tanker,deepship
2_27,1,/datasets/audio/deepship/train/2/2_27.wav,15.0,45.0,2,train,Oil tanker,deepship
2_27,2,/datasets/audio/deepship/train/2/2_27.wav,30.0,60.0,2,train,Oil tanker,deepship
2_27,3,/datasets/audio/deepship/train/2/2_27.wav,45.0,75.0,2,train,Oil tanker,deepship
2_27,4,/datasets/audio/deepship/train/2/2_27.wav,60.0,90.0,2,train,Oil tanker,deepship
2_27,5,/datasets/audio/deepship/train/2/2_27.wav,75.0,105.0,2,train,Oil tanker,deepship
2_27,6,/datasets/audio/deepship/train/2/2_27.wav,90.0,120.0,2,train,Oil tanker,deepship
2_27,7,/datasets/audio/deepship/train/2/2_27.wav,105.0,135.0,2,train,Oil tanker,deepship
2_27,8,/datasets/audio/deepship/train/2/2_27.wav,120.0,150.0,2,train,Oil tanker,deepship
2_27,9,/datasets/audio/deepship/train/2/2_27.wav,135.0,165.0,2,train,Oil tanker,deepship
2_27,10,/datasets/audio/deepship/train/2/2_27.wav,150.0,180.0,2,train,Oil tanker,deepship
2_27,11,/datasets/audio/deepship/train/2/2_27.wav,165.0,195.0,2,train,Oil tanker,deepship
2_27,12,/datasets/audio/deepship/train/2/2_27.wav,180.0,210.0,2,train,Oil tanker,deepship
2_27,13,/datasets/audio/deepship/train/2/2_27.wav,195.0,225.0,2,train,Oil tanker,deepship
2_27,14,/datasets/audio/deepship/train/2/2_27.wav,210.0,240.0,2,train,Oil tanker,deepship
2_27,15,/datasets/audio/deepship/train/2/2_27.wav,225.0,255.0,2,train,Oil tanker,deepship
2_27,16,/datasets/audio/deepship/train/2/2_27.wav,240.0,270.0,2,train,Oil tanker,deepship
2_27,17,/datasets/audio/deepship/train/2/2_27.wav,255.0,285.0,2,train,Oil tanker,deepship
2_27,18,/datasets/audio/deepship/train/2/2_27.wav,270.0,300.0,2,train,Oil tanker,deepship
2_27,19,/datasets/audio/deepship/train/2/2_27.wav,285.0,315.0,2,train,Oil tanker,deepship
2_27,20,/datasets/audio/deepship/train/2/2_27.wav,300.0,330.0,2,train,Oil tanker,deepship
2_27,21,/datasets/audio/deepship/train/2/2_27.wav,315.0,345.0,2,train,Oil tanker,deepship
2_27,22,/datasets/audio/deepship/train/2/2_27.wav,324.0,354.0,2,train,Oil tanker,deepship
2_29,0,/datasets/audio/deepship/train/2/2_29.wav,0.0,30.0,2,train,Oil tanker,deepship
2_29,1,/datasets/audio/deepship/train/2/2_29.wav,15.0,45.0,2,train,Oil tanker,deepship
2_29,2,/datasets/audio/deepship/train/2/2_29.wav,30.0,60.0,2,train,Oil tanker,deepship
2_29,3,/datasets/audio/deepship/train/2/2_29.wav,45.0,75.0,2,train,Oil tanker,deepship
2_29,4,/datasets/audio/deepship/train/2/2_29.wav,60.0,90.0,2,train,Oil tanker,deepship
2_29,5,/datasets/audio/deepship/train/2/2_29.wav,75.0,105.0,2,train,Oil tanker,deepship
2_29,6,/datasets/audio/deepship/train/2/2_29.wav,79.0,109.0,2,train,Oil tanker,deepship
2_31,0,/datasets/audio/deepship/train/2/2_31.wav,0.0,30.0,2,train,Oil tanker,deepship
2_31,1,/datasets/audio/deepship/train/2/2_31.wav,15.0,45.0,2,train,Oil tanker,deepship
2_31,2,/datasets/audio/deepship/train/2/2_31.wav,30.0,60.0,2,train,Oil tanker,deepship
2_31,3,/datasets/audio/deepship/train/2/2_31.wav,45.0,75.0,2,train,Oil tanker,deepship
2_31,4,/datasets/audio/deepship/train/2/2_31.wav,60.0,90.0,2,train,Oil tanker,deepship
2_31,5,/datasets/audio/deepship/train/2/2_31.wav,75.0,105.0,2,train,Oil tanker,deepship
2_31,6,/datasets/audio/deepship/train/2/2_31.wav,90.0,120.0,2,train,Oil tanker,deepship
2_31,7,/datasets/audio/deepship/train/2/2_31.wav,105.0,135.0,2,train,Oil tanker,deepship
2_31,8,/datasets/audio/deepship/train/2/2_31.wav,120.0,150.0,2,train,Oil tanker,deepship
2_31,9,/datasets/audio/deepship/train/2/2_31.wav,135.0,165.0,2,train,Oil tanker,deepship
2_31,10,/datasets/audio/deepship/train/2/2_31.wav,150.0,180.0,2,train,Oil tanker,deepship
2_31,11,/datasets/audio/deepship/train/2/2_31.wav,165.0,195.0,2,train,Oil tanker,deepship
2_31,12,/datasets/audio/deepship/train/2/2_31.wav,180.0,210.0,2,train,Oil tanker,deepship
2_31,13,/datasets/audio/deepship/train/2/2_31.wav,195.0,225.0,2,train,Oil tanker,deepship
2_31,14,/datasets/audio/deepship/train/2/2_31.wav,210.0,240.0,2,train,Oil tanker,deepship
2_31,15,/datasets/audio/deepship/train/2/2_31.wav,225.0,255.0,2,train,Oil tanker,deepship
2_31,16,/datasets/audio/deepship/train/2/2_31.wav,240.0,270.0,2,train,Oil tanker,deepship
2_31,17,/datasets/audio/deepship/train/2/2_31.wav,255.0,285.0,2,train,Oil tanker,deepship
2_31,18,/datasets/audio/deepship/train/2/2_31.wav,270.0,300.0,2,train,Oil tanker,deepship
2_31,19,/datasets/audio/deepship/train/2/2_31.wav,276.0,306.0,2,train,Oil tanker,deepship
2_32,0,/datasets/audio/deepship/train/2/2_32.wav,0.0,30.0,2,train,Oil tanker,deepship
2_32,1,/datasets/audio/deepship/train/2/2_32.wav,8.0,38.0,2,train,Oil tanker,deepship
2_33,0,/datasets/audio/deepship/train/2/2_33.wav,0.0,30.0,2,train,Oil tanker,deepship
2_34,0,/datasets/audio/deepship/train/2/2_34.wav,0.0,30.0,2,train,Oil tanker,deepship
2_34,1,/datasets/audio/deepship/train/2/2_34.wav,15.0,45.0,2,train,Oil tanker,deepship
2_34,2,/datasets/audio/deepship/train/2/2_34.wav,30.0,60.0,2,train,Oil tanker,deepship
2_34,3,/datasets/audio/deepship/train/2/2_34.wav,45.0,75.0,2,train,Oil tanker,deepship
2_34,4,/datasets/audio/deepship/train/2/2_34.wav,60.0,90.0,2,train,Oil tanker,deepship
2_34,5,/datasets/audio/deepship/train/2/2_34.wav,75.0,105.0,2,train,Oil tanker,deepship
2_34,6,/datasets/audio/deepship/train/2/2_34.wav,90.0,120.0,2,train,Oil tanker,deepship
2_34,7,/datasets/audio/deepship/train/2/2_34.wav,105.0,135.0,2,train,Oil tanker,deepship
2_34,8,/datasets/audio/deepship/train/2/2_34.wav,120.0,150.0,2,train,Oil tanker,deepship
2_34,9,/datasets/audio/deepship/train/2/2_34.wav,135.0,165.0,2,train,Oil tanker,deepship
2_34,10,/datasets/audio/deepship/train/2/2_34.wav,150.0,180.0,2,train,Oil tanker,deepship
2_34,11,/datasets/audio/deepship/train/2/2_34.wav,165.0,195.0,2,train,Oil tanker,deepship
2_34,12,/datasets/audio/deepship/train/2/2_34.wav,180.0,210.0,2,train,Oil tanker,deepship
2_34,13,/datasets/audio/deepship/train/2/2_34.wav,195.0,225.0,2,train,Oil tanker,deepship
2_34,14,/datasets/audio/deepship/train/2/2_34.wav,210.0,240.0,2,train,Oil tanker,deepship
2_34,15,/datasets/audio/deepship/train/2/2_34.wav,225.0,255.0,2,train,Oil tanker,deepship
2_34,16,/datasets/audio/deepship/train/2/2_34.wav,228.0,258.0,2,train,Oil tanker,deepship
2_36,0,/datasets/audio/deepship/train/2/2_36.wav,0.0,30.0,2,train,Oil tanker,deepship
2_36,1,/datasets/audio/deepship/train/2/2_36.wav,15.0,45.0,2,train,Oil tanker,deepship
2_36,2,/datasets/audio/deepship/train/2/2_36.wav,30.0,60.0,2,train,Oil tanker,deepship
2_36,3,/datasets/audio/deepship/train/2/2_36.wav,45.0,75.0,2,train,Oil tanker,deepship
2_36,4,/datasets/audio/deepship/train/2/2_36.wav,60.0,90.0,2,train,Oil tanker,deepship
2_36,5,/datasets/audio/deepship/train/2/2_36.wav,75.0,105.0,2,train,Oil tanker,deepship
2_36,6,/datasets/audio/deepship/train/2/2_36.wav,90.0,120.0,2,train,Oil tanker,deepship
2_36,7,/datasets/audio/deepship/train/2/2_36.wav,105.0,135.0,2,train,Oil tanker,deepship
2_36,8,/datasets/audio/deepship/train/2/2_36.wav,120.0,150.0,2,train,Oil tanker,deepship
2_36,9,/datasets/audio/deepship/train/2/2_36.wav,135.0,165.0,2,train,Oil tanker,deepship
2_36,10,/datasets/audio/deepship/train/2/2_36.wav,150.0,180.0,2,train,Oil tanker,deepship
2_36,11,/datasets/audio/deepship/train/2/2_36.wav,165.0,195.0,2,train,Oil tanker,deepship
2_36,12,/datasets/audio/deepship/train/2/2_36.wav,180.0,210.0,2,train,Oil tanker,deepship
2_36,13,/datasets/audio/deepship/train/2/2_36.wav,195.0,225.0,2,train,Oil tanker,deepship
2_36,14,/datasets/audio/deepship/train/2/2_36.wav,210.0,240.0,2,train,Oil tanker,deepship
2_36,15,/datasets/audio/deepship/train/2/2_36.wav,225.0,255.0,2,train,Oil tanker,deepship
2_36,16,/datasets/audio/deepship/train/2/2_36.wav,240.0,270.0,2,train,Oil tanker,deepship
2_36,17,/datasets/audio/deepship/train/2/2_36.wav,255.0,285.0,2,train,Oil tanker,deepship
2_36,18,/datasets/audio/deepship/train/2/2_36.wav,270.0,300.0,2,train,Oil tanker,deepship
2_36,19,/datasets/audio/deepship/train/2/2_36.wav,285.0,315.0,2,train,Oil tanker,deepship
2_36,20,/datasets/audio/deepship/train/2/2_36.wav,300.0,330.0,2,train,Oil tanker,deepship
2_36,21,/datasets/audio/deepship/train/2/2_36.wav,315.0,345.0,2,train,Oil tanker,deepship
2_36,22,/datasets/audio/deepship/train/2/2_36.wav,330.0,360.0,2,train,Oil tanker,deepship
2_36,23,/datasets/audio/deepship/train/2/2_36.wav,345.0,375.0,2,train,Oil tanker,deepship
2_36,24,/datasets/audio/deepship/train/2/2_36.wav,360.0,390.0,2,train,Oil tanker,deepship
2_36,25,/datasets/audio/deepship/train/2/2_36.wav,375.0,405.0,2,train,Oil tanker,deepship
2_36,26,/datasets/audio/deepship/train/2/2_36.wav,390.0,420.0,2,train,Oil tanker,deepship
2_36,27,/datasets/audio/deepship/train/2/2_36.wav,405.0,435.0,2,train,Oil tanker,deepship
2_36,28,/datasets/audio/deepship/train/2/2_36.wav,420.0,450.0,2,train,Oil tanker,deepship
2_36,29,/datasets/audio/deepship/train/2/2_36.wav,435.0,465.0,2,train,Oil tanker,deepship
2_38,0,/datasets/audio/deepship/train/2/2_38.wav,0.0,30.0,2,train,Oil tanker,deepship
2_38,1,/datasets/audio/deepship/train/2/2_38.wav,15.0,45.0,2,train,Oil tanker,deepship
2_38,2,/datasets/audio/deepship/train/2/2_38.wav,30.0,60.0,2,train,Oil tanker,deepship
2_38,3,/datasets/audio/deepship/train/2/2_38.wav,45.0,75.0,2,train,Oil tanker,deepship
2_38,4,/datasets/audio/deepship/train/2/2_38.wav,60.0,90.0,2,train,Oil tanker,deepship
2_38,5,/datasets/audio/deepship/train/2/2_38.wav,75.0,105.0,2,train,Oil tanker,deepship
2_38,6,/datasets/audio/deepship/train/2/2_38.wav,90.0,120.0,2,train,Oil tanker,deepship
2_38,7,/datasets/audio/deepship/train/2/2_38.wav,105.0,135.0,2,train,Oil tanker,deepship
2_38,8,/datasets/audio/deepship/train/2/2_38.wav,120.0,150.0,2,train,Oil tanker,deepship
2_38,9,/datasets/audio/deepship/train/2/2_38.wav,135.0,165.0,2,train,Oil tanker,deepship
2_38,10,/datasets/audio/deepship/train/2/2_38.wav,144.0,174.0,2,train,Oil tanker,deepship
2_39,0,/datasets/audio/deepship/train/2/2_39.wav,0.0,30.0,2,train,Oil tanker,deepship
2_39,1,/datasets/audio/deepship/train/2/2_39.wav,15.0,45.0,2,train,Oil tanker,deepship
2_39,2,/datasets/audio/deepship/train/2/2_39.wav,30.0,60.0,2,train,Oil tanker,deepship
2_39,3,/datasets/audio/deepship/train/2/2_39.wav,45.0,75.0,2,train,Oil tanker,deepship
2_39,4,/datasets/audio/deepship/train/2/2_39.wav,60.0,90.0,2,train,Oil tanker,deepship
2_39,5,/datasets/audio/deepship/train/2/2_39.wav,75.0,105.0,2,train,Oil tanker,deepship
2_39,6,/datasets/audio/deepship/train/2/2_39.wav,90.0,120.0,2,train,Oil tanker,deepship
2_39,7,/datasets/audio/deepship/train/2/2_39.wav,99.0,129.0,2,train,Oil tanker,deepship
2_40,0,/datasets/audio/deepship/train/2/2_40.wav,0.0,30.0,2,train,Oil tanker,deepship
2_40,1,/datasets/audio/deepship/train/2/2_40.wav,15.0,45.0,2,train,Oil tanker,deepship
2_40,2,/datasets/audio/deepship/train/2/2_40.wav,30.0,60.0,2,train,Oil tanker,deepship
2_40,3,/datasets/audio/deepship/train/2/2_40.wav,45.0,75.0,2,train,Oil tanker,deepship
2_40,4,/datasets/audio/deepship/train/2/2_40.wav,60.0,90.0,2,train,Oil tanker,deepship
2_40,5,/datasets/audio/deepship/train/2/2_40.wav,75.0,105.0,2,train,Oil tanker,deepship
2_40,6,/datasets/audio/deepship/train/2/2_40.wav,90.0,120.0,2,train,Oil tanker,deepship
2_40,7,/datasets/audio/deepship/train/2/2_40.wav,105.0,135.0,2,train,Oil tanker,deepship
2_40,8,/datasets/audio/deepship/train/2/2_40.wav,120.0,150.0,2,train,Oil tanker,deepship
2_40,9,/datasets/audio/deepship/train/2/2_40.wav,135.0,165.0,2,train,Oil tanker,deepship
2_40,10,/datasets/audio/deepship/train/2/2_40.wav,150.0,180.0,2,train,Oil tanker,deepship
2_40,11,/datasets/audio/deepship/train/2/2_40.wav,165.0,195.0,2,train,Oil tanker,deepship
2_40,12,/datasets/audio/deepship/train/2/2_40.wav,180.0,210.0,2,train,Oil tanker,deepship
2_40,13,/datasets/audio/deepship/train/2/2_40.wav,195.0,225.0,2,train,Oil tanker,deepship
2_40,14,/datasets/audio/deepship/train/2/2_40.wav,210.0,240.0,2,train,Oil tanker,deepship
2_41,0,/datasets/audio/deepship/train/2/2_41.wav,0.0,30.0,2,train,Oil tanker,deepship
2_41,1,/datasets/audio/deepship/train/2/2_41.wav,14.0,44.0,2,train,Oil tanker,deepship
2_42,0,/datasets/audio/deepship/train/2/2_42.wav,0.0,30.0,2,train,Oil tanker,deepship
2_42,1,/datasets/audio/deepship/train/2/2_42.wav,15.0,45.0,2,train,Oil tanker,deepship
2_42,2,/datasets/audio/deepship/train/2/2_42.wav,30.0,60.0,2,train,Oil tanker,deepship
2_42,3,/datasets/audio/deepship/train/2/2_42.wav,40.0,70.0,2,train,Oil tanker,deepship
2_43,0,/datasets/audio/deepship/train/2/2_43.wav,0.0,30.0,2,train,Oil tanker,deepship
2_44,0,/datasets/audio/deepship/train/2/2_44.wav,0.0,30.0,2,train,Oil tanker,deepship
2_44,1,/datasets/audio/deepship/train/2/2_44.wav,15.0,45.0,2,train,Oil tanker,deepship
2_44,2,/datasets/audio/deepship/train/2/2_44.wav,30.0,60.0,2,train,Oil tanker,deepship
2_44,3,/datasets/audio/deepship/train/2/2_44.wav,45.0,75.0,2,train,Oil tanker,deepship
2_44,4,/datasets/audio/deepship/train/2/2_44.wav,60.0,90.0,2,train,Oil tanker,deepship
2_44,5,/datasets/audio/deepship/train/2/2_44.wav,75.0,105.0,2,train,Oil tanker,deepship
2_44,6,/datasets/audio/deepship/train/2/2_44.wav,90.0,120.0,2,train,Oil tanker,deepship
2_44,7,/datasets/audio/deepship/train/2/2_44.wav,105.0,135.0,2,train,Oil tanker,deepship
2_44,8,/datasets/audio/deepship/train/2/2_44.wav,120.0,150.0,2,train,Oil tanker,deepship
2_44,9,/datasets/audio/deepship/train/2/2_44.wav,135.0,165.0,2,train,Oil tanker,deepship
2_44,10,/datasets/audio/deepship/train/2/2_44.wav,150.0,180.0,2,train,Oil tanker,deepship
2_44,11,/datasets/audio/deepship/train/2/2_44.wav,165.0,195.0,2,train,Oil tanker,deepship
2_44,12,/datasets/audio/deepship/train/2/2_44.wav,178.0,208.0,2,train,Oil tanker,deepship
2_45,0,/datasets/audio/deepship/train/2/2_45.wav,0.0,30.0,2,train,Oil tanker,deepship
2_45,1,/datasets/audio/deepship/train/2/2_45.wav,15.0,45.0,2,train,Oil tanker,deepship
2_45,2,/datasets/audio/deepship/train/2/2_45.wav,30.0,60.0,2,train,Oil tanker,deepship
2_45,3,/datasets/audio/deepship/train/2/2_45.wav,45.0,75.0,2,train,Oil tanker,deepship
2_45,4,/datasets/audio/deepship/train/2/2_45.wav,60.0,90.0,2,train,Oil tanker,deepship
2_45,5,/datasets/audio/deepship/train/2/2_45.wav,75.0,105.0,2,train,Oil tanker,deepship
2_45,6,/datasets/audio/deepship/train/2/2_45.wav,90.0,120.0,2,train,Oil tanker,deepship
2_45,7,/datasets/audio/deepship/train/2/2_45.wav,105.0,135.0,2,train,Oil tanker,deepship
2_45,8,/datasets/audio/deepship/train/2/2_45.wav,120.0,150.0,2,train,Oil tanker,deepship
2_45,9,/datasets/audio/deepship/train/2/2_45.wav,135.0,165.0,2,train,Oil tanker,deepship
2_45,10,/datasets/audio/deepship/train/2/2_45.wav,150.0,180.0,2,train,Oil tanker,deepship
2_45,11,/datasets/audio/deepship/train/2/2_45.wav,165.0,195.0,2,train,Oil tanker,deepship
2_45,12,/datasets/audio/deepship/train/2/2_45.wav,180.0,210.0,2,train,Oil tanker,deepship
2_45,13,/datasets/audio/deepship/train/2/2_45.wav,195.0,225.0,2,train,Oil tanker,deepship
2_45,14,/datasets/audio/deepship/train/2/2_45.wav,210.0,240.0,2,train,Oil tanker,deepship
2_45,15,/datasets/audio/deepship/train/2/2_45.wav,216.0,246.0,2,train,Oil tanker,deepship
2_47,0,/datasets/audio/deepship/train/2/2_47.wav,0.0,30.0,2,train,Oil tanker,deepship
2_48,0,/datasets/audio/deepship/train/2/2_48.wav,0.0,30.0,2,train,Oil tanker,deepship
2_48,1,/datasets/audio/deepship/train/2/2_48.wav,7.0,37.0,2,train,Oil tanker,deepship
2_49,0,/datasets/audio/deepship/train/2/2_49.wav,0.0,30.0,2,train,Oil tanker,deepship
2_49,1,/datasets/audio/deepship/train/2/2_49.wav,8.0,38.0,2,train,Oil tanker,deepship
2_5,0,/datasets/audio/deepship/train/2/2_5.wav,0.0,30.0,2,train,Oil tanker,deepship
2_5,1,/datasets/audio/deepship/train/2/2_5.wav,15.0,45.0,2,train,Oil tanker,deepship
2_5,2,/datasets/audio/deepship/train/2/2_5.wav,17.0,47.0,2,train,Oil tanker,deepship
2_50,0,/datasets/audio/deepship/train/2/2_50.wav,0.0,30.0,2,train,Oil tanker,deepship
2_51,0,/datasets/audio/deepship/train/2/2_51.wav,0.0,30.0,2,train,Oil tanker,deepship
2_51,1,/datasets/audio/deepship/train/2/2_51.wav,15.0,45.0,2,train,Oil tanker,deepship
2_51,2,/datasets/audio/deepship/train/2/2_51.wav,30.0,60.0,2,train,Oil tanker,deepship
2_51,3,/datasets/audio/deepship/train/2/2_51.wav,45.0,75.0,2,train,Oil tanker,deepship
2_51,4,/datasets/audio/deepship/train/2/2_51.wav,60.0,90.0,2,train,Oil tanker,deepship
2_51,5,/datasets/audio/deepship/train/2/2_51.wav,75.0,105.0,2,train,Oil tanker,deepship
2_51,6,/datasets/audio/deepship/train/2/2_51.wav,90.0,120.0,2,train,Oil tanker,deepship
2_51,7,/datasets/audio/deepship/train/2/2_51.wav,105.0,135.0,2,train,Oil tanker,deepship
2_51,8,/datasets/audio/deepship/train/2/2_51.wav,120.0,150.0,2,train,Oil tanker,deepship
2_51,9,/datasets/audio/deepship/train/2/2_51.wav,130.0,160.0,2,train,Oil tanker,deepship
2_52,0,/datasets/audio/deepship/train/2/2_52.wav,0.0,30.0,2,train,Oil tanker,deepship
2_52,1,/datasets/audio/deepship/train/2/2_52.wav,12.0,42.0,2,train,Oil tanker,deepship
2_53,0,/datasets/audio/deepship/train/2/2_53.wav,0.0,30.0,2,train,Oil tanker,deepship
2_53,1,/datasets/audio/deepship/train/2/2_53.wav,4.0,34.0,2,train,Oil tanker,deepship
2_54,0,/datasets/audio/deepship/train/2/2_54.wav,0.0,30.0,2,train,Oil tanker,deepship
2_54,1,/datasets/audio/deepship/train/2/2_54.wav,15.0,45.0,2,train,Oil tanker,deepship
2_54,2,/datasets/audio/deepship/train/2/2_54.wav,30.0,60.0,2,train,Oil tanker,deepship
2_54,3,/datasets/audio/deepship/train/2/2_54.wav,32.0,62.0,2,train,Oil tanker,deepship
2_55,0,/datasets/audio/deepship/train/2/2_55.wav,0.0,30.0,2,train,Oil tanker,deepship
2_55,1,/datasets/audio/deepship/train/2/2_55.wav,15.0,45.0,2,train,Oil tanker,deepship
2_55,2,/datasets/audio/deepship/train/2/2_55.wav,30.0,60.0,2,train,Oil tanker,deepship
2_55,3,/datasets/audio/deepship/train/2/2_55.wav,38.0,68.0,2,train,Oil tanker,deepship
2_56,0,/datasets/audio/deepship/train/2/2_56.wav,0.0,30.0,2,train,Oil tanker,deepship
2_56,1,/datasets/audio/deepship/train/2/2_56.wav,15.0,45.0,2,train,Oil tanker,deepship
2_56,2,/datasets/audio/deepship/train/2/2_56.wav,30.0,60.0,2,train,Oil tanker,deepship
2_56,3,/datasets/audio/deepship/train/2/2_56.wav,45.0,75.0,2,train,Oil tanker,deepship
2_56,4,/datasets/audio/deepship/train/2/2_56.wav,55.0,85.0,2,train,Oil tanker,deepship
2_57,0,/datasets/audio/deepship/train/2/2_57.wav,0.0,30.0,2,train,Oil tanker,deepship
2_59,0,/datasets/audio/deepship/train/2/2_59.wav,0.0,30.0,2,train,Oil tanker,deepship
2_59,1,/datasets/audio/deepship/train/2/2_59.wav,15.0,45.0,2,train,Oil tanker,deepship
2_59,2,/datasets/audio/deepship/train/2/2_59.wav,30.0,60.0,2,train,Oil tanker,deepship
2_6,0,/datasets/audio/deepship/train/2/2_6.wav,0.0,30.0,2,train,Oil tanker,deepship
2_6,1,/datasets/audio/deepship/train/2/2_6.wav,15.0,45.0,2,train,Oil tanker,deepship
2_6,2,/datasets/audio/deepship/train/2/2_6.wav,30.0,60.0,2,train,Oil tanker,deepship
2_6,3,/datasets/audio/deepship/train/2/2_6.wav,45.0,75.0,2,train,Oil tanker,deepship
2_6,4,/datasets/audio/deepship/train/2/2_6.wav,60.0,90.0,2,train,Oil tanker,deepship
2_6,5,/datasets/audio/deepship/train/2/2_6.wav,75.0,105.0,2,train,Oil tanker,deepship
2_6,6,/datasets/audio/deepship/train/2/2_6.wav,90.0,120.0,2,train,Oil tanker,deepship
2_6,7,/datasets/audio/deepship/train/2/2_6.wav,105.0,135.0,2,train,Oil tanker,deepship
2_6,8,/datasets/audio/deepship/train/2/2_6.wav,120.0,150.0,2,train,Oil tanker,deepship
2_6,9,/datasets/audio/deepship/train/2/2_6.wav,135.0,165.0,2,train,Oil tanker,deepship
2_6,10,/datasets/audio/deepship/train/2/2_6.wav,142.0,172.0,2,train,Oil tanker,deepship
2_60,0,/datasets/audio/deepship/train/2/2_60.wav,0.0,30.0,2,train,Oil tanker,deepship
2_61,0,/datasets/audio/deepship/train/2/2_61.wav,0.0,30.0,2,train,Oil tanker,deepship
2_63,0,/datasets/audio/deepship/train/2/2_63.wav,0.0,30.0,2,train,Oil tanker,deepship
2_63,1,/datasets/audio/deepship/train/2/2_63.wav,15.0,45.0,2,train,Oil tanker,deepship
2_63,2,/datasets/audio/deepship/train/2/2_63.wav,30.0,60.0,2,train,Oil tanker,deepship
2_63,3,/datasets/audio/deepship/train/2/2_63.wav,45.0,75.0,2,train,Oil tanker,deepship
2_63,4,/datasets/audio/deepship/train/2/2_63.wav,60.0,90.0,2,train,Oil tanker,deepship
2_63,5,/datasets/audio/deepship/train/2/2_63.wav,75.0,105.0,2,train,Oil tanker,deepship
2_63,6,/datasets/audio/deepship/train/2/2_63.wav,90.0,120.0,2,train,Oil tanker,deepship
2_63,7,/datasets/audio/deepship/train/2/2_63.wav,105.0,135.0,2,train,Oil tanker,deepship
2_63,8,/datasets/audio/deepship/train/2/2_63.wav,120.0,150.0,2,train,Oil tanker,deepship
2_63,9,/datasets/audio/deepship/train/2/2_63.wav,135.0,165.0,2,train,Oil tanker,deepship
2_63,10,/datasets/audio/deepship/train/2/2_63.wav,150.0,180.0,2,train,Oil tanker,deepship
2_63,11,/datasets/audio/deepship/train/2/2_63.wav,165.0,195.0,2,train,Oil tanker,deepship
2_63,12,/datasets/audio/deepship/train/2/2_63.wav,180.0,210.0,2,train,Oil tanker,deepship
2_63,13,/datasets/audio/deepship/train/2/2_63.wav,195.0,225.0,2,train,Oil tanker,deepship
2_63,14,/datasets/audio/deepship/train/2/2_63.wav,210.0,240.0,2,train,Oil tanker,deepship
2_63,15,/datasets/audio/deepship/train/2/2_63.wav,225.0,255.0,2,train,Oil tanker,deepship
2_63,16,/datasets/audio/deepship/train/2/2_63.wav,240.0,270.0,2,train,Oil tanker,deepship
2_63,17,/datasets/audio/deepship/train/2/2_63.wav,255.0,285.0,2,train,Oil tanker,deepship
2_63,18,/datasets/audio/deepship/train/2/2_63.wav,270.0,300.0,2,train,Oil tanker,deepship
2_63,19,/datasets/audio/deepship/train/2/2_63.wav,285.0,315.0,2,train,Oil tanker,deepship
2_63,20,/datasets/audio/deepship/train/2/2_63.wav,300.0,330.0,2,train,Oil tanker,deepship
2_63,21,/datasets/audio/deepship/train/2/2_63.wav,315.0,345.0,2,train,Oil tanker,deepship
2_63,22,/datasets/audio/deepship/train/2/2_63.wav,330.0,360.0,2,train,Oil tanker,deepship
2_63,23,/datasets/audio/deepship/train/2/2_63.wav,333.0,363.0,2,train,Oil tanker,deepship
2_64,0,/datasets/audio/deepship/train/2/2_64.wav,0.0,30.0,2,train,Oil tanker,deepship
2_65,0,/datasets/audio/deepship/train/2/2_65.wav,0.0,30.0,2,train,Oil tanker,deepship
2_65,1,/datasets/audio/deepship/train/2/2_65.wav,15.0,45.0,2,train,Oil tanker,deepship
2_65,2,/datasets/audio/deepship/train/2/2_65.wav,30.0,60.0,2,train,Oil tanker,deepship
2_65,3,/datasets/audio/deepship/train/2/2_65.wav,45.0,75.0,2,train,Oil tanker,deepship
2_65,4,/datasets/audio/deepship/train/2/2_65.wav,60.0,90.0,2,train,Oil tanker,deepship
2_65,5,/datasets/audio/deepship/train/2/2_65.wav,75.0,105.0,2,train,Oil tanker,deepship
2_65,6,/datasets/audio/deepship/train/2/2_65.wav,90.0,120.0,2,train,Oil tanker,deepship
2_65,7,/datasets/audio/deepship/train/2/2_65.wav,105.0,135.0,2,train,Oil tanker,deepship
2_65,8,/datasets/audio/deepship/train/2/2_65.wav,120.0,150.0,2,train,Oil tanker,deepship
2_65,9,/datasets/audio/deepship/train/2/2_65.wav,135.0,165.0,2,train,Oil tanker,deepship
2_65,10,/datasets/audio/deepship/train/2/2_65.wav,150.0,180.0,2,train,Oil tanker,deepship
2_65,11,/datasets/audio/deepship/train/2/2_65.wav,165.0,195.0,2,train,Oil tanker,deepship
2_65,12,/datasets/audio/deepship/train/2/2_65.wav,180.0,210.0,2,train,Oil tanker,deepship
2_65,13,/datasets/audio/deepship/train/2/2_65.wav,195.0,225.0,2,train,Oil tanker,deepship
2_65,14,/datasets/audio/deepship/train/2/2_65.wav,210.0,240.0,2,train,Oil tanker,deepship
2_65,15,/datasets/audio/deepship/train/2/2_65.wav,225.0,255.0,2,train,Oil tanker,deepship
2_65,16,/datasets/audio/deepship/train/2/2_65.wav,240.0,270.0,2,train,Oil tanker,deepship
2_65,17,/datasets/audio/deepship/train/2/2_65.wav,255.0,285.0,2,train,Oil tanker,deepship
2_65,18,/datasets/audio/deepship/train/2/2_65.wav,270.0,300.0,2,train,Oil tanker,deepship
2_65,19,/datasets/audio/deepship/train/2/2_65.wav,285.0,315.0,2,train,Oil tanker,deepship
2_65,20,/datasets/audio/deepship/train/2/2_65.wav,300.0,330.0,2,train,Oil tanker,deepship
2_65,21,/datasets/audio/deepship/train/2/2_65.wav,315.0,345.0,2,train,Oil tanker,deepship
2_65,22,/datasets/audio/deepship/train/2/2_65.wav,330.0,360.0,2,train,Oil tanker,deepship
2_65,23,/datasets/audio/deepship/train/2/2_65.wav,345.0,375.0,2,train,Oil tanker,deepship
2_65,24,/datasets/audio/deepship/train/2/2_65.wav,360.0,390.0,2,train,Oil tanker,deepship
2_65,25,/datasets/audio/deepship/train/2/2_65.wav,375.0,405.0,2,train,Oil tanker,deepship
2_65,26,/datasets/audio/deepship/train/2/2_65.wav,390.0,420.0,2,train,Oil tanker,deepship
2_65,27,/datasets/audio/deepship/train/2/2_65.wav,405.0,435.0,2,train,Oil tanker,deepship
2_65,28,/datasets/audio/deepship/train/2/2_65.wav,420.0,450.0,2,train,Oil tanker,deepship
2_65,29,/datasets/audio/deepship/train/2/2_65.wav,435.0,465.0,2,train,Oil tanker,deepship
2_65,30,/datasets/audio/deepship/train/2/2_65.wav,450.0,480.0,2,train,Oil tanker,deepship
2_65,31,/datasets/audio/deepship/train/2/2_65.wav,463.0,493.0,2,train,Oil tanker,deepship
2_66,0,/datasets/audio/deepship/train/2/2_66.wav,0.0,30.0,2,train,Oil tanker,deepship
2_67,0,/datasets/audio/deepship/train/2/2_67.wav,0.0,30.0,2,train,Oil tanker,deepship
2_68,0,/datasets/audio/deepship/train/2/2_68.wav,0.0,30.0,2,train,Oil tanker,deepship
2_68,1,/datasets/audio/deepship/train/2/2_68.wav,15.0,45.0,2,train,Oil tanker,deepship
2_68,2,/datasets/audio/deepship/train/2/2_68.wav,30.0,60.0,2,train,Oil tanker,deepship
2_68,3,/datasets/audio/deepship/train/2/2_68.wav,45.0,75.0,2,train,Oil tanker,deepship
2_68,4,/datasets/audio/deepship/train/2/2_68.wav,60.0,90.0,2,train,Oil tanker,deepship
2_68,5,/datasets/audio/deepship/train/2/2_68.wav,75.0,105.0,2,train,Oil tanker,deepship
2_68,6,/datasets/audio/deepship/train/2/2_68.wav,90.0,120.0,2,train,Oil tanker,deepship
2_68,7,/datasets/audio/deepship/train/2/2_68.wav,91.0,121.0,2,train,Oil tanker,deepship
2_69,0,/datasets/audio/deepship/train/2/2_69.wav,0.0,30.0,2,train,Oil tanker,deepship
2_69,1,/datasets/audio/deepship/train/2/2_69.wav,10.0,40.0,2,train,Oil tanker,deepship
2_70,0,/datasets/audio/deepship/train/2/2_70.wav,0.0,30.0,2,train,Oil tanker,deepship
2_70,1,/datasets/audio/deepship/train/2/2_70.wav,15.0,45.0,2,train,Oil tanker,deepship
2_70,2,/datasets/audio/deepship/train/2/2_70.wav,30.0,60.0,2,train,Oil tanker,deepship
2_70,3,/datasets/audio/deepship/train/2/2_70.wav,45.0,75.0,2,train,Oil tanker,deepship
2_70,4,/datasets/audio/deepship/train/2/2_70.wav,60.0,90.0,2,train,Oil tanker,deepship
2_70,5,/datasets/audio/deepship/train/2/2_70.wav,75.0,105.0,2,train,Oil tanker,deepship
2_70,6,/datasets/audio/deepship/train/2/2_70.wav,90.0,120.0,2,train,Oil tanker,deepship
2_70,7,/datasets/audio/deepship/train/2/2_70.wav,105.0,135.0,2,train,Oil tanker,deepship
2_70,8,/datasets/audio/deepship/train/2/2_70.wav,120.0,150.0,2,train,Oil tanker,deepship
2_70,9,/datasets/audio/deepship/train/2/2_70.wav,135.0,165.0,2,train,Oil tanker,deepship
2_70,10,/datasets/audio/deepship/train/2/2_70.wav,150.0,180.0,2,train,Oil tanker,deepship
2_70,11,/datasets/audio/deepship/train/2/2_70.wav,165.0,195.0,2,train,Oil tanker,deepship
2_70,12,/datasets/audio/deepship/train/2/2_70.wav,180.0,210.0,2,train,Oil tanker,deepship
2_70,13,/datasets/audio/deepship/train/2/2_70.wav,195.0,225.0,2,train,Oil tanker,deepship
2_70,14,/datasets/audio/deepship/train/2/2_70.wav,210.0,240.0,2,train,Oil tanker,deepship
2_70,15,/datasets/audio/deepship/train/2/2_70.wav,225.0,255.0,2,train,Oil tanker,deepship
2_70,16,/datasets/audio/deepship/train/2/2_70.wav,240.0,270.0,2,train,Oil tanker,deepship
2_70,17,/datasets/audio/deepship/train/2/2_70.wav,255.0,285.0,2,train,Oil tanker,deepship
2_70,18,/datasets/audio/deepship/train/2/2_70.wav,270.0,300.0,2,train,Oil tanker,deepship
2_70,19,/datasets/audio/deepship/train/2/2_70.wav,285.0,315.0,2,train,Oil tanker,deepship
2_70,20,/datasets/audio/deepship/train/2/2_70.wav,300.0,330.0,2,train,Oil tanker,deepship
2_70,21,/datasets/audio/deepship/train/2/2_70.wav,315.0,345.0,2,train,Oil tanker,deepship
2_70,22,/datasets/audio/deepship/train/2/2_70.wav,322.0,352.0,2,train,Oil tanker,deepship
2_72,0,/datasets/audio/deepship/train/2/2_72.wav,0.0,30.0,2,train,Oil tanker,deepship
2_74,0,/datasets/audio/deepship/train/2/2_74.wav,0.0,30.0,2,train,Oil tanker,deepship
2_74,1,/datasets/audio/deepship/train/2/2_74.wav,15.0,45.0,2,train,Oil tanker,deepship
2_74,2,/datasets/audio/deepship/train/2/2_74.wav,30.0,60.0,2,train,Oil tanker,deepship
2_74,3,/datasets/audio/deepship/train/2/2_74.wav,45.0,75.0,2,train,Oil tanker,deepship
2_74,4,/datasets/audio/deepship/train/2/2_74.wav,60.0,90.0,2,train,Oil tanker,deepship
2_74,5,/datasets/audio/deepship/train/2/2_74.wav,75.0,105.0,2,train,Oil tanker,deepship
2_74,6,/datasets/audio/deepship/train/2/2_74.wav,90.0,120.0,2,train,Oil tanker,deepship
2_74,7,/datasets/audio/deepship/train/2/2_74.wav,105.0,135.0,2,train,Oil tanker,deepship
2_74,8,/datasets/audio/deepship/train/2/2_74.wav,120.0,150.0,2,train,Oil tanker,deepship
2_74,9,/datasets/audio/deepship/train/2/2_74.wav,135.0,165.0,2,train,Oil tanker,deepship
2_74,10,/datasets/audio/deepship/train/2/2_74.wav,150.0,180.0,2,train,Oil tanker,deepship
2_74,11,/datasets/audio/deepship/train/2/2_74.wav,165.0,195.0,2,train,Oil tanker,deepship
2_74,12,/datasets/audio/deepship/train/2/2_74.wav,180.0,210.0,2,train,Oil tanker,deepship
2_74,13,/datasets/audio/deepship/train/2/2_74.wav,185.0,215.0,2,train,Oil tanker,deepship
2_75,0,/datasets/audio/deepship/train/2/2_75.wav,0.0,30.0,2,train,Oil tanker,deepship
2_75,1,/datasets/audio/deepship/train/2/2_75.wav,15.0,45.0,2,train,Oil tanker,deepship
2_75,2,/datasets/audio/deepship/train/2/2_75.wav,30.0,60.0,2,train,Oil tanker,deepship
2_75,3,/datasets/audio/deepship/train/2/2_75.wav,45.0,75.0,2,train,Oil tanker,deepship
2_75,4,/datasets/audio/deepship/train/2/2_75.wav,60.0,90.0,2,train,Oil tanker,deepship
2_75,5,/datasets/audio/deepship/train/2/2_75.wav,75.0,105.0,2,train,Oil tanker,deepship
2_75,6,/datasets/audio/deepship/train/2/2_75.wav,90.0,120.0,2,train,Oil tanker,deepship
2_75,7,/datasets/audio/deepship/train/2/2_75.wav,105.0,135.0,2,train,Oil tanker,deepship
2_75,8,/datasets/audio/deepship/train/2/2_75.wav,120.0,150.0,2,train,Oil tanker,deepship
2_75,9,/datasets/audio/deepship/train/2/2_75.wav,135.0,165.0,2,train,Oil tanker,deepship
2_75,10,/datasets/audio/deepship/train/2/2_75.wav,150.0,180.0,2,train,Oil tanker,deepship
2_75,11,/datasets/audio/deepship/train/2/2_75.wav,165.0,195.0,2,train,Oil tanker,deepship
2_75,12,/datasets/audio/deepship/train/2/2_75.wav,180.0,210.0,2,train,Oil tanker,deepship
2_75,13,/datasets/audio/deepship/train/2/2_75.wav,195.0,225.0,2,train,Oil tanker,deepship
2_75,14,/datasets/audio/deepship/train/2/2_75.wav,210.0,240.0,2,train,Oil tanker,deepship
2_75,15,/datasets/audio/deepship/train/2/2_75.wav,225.0,255.0,2,train,Oil tanker,deepship
2_75,16,/datasets/audio/deepship/train/2/2_75.wav,240.0,270.0,2,train,Oil tanker,deepship
2_75,17,/datasets/audio/deepship/train/2/2_75.wav,255.0,285.0,2,train,Oil tanker,deepship
2_75,18,/datasets/audio/deepship/train/2/2_75.wav,270.0,300.0,2,train,Oil tanker,deepship
2_75,19,/datasets/audio/deepship/train/2/2_75.wav,285.0,315.0,2,train,Oil tanker,deepship
2_75,20,/datasets/audio/deepship/train/2/2_75.wav,300.0,330.0,2,train,Oil tanker,deepship
2_75,21,/datasets/audio/deepship/train/2/2_75.wav,315.0,345.0,2,train,Oil tanker,deepship
2_75,22,/datasets/audio/deepship/train/2/2_75.wav,330.0,360.0,2,train,Oil tanker,deepship
2_75,23,/datasets/audio/deepship/train/2/2_75.wav,345.0,375.0,2,train,Oil tanker,deepship
2_75,24,/datasets/audio/deepship/train/2/2_75.wav,360.0,390.0,2,train,Oil tanker,deepship
2_75,25,/datasets/audio/deepship/train/2/2_75.wav,375.0,405.0,2,train,Oil tanker,deepship
2_75,26,/datasets/audio/deepship/train/2/2_75.wav,390.0,420.0,2,train,Oil tanker,deepship
2_75,27,/datasets/audio/deepship/train/2/2_75.wav,405.0,435.0,2,train,Oil tanker,deepship
2_75,28,/datasets/audio/deepship/train/2/2_75.wav,420.0,450.0,2,train,Oil tanker,deepship
2_75,29,/datasets/audio/deepship/train/2/2_75.wav,435.0,465.0,2,train,Oil tanker,deepship
2_75,30,/datasets/audio/deepship/train/2/2_75.wav,450.0,480.0,2,train,Oil tanker,deepship
2_75,31,/datasets/audio/deepship/train/2/2_75.wav,465.0,495.0,2,train,Oil tanker,deepship
2_75,32,/datasets/audio/deepship/train/2/2_75.wav,480.0,510.0,2,train,Oil tanker,deepship
2_75,33,/datasets/audio/deepship/train/2/2_75.wav,495.0,525.0,2,train,Oil tanker,deepship
2_75,34,/datasets/audio/deepship/train/2/2_75.wav,510.0,540.0,2,train,Oil tanker,deepship
2_75,35,/datasets/audio/deepship/train/2/2_75.wav,525.0,555.0,2,train,Oil tanker,deepship
2_75,36,/datasets/audio/deepship/train/2/2_75.wav,530.0,560.0,2,train,Oil tanker,deepship
2_76,0,/datasets/audio/deepship/train/2/2_76.wav,0.0,30.0,2,train,Oil tanker,deepship
2_76,1,/datasets/audio/deepship/train/2/2_76.wav,14.0,44.0,2,train,Oil tanker,deepship
2_77,0,/datasets/audio/deepship/train/2/2_77.wav,0.0,30.0,2,train,Oil tanker,deepship
2_77,1,/datasets/audio/deepship/train/2/2_77.wav,15.0,45.0,2,train,Oil tanker,deepship
2_77,2,/datasets/audio/deepship/train/2/2_77.wav,30.0,60.0,2,train,Oil tanker,deepship
2_77,3,/datasets/audio/deepship/train/2/2_77.wav,45.0,75.0,2,train,Oil tanker,deepship
2_77,4,/datasets/audio/deepship/train/2/2_77.wav,60.0,90.0,2,train,Oil tanker,deepship
2_77,5,/datasets/audio/deepship/train/2/2_77.wav,75.0,105.0,2,train,Oil tanker,deepship
2_77,6,/datasets/audio/deepship/train/2/2_77.wav,90.0,120.0,2,train,Oil tanker,deepship
2_77,7,/datasets/audio/deepship/train/2/2_77.wav,105.0,135.0,2,train,Oil tanker,deepship
2_77,8,/datasets/audio/deepship/train/2/2_77.wav,120.0,150.0,2,train,Oil tanker,deepship
2_77,9,/datasets/audio/deepship/train/2/2_77.wav,135.0,165.0,2,train,Oil tanker,deepship
2_77,10,/datasets/audio/deepship/train/2/2_77.wav,150.0,180.0,2,train,Oil tanker,deepship
2_77,11,/datasets/audio/deepship/train/2/2_77.wav,165.0,195.0,2,train,Oil tanker,deepship
2_77,12,/datasets/audio/deepship/train/2/2_77.wav,180.0,210.0,2,train,Oil tanker,deepship
2_77,13,/datasets/audio/deepship/train/2/2_77.wav,195.0,225.0,2,train,Oil tanker,deepship
2_77,14,/datasets/audio/deepship/train/2/2_77.wav,210.0,240.0,2,train,Oil tanker,deepship
2_77,15,/datasets/audio/deepship/train/2/2_77.wav,225.0,255.0,2,train,Oil tanker,deepship
2_77,16,/datasets/audio/deepship/train/2/2_77.wav,240.0,270.0,2,train,Oil tanker,deepship
2_77,17,/datasets/audio/deepship/train/2/2_77.wav,255.0,285.0,2,train,Oil tanker,deepship
2_77,18,/datasets/audio/deepship/train/2/2_77.wav,270.0,300.0,2,train,Oil tanker,deepship
2_77,19,/datasets/audio/deepship/train/2/2_77.wav,285.0,315.0,2,train,Oil tanker,deepship
2_77,20,/datasets/audio/deepship/train/2/2_77.wav,300.0,330.0,2,train,Oil tanker,deepship
2_77,21,/datasets/audio/deepship/train/2/2_77.wav,315.0,345.0,2,train,Oil tanker,deepship
2_77,22,/datasets/audio/deepship/train/2/2_77.wav,330.0,360.0,2,train,Oil tanker,deepship
2_77,23,/datasets/audio/deepship/train/2/2_77.wav,345.0,375.0,2,train,Oil tanker,deepship
2_77,24,/datasets/audio/deepship/train/2/2_77.wav,360.0,390.0,2,train,Oil tanker,deepship
2_77,25,/datasets/audio/deepship/train/2/2_77.wav,375.0,405.0,2,train,Oil tanker,deepship
2_77,26,/datasets/audio/deepship/train/2/2_77.wav,390.0,420.0,2,train,Oil tanker,deepship
2_77,27,/datasets/audio/deepship/train/2/2_77.wav,405.0,435.0,2,train,Oil tanker,deepship
2_77,28,/datasets/audio/deepship/train/2/2_77.wav,420.0,450.0,2,train,Oil tanker,deepship
2_77,29,/datasets/audio/deepship/train/2/2_77.wav,435.0,465.0,2,train,Oil tanker,deepship
2_77,30,/datasets/audio/deepship/train/2/2_77.wav,450.0,480.0,2,train,Oil tanker,deepship
2_77,31,/datasets/audio/deepship/train/2/2_77.wav,465.0,495.0,2,train,Oil tanker,deepship
2_77,32,/datasets/audio/deepship/train/2/2_77.wav,480.0,510.0,2,train,Oil tanker,deepship
2_77,33,/datasets/audio/deepship/train/2/2_77.wav,495.0,525.0,2,train,Oil tanker,deepship
2_77,34,/datasets/audio/deepship/train/2/2_77.wav,510.0,540.0,2,train,Oil tanker,deepship
2_77,35,/datasets/audio/deepship/train/2/2_77.wav,525.0,555.0,2,train,Oil tanker,deepship
2_77,36,/datasets/audio/deepship/train/2/2_77.wav,538.0,568.0,2,train,Oil tanker,deepship
2_78,0,/datasets/audio/deepship/train/2/2_78.wav,0.0,30.0,2,train,Oil tanker,deepship
2_78,1,/datasets/audio/deepship/train/2/2_78.wav,10.0,40.0,2,train,Oil tanker,deepship
2_80,0,/datasets/audio/deepship/train/2/2_80.wav,0.0,30.0,2,train,Oil tanker,deepship
2_80,1,/datasets/audio/deepship/train/2/2_80.wav,13.0,43.0,2,train,Oil tanker,deepship
2_81,0,/datasets/audio/deepship/train/2/2_81.wav,0.0,30.0,2,train,Oil tanker,deepship
2_81,1,/datasets/audio/deepship/train/2/2_81.wav,15.0,45.0,2,train,Oil tanker,deepship
2_81,2,/datasets/audio/deepship/train/2/2_81.wav,30.0,60.0,2,train,Oil tanker,deepship
2_81,3,/datasets/audio/deepship/train/2/2_81.wav,45.0,75.0,2,train,Oil tanker,deepship
2_81,4,/datasets/audio/deepship/train/2/2_81.wav,60.0,90.0,2,train,Oil tanker,deepship
2_81,5,/datasets/audio/deepship/train/2/2_81.wav,75.0,105.0,2,train,Oil tanker,deepship
2_81,6,/datasets/audio/deepship/train/2/2_81.wav,90.0,120.0,2,train,Oil tanker,deepship
2_81,7,/datasets/audio/deepship/train/2/2_81.wav,105.0,135.0,2,train,Oil tanker,deepship
2_81,8,/datasets/audio/deepship/train/2/2_81.wav,120.0,150.0,2,train,Oil tanker,deepship
2_81,9,/datasets/audio/deepship/train/2/2_81.wav,135.0,165.0,2,train,Oil tanker,deepship
2_81,10,/datasets/audio/deepship/train/2/2_81.wav,150.0,180.0,2,train,Oil tanker,deepship
2_81,11,/datasets/audio/deepship/train/2/2_81.wav,165.0,195.0,2,train,Oil tanker,deepship
2_81,12,/datasets/audio/deepship/train/2/2_81.wav,180.0,210.0,2,train,Oil tanker,deepship
2_81,13,/datasets/audio/deepship/train/2/2_81.wav,195.0,225.0,2,train,Oil tanker,deepship
2_81,14,/datasets/audio/deepship/train/2/2_81.wav,210.0,240.0,2,train,Oil tanker,deepship
2_81,15,/datasets/audio/deepship/train/2/2_81.wav,225.0,255.0,2,train,Oil tanker,deepship
2_81,16,/datasets/audio/deepship/train/2/2_81.wav,240.0,270.0,2,train,Oil tanker,deepship
2_81,17,/datasets/audio/deepship/train/2/2_81.wav,255.0,285.0,2,train,Oil tanker,deepship
2_81,18,/datasets/audio/deepship/train/2/2_81.wav,270.0,300.0,2,train,Oil tanker,deepship
2_81,19,/datasets/audio/deepship/train/2/2_81.wav,285.0,315.0,2,train,Oil tanker,deepship
2_81,20,/datasets/audio/deepship/train/2/2_81.wav,300.0,330.0,2,train,Oil tanker,deepship
2_81,21,/datasets/audio/deepship/train/2/2_81.wav,315.0,345.0,2,train,Oil tanker,deepship
2_81,22,/datasets/audio/deepship/train/2/2_81.wav,330.0,360.0,2,train,Oil tanker,deepship
2_81,23,/datasets/audio/deepship/train/2/2_81.wav,345.0,375.0,2,train,Oil tanker,deepship
2_81,24,/datasets/audio/deepship/train/2/2_81.wav,360.0,390.0,2,train,Oil tanker,deepship
2_81,25,/datasets/audio/deepship/train/2/2_81.wav,375.0,405.0,2,train,Oil tanker,deepship
2_81,26,/datasets/audio/deepship/train/2/2_81.wav,390.0,420.0,2,train,Oil tanker,deepship
2_81,27,/datasets/audio/deepship/train/2/2_81.wav,405.0,435.0,2,train,Oil tanker,deepship
2_81,28,/datasets/audio/deepship/train/2/2_81.wav,420.0,450.0,2,train,Oil tanker,deepship
2_81,29,/datasets/audio/deepship/train/2/2_81.wav,435.0,465.0,2,train,Oil tanker,deepship
2_81,30,/datasets/audio/deepship/train/2/2_81.wav,450.0,480.0,2,train,Oil tanker,deepship
2_81,31,/datasets/audio/deepship/train/2/2_81.wav,465.0,495.0,2,train,Oil tanker,deepship
2_81,32,/datasets/audio/deepship/train/2/2_81.wav,480.0,510.0,2,train,Oil tanker,deepship
2_81,33,/datasets/audio/deepship/train/2/2_81.wav,495.0,525.0,2,train,Oil tanker,deepship
2_81,34,/datasets/audio/deepship/train/2/2_81.wav,500.0,530.0,2,train,Oil tanker,deepship
2_83,0,/datasets/audio/deepship/train/2/2_83.wav,0.0,30.0,2,train,Oil tanker,deepship
2_83,1,/datasets/audio/deepship/train/2/2_83.wav,3.0,33.0,2,train,Oil tanker,deepship
2_85,0,/datasets/audio/deepship/train/2/2_85.wav,0.0,30.0,2,train,Oil tanker,deepship
2_86,0,/datasets/audio/deepship/train/2/2_86.wav,0.0,30.0,2,train,Oil tanker,deepship
2_86,1,/datasets/audio/deepship/train/2/2_86.wav,15.0,45.0,2,train,Oil tanker,deepship
2_86,2,/datasets/audio/deepship/train/2/2_86.wav,30.0,60.0,2,train,Oil tanker,deepship
2_86,3,/datasets/audio/deepship/train/2/2_86.wav,45.0,75.0,2,train,Oil tanker,deepship
2_86,4,/datasets/audio/deepship/train/2/2_86.wav,60.0,90.0,2,train,Oil tanker,deepship
2_86,5,/datasets/audio/deepship/train/2/2_86.wav,75.0,105.0,2,train,Oil tanker,deepship
2_86,6,/datasets/audio/deepship/train/2/2_86.wav,90.0,120.0,2,train,Oil tanker,deepship
2_86,7,/datasets/audio/deepship/train/2/2_86.wav,105.0,135.0,2,train,Oil tanker,deepship
2_86,8,/datasets/audio/deepship/train/2/2_86.wav,120.0,150.0,2,train,Oil tanker,deepship
2_86,9,/datasets/audio/deepship/train/2/2_86.wav,135.0,165.0,2,train,Oil tanker,deepship
2_86,10,/datasets/audio/deepship/train/2/2_86.wav,150.0,180.0,2,train,Oil tanker,deepship
2_86,11,/datasets/audio/deepship/train/2/2_86.wav,165.0,195.0,2,train,Oil tanker,deepship
2_86,12,/datasets/audio/deepship/train/2/2_86.wav,180.0,210.0,2,train,Oil tanker,deepship
2_86,13,/datasets/audio/deepship/train/2/2_86.wav,195.0,225.0,2,train,Oil tanker,deepship
2_86,14,/datasets/audio/deepship/train/2/2_86.wav,210.0,240.0,2,train,Oil tanker,deepship
2_86,15,/datasets/audio/deepship/train/2/2_86.wav,225.0,255.0,2,train,Oil tanker,deepship
2_86,16,/datasets/audio/deepship/train/2/2_86.wav,240.0,270.0,2,train,Oil tanker,deepship
2_86,17,/datasets/audio/deepship/train/2/2_86.wav,252.0,282.0,2,train,Oil tanker,deepship
2_87,0,/datasets/audio/deepship/train/2/2_87.wav,0.0,30.0,2,train,Oil tanker,deepship
2_87,1,/datasets/audio/deepship/train/2/2_87.wav,15.0,45.0,2,train,Oil tanker,deepship
2_87,2,/datasets/audio/deepship/train/2/2_87.wav,30.0,60.0,2,train,Oil tanker,deepship
2_87,3,/datasets/audio/deepship/train/2/2_87.wav,32.0,62.0,2,train,Oil tanker,deepship
2_9,0,/datasets/audio/deepship/train/2/2_9.wav,0.0,30.0,2,train,Oil tanker,deepship
2_90,0,/datasets/audio/deepship/train/2/2_90.wav,0.0,30.0,2,train,Oil tanker,deepship
2_91,0,/datasets/audio/deepship/train/2/2_91.wav,0.0,30.0,2,train,Oil tanker,deepship
2_91,1,/datasets/audio/deepship/train/2/2_91.wav,3.0,33.0,2,train,Oil tanker,deepship
2_93,0,/datasets/audio/deepship/train/2/2_93.wav,0.0,30.0,2,train,Oil tanker,deepship
2_93,1,/datasets/audio/deepship/train/2/2_93.wav,15.0,45.0,2,train,Oil tanker,deepship
2_93,2,/datasets/audio/deepship/train/2/2_93.wav,30.0,60.0,2,train,Oil tanker,deepship
2_93,3,/datasets/audio/deepship/train/2/2_93.wav,45.0,75.0,2,train,Oil tanker,deepship
2_93,4,/datasets/audio/deepship/train/2/2_93.wav,60.0,90.0,2,train,Oil tanker,deepship
2_93,5,/datasets/audio/deepship/train/2/2_93.wav,75.0,105.0,2,train,Oil tanker,deepship
2_93,6,/datasets/audio/deepship/train/2/2_93.wav,90.0,120.0,2,train,Oil tanker,deepship
2_93,7,/datasets/audio/deepship/train/2/2_93.wav,105.0,135.0,2,train,Oil tanker,deepship
2_93,8,/datasets/audio/deepship/train/2/2_93.wav,120.0,150.0,2,train,Oil tanker,deepship
2_93,9,/datasets/audio/deepship/train/2/2_93.wav,135.0,165.0,2,train,Oil tanker,deepship
2_93,10,/datasets/audio/deepship/train/2/2_93.wav,145.0,175.0,2,train,Oil tanker,deepship
2_94,0,/datasets/audio/deepship/train/2/2_94.wav,0.0,30.0,2,train,Oil tanker,deepship
2_95,0,/datasets/audio/deepship/train/2/2_95.wav,0.0,30.0,2,train,Oil tanker,deepship
2_95,1,/datasets/audio/deepship/train/2/2_95.wav,15.0,45.0,2,train,Oil tanker,deepship
2_95,2,/datasets/audio/deepship/train/2/2_95.wav,30.0,60.0,2,train,Oil tanker,deepship
2_95,3,/datasets/audio/deepship/train/2/2_95.wav,45.0,75.0,2,train,Oil tanker,deepship
2_95,4,/datasets/audio/deepship/train/2/2_95.wav,60.0,90.0,2,train,Oil tanker,deepship
2_95,5,/datasets/audio/deepship/train/2/2_95.wav,75.0,105.0,2,train,Oil tanker,deepship
2_95,6,/datasets/audio/deepship/train/2/2_95.wav,90.0,120.0,2,train,Oil tanker,deepship
2_95,7,/datasets/audio/deepship/train/2/2_95.wav,105.0,135.0,2,train,Oil tanker,deepship
2_95,8,/datasets/audio/deepship/train/2/2_95.wav,120.0,150.0,2,train,Oil tanker,deepship
2_95,9,/datasets/audio/deepship/train/2/2_95.wav,135.0,165.0,2,train,Oil tanker,deepship
2_95,10,/datasets/audio/deepship/train/2/2_95.wav,150.0,180.0,2,train,Oil tanker,deepship
2_95,11,/datasets/audio/deepship/train/2/2_95.wav,165.0,195.0,2,train,Oil tanker,deepship
2_95,12,/datasets/audio/deepship/train/2/2_95.wav,180.0,210.0,2,train,Oil tanker,deepship
2_95,13,/datasets/audio/deepship/train/2/2_95.wav,195.0,225.0,2,train,Oil tanker,deepship
2_95,14,/datasets/audio/deepship/train/2/2_95.wav,210.0,240.0,2,train,Oil tanker,deepship
2_95,15,/datasets/audio/deepship/train/2/2_95.wav,225.0,255.0,2,train,Oil tanker,deepship
2_95,16,/datasets/audio/deepship/train/2/2_95.wav,240.0,270.0,2,train,Oil tanker,deepship
2_95,17,/datasets/audio/deepship/train/2/2_95.wav,255.0,285.0,2,train,Oil tanker,deepship
2_95,18,/datasets/audio/deepship/train/2/2_95.wav,270.0,300.0,2,train,Oil tanker,deepship
2_95,19,/datasets/audio/deepship/train/2/2_95.wav,285.0,315.0,2,train,Oil tanker,deepship
2_95,20,/datasets/audio/deepship/train/2/2_95.wav,300.0,330.0,2,train,Oil tanker,deepship
2_95,21,/datasets/audio/deepship/train/2/2_95.wav,315.0,345.0,2,train,Oil tanker,deepship
2_95,22,/datasets/audio/deepship/train/2/2_95.wav,330.0,360.0,2,train,Oil tanker,deepship
2_95,23,/datasets/audio/deepship/train/2/2_95.wav,345.0,375.0,2,train,Oil tanker,deepship
2_95,24,/datasets/audio/deepship/train/2/2_95.wav,360.0,390.0,2,train,Oil tanker,deepship
2_95,25,/datasets/audio/deepship/train/2/2_95.wav,375.0,405.0,2,train,Oil tanker,deepship
2_95,26,/datasets/audio/deepship/train/2/2_95.wav,390.0,420.0,2,train,Oil tanker,deepship
2_95,27,/datasets/audio/deepship/train/2/2_95.wav,405.0,435.0,2,train,Oil tanker,deepship
2_95,28,/datasets/audio/deepship/train/2/2_95.wav,420.0,450.0,2,train,Oil tanker,deepship
2_95,29,/datasets/audio/deepship/train/2/2_95.wav,435.0,465.0,2,train,Oil tanker,deepship
2_95,30,/datasets/audio/deepship/train/2/2_95.wav,450.0,480.0,2,train,Oil tanker,deepship
2_95,31,/datasets/audio/deepship/train/2/2_95.wav,465.0,495.0,2,train,Oil tanker,deepship
2_95,32,/datasets/audio/deepship/train/2/2_95.wav,480.0,510.0,2,train,Oil tanker,deepship
2_95,33,/datasets/audio/deepship/train/2/2_95.wav,495.0,525.0,2,train,Oil tanker,deepship
2_95,34,/datasets/audio/deepship/train/2/2_95.wav,502.0,532.0,2,train,Oil tanker,deepship
2_96,0,/datasets/audio/deepship/train/2/2_96.wav,0.0,30.0,2,train,Oil tanker,deepship
2_97,0,/datasets/audio/deepship/train/2/2_97.wav,0.0,30.0,2,train,Oil tanker,deepship
2_97,1,/datasets/audio/deepship/train/2/2_97.wav,15.0,45.0,2,train,Oil tanker,deepship
2_97,2,/datasets/audio/deepship/train/2/2_97.wav,17.0,47.0,2,train,Oil tanker,deepship
2_98,0,/datasets/audio/deepship/train/2/2_98.wav,0.0,30.0,2,train,Oil tanker,deepship
2_98,1,/datasets/audio/deepship/train/2/2_98.wav,15.0,45.0,2,train,Oil tanker,deepship
2_98,2,/datasets/audio/deepship/train/2/2_98.wav,30.0,60.0,2,train,Oil tanker,deepship
2_98,3,/datasets/audio/deepship/train/2/2_98.wav,45.0,75.0,2,train,Oil tanker,deepship
2_98,4,/datasets/audio/deepship/train/2/2_98.wav,60.0,90.0,2,train,Oil tanker,deepship
2_98,5,/datasets/audio/deepship/train/2/2_98.wav,75.0,105.0,2,train,Oil tanker,deepship
2_98,6,/datasets/audio/deepship/train/2/2_98.wav,90.0,120.0,2,train,Oil tanker,deepship
2_98,7,/datasets/audio/deepship/train/2/2_98.wav,105.0,135.0,2,train,Oil tanker,deepship
2_98,8,/datasets/audio/deepship/train/2/2_98.wav,120.0,150.0,2,train,Oil tanker,deepship
2_98,9,/datasets/audio/deepship/train/2/2_98.wav,135.0,165.0,2,train,Oil tanker,deepship
2_98,10,/datasets/audio/deepship/train/2/2_98.wav,150.0,180.0,2,train,Oil tanker,deepship
2_98,11,/datasets/audio/deepship/train/2/2_98.wav,165.0,195.0,2,train,Oil tanker,deepship
2_98,12,/datasets/audio/deepship/train/2/2_98.wav,180.0,210.0,2,train,Oil tanker,deepship
2_98,13,/datasets/audio/deepship/train/2/2_98.wav,195.0,225.0,2,train,Oil tanker,deepship
2_98,14,/datasets/audio/deepship/train/2/2_98.wav,210.0,240.0,2,train,Oil tanker,deepship
2_98,15,/datasets/audio/deepship/train/2/2_98.wav,225.0,255.0,2,train,Oil tanker,deepship
2_98,16,/datasets/audio/deepship/train/2/2_98.wav,240.0,270.0,2,train,Oil tanker,deepship
2_98,17,/datasets/audio/deepship/train/2/2_98.wav,255.0,285.0,2,train,Oil tanker,deepship
2_98,18,/datasets/audio/deepship/train/2/2_98.wav,270.0,300.0,2,train,Oil tanker,deepship
2_98,19,/datasets/audio/deepship/train/2/2_98.wav,285.0,315.0,2,train,Oil tanker,deepship
2_98,20,/datasets/audio/deepship/train/2/2_98.wav,300.0,330.0,2,train,Oil tanker,deepship
2_98,21,/datasets/audio/deepship/train/2/2_98.wav,304.0,334.0,2,train,Oil tanker,deepship
3_1,0,/datasets/audio/deepship/train/3/3_1.wav,0.0,30.0,3,train,Tug boat,deepship
3_1,1,/datasets/audio/deepship/train/3/3_1.wav,15.0,45.0,3,train,Tug boat,deepship
3_1,2,/datasets/audio/deepship/train/3/3_1.wav,30.0,60.0,3,train,Tug boat,deepship
3_1,3,/datasets/audio/deepship/train/3/3_1.wav,45.0,75.0,3,train,Tug boat,deepship
3_1,4,/datasets/audio/deepship/train/3/3_1.wav,60.0,90.0,3,train,Tug boat,deepship
3_1,5,/datasets/audio/deepship/train/3/3_1.wav,75.0,105.0,3,train,Tug boat,deepship
3_1,6,/datasets/audio/deepship/train/3/3_1.wav,90.0,120.0,3,train,Tug boat,deepship
3_1,7,/datasets/audio/deepship/train/3/3_1.wav,105.0,135.0,3,train,Tug boat,deepship
3_1,8,/datasets/audio/deepship/train/3/3_1.wav,120.0,150.0,3,train,Tug boat,deepship
3_1,9,/datasets/audio/deepship/train/3/3_1.wav,135.0,165.0,3,train,Tug boat,deepship
3_1,10,/datasets/audio/deepship/train/3/3_1.wav,150.0,180.0,3,train,Tug boat,deepship
3_1,11,/datasets/audio/deepship/train/3/3_1.wav,165.0,195.0,3,train,Tug boat,deepship
3_1,12,/datasets/audio/deepship/train/3/3_1.wav,180.0,210.0,3,train,Tug boat,deepship
3_1,13,/datasets/audio/deepship/train/3/3_1.wav,195.0,225.0,3,train,Tug boat,deepship
3_1,14,/datasets/audio/deepship/train/3/3_1.wav,210.0,240.0,3,train,Tug boat,deepship
3_1,15,/datasets/audio/deepship/train/3/3_1.wav,225.0,255.0,3,train,Tug boat,deepship
3_1,16,/datasets/audio/deepship/train/3/3_1.wav,240.0,270.0,3,train,Tug boat,deepship
3_1,17,/datasets/audio/deepship/train/3/3_1.wav,255.0,285.0,3,train,Tug boat,deepship
3_1,18,/datasets/audio/deepship/train/3/3_1.wav,270.0,300.0,3,train,Tug boat,deepship
3_1,19,/datasets/audio/deepship/train/3/3_1.wav,285.0,315.0,3,train,Tug boat,deepship
3_1,20,/datasets/audio/deepship/train/3/3_1.wav,300.0,330.0,3,train,Tug boat,deepship
3_1,21,/datasets/audio/deepship/train/3/3_1.wav,315.0,345.0,3,train,Tug boat,deepship
3_1,22,/datasets/audio/deepship/train/3/3_1.wav,330.0,360.0,3,train,Tug boat,deepship
3_1,23,/datasets/audio/deepship/train/3/3_1.wav,345.0,375.0,3,train,Tug boat,deepship
3_1,24,/datasets/audio/deepship/train/3/3_1.wav,360.0,390.0,3,train,Tug boat,deepship
3_1,25,/datasets/audio/deepship/train/3/3_1.wav,375.0,405.0,3,train,Tug boat,deepship
3_1,26,/datasets/audio/deepship/train/3/3_1.wav,390.0,420.0,3,train,Tug boat,deepship
3_1,27,/datasets/audio/deepship/train/3/3_1.wav,405.0,435.0,3,train,Tug boat,deepship
3_1,28,/datasets/audio/deepship/train/3/3_1.wav,420.0,450.0,3,train,Tug boat,deepship
3_1,29,/datasets/audio/deepship/train/3/3_1.wav,435.0,465.0,3,train,Tug boat,deepship
3_1,30,/datasets/audio/deepship/train/3/3_1.wav,450.0,480.0,3,train,Tug boat,deepship
3_1,31,/datasets/audio/deepship/train/3/3_1.wav,465.0,495.0,3,train,Tug boat,deepship
3_1,32,/datasets/audio/deepship/train/3/3_1.wav,480.0,510.0,3,train,Tug boat,deepship
3_1,33,/datasets/audio/deepship/train/3/3_1.wav,495.0,525.0,3,train,Tug boat,deepship
3_1,34,/datasets/audio/deepship/train/3/3_1.wav,510.0,540.0,3,train,Tug boat,deepship
3_1,35,/datasets/audio/deepship/train/3/3_1.wav,525.0,555.0,3,train,Tug boat,deepship
3_1,36,/datasets/audio/deepship/train/3/3_1.wav,540.0,570.0,3,train,Tug boat,deepship
3_1,37,/datasets/audio/deepship/train/3/3_1.wav,555.0,585.0,3,train,Tug boat,deepship
3_1,38,/datasets/audio/deepship/train/3/3_1.wav,570.0,600.0,3,train,Tug boat,deepship
3_1,39,/datasets/audio/deepship/train/3/3_1.wav,585.0,615.0,3,train,Tug boat,deepship
3_1,40,/datasets/audio/deepship/train/3/3_1.wav,600.0,630.0,3,train,Tug boat,deepship
3_1,41,/datasets/audio/deepship/train/3/3_1.wav,606.0,636.0,3,train,Tug boat,deepship
3_10,0,/datasets/audio/deepship/train/3/3_10.wav,0.0,30.0,3,train,Tug boat,deepship
3_10,1,/datasets/audio/deepship/train/3/3_10.wav,15.0,45.0,3,train,Tug boat,deepship
3_10,2,/datasets/audio/deepship/train/3/3_10.wav,30.0,60.0,3,train,Tug boat,deepship
3_10,3,/datasets/audio/deepship/train/3/3_10.wav,45.0,75.0,3,train,Tug boat,deepship
3_10,4,/datasets/audio/deepship/train/3/3_10.wav,60.0,90.0,3,train,Tug boat,deepship
3_10,5,/datasets/audio/deepship/train/3/3_10.wav,75.0,105.0,3,train,Tug boat,deepship
3_10,6,/datasets/audio/deepship/train/3/3_10.wav,90.0,120.0,3,train,Tug boat,deepship
3_10,7,/datasets/audio/deepship/train/3/3_10.wav,105.0,135.0,3,train,Tug boat,deepship
3_10,8,/datasets/audio/deepship/train/3/3_10.wav,120.0,150.0,3,train,Tug boat,deepship
3_10,9,/datasets/audio/deepship/train/3/3_10.wav,135.0,165.0,3,train,Tug boat,deepship
3_10,10,/datasets/audio/deepship/train/3/3_10.wav,150.0,180.0,3,train,Tug boat,deepship
3_10,11,/datasets/audio/deepship/train/3/3_10.wav,165.0,195.0,3,train,Tug boat,deepship
3_10,12,/datasets/audio/deepship/train/3/3_10.wav,180.0,210.0,3,train,Tug boat,deepship
3_10,13,/datasets/audio/deepship/train/3/3_10.wav,195.0,225.0,3,train,Tug boat,deepship
3_10,14,/datasets/audio/deepship/train/3/3_10.wav,210.0,240.0,3,train,Tug boat,deepship
3_10,15,/datasets/audio/deepship/train/3/3_10.wav,225.0,255.0,3,train,Tug boat,deepship
3_10,16,/datasets/audio/deepship/train/3/3_10.wav,240.0,270.0,3,train,Tug boat,deepship
3_10,17,/datasets/audio/deepship/train/3/3_10.wav,255.0,285.0,3,train,Tug boat,deepship
3_10,18,/datasets/audio/deepship/train/3/3_10.wav,270.0,300.0,3,train,Tug boat,deepship
3_10,19,/datasets/audio/deepship/train/3/3_10.wav,285.0,315.0,3,train,Tug boat,deepship
3_10,20,/datasets/audio/deepship/train/3/3_10.wav,300.0,330.0,3,train,Tug boat,deepship
3_10,21,/datasets/audio/deepship/train/3/3_10.wav,315.0,345.0,3,train,Tug boat,deepship
3_10,22,/datasets/audio/deepship/train/3/3_10.wav,330.0,360.0,3,train,Tug boat,deepship
3_10,23,/datasets/audio/deepship/train/3/3_10.wav,345.0,375.0,3,train,Tug boat,deepship
3_10,24,/datasets/audio/deepship/train/3/3_10.wav,360.0,390.0,3,train,Tug boat,deepship
3_10,25,/datasets/audio/deepship/train/3/3_10.wav,375.0,405.0,3,train,Tug boat,deepship
3_10,26,/datasets/audio/deepship/train/3/3_10.wav,390.0,420.0,3,train,Tug boat,deepship
3_10,27,/datasets/audio/deepship/train/3/3_10.wav,405.0,435.0,3,train,Tug boat,deepship
3_10,28,/datasets/audio/deepship/train/3/3_10.wav,420.0,450.0,3,train,Tug boat,deepship
3_10,29,/datasets/audio/deepship/train/3/3_10.wav,435.0,465.0,3,train,Tug boat,deepship
3_10,30,/datasets/audio/deepship/train/3/3_10.wav,450.0,480.0,3,train,Tug boat,deepship
3_10,31,/datasets/audio/deepship/train/3/3_10.wav,465.0,495.0,3,train,Tug boat,deepship
3_10,32,/datasets/audio/deepship/train/3/3_10.wav,480.0,510.0,3,train,Tug boat,deepship
3_10,33,/datasets/audio/deepship/train/3/3_10.wav,495.0,525.0,3,train,Tug boat,deepship
3_10,34,/datasets/audio/deepship/train/3/3_10.wav,504.0,534.0,3,train,Tug boat,deepship
3_11,0,/datasets/audio/deepship/train/3/3_11.wav,0.0,30.0,3,train,Tug boat,deepship
3_11,1,/datasets/audio/deepship/train/3/3_11.wav,15.0,45.0,3,train,Tug boat,deepship
3_11,2,/datasets/audio/deepship/train/3/3_11.wav,30.0,60.0,3,train,Tug boat,deepship
3_11,3,/datasets/audio/deepship/train/3/3_11.wav,45.0,75.0,3,train,Tug boat,deepship
3_11,4,/datasets/audio/deepship/train/3/3_11.wav,60.0,90.0,3,train,Tug boat,deepship
3_11,5,/datasets/audio/deepship/train/3/3_11.wav,75.0,105.0,3,train,Tug boat,deepship
3_11,6,/datasets/audio/deepship/train/3/3_11.wav,90.0,120.0,3,train,Tug boat,deepship
3_11,7,/datasets/audio/deepship/train/3/3_11.wav,105.0,135.0,3,train,Tug boat,deepship
3_11,8,/datasets/audio/deepship/train/3/3_11.wav,120.0,150.0,3,train,Tug boat,deepship
3_11,9,/datasets/audio/deepship/train/3/3_11.wav,135.0,165.0,3,train,Tug boat,deepship
3_11,10,/datasets/audio/deepship/train/3/3_11.wav,150.0,180.0,3,train,Tug boat,deepship
3_11,11,/datasets/audio/deepship/train/3/3_11.wav,165.0,195.0,3,train,Tug boat,deepship
3_11,12,/datasets/audio/deepship/train/3/3_11.wav,180.0,210.0,3,train,Tug boat,deepship
3_11,13,/datasets/audio/deepship/train/3/3_11.wav,195.0,225.0,3,train,Tug boat,deepship
3_11,14,/datasets/audio/deepship/train/3/3_11.wav,210.0,240.0,3,train,Tug boat,deepship
3_11,15,/datasets/audio/deepship/train/3/3_11.wav,225.0,255.0,3,train,Tug boat,deepship
3_11,16,/datasets/audio/deepship/train/3/3_11.wav,240.0,270.0,3,train,Tug boat,deepship
3_11,17,/datasets/audio/deepship/train/3/3_11.wav,255.0,285.0,3,train,Tug boat,deepship
3_11,18,/datasets/audio/deepship/train/3/3_11.wav,270.0,300.0,3,train,Tug boat,deepship
3_11,19,/datasets/audio/deepship/train/3/3_11.wav,285.0,315.0,3,train,Tug boat,deepship
3_11,20,/datasets/audio/deepship/train/3/3_11.wav,300.0,330.0,3,train,Tug boat,deepship
3_11,21,/datasets/audio/deepship/train/3/3_11.wav,315.0,345.0,3,train,Tug boat,deepship
3_11,22,/datasets/audio/deepship/train/3/3_11.wav,330.0,360.0,3,train,Tug boat,deepship
3_11,23,/datasets/audio/deepship/train/3/3_11.wav,345.0,375.0,3,train,Tug boat,deepship
3_11,24,/datasets/audio/deepship/train/3/3_11.wav,360.0,390.0,3,train,Tug boat,deepship
3_11,25,/datasets/audio/deepship/train/3/3_11.wav,375.0,405.0,3,train,Tug boat,deepship
3_11,26,/datasets/audio/deepship/train/3/3_11.wav,390.0,420.0,3,train,Tug boat,deepship
3_11,27,/datasets/audio/deepship/train/3/3_11.wav,405.0,435.0,3,train,Tug boat,deepship
3_11,28,/datasets/audio/deepship/train/3/3_11.wav,420.0,450.0,3,train,Tug boat,deepship
3_11,29,/datasets/audio/deepship/train/3/3_11.wav,435.0,465.0,3,train,Tug boat,deepship
3_11,30,/datasets/audio/deepship/train/3/3_11.wav,450.0,480.0,3,train,Tug boat,deepship
3_11,31,/datasets/audio/deepship/train/3/3_11.wav,465.0,495.0,3,train,Tug boat,deepship
3_11,32,/datasets/audio/deepship/train/3/3_11.wav,480.0,510.0,3,train,Tug boat,deepship
3_11,33,/datasets/audio/deepship/train/3/3_11.wav,495.0,525.0,3,train,Tug boat,deepship
3_11,34,/datasets/audio/deepship/train/3/3_11.wav,510.0,540.0,3,train,Tug boat,deepship
3_11,35,/datasets/audio/deepship/train/3/3_11.wav,525.0,555.0,3,train,Tug boat,deepship
3_11,36,/datasets/audio/deepship/train/3/3_11.wav,540.0,570.0,3,train,Tug boat,deepship
3_11,37,/datasets/audio/deepship/train/3/3_11.wav,555.0,585.0,3,train,Tug boat,deepship
3_11,38,/datasets/audio/deepship/train/3/3_11.wav,570.0,600.0,3,train,Tug boat,deepship
3_11,39,/datasets/audio/deepship/train/3/3_11.wav,585.0,615.0,3,train,Tug boat,deepship
3_11,40,/datasets/audio/deepship/train/3/3_11.wav,600.0,630.0,3,train,Tug boat,deepship
3_11,41,/datasets/audio/deepship/train/3/3_11.wav,615.0,645.0,3,train,Tug boat,deepship
3_11,42,/datasets/audio/deepship/train/3/3_11.wav,630.0,660.0,3,train,Tug boat,deepship
3_11,43,/datasets/audio/deepship/train/3/3_11.wav,645.0,675.0,3,train,Tug boat,deepship
3_11,44,/datasets/audio/deepship/train/3/3_11.wav,660.0,690.0,3,train,Tug boat,deepship
3_11,45,/datasets/audio/deepship/train/3/3_11.wav,675.0,705.0,3,train,Tug boat,deepship
3_11,46,/datasets/audio/deepship/train/3/3_11.wav,690.0,720.0,3,train,Tug boat,deepship
3_11,47,/datasets/audio/deepship/train/3/3_11.wav,705.0,735.0,3,train,Tug boat,deepship
3_11,48,/datasets/audio/deepship/train/3/3_11.wav,716.0,746.0,3,train,Tug boat,deepship
3_12,0,/datasets/audio/deepship/train/3/3_12.wav,0.0,30.0,3,train,Tug boat,deepship
3_12,1,/datasets/audio/deepship/train/3/3_12.wav,15.0,45.0,3,train,Tug boat,deepship
3_12,2,/datasets/audio/deepship/train/3/3_12.wav,30.0,60.0,3,train,Tug boat,deepship
3_12,3,/datasets/audio/deepship/train/3/3_12.wav,45.0,75.0,3,train,Tug boat,deepship
3_12,4,/datasets/audio/deepship/train/3/3_12.wav,60.0,90.0,3,train,Tug boat,deepship
3_12,5,/datasets/audio/deepship/train/3/3_12.wav,75.0,105.0,3,train,Tug boat,deepship
3_12,6,/datasets/audio/deepship/train/3/3_12.wav,90.0,120.0,3,train,Tug boat,deepship
3_12,7,/datasets/audio/deepship/train/3/3_12.wav,105.0,135.0,3,train,Tug boat,deepship
3_12,8,/datasets/audio/deepship/train/3/3_12.wav,120.0,150.0,3,train,Tug boat,deepship
3_12,9,/datasets/audio/deepship/train/3/3_12.wav,135.0,165.0,3,train,Tug boat,deepship
3_12,10,/datasets/audio/deepship/train/3/3_12.wav,150.0,180.0,3,train,Tug boat,deepship
3_12,11,/datasets/audio/deepship/train/3/3_12.wav,165.0,195.0,3,train,Tug boat,deepship
3_12,12,/datasets/audio/deepship/train/3/3_12.wav,180.0,210.0,3,train,Tug boat,deepship
3_12,13,/datasets/audio/deepship/train/3/3_12.wav,195.0,225.0,3,train,Tug boat,deepship
3_12,14,/datasets/audio/deepship/train/3/3_12.wav,210.0,240.0,3,train,Tug boat,deepship
3_12,15,/datasets/audio/deepship/train/3/3_12.wav,225.0,255.0,3,train,Tug boat,deepship
3_12,16,/datasets/audio/deepship/train/3/3_12.wav,240.0,270.0,3,train,Tug boat,deepship
3_12,17,/datasets/audio/deepship/train/3/3_12.wav,255.0,285.0,3,train,Tug boat,deepship
3_12,18,/datasets/audio/deepship/train/3/3_12.wav,270.0,300.0,3,train,Tug boat,deepship
3_12,19,/datasets/audio/deepship/train/3/3_12.wav,285.0,315.0,3,train,Tug boat,deepship
3_12,20,/datasets/audio/deepship/train/3/3_12.wav,300.0,330.0,3,train,Tug boat,deepship
3_12,21,/datasets/audio/deepship/train/3/3_12.wav,315.0,345.0,3,train,Tug boat,deepship
3_12,22,/datasets/audio/deepship/train/3/3_12.wav,330.0,360.0,3,train,Tug boat,deepship
3_12,23,/datasets/audio/deepship/train/3/3_12.wav,345.0,375.0,3,train,Tug boat,deepship
3_12,24,/datasets/audio/deepship/train/3/3_12.wav,360.0,390.0,3,train,Tug boat,deepship
3_12,25,/datasets/audio/deepship/train/3/3_12.wav,375.0,405.0,3,train,Tug boat,deepship
3_12,26,/datasets/audio/deepship/train/3/3_12.wav,390.0,420.0,3,train,Tug boat,deepship
3_12,27,/datasets/audio/deepship/train/3/3_12.wav,405.0,435.0,3,train,Tug boat,deepship
3_12,28,/datasets/audio/deepship/train/3/3_12.wav,420.0,450.0,3,train,Tug boat,deepship
3_12,29,/datasets/audio/deepship/train/3/3_12.wav,435.0,465.0,3,train,Tug boat,deepship
3_12,30,/datasets/audio/deepship/train/3/3_12.wav,450.0,480.0,3,train,Tug boat,deepship
3_12,31,/datasets/audio/deepship/train/3/3_12.wav,465.0,495.0,3,train,Tug boat,deepship
3_12,32,/datasets/audio/deepship/train/3/3_12.wav,480.0,510.0,3,train,Tug boat,deepship
3_12,33,/datasets/audio/deepship/train/3/3_12.wav,495.0,525.0,3,train,Tug boat,deepship
3_12,34,/datasets/audio/deepship/train/3/3_12.wav,510.0,540.0,3,train,Tug boat,deepship
3_12,35,/datasets/audio/deepship/train/3/3_12.wav,525.0,555.0,3,train,Tug boat,deepship
3_12,36,/datasets/audio/deepship/train/3/3_12.wav,540.0,570.0,3,train,Tug boat,deepship
3_12,37,/datasets/audio/deepship/train/3/3_12.wav,555.0,585.0,3,train,Tug boat,deepship
3_12,38,/datasets/audio/deepship/train/3/3_12.wav,570.0,600.0,3,train,Tug boat,deepship
3_12,39,/datasets/audio/deepship/train/3/3_12.wav,585.0,615.0,3,train,Tug boat,deepship
3_12,40,/datasets/audio/deepship/train/3/3_12.wav,600.0,630.0,3,train,Tug boat,deepship
3_12,41,/datasets/audio/deepship/train/3/3_12.wav,615.0,645.0,3,train,Tug boat,deepship
3_12,42,/datasets/audio/deepship/train/3/3_12.wav,630.0,660.0,3,train,Tug boat,deepship
3_12,43,/datasets/audio/deepship/train/3/3_12.wav,645.0,675.0,3,train,Tug boat,deepship
3_12,44,/datasets/audio/deepship/train/3/3_12.wav,660.0,690.0,3,train,Tug boat,deepship
3_12,45,/datasets/audio/deepship/train/3/3_12.wav,675.0,705.0,3,train,Tug boat,deepship
3_12,46,/datasets/audio/deepship/train/3/3_12.wav,690.0,720.0,3,train,Tug boat,deepship
3_12,47,/datasets/audio/deepship/train/3/3_12.wav,705.0,735.0,3,train,Tug boat,deepship
3_12,48,/datasets/audio/deepship/train/3/3_12.wav,720.0,750.0,3,train,Tug boat,deepship
3_12,49,/datasets/audio/deepship/train/3/3_12.wav,735.0,765.0,3,train,Tug boat,deepship
3_12,50,/datasets/audio/deepship/train/3/3_12.wav,750.0,780.0,3,train,Tug boat,deepship
3_12,51,/datasets/audio/deepship/train/3/3_12.wav,765.0,795.0,3,train,Tug boat,deepship
3_12,52,/datasets/audio/deepship/train/3/3_12.wav,780.0,810.0,3,train,Tug boat,deepship
3_12,53,/datasets/audio/deepship/train/3/3_12.wav,795.0,825.0,3,train,Tug boat,deepship
3_12,54,/datasets/audio/deepship/train/3/3_12.wav,810.0,840.0,3,train,Tug boat,deepship
3_12,55,/datasets/audio/deepship/train/3/3_12.wav,825.0,855.0,3,train,Tug boat,deepship
3_12,56,/datasets/audio/deepship/train/3/3_12.wav,840.0,870.0,3,train,Tug boat,deepship
3_12,57,/datasets/audio/deepship/train/3/3_12.wav,855.0,885.0,3,train,Tug boat,deepship
3_12,58,/datasets/audio/deepship/train/3/3_12.wav,870.0,900.0,3,train,Tug boat,deepship
3_12,59,/datasets/audio/deepship/train/3/3_12.wav,885.0,915.0,3,train,Tug boat,deepship
3_12,60,/datasets/audio/deepship/train/3/3_12.wav,900.0,930.0,3,train,Tug boat,deepship
3_12,61,/datasets/audio/deepship/train/3/3_12.wav,901.0,931.0,3,train,Tug boat,deepship
3_13,0,/datasets/audio/deepship/train/3/3_13.wav,0.0,30.0,3,train,Tug boat,deepship
3_13,1,/datasets/audio/deepship/train/3/3_13.wav,15.0,45.0,3,train,Tug boat,deepship
3_13,2,/datasets/audio/deepship/train/3/3_13.wav,30.0,60.0,3,train,Tug boat,deepship
3_13,3,/datasets/audio/deepship/train/3/3_13.wav,45.0,75.0,3,train,Tug boat,deepship
3_13,4,/datasets/audio/deepship/train/3/3_13.wav,60.0,90.0,3,train,Tug boat,deepship
3_13,5,/datasets/audio/deepship/train/3/3_13.wav,75.0,105.0,3,train,Tug boat,deepship
3_13,6,/datasets/audio/deepship/train/3/3_13.wav,90.0,120.0,3,train,Tug boat,deepship
3_13,7,/datasets/audio/deepship/train/3/3_13.wav,105.0,135.0,3,train,Tug boat,deepship
3_13,8,/datasets/audio/deepship/train/3/3_13.wav,120.0,150.0,3,train,Tug boat,deepship
3_13,9,/datasets/audio/deepship/train/3/3_13.wav,135.0,165.0,3,train,Tug boat,deepship
3_13,10,/datasets/audio/deepship/train/3/3_13.wav,150.0,180.0,3,train,Tug boat,deepship
3_13,11,/datasets/audio/deepship/train/3/3_13.wav,165.0,195.0,3,train,Tug boat,deepship
3_13,12,/datasets/audio/deepship/train/3/3_13.wav,180.0,210.0,3,train,Tug boat,deepship
3_13,13,/datasets/audio/deepship/train/3/3_13.wav,195.0,225.0,3,train,Tug boat,deepship
3_13,14,/datasets/audio/deepship/train/3/3_13.wav,210.0,240.0,3,train,Tug boat,deepship
3_13,15,/datasets/audio/deepship/train/3/3_13.wav,225.0,255.0,3,train,Tug boat,deepship
3_13,16,/datasets/audio/deepship/train/3/3_13.wav,240.0,270.0,3,train,Tug boat,deepship
3_13,17,/datasets/audio/deepship/train/3/3_13.wav,255.0,285.0,3,train,Tug boat,deepship
3_13,18,/datasets/audio/deepship/train/3/3_13.wav,270.0,300.0,3,train,Tug boat,deepship
3_13,19,/datasets/audio/deepship/train/3/3_13.wav,285.0,315.0,3,train,Tug boat,deepship
3_13,20,/datasets/audio/deepship/train/3/3_13.wav,300.0,330.0,3,train,Tug boat,deepship
3_13,21,/datasets/audio/deepship/train/3/3_13.wav,315.0,345.0,3,train,Tug boat,deepship
3_13,22,/datasets/audio/deepship/train/3/3_13.wav,330.0,360.0,3,train,Tug boat,deepship
3_13,23,/datasets/audio/deepship/train/3/3_13.wav,345.0,375.0,3,train,Tug boat,deepship
3_13,24,/datasets/audio/deepship/train/3/3_13.wav,360.0,390.0,3,train,Tug boat,deepship
3_13,25,/datasets/audio/deepship/train/3/3_13.wav,375.0,405.0,3,train,Tug boat,deepship
3_13,26,/datasets/audio/deepship/train/3/3_13.wav,390.0,420.0,3,train,Tug boat,deepship
3_13,27,/datasets/audio/deepship/train/3/3_13.wav,405.0,435.0,3,train,Tug boat,deepship
3_13,28,/datasets/audio/deepship/train/3/3_13.wav,420.0,450.0,3,train,Tug boat,deepship
3_13,29,/datasets/audio/deepship/train/3/3_13.wav,435.0,465.0,3,train,Tug boat,deepship
3_13,30,/datasets/audio/deepship/train/3/3_13.wav,450.0,480.0,3,train,Tug boat,deepship
3_13,31,/datasets/audio/deepship/train/3/3_13.wav,465.0,495.0,3,train,Tug boat,deepship
3_13,32,/datasets/audio/deepship/train/3/3_13.wav,480.0,510.0,3,train,Tug boat,deepship
3_13,33,/datasets/audio/deepship/train/3/3_13.wav,495.0,525.0,3,train,Tug boat,deepship
3_13,34,/datasets/audio/deepship/train/3/3_13.wav,510.0,540.0,3,train,Tug boat,deepship
3_13,35,/datasets/audio/deepship/train/3/3_13.wav,525.0,555.0,3,train,Tug boat,deepship
3_13,36,/datasets/audio/deepship/train/3/3_13.wav,540.0,570.0,3,train,Tug boat,deepship
3_13,37,/datasets/audio/deepship/train/3/3_13.wav,555.0,585.0,3,train,Tug boat,deepship
3_13,38,/datasets/audio/deepship/train/3/3_13.wav,570.0,600.0,3,train,Tug boat,deepship
3_13,39,/datasets/audio/deepship/train/3/3_13.wav,585.0,615.0,3,train,Tug boat,deepship
3_13,40,/datasets/audio/deepship/train/3/3_13.wav,600.0,630.0,3,train,Tug boat,deepship
3_13,41,/datasets/audio/deepship/train/3/3_13.wav,615.0,645.0,3,train,Tug boat,deepship
3_13,42,/datasets/audio/deepship/train/3/3_13.wav,623.0,653.0,3,train,Tug boat,deepship
3_14,0,/datasets/audio/deepship/train/3/3_14.wav,0.0,30.0,3,train,Tug boat,deepship
3_14,1,/datasets/audio/deepship/train/3/3_14.wav,15.0,45.0,3,train,Tug boat,deepship
3_14,2,/datasets/audio/deepship/train/3/3_14.wav,30.0,60.0,3,train,Tug boat,deepship
3_14,3,/datasets/audio/deepship/train/3/3_14.wav,45.0,75.0,3,train,Tug boat,deepship
3_14,4,/datasets/audio/deepship/train/3/3_14.wav,60.0,90.0,3,train,Tug boat,deepship
3_14,5,/datasets/audio/deepship/train/3/3_14.wav,75.0,105.0,3,train,Tug boat,deepship
3_14,6,/datasets/audio/deepship/train/3/3_14.wav,90.0,120.0,3,train,Tug boat,deepship
3_14,7,/datasets/audio/deepship/train/3/3_14.wav,105.0,135.0,3,train,Tug boat,deepship
3_14,8,/datasets/audio/deepship/train/3/3_14.wav,120.0,150.0,3,train,Tug boat,deepship
3_14,9,/datasets/audio/deepship/train/3/3_14.wav,135.0,165.0,3,train,Tug boat,deepship
3_14,10,/datasets/audio/deepship/train/3/3_14.wav,150.0,180.0,3,train,Tug boat,deepship
3_14,11,/datasets/audio/deepship/train/3/3_14.wav,165.0,195.0,3,train,Tug boat,deepship
3_14,12,/datasets/audio/deepship/train/3/3_14.wav,180.0,210.0,3,train,Tug boat,deepship
3_14,13,/datasets/audio/deepship/train/3/3_14.wav,195.0,225.0,3,train,Tug boat,deepship
3_14,14,/datasets/audio/deepship/train/3/3_14.wav,210.0,240.0,3,train,Tug boat,deepship
3_14,15,/datasets/audio/deepship/train/3/3_14.wav,225.0,255.0,3,train,Tug boat,deepship
3_14,16,/datasets/audio/deepship/train/3/3_14.wav,240.0,270.0,3,train,Tug boat,deepship
3_14,17,/datasets/audio/deepship/train/3/3_14.wav,255.0,285.0,3,train,Tug boat,deepship
3_14,18,/datasets/audio/deepship/train/3/3_14.wav,270.0,300.0,3,train,Tug boat,deepship
3_14,19,/datasets/audio/deepship/train/3/3_14.wav,285.0,315.0,3,train,Tug boat,deepship
3_14,20,/datasets/audio/deepship/train/3/3_14.wav,300.0,330.0,3,train,Tug boat,deepship
3_14,21,/datasets/audio/deepship/train/3/3_14.wav,315.0,345.0,3,train,Tug boat,deepship
3_14,22,/datasets/audio/deepship/train/3/3_14.wav,330.0,360.0,3,train,Tug boat,deepship
3_14,23,/datasets/audio/deepship/train/3/3_14.wav,345.0,375.0,3,train,Tug boat,deepship
3_14,24,/datasets/audio/deepship/train/3/3_14.wav,360.0,390.0,3,train,Tug boat,deepship
3_14,25,/datasets/audio/deepship/train/3/3_14.wav,375.0,405.0,3,train,Tug boat,deepship
3_14,26,/datasets/audio/deepship/train/3/3_14.wav,390.0,420.0,3,train,Tug boat,deepship
3_14,27,/datasets/audio/deepship/train/3/3_14.wav,405.0,435.0,3,train,Tug boat,deepship
3_14,28,/datasets/audio/deepship/train/3/3_14.wav,420.0,450.0,3,train,Tug boat,deepship
3_14,29,/datasets/audio/deepship/train/3/3_14.wav,435.0,465.0,3,train,Tug boat,deepship
3_14,30,/datasets/audio/deepship/train/3/3_14.wav,450.0,480.0,3,train,Tug boat,deepship
3_14,31,/datasets/audio/deepship/train/3/3_14.wav,465.0,495.0,3,train,Tug boat,deepship
3_14,32,/datasets/audio/deepship/train/3/3_14.wav,480.0,510.0,3,train,Tug boat,deepship
3_14,33,/datasets/audio/deepship/train/3/3_14.wav,495.0,525.0,3,train,Tug boat,deepship
3_14,34,/datasets/audio/deepship/train/3/3_14.wav,510.0,540.0,3,train,Tug boat,deepship
3_14,35,/datasets/audio/deepship/train/3/3_14.wav,525.0,555.0,3,train,Tug boat,deepship
3_14,36,/datasets/audio/deepship/train/3/3_14.wav,540.0,570.0,3,train,Tug boat,deepship
3_14,37,/datasets/audio/deepship/train/3/3_14.wav,555.0,585.0,3,train,Tug boat,deepship
3_14,38,/datasets/audio/deepship/train/3/3_14.wav,570.0,600.0,3,train,Tug boat,deepship
3_14,39,/datasets/audio/deepship/train/3/3_14.wav,585.0,615.0,3,train,Tug boat,deepship
3_14,40,/datasets/audio/deepship/train/3/3_14.wav,600.0,630.0,3,train,Tug boat,deepship
3_14,41,/datasets/audio/deepship/train/3/3_14.wav,615.0,645.0,3,train,Tug boat,deepship
3_14,42,/datasets/audio/deepship/train/3/3_14.wav,630.0,660.0,3,train,Tug boat,deepship
3_14,43,/datasets/audio/deepship/train/3/3_14.wav,645.0,675.0,3,train,Tug boat,deepship
3_14,44,/datasets/audio/deepship/train/3/3_14.wav,660.0,690.0,3,train,Tug boat,deepship
3_14,45,/datasets/audio/deepship/train/3/3_14.wav,675.0,705.0,3,train,Tug boat,deepship
3_14,46,/datasets/audio/deepship/train/3/3_14.wav,690.0,720.0,3,train,Tug boat,deepship
3_14,47,/datasets/audio/deepship/train/3/3_14.wav,705.0,735.0,3,train,Tug boat,deepship
3_14,48,/datasets/audio/deepship/train/3/3_14.wav,720.0,750.0,3,train,Tug boat,deepship
3_14,49,/datasets/audio/deepship/train/3/3_14.wav,735.0,765.0,3,train,Tug boat,deepship
3_14,50,/datasets/audio/deepship/train/3/3_14.wav,750.0,780.0,3,train,Tug boat,deepship
3_14,51,/datasets/audio/deepship/train/3/3_14.wav,765.0,795.0,3,train,Tug boat,deepship
3_14,52,/datasets/audio/deepship/train/3/3_14.wav,780.0,810.0,3,train,Tug boat,deepship
3_14,53,/datasets/audio/deepship/train/3/3_14.wav,783.0,813.0,3,train,Tug boat,deepship
3_15,0,/datasets/audio/deepship/train/3/3_15.wav,0.0,30.0,3,train,Tug boat,deepship
3_15,1,/datasets/audio/deepship/train/3/3_15.wav,15.0,45.0,3,train,Tug boat,deepship
3_15,2,/datasets/audio/deepship/train/3/3_15.wav,30.0,60.0,3,train,Tug boat,deepship
3_15,3,/datasets/audio/deepship/train/3/3_15.wav,45.0,75.0,3,train,Tug boat,deepship
3_15,4,/datasets/audio/deepship/train/3/3_15.wav,60.0,90.0,3,train,Tug boat,deepship
3_15,5,/datasets/audio/deepship/train/3/3_15.wav,75.0,105.0,3,train,Tug boat,deepship
3_15,6,/datasets/audio/deepship/train/3/3_15.wav,90.0,120.0,3,train,Tug boat,deepship
3_15,7,/datasets/audio/deepship/train/3/3_15.wav,105.0,135.0,3,train,Tug boat,deepship
3_15,8,/datasets/audio/deepship/train/3/3_15.wav,120.0,150.0,3,train,Tug boat,deepship
3_15,9,/datasets/audio/deepship/train/3/3_15.wav,135.0,165.0,3,train,Tug boat,deepship
3_15,10,/datasets/audio/deepship/train/3/3_15.wav,150.0,180.0,3,train,Tug boat,deepship
3_15,11,/datasets/audio/deepship/train/3/3_15.wav,165.0,195.0,3,train,Tug boat,deepship
3_15,12,/datasets/audio/deepship/train/3/3_15.wav,180.0,210.0,3,train,Tug boat,deepship
3_15,13,/datasets/audio/deepship/train/3/3_15.wav,195.0,225.0,3,train,Tug boat,deepship
3_15,14,/datasets/audio/deepship/train/3/3_15.wav,210.0,240.0,3,train,Tug boat,deepship
3_15,15,/datasets/audio/deepship/train/3/3_15.wav,225.0,255.0,3,train,Tug boat,deepship
3_15,16,/datasets/audio/deepship/train/3/3_15.wav,240.0,270.0,3,train,Tug boat,deepship
3_15,17,/datasets/audio/deepship/train/3/3_15.wav,255.0,285.0,3,train,Tug boat,deepship
3_15,18,/datasets/audio/deepship/train/3/3_15.wav,270.0,300.0,3,train,Tug boat,deepship
3_15,19,/datasets/audio/deepship/train/3/3_15.wav,285.0,315.0,3,train,Tug boat,deepship
3_15,20,/datasets/audio/deepship/train/3/3_15.wav,300.0,330.0,3,train,Tug boat,deepship
3_15,21,/datasets/audio/deepship/train/3/3_15.wav,315.0,345.0,3,train,Tug boat,deepship
3_15,22,/datasets/audio/deepship/train/3/3_15.wav,330.0,360.0,3,train,Tug boat,deepship
3_15,23,/datasets/audio/deepship/train/3/3_15.wav,345.0,375.0,3,train,Tug boat,deepship
3_15,24,/datasets/audio/deepship/train/3/3_15.wav,360.0,390.0,3,train,Tug boat,deepship
3_15,25,/datasets/audio/deepship/train/3/3_15.wav,370.0,400.0,3,train,Tug boat,deepship
3_16,0,/datasets/audio/deepship/train/3/3_16.wav,0.0,30.0,3,train,Tug boat,deepship
3_16,1,/datasets/audio/deepship/train/3/3_16.wav,15.0,45.0,3,train,Tug boat,deepship
3_16,2,/datasets/audio/deepship/train/3/3_16.wav,30.0,60.0,3,train,Tug boat,deepship
3_16,3,/datasets/audio/deepship/train/3/3_16.wav,45.0,75.0,3,train,Tug boat,deepship
3_16,4,/datasets/audio/deepship/train/3/3_16.wav,60.0,90.0,3,train,Tug boat,deepship
3_16,5,/datasets/audio/deepship/train/3/3_16.wav,75.0,105.0,3,train,Tug boat,deepship
3_16,6,/datasets/audio/deepship/train/3/3_16.wav,90.0,120.0,3,train,Tug boat,deepship
3_16,7,/datasets/audio/deepship/train/3/3_16.wav,105.0,135.0,3,train,Tug boat,deepship
3_16,8,/datasets/audio/deepship/train/3/3_16.wav,120.0,150.0,3,train,Tug boat,deepship
3_16,9,/datasets/audio/deepship/train/3/3_16.wav,135.0,165.0,3,train,Tug boat,deepship
3_16,10,/datasets/audio/deepship/train/3/3_16.wav,150.0,180.0,3,train,Tug boat,deepship
3_16,11,/datasets/audio/deepship/train/3/3_16.wav,165.0,195.0,3,train,Tug boat,deepship
3_16,12,/datasets/audio/deepship/train/3/3_16.wav,180.0,210.0,3,train,Tug boat,deepship
3_16,13,/datasets/audio/deepship/train/3/3_16.wav,195.0,225.0,3,train,Tug boat,deepship
3_16,14,/datasets/audio/deepship/train/3/3_16.wav,210.0,240.0,3,train,Tug boat,deepship
3_16,15,/datasets/audio/deepship/train/3/3_16.wav,225.0,255.0,3,train,Tug boat,deepship
3_16,16,/datasets/audio/deepship/train/3/3_16.wav,240.0,270.0,3,train,Tug boat,deepship
3_16,17,/datasets/audio/deepship/train/3/3_16.wav,255.0,285.0,3,train,Tug boat,deepship
3_16,18,/datasets/audio/deepship/train/3/3_16.wav,270.0,300.0,3,train,Tug boat,deepship
3_16,19,/datasets/audio/deepship/train/3/3_16.wav,285.0,315.0,3,train,Tug boat,deepship
3_16,20,/datasets/audio/deepship/train/3/3_16.wav,300.0,330.0,3,train,Tug boat,deepship
3_16,21,/datasets/audio/deepship/train/3/3_16.wav,315.0,345.0,3,train,Tug boat,deepship
3_16,22,/datasets/audio/deepship/train/3/3_16.wav,330.0,360.0,3,train,Tug boat,deepship
3_16,23,/datasets/audio/deepship/train/3/3_16.wav,345.0,375.0,3,train,Tug boat,deepship
3_16,24,/datasets/audio/deepship/train/3/3_16.wav,360.0,390.0,3,train,Tug boat,deepship
3_16,25,/datasets/audio/deepship/train/3/3_16.wav,375.0,405.0,3,train,Tug boat,deepship
3_16,26,/datasets/audio/deepship/train/3/3_16.wav,390.0,420.0,3,train,Tug boat,deepship
3_16,27,/datasets/audio/deepship/train/3/3_16.wav,405.0,435.0,3,train,Tug boat,deepship
3_16,28,/datasets/audio/deepship/train/3/3_16.wav,420.0,450.0,3,train,Tug boat,deepship
3_16,29,/datasets/audio/deepship/train/3/3_16.wav,435.0,465.0,3,train,Tug boat,deepship
3_16,30,/datasets/audio/deepship/train/3/3_16.wav,450.0,480.0,3,train,Tug boat,deepship
3_16,31,/datasets/audio/deepship/train/3/3_16.wav,465.0,495.0,3,train,Tug boat,deepship
3_16,32,/datasets/audio/deepship/train/3/3_16.wav,480.0,510.0,3,train,Tug boat,deepship
3_16,33,/datasets/audio/deepship/train/3/3_16.wav,495.0,525.0,3,train,Tug boat,deepship
3_16,34,/datasets/audio/deepship/train/3/3_16.wav,510.0,540.0,3,train,Tug boat,deepship
3_16,35,/datasets/audio/deepship/train/3/3_16.wav,525.0,555.0,3,train,Tug boat,deepship
3_16,36,/datasets/audio/deepship/train/3/3_16.wav,540.0,570.0,3,train,Tug boat,deepship
3_16,37,/datasets/audio/deepship/train/3/3_16.wav,555.0,585.0,3,train,Tug boat,deepship
3_16,38,/datasets/audio/deepship/train/3/3_16.wav,570.0,600.0,3,train,Tug boat,deepship
3_16,39,/datasets/audio/deepship/train/3/3_16.wav,585.0,615.0,3,train,Tug boat,deepship
3_16,40,/datasets/audio/deepship/train/3/3_16.wav,600.0,630.0,3,train,Tug boat,deepship
3_16,41,/datasets/audio/deepship/train/3/3_16.wav,615.0,645.0,3,train,Tug boat,deepship
3_16,42,/datasets/audio/deepship/train/3/3_16.wav,630.0,660.0,3,train,Tug boat,deepship
3_16,43,/datasets/audio/deepship/train/3/3_16.wav,645.0,675.0,3,train,Tug boat,deepship
3_16,44,/datasets/audio/deepship/train/3/3_16.wav,660.0,690.0,3,train,Tug boat,deepship
3_16,45,/datasets/audio/deepship/train/3/3_16.wav,675.0,705.0,3,train,Tug boat,deepship
3_16,46,/datasets/audio/deepship/train/3/3_16.wav,690.0,720.0,3,train,Tug boat,deepship
3_16,47,/datasets/audio/deepship/train/3/3_16.wav,705.0,735.0,3,train,Tug boat,deepship
3_16,48,/datasets/audio/deepship/train/3/3_16.wav,720.0,750.0,3,train,Tug boat,deepship
3_16,49,/datasets/audio/deepship/train/3/3_16.wav,735.0,765.0,3,train,Tug boat,deepship
3_16,50,/datasets/audio/deepship/train/3/3_16.wav,750.0,780.0,3,train,Tug boat,deepship
3_16,51,/datasets/audio/deepship/train/3/3_16.wav,765.0,795.0,3,train,Tug boat,deepship
3_16,52,/datasets/audio/deepship/train/3/3_16.wav,780.0,810.0,3,train,Tug boat,deepship
3_16,53,/datasets/audio/deepship/train/3/3_16.wav,795.0,825.0,3,train,Tug boat,deepship
3_16,54,/datasets/audio/deepship/train/3/3_16.wav,810.0,840.0,3,train,Tug boat,deepship
3_16,55,/datasets/audio/deepship/train/3/3_16.wav,825.0,855.0,3,train,Tug boat,deepship
3_16,56,/datasets/audio/deepship/train/3/3_16.wav,840.0,870.0,3,train,Tug boat,deepship
3_16,57,/datasets/audio/deepship/train/3/3_16.wav,855.0,885.0,3,train,Tug boat,deepship
3_16,58,/datasets/audio/deepship/train/3/3_16.wav,859.0,889.0,3,train,Tug boat,deepship
3_17,0,/datasets/audio/deepship/train/3/3_17.wav,0.0,30.0,3,train,Tug boat,deepship
3_17,1,/datasets/audio/deepship/train/3/3_17.wav,15.0,45.0,3,train,Tug boat,deepship
3_17,2,/datasets/audio/deepship/train/3/3_17.wav,30.0,60.0,3,train,Tug boat,deepship
3_17,3,/datasets/audio/deepship/train/3/3_17.wav,45.0,75.0,3,train,Tug boat,deepship
3_17,4,/datasets/audio/deepship/train/3/3_17.wav,60.0,90.0,3,train,Tug boat,deepship
3_17,5,/datasets/audio/deepship/train/3/3_17.wav,75.0,105.0,3,train,Tug boat,deepship
3_17,6,/datasets/audio/deepship/train/3/3_17.wav,90.0,120.0,3,train,Tug boat,deepship
3_17,7,/datasets/audio/deepship/train/3/3_17.wav,105.0,135.0,3,train,Tug boat,deepship
3_17,8,/datasets/audio/deepship/train/3/3_17.wav,120.0,150.0,3,train,Tug boat,deepship
3_17,9,/datasets/audio/deepship/train/3/3_17.wav,135.0,165.0,3,train,Tug boat,deepship
3_17,10,/datasets/audio/deepship/train/3/3_17.wav,150.0,180.0,3,train,Tug boat,deepship
3_17,11,/datasets/audio/deepship/train/3/3_17.wav,165.0,195.0,3,train,Tug boat,deepship
3_17,12,/datasets/audio/deepship/train/3/3_17.wav,180.0,210.0,3,train,Tug boat,deepship
3_17,13,/datasets/audio/deepship/train/3/3_17.wav,195.0,225.0,3,train,Tug boat,deepship
3_17,14,/datasets/audio/deepship/train/3/3_17.wav,210.0,240.0,3,train,Tug boat,deepship
3_17,15,/datasets/audio/deepship/train/3/3_17.wav,225.0,255.0,3,train,Tug boat,deepship
3_17,16,/datasets/audio/deepship/train/3/3_17.wav,240.0,270.0,3,train,Tug boat,deepship
3_17,17,/datasets/audio/deepship/train/3/3_17.wav,255.0,285.0,3,train,Tug boat,deepship
3_17,18,/datasets/audio/deepship/train/3/3_17.wav,270.0,300.0,3,train,Tug boat,deepship
3_17,19,/datasets/audio/deepship/train/3/3_17.wav,285.0,315.0,3,train,Tug boat,deepship
3_17,20,/datasets/audio/deepship/train/3/3_17.wav,300.0,330.0,3,train,Tug boat,deepship
3_17,21,/datasets/audio/deepship/train/3/3_17.wav,315.0,345.0,3,train,Tug boat,deepship
3_17,22,/datasets/audio/deepship/train/3/3_17.wav,330.0,360.0,3,train,Tug boat,deepship
3_17,23,/datasets/audio/deepship/train/3/3_17.wav,345.0,375.0,3,train,Tug boat,deepship
3_17,24,/datasets/audio/deepship/train/3/3_17.wav,360.0,390.0,3,train,Tug boat,deepship
3_17,25,/datasets/audio/deepship/train/3/3_17.wav,375.0,405.0,3,train,Tug boat,deepship
3_17,26,/datasets/audio/deepship/train/3/3_17.wav,390.0,420.0,3,train,Tug boat,deepship
3_17,27,/datasets/audio/deepship/train/3/3_17.wav,405.0,435.0,3,train,Tug boat,deepship
3_17,28,/datasets/audio/deepship/train/3/3_17.wav,420.0,450.0,3,train,Tug boat,deepship
3_17,29,/datasets/audio/deepship/train/3/3_17.wav,435.0,465.0,3,train,Tug boat,deepship
3_17,30,/datasets/audio/deepship/train/3/3_17.wav,450.0,480.0,3,train,Tug boat,deepship
3_17,31,/datasets/audio/deepship/train/3/3_17.wav,465.0,495.0,3,train,Tug boat,deepship
3_17,32,/datasets/audio/deepship/train/3/3_17.wav,480.0,510.0,3,train,Tug boat,deepship
3_17,33,/datasets/audio/deepship/train/3/3_17.wav,495.0,525.0,3,train,Tug boat,deepship
3_17,34,/datasets/audio/deepship/train/3/3_17.wav,510.0,540.0,3,train,Tug boat,deepship
3_17,35,/datasets/audio/deepship/train/3/3_17.wav,525.0,555.0,3,train,Tug boat,deepship
3_17,36,/datasets/audio/deepship/train/3/3_17.wav,540.0,570.0,3,train,Tug boat,deepship
3_17,37,/datasets/audio/deepship/train/3/3_17.wav,555.0,585.0,3,train,Tug boat,deepship
3_17,38,/datasets/audio/deepship/train/3/3_17.wav,570.0,600.0,3,train,Tug boat,deepship
3_17,39,/datasets/audio/deepship/train/3/3_17.wav,585.0,615.0,3,train,Tug boat,deepship
3_17,40,/datasets/audio/deepship/train/3/3_17.wav,600.0,630.0,3,train,Tug boat,deepship
3_17,41,/datasets/audio/deepship/train/3/3_17.wav,615.0,645.0,3,train,Tug boat,deepship
3_17,42,/datasets/audio/deepship/train/3/3_17.wav,630.0,660.0,3,train,Tug boat,deepship
3_17,43,/datasets/audio/deepship/train/3/3_17.wav,645.0,675.0,3,train,Tug boat,deepship
3_17,44,/datasets/audio/deepship/train/3/3_17.wav,660.0,690.0,3,train,Tug boat,deepship
3_17,45,/datasets/audio/deepship/train/3/3_17.wav,675.0,705.0,3,train,Tug boat,deepship
3_17,46,/datasets/audio/deepship/train/3/3_17.wav,690.0,720.0,3,train,Tug boat,deepship
3_17,47,/datasets/audio/deepship/train/3/3_17.wav,700.0,730.0,3,train,Tug boat,deepship
3_19,0,/datasets/audio/deepship/train/3/3_19.wav,0.0,30.0,3,train,Tug boat,deepship
3_19,1,/datasets/audio/deepship/train/3/3_19.wav,15.0,45.0,3,train,Tug boat,deepship
3_19,2,/datasets/audio/deepship/train/3/3_19.wav,30.0,60.0,3,train,Tug boat,deepship
3_19,3,/datasets/audio/deepship/train/3/3_19.wav,45.0,75.0,3,train,Tug boat,deepship
3_19,4,/datasets/audio/deepship/train/3/3_19.wav,60.0,90.0,3,train,Tug boat,deepship
3_19,5,/datasets/audio/deepship/train/3/3_19.wav,75.0,105.0,3,train,Tug boat,deepship
3_19,6,/datasets/audio/deepship/train/3/3_19.wav,90.0,120.0,3,train,Tug boat,deepship
3_19,7,/datasets/audio/deepship/train/3/3_19.wav,105.0,135.0,3,train,Tug boat,deepship
3_19,8,/datasets/audio/deepship/train/3/3_19.wav,120.0,150.0,3,train,Tug boat,deepship
3_19,9,/datasets/audio/deepship/train/3/3_19.wav,135.0,165.0,3,train,Tug boat,deepship
3_19,10,/datasets/audio/deepship/train/3/3_19.wav,150.0,180.0,3,train,Tug boat,deepship
3_19,11,/datasets/audio/deepship/train/3/3_19.wav,165.0,195.0,3,train,Tug boat,deepship
3_19,12,/datasets/audio/deepship/train/3/3_19.wav,180.0,210.0,3,train,Tug boat,deepship
3_19,13,/datasets/audio/deepship/train/3/3_19.wav,195.0,225.0,3,train,Tug boat,deepship
3_19,14,/datasets/audio/deepship/train/3/3_19.wav,210.0,240.0,3,train,Tug boat,deepship
3_19,15,/datasets/audio/deepship/train/3/3_19.wav,225.0,255.0,3,train,Tug boat,deepship
3_19,16,/datasets/audio/deepship/train/3/3_19.wav,240.0,270.0,3,train,Tug boat,deepship
3_19,17,/datasets/audio/deepship/train/3/3_19.wav,255.0,285.0,3,train,Tug boat,deepship
3_19,18,/datasets/audio/deepship/train/3/3_19.wav,270.0,300.0,3,train,Tug boat,deepship
3_19,19,/datasets/audio/deepship/train/3/3_19.wav,285.0,315.0,3,train,Tug boat,deepship
3_19,20,/datasets/audio/deepship/train/3/3_19.wav,300.0,330.0,3,train,Tug boat,deepship
3_19,21,/datasets/audio/deepship/train/3/3_19.wav,315.0,345.0,3,train,Tug boat,deepship
3_19,22,/datasets/audio/deepship/train/3/3_19.wav,330.0,360.0,3,train,Tug boat,deepship
3_19,23,/datasets/audio/deepship/train/3/3_19.wav,345.0,375.0,3,train,Tug boat,deepship
3_19,24,/datasets/audio/deepship/train/3/3_19.wav,360.0,390.0,3,train,Tug boat,deepship
3_19,25,/datasets/audio/deepship/train/3/3_19.wav,375.0,405.0,3,train,Tug boat,deepship
3_19,26,/datasets/audio/deepship/train/3/3_19.wav,390.0,420.0,3,train,Tug boat,deepship
3_19,27,/datasets/audio/deepship/train/3/3_19.wav,405.0,435.0,3,train,Tug boat,deepship
3_19,28,/datasets/audio/deepship/train/3/3_19.wav,420.0,450.0,3,train,Tug boat,deepship
3_19,29,/datasets/audio/deepship/train/3/3_19.wav,435.0,465.0,3,train,Tug boat,deepship
3_19,30,/datasets/audio/deepship/train/3/3_19.wav,450.0,480.0,3,train,Tug boat,deepship
3_19,31,/datasets/audio/deepship/train/3/3_19.wav,465.0,495.0,3,train,Tug boat,deepship
3_19,32,/datasets/audio/deepship/train/3/3_19.wav,480.0,510.0,3,train,Tug boat,deepship
3_19,33,/datasets/audio/deepship/train/3/3_19.wav,495.0,525.0,3,train,Tug boat,deepship
3_19,34,/datasets/audio/deepship/train/3/3_19.wav,510.0,540.0,3,train,Tug boat,deepship
3_19,35,/datasets/audio/deepship/train/3/3_19.wav,525.0,555.0,3,train,Tug boat,deepship
3_19,36,/datasets/audio/deepship/train/3/3_19.wav,540.0,570.0,3,train,Tug boat,deepship
3_19,37,/datasets/audio/deepship/train/3/3_19.wav,555.0,585.0,3,train,Tug boat,deepship
3_19,38,/datasets/audio/deepship/train/3/3_19.wav,570.0,600.0,3,train,Tug boat,deepship
3_19,39,/datasets/audio/deepship/train/3/3_19.wav,585.0,615.0,3,train,Tug boat,deepship
3_19,40,/datasets/audio/deepship/train/3/3_19.wav,600.0,630.0,3,train,Tug boat,deepship
3_19,41,/datasets/audio/deepship/train/3/3_19.wav,615.0,645.0,3,train,Tug boat,deepship
3_19,42,/datasets/audio/deepship/train/3/3_19.wav,630.0,660.0,3,train,Tug boat,deepship
3_19,43,/datasets/audio/deepship/train/3/3_19.wav,645.0,675.0,3,train,Tug boat,deepship
3_19,44,/datasets/audio/deepship/train/3/3_19.wav,660.0,690.0,3,train,Tug boat,deepship
3_19,45,/datasets/audio/deepship/train/3/3_19.wav,675.0,705.0,3,train,Tug boat,deepship
3_19,46,/datasets/audio/deepship/train/3/3_19.wav,690.0,720.0,3,train,Tug boat,deepship
3_19,47,/datasets/audio/deepship/train/3/3_19.wav,705.0,735.0,3,train,Tug boat,deepship
3_19,48,/datasets/audio/deepship/train/3/3_19.wav,720.0,750.0,3,train,Tug boat,deepship
3_19,49,/datasets/audio/deepship/train/3/3_19.wav,735.0,765.0,3,train,Tug boat,deepship
3_19,50,/datasets/audio/deepship/train/3/3_19.wav,750.0,780.0,3,train,Tug boat,deepship
3_19,51,/datasets/audio/deepship/train/3/3_19.wav,765.0,795.0,3,train,Tug boat,deepship
3_19,52,/datasets/audio/deepship/train/3/3_19.wav,780.0,810.0,3,train,Tug boat,deepship
3_19,53,/datasets/audio/deepship/train/3/3_19.wav,795.0,825.0,3,train,Tug boat,deepship
3_19,54,/datasets/audio/deepship/train/3/3_19.wav,810.0,840.0,3,train,Tug boat,deepship
3_19,55,/datasets/audio/deepship/train/3/3_19.wav,825.0,855.0,3,train,Tug boat,deepship
3_19,56,/datasets/audio/deepship/train/3/3_19.wav,840.0,870.0,3,train,Tug boat,deepship
3_19,57,/datasets/audio/deepship/train/3/3_19.wav,855.0,885.0,3,train,Tug boat,deepship
3_19,58,/datasets/audio/deepship/train/3/3_19.wav,870.0,900.0,3,train,Tug boat,deepship
3_19,59,/datasets/audio/deepship/train/3/3_19.wav,885.0,915.0,3,train,Tug boat,deepship
3_19,60,/datasets/audio/deepship/train/3/3_19.wav,900.0,930.0,3,train,Tug boat,deepship
3_19,61,/datasets/audio/deepship/train/3/3_19.wav,915.0,945.0,3,train,Tug boat,deepship
3_19,62,/datasets/audio/deepship/train/3/3_19.wav,930.0,960.0,3,train,Tug boat,deepship
3_19,63,/datasets/audio/deepship/train/3/3_19.wav,945.0,975.0,3,train,Tug boat,deepship
3_19,64,/datasets/audio/deepship/train/3/3_19.wav,960.0,990.0,3,train,Tug boat,deepship
3_19,65,/datasets/audio/deepship/train/3/3_19.wav,975.0,1005.0,3,train,Tug boat,deepship
3_19,66,/datasets/audio/deepship/train/3/3_19.wav,990.0,1020.0,3,train,Tug boat,deepship
3_19,67,/datasets/audio/deepship/train/3/3_19.wav,1005.0,1035.0,3,train,Tug boat,deepship
3_19,68,/datasets/audio/deepship/train/3/3_19.wav,1020.0,1050.0,3,train,Tug boat,deepship
3_19,69,/datasets/audio/deepship/train/3/3_19.wav,1021.0,1051.0,3,train,Tug boat,deepship
3_2,0,/datasets/audio/deepship/train/3/3_2.wav,0.0,30.0,3,train,Tug boat,deepship
3_2,1,/datasets/audio/deepship/train/3/3_2.wav,15.0,45.0,3,train,Tug boat,deepship
3_2,2,/datasets/audio/deepship/train/3/3_2.wav,30.0,60.0,3,train,Tug boat,deepship
3_2,3,/datasets/audio/deepship/train/3/3_2.wav,45.0,75.0,3,train,Tug boat,deepship
3_2,4,/datasets/audio/deepship/train/3/3_2.wav,60.0,90.0,3,train,Tug boat,deepship
3_2,5,/datasets/audio/deepship/train/3/3_2.wav,75.0,105.0,3,train,Tug boat,deepship
3_2,6,/datasets/audio/deepship/train/3/3_2.wav,90.0,120.0,3,train,Tug boat,deepship
3_2,7,/datasets/audio/deepship/train/3/3_2.wav,105.0,135.0,3,train,Tug boat,deepship
3_2,8,/datasets/audio/deepship/train/3/3_2.wav,120.0,150.0,3,train,Tug boat,deepship
3_2,9,/datasets/audio/deepship/train/3/3_2.wav,135.0,165.0,3,train,Tug boat,deepship
3_2,10,/datasets/audio/deepship/train/3/3_2.wav,150.0,180.0,3,train,Tug boat,deepship
3_2,11,/datasets/audio/deepship/train/3/3_2.wav,165.0,195.0,3,train,Tug boat,deepship
3_2,12,/datasets/audio/deepship/train/3/3_2.wav,180.0,210.0,3,train,Tug boat,deepship
3_2,13,/datasets/audio/deepship/train/3/3_2.wav,195.0,225.0,3,train,Tug boat,deepship
3_2,14,/datasets/audio/deepship/train/3/3_2.wav,210.0,240.0,3,train,Tug boat,deepship
3_2,15,/datasets/audio/deepship/train/3/3_2.wav,225.0,255.0,3,train,Tug boat,deepship
3_2,16,/datasets/audio/deepship/train/3/3_2.wav,240.0,270.0,3,train,Tug boat,deepship
3_2,17,/datasets/audio/deepship/train/3/3_2.wav,255.0,285.0,3,train,Tug boat,deepship
3_2,18,/datasets/audio/deepship/train/3/3_2.wav,270.0,300.0,3,train,Tug boat,deepship
3_2,19,/datasets/audio/deepship/train/3/3_2.wav,285.0,315.0,3,train,Tug boat,deepship
3_2,20,/datasets/audio/deepship/train/3/3_2.wav,300.0,330.0,3,train,Tug boat,deepship
3_2,21,/datasets/audio/deepship/train/3/3_2.wav,315.0,345.0,3,train,Tug boat,deepship
3_2,22,/datasets/audio/deepship/train/3/3_2.wav,330.0,360.0,3,train,Tug boat,deepship
3_2,23,/datasets/audio/deepship/train/3/3_2.wav,345.0,375.0,3,train,Tug boat,deepship
3_2,24,/datasets/audio/deepship/train/3/3_2.wav,360.0,390.0,3,train,Tug boat,deepship
3_2,25,/datasets/audio/deepship/train/3/3_2.wav,375.0,405.0,3,train,Tug boat,deepship
3_2,26,/datasets/audio/deepship/train/3/3_2.wav,390.0,420.0,3,train,Tug boat,deepship
3_2,27,/datasets/audio/deepship/train/3/3_2.wav,405.0,435.0,3,train,Tug boat,deepship
3_2,28,/datasets/audio/deepship/train/3/3_2.wav,420.0,450.0,3,train,Tug boat,deepship
3_2,29,/datasets/audio/deepship/train/3/3_2.wav,435.0,465.0,3,train,Tug boat,deepship
3_2,30,/datasets/audio/deepship/train/3/3_2.wav,450.0,480.0,3,train,Tug boat,deepship
3_2,31,/datasets/audio/deepship/train/3/3_2.wav,465.0,495.0,3,train,Tug boat,deepship
3_2,32,/datasets/audio/deepship/train/3/3_2.wav,480.0,510.0,3,train,Tug boat,deepship
3_2,33,/datasets/audio/deepship/train/3/3_2.wav,495.0,525.0,3,train,Tug boat,deepship
3_2,34,/datasets/audio/deepship/train/3/3_2.wav,510.0,540.0,3,train,Tug boat,deepship
3_2,35,/datasets/audio/deepship/train/3/3_2.wav,525.0,555.0,3,train,Tug boat,deepship
3_2,36,/datasets/audio/deepship/train/3/3_2.wav,540.0,570.0,3,train,Tug boat,deepship
3_2,37,/datasets/audio/deepship/train/3/3_2.wav,555.0,585.0,3,train,Tug boat,deepship
3_2,38,/datasets/audio/deepship/train/3/3_2.wav,570.0,600.0,3,train,Tug boat,deepship
3_2,39,/datasets/audio/deepship/train/3/3_2.wav,585.0,615.0,3,train,Tug boat,deepship
3_2,40,/datasets/audio/deepship/train/3/3_2.wav,600.0,630.0,3,train,Tug boat,deepship
3_2,41,/datasets/audio/deepship/train/3/3_2.wav,615.0,645.0,3,train,Tug boat,deepship
3_2,42,/datasets/audio/deepship/train/3/3_2.wav,630.0,660.0,3,train,Tug boat,deepship
3_2,43,/datasets/audio/deepship/train/3/3_2.wav,645.0,675.0,3,train,Tug boat,deepship
3_2,44,/datasets/audio/deepship/train/3/3_2.wav,660.0,690.0,3,train,Tug boat,deepship
3_2,45,/datasets/audio/deepship/train/3/3_2.wav,675.0,705.0,3,train,Tug boat,deepship
3_2,46,/datasets/audio/deepship/train/3/3_2.wav,690.0,720.0,3,train,Tug boat,deepship
3_2,47,/datasets/audio/deepship/train/3/3_2.wav,705.0,735.0,3,train,Tug boat,deepship
3_2,48,/datasets/audio/deepship/train/3/3_2.wav,720.0,750.0,3,train,Tug boat,deepship
3_2,49,/datasets/audio/deepship/train/3/3_2.wav,735.0,765.0,3,train,Tug boat,deepship
3_2,50,/datasets/audio/deepship/train/3/3_2.wav,750.0,780.0,3,train,Tug boat,deepship
3_2,51,/datasets/audio/deepship/train/3/3_2.wav,765.0,795.0,3,train,Tug boat,deepship
3_2,52,/datasets/audio/deepship/train/3/3_2.wav,780.0,810.0,3,train,Tug boat,deepship
3_2,53,/datasets/audio/deepship/train/3/3_2.wav,795.0,825.0,3,train,Tug boat,deepship
3_2,54,/datasets/audio/deepship/train/3/3_2.wav,810.0,840.0,3,train,Tug boat,deepship
3_2,55,/datasets/audio/deepship/train/3/3_2.wav,825.0,855.0,3,train,Tug boat,deepship
3_2,56,/datasets/audio/deepship/train/3/3_2.wav,840.0,870.0,3,train,Tug boat,deepship
3_2,57,/datasets/audio/deepship/train/3/3_2.wav,855.0,885.0,3,train,Tug boat,deepship
3_2,58,/datasets/audio/deepship/train/3/3_2.wav,870.0,900.0,3,train,Tug boat,deepship
3_2,59,/datasets/audio/deepship/train/3/3_2.wav,885.0,915.0,3,train,Tug boat,deepship
3_2,60,/datasets/audio/deepship/train/3/3_2.wav,900.0,930.0,3,train,Tug boat,deepship
3_2,61,/datasets/audio/deepship/train/3/3_2.wav,915.0,945.0,3,train,Tug boat,deepship
3_2,62,/datasets/audio/deepship/train/3/3_2.wav,930.0,960.0,3,train,Tug boat,deepship
3_2,63,/datasets/audio/deepship/train/3/3_2.wav,945.0,975.0,3,train,Tug boat,deepship
3_2,64,/datasets/audio/deepship/train/3/3_2.wav,960.0,990.0,3,train,Tug boat,deepship
3_2,65,/datasets/audio/deepship/train/3/3_2.wav,975.0,1005.0,3,train,Tug boat,deepship
3_2,66,/datasets/audio/deepship/train/3/3_2.wav,990.0,1020.0,3,train,Tug boat,deepship
3_2,67,/datasets/audio/deepship/train/3/3_2.wav,1005.0,1035.0,3,train,Tug boat,deepship
3_2,68,/datasets/audio/deepship/train/3/3_2.wav,1020.0,1050.0,3,train,Tug boat,deepship
3_2,69,/datasets/audio/deepship/train/3/3_2.wav,1035.0,1065.0,3,train,Tug boat,deepship
3_2,70,/datasets/audio/deepship/train/3/3_2.wav,1050.0,1080.0,3,train,Tug boat,deepship
3_2,71,/datasets/audio/deepship/train/3/3_2.wav,1065.0,1095.0,3,train,Tug boat,deepship
3_2,72,/datasets/audio/deepship/train/3/3_2.wav,1080.0,1110.0,3,train,Tug boat,deepship
3_2,73,/datasets/audio/deepship/train/3/3_2.wav,1095.0,1125.0,3,train,Tug boat,deepship
3_2,74,/datasets/audio/deepship/train/3/3_2.wav,1110.0,1140.0,3,train,Tug boat,deepship
3_2,75,/datasets/audio/deepship/train/3/3_2.wav,1117.0,1147.0,3,train,Tug boat,deepship
3_22,0,/datasets/audio/deepship/train/3/3_22.wav,0.0,30.0,3,train,Tug boat,deepship
3_22,1,/datasets/audio/deepship/train/3/3_22.wav,15.0,45.0,3,train,Tug boat,deepship
3_22,2,/datasets/audio/deepship/train/3/3_22.wav,30.0,60.0,3,train,Tug boat,deepship
3_22,3,/datasets/audio/deepship/train/3/3_22.wav,45.0,75.0,3,train,Tug boat,deepship
3_22,4,/datasets/audio/deepship/train/3/3_22.wav,60.0,90.0,3,train,Tug boat,deepship
3_22,5,/datasets/audio/deepship/train/3/3_22.wav,75.0,105.0,3,train,Tug boat,deepship
3_22,6,/datasets/audio/deepship/train/3/3_22.wav,90.0,120.0,3,train,Tug boat,deepship
3_22,7,/datasets/audio/deepship/train/3/3_22.wav,105.0,135.0,3,train,Tug boat,deepship
3_22,8,/datasets/audio/deepship/train/3/3_22.wav,120.0,150.0,3,train,Tug boat,deepship
3_22,9,/datasets/audio/deepship/train/3/3_22.wav,135.0,165.0,3,train,Tug boat,deepship
3_22,10,/datasets/audio/deepship/train/3/3_22.wav,150.0,180.0,3,train,Tug boat,deepship
3_22,11,/datasets/audio/deepship/train/3/3_22.wav,165.0,195.0,3,train,Tug boat,deepship
3_22,12,/datasets/audio/deepship/train/3/3_22.wav,180.0,210.0,3,train,Tug boat,deepship
3_22,13,/datasets/audio/deepship/train/3/3_22.wav,195.0,225.0,3,train,Tug boat,deepship
3_22,14,/datasets/audio/deepship/train/3/3_22.wav,210.0,240.0,3,train,Tug boat,deepship
3_22,15,/datasets/audio/deepship/train/3/3_22.wav,225.0,255.0,3,train,Tug boat,deepship
3_22,16,/datasets/audio/deepship/train/3/3_22.wav,240.0,270.0,3,train,Tug boat,deepship
3_22,17,/datasets/audio/deepship/train/3/3_22.wav,255.0,285.0,3,train,Tug boat,deepship
3_22,18,/datasets/audio/deepship/train/3/3_22.wav,270.0,300.0,3,train,Tug boat,deepship
3_22,19,/datasets/audio/deepship/train/3/3_22.wav,285.0,315.0,3,train,Tug boat,deepship
3_22,20,/datasets/audio/deepship/train/3/3_22.wav,300.0,330.0,3,train,Tug boat,deepship
3_22,21,/datasets/audio/deepship/train/3/3_22.wav,315.0,345.0,3,train,Tug boat,deepship
3_22,22,/datasets/audio/deepship/train/3/3_22.wav,330.0,360.0,3,train,Tug boat,deepship
3_22,23,/datasets/audio/deepship/train/3/3_22.wav,345.0,375.0,3,train,Tug boat,deepship
3_22,24,/datasets/audio/deepship/train/3/3_22.wav,360.0,390.0,3,train,Tug boat,deepship
3_22,25,/datasets/audio/deepship/train/3/3_22.wav,375.0,405.0,3,train,Tug boat,deepship
3_22,26,/datasets/audio/deepship/train/3/3_22.wav,390.0,420.0,3,train,Tug boat,deepship
3_22,27,/datasets/audio/deepship/train/3/3_22.wav,405.0,435.0,3,train,Tug boat,deepship
3_22,28,/datasets/audio/deepship/train/3/3_22.wav,420.0,450.0,3,train,Tug boat,deepship
3_22,29,/datasets/audio/deepship/train/3/3_22.wav,435.0,465.0,3,train,Tug boat,deepship
3_22,30,/datasets/audio/deepship/train/3/3_22.wav,450.0,480.0,3,train,Tug boat,deepship
3_22,31,/datasets/audio/deepship/train/3/3_22.wav,465.0,495.0,3,train,Tug boat,deepship
3_22,32,/datasets/audio/deepship/train/3/3_22.wav,480.0,510.0,3,train,Tug boat,deepship
3_22,33,/datasets/audio/deepship/train/3/3_22.wav,495.0,525.0,3,train,Tug boat,deepship
3_22,34,/datasets/audio/deepship/train/3/3_22.wav,510.0,540.0,3,train,Tug boat,deepship
3_22,35,/datasets/audio/deepship/train/3/3_22.wav,525.0,555.0,3,train,Tug boat,deepship
3_22,36,/datasets/audio/deepship/train/3/3_22.wav,540.0,570.0,3,train,Tug boat,deepship
3_22,37,/datasets/audio/deepship/train/3/3_22.wav,555.0,585.0,3,train,Tug boat,deepship
3_22,38,/datasets/audio/deepship/train/3/3_22.wav,570.0,600.0,3,train,Tug boat,deepship
3_22,39,/datasets/audio/deepship/train/3/3_22.wav,585.0,615.0,3,train,Tug boat,deepship
3_22,40,/datasets/audio/deepship/train/3/3_22.wav,600.0,630.0,3,train,Tug boat,deepship
3_23,0,/datasets/audio/deepship/train/3/3_23.wav,0.0,30.0,3,train,Tug boat,deepship
3_23,1,/datasets/audio/deepship/train/3/3_23.wav,15.0,45.0,3,train,Tug boat,deepship
3_23,2,/datasets/audio/deepship/train/3/3_23.wav,30.0,60.0,3,train,Tug boat,deepship
3_23,3,/datasets/audio/deepship/train/3/3_23.wav,45.0,75.0,3,train,Tug boat,deepship
3_23,4,/datasets/audio/deepship/train/3/3_23.wav,60.0,90.0,3,train,Tug boat,deepship
3_23,5,/datasets/audio/deepship/train/3/3_23.wav,75.0,105.0,3,train,Tug boat,deepship
3_23,6,/datasets/audio/deepship/train/3/3_23.wav,90.0,120.0,3,train,Tug boat,deepship
3_23,7,/datasets/audio/deepship/train/3/3_23.wav,105.0,135.0,3,train,Tug boat,deepship
3_23,8,/datasets/audio/deepship/train/3/3_23.wav,120.0,150.0,3,train,Tug boat,deepship
3_23,9,/datasets/audio/deepship/train/3/3_23.wav,135.0,165.0,3,train,Tug boat,deepship
3_23,10,/datasets/audio/deepship/train/3/3_23.wav,150.0,180.0,3,train,Tug boat,deepship
3_23,11,/datasets/audio/deepship/train/3/3_23.wav,165.0,195.0,3,train,Tug boat,deepship
3_23,12,/datasets/audio/deepship/train/3/3_23.wav,180.0,210.0,3,train,Tug boat,deepship
3_23,13,/datasets/audio/deepship/train/3/3_23.wav,195.0,225.0,3,train,Tug boat,deepship
3_23,14,/datasets/audio/deepship/train/3/3_23.wav,210.0,240.0,3,train,Tug boat,deepship
3_23,15,/datasets/audio/deepship/train/3/3_23.wav,225.0,255.0,3,train,Tug boat,deepship
3_23,16,/datasets/audio/deepship/train/3/3_23.wav,240.0,270.0,3,train,Tug boat,deepship
3_23,17,/datasets/audio/deepship/train/3/3_23.wav,255.0,285.0,3,train,Tug boat,deepship
3_23,18,/datasets/audio/deepship/train/3/3_23.wav,260.0,290.0,3,train,Tug boat,deepship
3_26,0,/datasets/audio/deepship/train/3/3_26.wav,0.0,30.0,3,train,Tug boat,deepship
3_26,1,/datasets/audio/deepship/train/3/3_26.wav,15.0,45.0,3,train,Tug boat,deepship
3_26,2,/datasets/audio/deepship/train/3/3_26.wav,30.0,60.0,3,train,Tug boat,deepship
3_26,3,/datasets/audio/deepship/train/3/3_26.wav,45.0,75.0,3,train,Tug boat,deepship
3_26,4,/datasets/audio/deepship/train/3/3_26.wav,60.0,90.0,3,train,Tug boat,deepship
3_26,5,/datasets/audio/deepship/train/3/3_26.wav,75.0,105.0,3,train,Tug boat,deepship
3_26,6,/datasets/audio/deepship/train/3/3_26.wav,90.0,120.0,3,train,Tug boat,deepship
3_26,7,/datasets/audio/deepship/train/3/3_26.wav,105.0,135.0,3,train,Tug boat,deepship
3_26,8,/datasets/audio/deepship/train/3/3_26.wav,120.0,150.0,3,train,Tug boat,deepship
3_26,9,/datasets/audio/deepship/train/3/3_26.wav,135.0,165.0,3,train,Tug boat,deepship
3_26,10,/datasets/audio/deepship/train/3/3_26.wav,150.0,180.0,3,train,Tug boat,deepship
3_26,11,/datasets/audio/deepship/train/3/3_26.wav,165.0,195.0,3,train,Tug boat,deepship
3_26,12,/datasets/audio/deepship/train/3/3_26.wav,180.0,210.0,3,train,Tug boat,deepship
3_26,13,/datasets/audio/deepship/train/3/3_26.wav,195.0,225.0,3,train,Tug boat,deepship
3_26,14,/datasets/audio/deepship/train/3/3_26.wav,210.0,240.0,3,train,Tug boat,deepship
3_26,15,/datasets/audio/deepship/train/3/3_26.wav,225.0,255.0,3,train,Tug boat,deepship
3_26,16,/datasets/audio/deepship/train/3/3_26.wav,240.0,270.0,3,train,Tug boat,deepship
3_26,17,/datasets/audio/deepship/train/3/3_26.wav,255.0,285.0,3,train,Tug boat,deepship
3_26,18,/datasets/audio/deepship/train/3/3_26.wav,270.0,300.0,3,train,Tug boat,deepship
3_26,19,/datasets/audio/deepship/train/3/3_26.wav,285.0,315.0,3,train,Tug boat,deepship
3_26,20,/datasets/audio/deepship/train/3/3_26.wav,300.0,330.0,3,train,Tug boat,deepship
3_26,21,/datasets/audio/deepship/train/3/3_26.wav,315.0,345.0,3,train,Tug boat,deepship
3_26,22,/datasets/audio/deepship/train/3/3_26.wav,330.0,360.0,3,train,Tug boat,deepship
3_26,23,/datasets/audio/deepship/train/3/3_26.wav,345.0,375.0,3,train,Tug boat,deepship
3_26,24,/datasets/audio/deepship/train/3/3_26.wav,360.0,390.0,3,train,Tug boat,deepship
3_26,25,/datasets/audio/deepship/train/3/3_26.wav,375.0,405.0,3,train,Tug boat,deepship
3_26,26,/datasets/audio/deepship/train/3/3_26.wav,390.0,420.0,3,train,Tug boat,deepship
3_26,27,/datasets/audio/deepship/train/3/3_26.wav,405.0,435.0,3,train,Tug boat,deepship
3_26,28,/datasets/audio/deepship/train/3/3_26.wav,420.0,450.0,3,train,Tug boat,deepship
3_26,29,/datasets/audio/deepship/train/3/3_26.wav,435.0,465.0,3,train,Tug boat,deepship
3_26,30,/datasets/audio/deepship/train/3/3_26.wav,450.0,480.0,3,train,Tug boat,deepship
3_26,31,/datasets/audio/deepship/train/3/3_26.wav,465.0,495.0,3,train,Tug boat,deepship
3_26,32,/datasets/audio/deepship/train/3/3_26.wav,467.0,497.0,3,train,Tug boat,deepship
3_28,0,/datasets/audio/deepship/train/3/3_28.wav,0.0,30.0,3,train,Tug boat,deepship
3_28,1,/datasets/audio/deepship/train/3/3_28.wav,15.0,45.0,3,train,Tug boat,deepship
3_28,2,/datasets/audio/deepship/train/3/3_28.wav,30.0,60.0,3,train,Tug boat,deepship
3_28,3,/datasets/audio/deepship/train/3/3_28.wav,45.0,75.0,3,train,Tug boat,deepship
3_28,4,/datasets/audio/deepship/train/3/3_28.wav,60.0,90.0,3,train,Tug boat,deepship
3_28,5,/datasets/audio/deepship/train/3/3_28.wav,75.0,105.0,3,train,Tug boat,deepship
3_28,6,/datasets/audio/deepship/train/3/3_28.wav,90.0,120.0,3,train,Tug boat,deepship
3_28,7,/datasets/audio/deepship/train/3/3_28.wav,105.0,135.0,3,train,Tug boat,deepship
3_28,8,/datasets/audio/deepship/train/3/3_28.wav,120.0,150.0,3,train,Tug boat,deepship
3_28,9,/datasets/audio/deepship/train/3/3_28.wav,135.0,165.0,3,train,Tug boat,deepship
3_28,10,/datasets/audio/deepship/train/3/3_28.wav,150.0,180.0,3,train,Tug boat,deepship
3_28,11,/datasets/audio/deepship/train/3/3_28.wav,165.0,195.0,3,train,Tug boat,deepship
3_28,12,/datasets/audio/deepship/train/3/3_28.wav,180.0,210.0,3,train,Tug boat,deepship
3_28,13,/datasets/audio/deepship/train/3/3_28.wav,195.0,225.0,3,train,Tug boat,deepship
3_28,14,/datasets/audio/deepship/train/3/3_28.wav,210.0,240.0,3,train,Tug boat,deepship
3_28,15,/datasets/audio/deepship/train/3/3_28.wav,225.0,255.0,3,train,Tug boat,deepship
3_28,16,/datasets/audio/deepship/train/3/3_28.wav,240.0,270.0,3,train,Tug boat,deepship
3_28,17,/datasets/audio/deepship/train/3/3_28.wav,255.0,285.0,3,train,Tug boat,deepship
3_28,18,/datasets/audio/deepship/train/3/3_28.wav,270.0,300.0,3,train,Tug boat,deepship
3_28,19,/datasets/audio/deepship/train/3/3_28.wav,285.0,315.0,3,train,Tug boat,deepship
3_28,20,/datasets/audio/deepship/train/3/3_28.wav,300.0,330.0,3,train,Tug boat,deepship
3_3,0,/datasets/audio/deepship/train/3/3_3.wav,0.0,30.0,3,train,Tug boat,deepship
3_3,1,/datasets/audio/deepship/train/3/3_3.wav,15.0,45.0,3,train,Tug boat,deepship
3_3,2,/datasets/audio/deepship/train/3/3_3.wav,30.0,60.0,3,train,Tug boat,deepship
3_3,3,/datasets/audio/deepship/train/3/3_3.wav,45.0,75.0,3,train,Tug boat,deepship
3_3,4,/datasets/audio/deepship/train/3/3_3.wav,60.0,90.0,3,train,Tug boat,deepship
3_3,5,/datasets/audio/deepship/train/3/3_3.wav,75.0,105.0,3,train,Tug boat,deepship
3_3,6,/datasets/audio/deepship/train/3/3_3.wav,90.0,120.0,3,train,Tug boat,deepship
3_3,7,/datasets/audio/deepship/train/3/3_3.wav,105.0,135.0,3,train,Tug boat,deepship
3_3,8,/datasets/audio/deepship/train/3/3_3.wav,120.0,150.0,3,train,Tug boat,deepship
3_3,9,/datasets/audio/deepship/train/3/3_3.wav,135.0,165.0,3,train,Tug boat,deepship
3_3,10,/datasets/audio/deepship/train/3/3_3.wav,150.0,180.0,3,train,Tug boat,deepship
3_3,11,/datasets/audio/deepship/train/3/3_3.wav,165.0,195.0,3,train,Tug boat,deepship
3_3,12,/datasets/audio/deepship/train/3/3_3.wav,180.0,210.0,3,train,Tug boat,deepship
3_3,13,/datasets/audio/deepship/train/3/3_3.wav,195.0,225.0,3,train,Tug boat,deepship
3_3,14,/datasets/audio/deepship/train/3/3_3.wav,210.0,240.0,3,train,Tug boat,deepship
3_3,15,/datasets/audio/deepship/train/3/3_3.wav,225.0,255.0,3,train,Tug boat,deepship
3_3,16,/datasets/audio/deepship/train/3/3_3.wav,240.0,270.0,3,train,Tug boat,deepship
3_3,17,/datasets/audio/deepship/train/3/3_3.wav,255.0,285.0,3,train,Tug boat,deepship
3_3,18,/datasets/audio/deepship/train/3/3_3.wav,270.0,300.0,3,train,Tug boat,deepship
3_3,19,/datasets/audio/deepship/train/3/3_3.wav,285.0,315.0,3,train,Tug boat,deepship
3_3,20,/datasets/audio/deepship/train/3/3_3.wav,300.0,330.0,3,train,Tug boat,deepship
3_3,21,/datasets/audio/deepship/train/3/3_3.wav,315.0,345.0,3,train,Tug boat,deepship
3_3,22,/datasets/audio/deepship/train/3/3_3.wav,330.0,360.0,3,train,Tug boat,deepship
3_3,23,/datasets/audio/deepship/train/3/3_3.wav,345.0,375.0,3,train,Tug boat,deepship
3_3,24,/datasets/audio/deepship/train/3/3_3.wav,360.0,390.0,3,train,Tug boat,deepship
3_3,25,/datasets/audio/deepship/train/3/3_3.wav,375.0,405.0,3,train,Tug boat,deepship
3_3,26,/datasets/audio/deepship/train/3/3_3.wav,390.0,420.0,3,train,Tug boat,deepship
3_3,27,/datasets/audio/deepship/train/3/3_3.wav,405.0,435.0,3,train,Tug boat,deepship
3_3,28,/datasets/audio/deepship/train/3/3_3.wav,420.0,450.0,3,train,Tug boat,deepship
3_3,29,/datasets/audio/deepship/train/3/3_3.wav,435.0,465.0,3,train,Tug boat,deepship
3_3,30,/datasets/audio/deepship/train/3/3_3.wav,450.0,480.0,3,train,Tug boat,deepship
3_3,31,/datasets/audio/deepship/train/3/3_3.wav,465.0,495.0,3,train,Tug boat,deepship
3_3,32,/datasets/audio/deepship/train/3/3_3.wav,480.0,510.0,3,train,Tug boat,deepship
3_3,33,/datasets/audio/deepship/train/3/3_3.wav,495.0,525.0,3,train,Tug boat,deepship
3_3,34,/datasets/audio/deepship/train/3/3_3.wav,510.0,540.0,3,train,Tug boat,deepship
3_3,35,/datasets/audio/deepship/train/3/3_3.wav,525.0,555.0,3,train,Tug boat,deepship
3_3,36,/datasets/audio/deepship/train/3/3_3.wav,540.0,570.0,3,train,Tug boat,deepship
3_3,37,/datasets/audio/deepship/train/3/3_3.wav,555.0,585.0,3,train,Tug boat,deepship
3_3,38,/datasets/audio/deepship/train/3/3_3.wav,570.0,600.0,3,train,Tug boat,deepship
3_3,39,/datasets/audio/deepship/train/3/3_3.wav,585.0,615.0,3,train,Tug boat,deepship
3_3,40,/datasets/audio/deepship/train/3/3_3.wav,600.0,630.0,3,train,Tug boat,deepship
3_3,41,/datasets/audio/deepship/train/3/3_3.wav,615.0,645.0,3,train,Tug boat,deepship
3_3,42,/datasets/audio/deepship/train/3/3_3.wav,626.0,656.0,3,train,Tug boat,deepship
3_30,0,/datasets/audio/deepship/train/3/3_30.wav,0.0,30.0,3,train,Tug boat,deepship
3_30,1,/datasets/audio/deepship/train/3/3_30.wav,15.0,45.0,3,train,Tug boat,deepship
3_30,2,/datasets/audio/deepship/train/3/3_30.wav,30.0,60.0,3,train,Tug boat,deepship
3_30,3,/datasets/audio/deepship/train/3/3_30.wav,45.0,75.0,3,train,Tug boat,deepship
3_30,4,/datasets/audio/deepship/train/3/3_30.wav,60.0,90.0,3,train,Tug boat,deepship
3_30,5,/datasets/audio/deepship/train/3/3_30.wav,75.0,105.0,3,train,Tug boat,deepship
3_30,6,/datasets/audio/deepship/train/3/3_30.wav,90.0,120.0,3,train,Tug boat,deepship
3_30,7,/datasets/audio/deepship/train/3/3_30.wav,105.0,135.0,3,train,Tug boat,deepship
3_30,8,/datasets/audio/deepship/train/3/3_30.wav,120.0,150.0,3,train,Tug boat,deepship
3_30,9,/datasets/audio/deepship/train/3/3_30.wav,135.0,165.0,3,train,Tug boat,deepship
3_30,10,/datasets/audio/deepship/train/3/3_30.wav,150.0,180.0,3,train,Tug boat,deepship
3_30,11,/datasets/audio/deepship/train/3/3_30.wav,165.0,195.0,3,train,Tug boat,deepship
3_30,12,/datasets/audio/deepship/train/3/3_30.wav,180.0,210.0,3,train,Tug boat,deepship
3_30,13,/datasets/audio/deepship/train/3/3_30.wav,195.0,225.0,3,train,Tug boat,deepship
3_30,14,/datasets/audio/deepship/train/3/3_30.wav,210.0,240.0,3,train,Tug boat,deepship
3_30,15,/datasets/audio/deepship/train/3/3_30.wav,225.0,255.0,3,train,Tug boat,deepship
3_30,16,/datasets/audio/deepship/train/3/3_30.wav,240.0,270.0,3,train,Tug boat,deepship
3_30,17,/datasets/audio/deepship/train/3/3_30.wav,255.0,285.0,3,train,Tug boat,deepship
3_30,18,/datasets/audio/deepship/train/3/3_30.wav,270.0,300.0,3,train,Tug boat,deepship
3_30,19,/datasets/audio/deepship/train/3/3_30.wav,285.0,315.0,3,train,Tug boat,deepship
3_30,20,/datasets/audio/deepship/train/3/3_30.wav,300.0,330.0,3,train,Tug boat,deepship
3_30,21,/datasets/audio/deepship/train/3/3_30.wav,315.0,345.0,3,train,Tug boat,deepship
3_30,22,/datasets/audio/deepship/train/3/3_30.wav,330.0,360.0,3,train,Tug boat,deepship
3_30,23,/datasets/audio/deepship/train/3/3_30.wav,345.0,375.0,3,train,Tug boat,deepship
3_30,24,/datasets/audio/deepship/train/3/3_30.wav,360.0,390.0,3,train,Tug boat,deepship
3_30,25,/datasets/audio/deepship/train/3/3_30.wav,375.0,405.0,3,train,Tug boat,deepship
3_30,26,/datasets/audio/deepship/train/3/3_30.wav,390.0,420.0,3,train,Tug boat,deepship
3_30,27,/datasets/audio/deepship/train/3/3_30.wav,405.0,435.0,3,train,Tug boat,deepship
3_30,28,/datasets/audio/deepship/train/3/3_30.wav,420.0,450.0,3,train,Tug boat,deepship
3_30,29,/datasets/audio/deepship/train/3/3_30.wav,435.0,465.0,3,train,Tug boat,deepship
3_30,30,/datasets/audio/deepship/train/3/3_30.wav,450.0,480.0,3,train,Tug boat,deepship
3_30,31,/datasets/audio/deepship/train/3/3_30.wav,465.0,495.0,3,train,Tug boat,deepship
3_30,32,/datasets/audio/deepship/train/3/3_30.wav,480.0,510.0,3,train,Tug boat,deepship
3_30,33,/datasets/audio/deepship/train/3/3_30.wav,495.0,525.0,3,train,Tug boat,deepship
3_30,34,/datasets/audio/deepship/train/3/3_30.wav,510.0,540.0,3,train,Tug boat,deepship
3_30,35,/datasets/audio/deepship/train/3/3_30.wav,525.0,555.0,3,train,Tug boat,deepship
3_30,36,/datasets/audio/deepship/train/3/3_30.wav,540.0,570.0,3,train,Tug boat,deepship
3_30,37,/datasets/audio/deepship/train/3/3_30.wav,546.0,576.0,3,train,Tug boat,deepship
3_31,0,/datasets/audio/deepship/train/3/3_31.wav,0.0,30.0,3,train,Tug boat,deepship
3_31,1,/datasets/audio/deepship/train/3/3_31.wav,15.0,45.0,3,train,Tug boat,deepship
3_31,2,/datasets/audio/deepship/train/3/3_31.wav,30.0,60.0,3,train,Tug boat,deepship
3_31,3,/datasets/audio/deepship/train/3/3_31.wav,45.0,75.0,3,train,Tug boat,deepship
3_31,4,/datasets/audio/deepship/train/3/3_31.wav,60.0,90.0,3,train,Tug boat,deepship
3_31,5,/datasets/audio/deepship/train/3/3_31.wav,75.0,105.0,3,train,Tug boat,deepship
3_31,6,/datasets/audio/deepship/train/3/3_31.wav,90.0,120.0,3,train,Tug boat,deepship
3_31,7,/datasets/audio/deepship/train/3/3_31.wav,105.0,135.0,3,train,Tug boat,deepship
3_31,8,/datasets/audio/deepship/train/3/3_31.wav,120.0,150.0,3,train,Tug boat,deepship
3_31,9,/datasets/audio/deepship/train/3/3_31.wav,135.0,165.0,3,train,Tug boat,deepship
3_31,10,/datasets/audio/deepship/train/3/3_31.wav,150.0,180.0,3,train,Tug boat,deepship
3_31,11,/datasets/audio/deepship/train/3/3_31.wav,165.0,195.0,3,train,Tug boat,deepship
3_31,12,/datasets/audio/deepship/train/3/3_31.wav,180.0,210.0,3,train,Tug boat,deepship
3_31,13,/datasets/audio/deepship/train/3/3_31.wav,195.0,225.0,3,train,Tug boat,deepship
3_31,14,/datasets/audio/deepship/train/3/3_31.wav,210.0,240.0,3,train,Tug boat,deepship
3_31,15,/datasets/audio/deepship/train/3/3_31.wav,225.0,255.0,3,train,Tug boat,deepship
3_31,16,/datasets/audio/deepship/train/3/3_31.wav,240.0,270.0,3,train,Tug boat,deepship
3_31,17,/datasets/audio/deepship/train/3/3_31.wav,255.0,285.0,3,train,Tug boat,deepship
3_31,18,/datasets/audio/deepship/train/3/3_31.wav,270.0,300.0,3,train,Tug boat,deepship
3_31,19,/datasets/audio/deepship/train/3/3_31.wav,285.0,315.0,3,train,Tug boat,deepship
3_31,20,/datasets/audio/deepship/train/3/3_31.wav,300.0,330.0,3,train,Tug boat,deepship
3_31,21,/datasets/audio/deepship/train/3/3_31.wav,304.0,334.0,3,train,Tug boat,deepship
3_34,0,/datasets/audio/deepship/train/3/3_34.wav,0.0,30.0,3,train,Tug boat,deepship
3_34,1,/datasets/audio/deepship/train/3/3_34.wav,15.0,45.0,3,train,Tug boat,deepship
3_34,2,/datasets/audio/deepship/train/3/3_34.wav,30.0,60.0,3,train,Tug boat,deepship
3_34,3,/datasets/audio/deepship/train/3/3_34.wav,45.0,75.0,3,train,Tug boat,deepship
3_34,4,/datasets/audio/deepship/train/3/3_34.wav,60.0,90.0,3,train,Tug boat,deepship
3_34,5,/datasets/audio/deepship/train/3/3_34.wav,75.0,105.0,3,train,Tug boat,deepship
3_34,6,/datasets/audio/deepship/train/3/3_34.wav,90.0,120.0,3,train,Tug boat,deepship
3_34,7,/datasets/audio/deepship/train/3/3_34.wav,105.0,135.0,3,train,Tug boat,deepship
3_34,8,/datasets/audio/deepship/train/3/3_34.wav,120.0,150.0,3,train,Tug boat,deepship
3_34,9,/datasets/audio/deepship/train/3/3_34.wav,135.0,165.0,3,train,Tug boat,deepship
3_34,10,/datasets/audio/deepship/train/3/3_34.wav,150.0,180.0,3,train,Tug boat,deepship
3_34,11,/datasets/audio/deepship/train/3/3_34.wav,165.0,195.0,3,train,Tug boat,deepship
3_34,12,/datasets/audio/deepship/train/3/3_34.wav,180.0,210.0,3,train,Tug boat,deepship
3_34,13,/datasets/audio/deepship/train/3/3_34.wav,195.0,225.0,3,train,Tug boat,deepship
3_34,14,/datasets/audio/deepship/train/3/3_34.wav,210.0,240.0,3,train,Tug boat,deepship
3_34,15,/datasets/audio/deepship/train/3/3_34.wav,225.0,255.0,3,train,Tug boat,deepship
3_34,16,/datasets/audio/deepship/train/3/3_34.wav,240.0,270.0,3,train,Tug boat,deepship
3_34,17,/datasets/audio/deepship/train/3/3_34.wav,255.0,285.0,3,train,Tug boat,deepship
3_34,18,/datasets/audio/deepship/train/3/3_34.wav,270.0,300.0,3,train,Tug boat,deepship
3_34,19,/datasets/audio/deepship/train/3/3_34.wav,285.0,315.0,3,train,Tug boat,deepship
3_34,20,/datasets/audio/deepship/train/3/3_34.wav,300.0,330.0,3,train,Tug boat,deepship
3_34,21,/datasets/audio/deepship/train/3/3_34.wav,315.0,345.0,3,train,Tug boat,deepship
3_34,22,/datasets/audio/deepship/train/3/3_34.wav,330.0,360.0,3,train,Tug boat,deepship
3_34,23,/datasets/audio/deepship/train/3/3_34.wav,345.0,375.0,3,train,Tug boat,deepship
3_34,24,/datasets/audio/deepship/train/3/3_34.wav,360.0,390.0,3,train,Tug boat,deepship
3_34,25,/datasets/audio/deepship/train/3/3_34.wav,375.0,405.0,3,train,Tug boat,deepship
3_34,26,/datasets/audio/deepship/train/3/3_34.wav,390.0,420.0,3,train,Tug boat,deepship
3_34,27,/datasets/audio/deepship/train/3/3_34.wav,405.0,435.0,3,train,Tug boat,deepship
3_34,28,/datasets/audio/deepship/train/3/3_34.wav,420.0,450.0,3,train,Tug boat,deepship
3_34,29,/datasets/audio/deepship/train/3/3_34.wav,435.0,465.0,3,train,Tug boat,deepship
3_34,30,/datasets/audio/deepship/train/3/3_34.wav,450.0,480.0,3,train,Tug boat,deepship
3_34,31,/datasets/audio/deepship/train/3/3_34.wav,465.0,495.0,3,train,Tug boat,deepship
3_34,32,/datasets/audio/deepship/train/3/3_34.wav,480.0,510.0,3,train,Tug boat,deepship
3_34,33,/datasets/audio/deepship/train/3/3_34.wav,495.0,525.0,3,train,Tug boat,deepship
3_34,34,/datasets/audio/deepship/train/3/3_34.wav,501.0,531.0,3,train,Tug boat,deepship
3_35,0,/datasets/audio/deepship/train/3/3_35.wav,0.0,30.0,3,train,Tug boat,deepship
3_35,1,/datasets/audio/deepship/train/3/3_35.wav,15.0,45.0,3,train,Tug boat,deepship
3_35,2,/datasets/audio/deepship/train/3/3_35.wav,30.0,60.0,3,train,Tug boat,deepship
3_35,3,/datasets/audio/deepship/train/3/3_35.wav,45.0,75.0,3,train,Tug boat,deepship
3_35,4,/datasets/audio/deepship/train/3/3_35.wav,60.0,90.0,3,train,Tug boat,deepship
3_35,5,/datasets/audio/deepship/train/3/3_35.wav,75.0,105.0,3,train,Tug boat,deepship
3_35,6,/datasets/audio/deepship/train/3/3_35.wav,90.0,120.0,3,train,Tug boat,deepship
3_35,7,/datasets/audio/deepship/train/3/3_35.wav,105.0,135.0,3,train,Tug boat,deepship
3_35,8,/datasets/audio/deepship/train/3/3_35.wav,120.0,150.0,3,train,Tug boat,deepship
3_35,9,/datasets/audio/deepship/train/3/3_35.wav,135.0,165.0,3,train,Tug boat,deepship
3_35,10,/datasets/audio/deepship/train/3/3_35.wav,150.0,180.0,3,train,Tug boat,deepship
3_35,11,/datasets/audio/deepship/train/3/3_35.wav,165.0,195.0,3,train,Tug boat,deepship
3_35,12,/datasets/audio/deepship/train/3/3_35.wav,180.0,210.0,3,train,Tug boat,deepship
3_35,13,/datasets/audio/deepship/train/3/3_35.wav,195.0,225.0,3,train,Tug boat,deepship
3_35,14,/datasets/audio/deepship/train/3/3_35.wav,210.0,240.0,3,train,Tug boat,deepship
3_35,15,/datasets/audio/deepship/train/3/3_35.wav,225.0,255.0,3,train,Tug boat,deepship
3_35,16,/datasets/audio/deepship/train/3/3_35.wav,240.0,270.0,3,train,Tug boat,deepship
3_35,17,/datasets/audio/deepship/train/3/3_35.wav,255.0,285.0,3,train,Tug boat,deepship
3_35,18,/datasets/audio/deepship/train/3/3_35.wav,270.0,300.0,3,train,Tug boat,deepship
3_35,19,/datasets/audio/deepship/train/3/3_35.wav,285.0,315.0,3,train,Tug boat,deepship
3_35,20,/datasets/audio/deepship/train/3/3_35.wav,300.0,330.0,3,train,Tug boat,deepship
3_35,21,/datasets/audio/deepship/train/3/3_35.wav,315.0,345.0,3,train,Tug boat,deepship
3_35,22,/datasets/audio/deepship/train/3/3_35.wav,330.0,360.0,3,train,Tug boat,deepship
3_35,23,/datasets/audio/deepship/train/3/3_35.wav,345.0,375.0,3,train,Tug boat,deepship
3_35,24,/datasets/audio/deepship/train/3/3_35.wav,360.0,390.0,3,train,Tug boat,deepship
3_35,25,/datasets/audio/deepship/train/3/3_35.wav,375.0,405.0,3,train,Tug boat,deepship
3_35,26,/datasets/audio/deepship/train/3/3_35.wav,390.0,420.0,3,train,Tug boat,deepship
3_35,27,/datasets/audio/deepship/train/3/3_35.wav,405.0,435.0,3,train,Tug boat,deepship
3_35,28,/datasets/audio/deepship/train/3/3_35.wav,420.0,450.0,3,train,Tug boat,deepship
3_35,29,/datasets/audio/deepship/train/3/3_35.wav,435.0,465.0,3,train,Tug boat,deepship
3_35,30,/datasets/audio/deepship/train/3/3_35.wav,450.0,480.0,3,train,Tug boat,deepship
3_35,31,/datasets/audio/deepship/train/3/3_35.wav,465.0,495.0,3,train,Tug boat,deepship
3_35,32,/datasets/audio/deepship/train/3/3_35.wav,480.0,510.0,3,train,Tug boat,deepship
3_35,33,/datasets/audio/deepship/train/3/3_35.wav,495.0,525.0,3,train,Tug boat,deepship
3_35,34,/datasets/audio/deepship/train/3/3_35.wav,510.0,540.0,3,train,Tug boat,deepship
3_35,35,/datasets/audio/deepship/train/3/3_35.wav,525.0,555.0,3,train,Tug boat,deepship
3_35,36,/datasets/audio/deepship/train/3/3_35.wav,540.0,570.0,3,train,Tug boat,deepship
3_35,37,/datasets/audio/deepship/train/3/3_35.wav,555.0,585.0,3,train,Tug boat,deepship
3_35,38,/datasets/audio/deepship/train/3/3_35.wav,570.0,600.0,3,train,Tug boat,deepship
3_35,39,/datasets/audio/deepship/train/3/3_35.wav,585.0,615.0,3,train,Tug boat,deepship
3_35,40,/datasets/audio/deepship/train/3/3_35.wav,600.0,630.0,3,train,Tug boat,deepship
3_35,41,/datasets/audio/deepship/train/3/3_35.wav,615.0,645.0,3,train,Tug boat,deepship
3_35,42,/datasets/audio/deepship/train/3/3_35.wav,624.0,654.0,3,train,Tug boat,deepship
3_36,0,/datasets/audio/deepship/train/3/3_36.wav,0.0,30.0,3,train,Tug boat,deepship
3_36,1,/datasets/audio/deepship/train/3/3_36.wav,15.0,45.0,3,train,Tug boat,deepship
3_36,2,/datasets/audio/deepship/train/3/3_36.wav,30.0,60.0,3,train,Tug boat,deepship
3_36,3,/datasets/audio/deepship/train/3/3_36.wav,45.0,75.0,3,train,Tug boat,deepship
3_36,4,/datasets/audio/deepship/train/3/3_36.wav,60.0,90.0,3,train,Tug boat,deepship
3_36,5,/datasets/audio/deepship/train/3/3_36.wav,75.0,105.0,3,train,Tug boat,deepship
3_36,6,/datasets/audio/deepship/train/3/3_36.wav,90.0,120.0,3,train,Tug boat,deepship
3_36,7,/datasets/audio/deepship/train/3/3_36.wav,105.0,135.0,3,train,Tug boat,deepship
3_36,8,/datasets/audio/deepship/train/3/3_36.wav,120.0,150.0,3,train,Tug boat,deepship
3_36,9,/datasets/audio/deepship/train/3/3_36.wav,135.0,165.0,3,train,Tug boat,deepship
3_36,10,/datasets/audio/deepship/train/3/3_36.wav,150.0,180.0,3,train,Tug boat,deepship
3_36,11,/datasets/audio/deepship/train/3/3_36.wav,165.0,195.0,3,train,Tug boat,deepship
3_36,12,/datasets/audio/deepship/train/3/3_36.wav,180.0,210.0,3,train,Tug boat,deepship
3_36,13,/datasets/audio/deepship/train/3/3_36.wav,195.0,225.0,3,train,Tug boat,deepship
3_36,14,/datasets/audio/deepship/train/3/3_36.wav,210.0,240.0,3,train,Tug boat,deepship
3_36,15,/datasets/audio/deepship/train/3/3_36.wav,225.0,255.0,3,train,Tug boat,deepship
3_36,16,/datasets/audio/deepship/train/3/3_36.wav,240.0,270.0,3,train,Tug boat,deepship
3_36,17,/datasets/audio/deepship/train/3/3_36.wav,255.0,285.0,3,train,Tug boat,deepship
3_36,18,/datasets/audio/deepship/train/3/3_36.wav,270.0,300.0,3,train,Tug boat,deepship
3_36,19,/datasets/audio/deepship/train/3/3_36.wav,285.0,315.0,3,train,Tug boat,deepship
3_36,20,/datasets/audio/deepship/train/3/3_36.wav,300.0,330.0,3,train,Tug boat,deepship
3_36,21,/datasets/audio/deepship/train/3/3_36.wav,315.0,345.0,3,train,Tug boat,deepship
3_36,22,/datasets/audio/deepship/train/3/3_36.wav,330.0,360.0,3,train,Tug boat,deepship
3_36,23,/datasets/audio/deepship/train/3/3_36.wav,345.0,375.0,3,train,Tug boat,deepship
3_36,24,/datasets/audio/deepship/train/3/3_36.wav,360.0,390.0,3,train,Tug boat,deepship
3_36,25,/datasets/audio/deepship/train/3/3_36.wav,375.0,405.0,3,train,Tug boat,deepship
3_36,26,/datasets/audio/deepship/train/3/3_36.wav,390.0,420.0,3,train,Tug boat,deepship
3_36,27,/datasets/audio/deepship/train/3/3_36.wav,405.0,435.0,3,train,Tug boat,deepship
3_36,28,/datasets/audio/deepship/train/3/3_36.wav,420.0,450.0,3,train,Tug boat,deepship
3_36,29,/datasets/audio/deepship/train/3/3_36.wav,435.0,465.0,3,train,Tug boat,deepship
3_36,30,/datasets/audio/deepship/train/3/3_36.wav,450.0,480.0,3,train,Tug boat,deepship
3_36,31,/datasets/audio/deepship/train/3/3_36.wav,465.0,495.0,3,train,Tug boat,deepship
3_36,32,/datasets/audio/deepship/train/3/3_36.wav,480.0,510.0,3,train,Tug boat,deepship
3_36,33,/datasets/audio/deepship/train/3/3_36.wav,495.0,525.0,3,train,Tug boat,deepship
3_36,34,/datasets/audio/deepship/train/3/3_36.wav,510.0,540.0,3,train,Tug boat,deepship
3_36,35,/datasets/audio/deepship/train/3/3_36.wav,525.0,555.0,3,train,Tug boat,deepship
3_36,36,/datasets/audio/deepship/train/3/3_36.wav,540.0,570.0,3,train,Tug boat,deepship
3_36,37,/datasets/audio/deepship/train/3/3_36.wav,555.0,585.0,3,train,Tug boat,deepship
3_36,38,/datasets/audio/deepship/train/3/3_36.wav,570.0,600.0,3,train,Tug boat,deepship
3_36,39,/datasets/audio/deepship/train/3/3_36.wav,585.0,615.0,3,train,Tug boat,deepship
3_36,40,/datasets/audio/deepship/train/3/3_36.wav,600.0,630.0,3,train,Tug boat,deepship
3_36,41,/datasets/audio/deepship/train/3/3_36.wav,615.0,645.0,3,train,Tug boat,deepship
3_36,42,/datasets/audio/deepship/train/3/3_36.wav,630.0,660.0,3,train,Tug boat,deepship
3_36,43,/datasets/audio/deepship/train/3/3_36.wav,632.0,662.0,3,train,Tug boat,deepship
3_38,0,/datasets/audio/deepship/train/3/3_38.wav,0.0,30.0,3,train,Tug boat,deepship
3_38,1,/datasets/audio/deepship/train/3/3_38.wav,15.0,45.0,3,train,Tug boat,deepship
3_38,2,/datasets/audio/deepship/train/3/3_38.wav,30.0,60.0,3,train,Tug boat,deepship
3_38,3,/datasets/audio/deepship/train/3/3_38.wav,45.0,75.0,3,train,Tug boat,deepship
3_38,4,/datasets/audio/deepship/train/3/3_38.wav,60.0,90.0,3,train,Tug boat,deepship
3_38,5,/datasets/audio/deepship/train/3/3_38.wav,75.0,105.0,3,train,Tug boat,deepship
3_38,6,/datasets/audio/deepship/train/3/3_38.wav,90.0,120.0,3,train,Tug boat,deepship
3_38,7,/datasets/audio/deepship/train/3/3_38.wav,105.0,135.0,3,train,Tug boat,deepship
3_38,8,/datasets/audio/deepship/train/3/3_38.wav,120.0,150.0,3,train,Tug boat,deepship
3_38,9,/datasets/audio/deepship/train/3/3_38.wav,135.0,165.0,3,train,Tug boat,deepship
3_38,10,/datasets/audio/deepship/train/3/3_38.wav,150.0,180.0,3,train,Tug boat,deepship
3_38,11,/datasets/audio/deepship/train/3/3_38.wav,165.0,195.0,3,train,Tug boat,deepship
3_38,12,/datasets/audio/deepship/train/3/3_38.wav,180.0,210.0,3,train,Tug boat,deepship
3_38,13,/datasets/audio/deepship/train/3/3_38.wav,195.0,225.0,3,train,Tug boat,deepship
3_38,14,/datasets/audio/deepship/train/3/3_38.wav,210.0,240.0,3,train,Tug boat,deepship
3_38,15,/datasets/audio/deepship/train/3/3_38.wav,225.0,255.0,3,train,Tug boat,deepship
3_38,16,/datasets/audio/deepship/train/3/3_38.wav,240.0,270.0,3,train,Tug boat,deepship
3_38,17,/datasets/audio/deepship/train/3/3_38.wav,255.0,285.0,3,train,Tug boat,deepship
3_38,18,/datasets/audio/deepship/train/3/3_38.wav,270.0,300.0,3,train,Tug boat,deepship
3_38,19,/datasets/audio/deepship/train/3/3_38.wav,285.0,315.0,3,train,Tug boat,deepship
3_38,20,/datasets/audio/deepship/train/3/3_38.wav,300.0,330.0,3,train,Tug boat,deepship
3_38,21,/datasets/audio/deepship/train/3/3_38.wav,315.0,345.0,3,train,Tug boat,deepship
3_38,22,/datasets/audio/deepship/train/3/3_38.wav,330.0,360.0,3,train,Tug boat,deepship
3_38,23,/datasets/audio/deepship/train/3/3_38.wav,345.0,375.0,3,train,Tug boat,deepship
3_38,24,/datasets/audio/deepship/train/3/3_38.wav,360.0,390.0,3,train,Tug boat,deepship
3_38,25,/datasets/audio/deepship/train/3/3_38.wav,375.0,405.0,3,train,Tug boat,deepship
3_38,26,/datasets/audio/deepship/train/3/3_38.wav,390.0,420.0,3,train,Tug boat,deepship
3_38,27,/datasets/audio/deepship/train/3/3_38.wav,405.0,435.0,3,train,Tug boat,deepship
3_38,28,/datasets/audio/deepship/train/3/3_38.wav,420.0,450.0,3,train,Tug boat,deepship
3_38,29,/datasets/audio/deepship/train/3/3_38.wav,435.0,465.0,3,train,Tug boat,deepship
3_38,30,/datasets/audio/deepship/train/3/3_38.wav,450.0,480.0,3,train,Tug boat,deepship
3_38,31,/datasets/audio/deepship/train/3/3_38.wav,465.0,495.0,3,train,Tug boat,deepship
3_38,32,/datasets/audio/deepship/train/3/3_38.wav,480.0,510.0,3,train,Tug boat,deepship
3_38,33,/datasets/audio/deepship/train/3/3_38.wav,495.0,525.0,3,train,Tug boat,deepship
3_38,34,/datasets/audio/deepship/train/3/3_38.wav,510.0,540.0,3,train,Tug boat,deepship
3_38,35,/datasets/audio/deepship/train/3/3_38.wav,525.0,555.0,3,train,Tug boat,deepship
3_38,36,/datasets/audio/deepship/train/3/3_38.wav,540.0,570.0,3,train,Tug boat,deepship
3_38,37,/datasets/audio/deepship/train/3/3_38.wav,555.0,585.0,3,train,Tug boat,deepship
3_38,38,/datasets/audio/deepship/train/3/3_38.wav,570.0,600.0,3,train,Tug boat,deepship
3_38,39,/datasets/audio/deepship/train/3/3_38.wav,585.0,615.0,3,train,Tug boat,deepship
3_38,40,/datasets/audio/deepship/train/3/3_38.wav,600.0,630.0,3,train,Tug boat,deepship
3_38,41,/datasets/audio/deepship/train/3/3_38.wav,615.0,645.0,3,train,Tug boat,deepship
3_38,42,/datasets/audio/deepship/train/3/3_38.wav,630.0,660.0,3,train,Tug boat,deepship
3_38,43,/datasets/audio/deepship/train/3/3_38.wav,645.0,675.0,3,train,Tug boat,deepship
3_38,44,/datasets/audio/deepship/train/3/3_38.wav,660.0,690.0,3,train,Tug boat,deepship
3_38,45,/datasets/audio/deepship/train/3/3_38.wav,675.0,705.0,3,train,Tug boat,deepship
3_38,46,/datasets/audio/deepship/train/3/3_38.wav,690.0,720.0,3,train,Tug boat,deepship
3_38,47,/datasets/audio/deepship/train/3/3_38.wav,705.0,735.0,3,train,Tug boat,deepship
3_38,48,/datasets/audio/deepship/train/3/3_38.wav,720.0,750.0,3,train,Tug boat,deepship
3_38,49,/datasets/audio/deepship/train/3/3_38.wav,735.0,765.0,3,train,Tug boat,deepship
3_38,50,/datasets/audio/deepship/train/3/3_38.wav,743.0,773.0,3,train,Tug boat,deepship
3_4,0,/datasets/audio/deepship/train/3/3_4.wav,0.0,30.0,3,train,Tug boat,deepship
3_4,1,/datasets/audio/deepship/train/3/3_4.wav,15.0,45.0,3,train,Tug boat,deepship
3_4,2,/datasets/audio/deepship/train/3/3_4.wav,30.0,60.0,3,train,Tug boat,deepship
3_4,3,/datasets/audio/deepship/train/3/3_4.wav,45.0,75.0,3,train,Tug boat,deepship
3_4,4,/datasets/audio/deepship/train/3/3_4.wav,60.0,90.0,3,train,Tug boat,deepship
3_4,5,/datasets/audio/deepship/train/3/3_4.wav,75.0,105.0,3,train,Tug boat,deepship
3_4,6,/datasets/audio/deepship/train/3/3_4.wav,90.0,120.0,3,train,Tug boat,deepship
3_4,7,/datasets/audio/deepship/train/3/3_4.wav,105.0,135.0,3,train,Tug boat,deepship
3_4,8,/datasets/audio/deepship/train/3/3_4.wav,120.0,150.0,3,train,Tug boat,deepship
3_4,9,/datasets/audio/deepship/train/3/3_4.wav,135.0,165.0,3,train,Tug boat,deepship
3_4,10,/datasets/audio/deepship/train/3/3_4.wav,150.0,180.0,3,train,Tug boat,deepship
3_4,11,/datasets/audio/deepship/train/3/3_4.wav,165.0,195.0,3,train,Tug boat,deepship
3_4,12,/datasets/audio/deepship/train/3/3_4.wav,180.0,210.0,3,train,Tug boat,deepship
3_4,13,/datasets/audio/deepship/train/3/3_4.wav,195.0,225.0,3,train,Tug boat,deepship
3_4,14,/datasets/audio/deepship/train/3/3_4.wav,210.0,240.0,3,train,Tug boat,deepship
3_4,15,/datasets/audio/deepship/train/3/3_4.wav,225.0,255.0,3,train,Tug boat,deepship
3_4,16,/datasets/audio/deepship/train/3/3_4.wav,240.0,270.0,3,train,Tug boat,deepship
3_4,17,/datasets/audio/deepship/train/3/3_4.wav,255.0,285.0,3,train,Tug boat,deepship
3_4,18,/datasets/audio/deepship/train/3/3_4.wav,270.0,300.0,3,train,Tug boat,deepship
3_4,19,/datasets/audio/deepship/train/3/3_4.wav,285.0,315.0,3,train,Tug boat,deepship
3_4,20,/datasets/audio/deepship/train/3/3_4.wav,300.0,330.0,3,train,Tug boat,deepship
3_4,21,/datasets/audio/deepship/train/3/3_4.wav,315.0,345.0,3,train,Tug boat,deepship
3_4,22,/datasets/audio/deepship/train/3/3_4.wav,330.0,360.0,3,train,Tug boat,deepship
3_4,23,/datasets/audio/deepship/train/3/3_4.wav,345.0,375.0,3,train,Tug boat,deepship
3_4,24,/datasets/audio/deepship/train/3/3_4.wav,360.0,390.0,3,train,Tug boat,deepship
3_4,25,/datasets/audio/deepship/train/3/3_4.wav,375.0,405.0,3,train,Tug boat,deepship
3_4,26,/datasets/audio/deepship/train/3/3_4.wav,390.0,420.0,3,train,Tug boat,deepship
3_4,27,/datasets/audio/deepship/train/3/3_4.wav,405.0,435.0,3,train,Tug boat,deepship
3_4,28,/datasets/audio/deepship/train/3/3_4.wav,420.0,450.0,3,train,Tug boat,deepship
3_4,29,/datasets/audio/deepship/train/3/3_4.wav,435.0,465.0,3,train,Tug boat,deepship
3_4,30,/datasets/audio/deepship/train/3/3_4.wav,450.0,480.0,3,train,Tug boat,deepship
3_4,31,/datasets/audio/deepship/train/3/3_4.wav,465.0,495.0,3,train,Tug boat,deepship
3_4,32,/datasets/audio/deepship/train/3/3_4.wav,480.0,510.0,3,train,Tug boat,deepship
3_4,33,/datasets/audio/deepship/train/3/3_4.wav,495.0,525.0,3,train,Tug boat,deepship
3_4,34,/datasets/audio/deepship/train/3/3_4.wav,510.0,540.0,3,train,Tug boat,deepship
3_4,35,/datasets/audio/deepship/train/3/3_4.wav,525.0,555.0,3,train,Tug boat,deepship
3_4,36,/datasets/audio/deepship/train/3/3_4.wav,540.0,570.0,3,train,Tug boat,deepship
3_4,37,/datasets/audio/deepship/train/3/3_4.wav,555.0,585.0,3,train,Tug boat,deepship
3_4,38,/datasets/audio/deepship/train/3/3_4.wav,570.0,600.0,3,train,Tug boat,deepship
3_4,39,/datasets/audio/deepship/train/3/3_4.wav,585.0,615.0,3,train,Tug boat,deepship
3_4,40,/datasets/audio/deepship/train/3/3_4.wav,600.0,630.0,3,train,Tug boat,deepship
3_4,41,/datasets/audio/deepship/train/3/3_4.wav,615.0,645.0,3,train,Tug boat,deepship
3_4,42,/datasets/audio/deepship/train/3/3_4.wav,630.0,660.0,3,train,Tug boat,deepship
3_4,43,/datasets/audio/deepship/train/3/3_4.wav,645.0,675.0,3,train,Tug boat,deepship
3_4,44,/datasets/audio/deepship/train/3/3_4.wav,660.0,690.0,3,train,Tug boat,deepship
3_4,45,/datasets/audio/deepship/train/3/3_4.wav,675.0,705.0,3,train,Tug boat,deepship
3_4,46,/datasets/audio/deepship/train/3/3_4.wav,690.0,720.0,3,train,Tug boat,deepship
3_4,47,/datasets/audio/deepship/train/3/3_4.wav,705.0,735.0,3,train,Tug boat,deepship
3_4,48,/datasets/audio/deepship/train/3/3_4.wav,720.0,750.0,3,train,Tug boat,deepship
3_4,49,/datasets/audio/deepship/train/3/3_4.wav,735.0,765.0,3,train,Tug boat,deepship
3_4,50,/datasets/audio/deepship/train/3/3_4.wav,750.0,780.0,3,train,Tug boat,deepship
3_4,51,/datasets/audio/deepship/train/3/3_4.wav,765.0,795.0,3,train,Tug boat,deepship
3_4,52,/datasets/audio/deepship/train/3/3_4.wav,780.0,810.0,3,train,Tug boat,deepship
3_4,53,/datasets/audio/deepship/train/3/3_4.wav,795.0,825.0,3,train,Tug boat,deepship
3_4,54,/datasets/audio/deepship/train/3/3_4.wav,810.0,840.0,3,train,Tug boat,deepship
3_4,55,/datasets/audio/deepship/train/3/3_4.wav,825.0,855.0,3,train,Tug boat,deepship
3_4,56,/datasets/audio/deepship/train/3/3_4.wav,840.0,870.0,3,train,Tug boat,deepship
3_4,57,/datasets/audio/deepship/train/3/3_4.wav,855.0,885.0,3,train,Tug boat,deepship
3_4,58,/datasets/audio/deepship/train/3/3_4.wav,870.0,900.0,3,train,Tug boat,deepship
3_4,59,/datasets/audio/deepship/train/3/3_4.wav,885.0,915.0,3,train,Tug boat,deepship
3_4,60,/datasets/audio/deepship/train/3/3_4.wav,900.0,930.0,3,train,Tug boat,deepship
3_4,61,/datasets/audio/deepship/train/3/3_4.wav,915.0,945.0,3,train,Tug boat,deepship
3_4,62,/datasets/audio/deepship/train/3/3_4.wav,930.0,960.0,3,train,Tug boat,deepship
3_4,63,/datasets/audio/deepship/train/3/3_4.wav,945.0,975.0,3,train,Tug boat,deepship
3_4,64,/datasets/audio/deepship/train/3/3_4.wav,960.0,990.0,3,train,Tug boat,deepship
3_4,65,/datasets/audio/deepship/train/3/3_4.wav,975.0,1005.0,3,train,Tug boat,deepship
3_4,66,/datasets/audio/deepship/train/3/3_4.wav,990.0,1020.0,3,train,Tug boat,deepship
3_4,67,/datasets/audio/deepship/train/3/3_4.wav,1002.0,1032.0,3,train,Tug boat,deepship
3_41,0,/datasets/audio/deepship/train/3/3_41.wav,0.0,30.0,3,train,Tug boat,deepship
3_41,1,/datasets/audio/deepship/train/3/3_41.wav,15.0,45.0,3,train,Tug boat,deepship
3_41,2,/datasets/audio/deepship/train/3/3_41.wav,30.0,60.0,3,train,Tug boat,deepship
3_41,3,/datasets/audio/deepship/train/3/3_41.wav,45.0,75.0,3,train,Tug boat,deepship
3_41,4,/datasets/audio/deepship/train/3/3_41.wav,60.0,90.0,3,train,Tug boat,deepship
3_41,5,/datasets/audio/deepship/train/3/3_41.wav,75.0,105.0,3,train,Tug boat,deepship
3_41,6,/datasets/audio/deepship/train/3/3_41.wav,90.0,120.0,3,train,Tug boat,deepship
3_41,7,/datasets/audio/deepship/train/3/3_41.wav,105.0,135.0,3,train,Tug boat,deepship
3_41,8,/datasets/audio/deepship/train/3/3_41.wav,120.0,150.0,3,train,Tug boat,deepship
3_41,9,/datasets/audio/deepship/train/3/3_41.wav,135.0,165.0,3,train,Tug boat,deepship
3_41,10,/datasets/audio/deepship/train/3/3_41.wav,150.0,180.0,3,train,Tug boat,deepship
3_41,11,/datasets/audio/deepship/train/3/3_41.wav,165.0,195.0,3,train,Tug boat,deepship
3_41,12,/datasets/audio/deepship/train/3/3_41.wav,180.0,210.0,3,train,Tug boat,deepship
3_41,13,/datasets/audio/deepship/train/3/3_41.wav,195.0,225.0,3,train,Tug boat,deepship
3_41,14,/datasets/audio/deepship/train/3/3_41.wav,210.0,240.0,3,train,Tug boat,deepship
3_41,15,/datasets/audio/deepship/train/3/3_41.wav,225.0,255.0,3,train,Tug boat,deepship
3_41,16,/datasets/audio/deepship/train/3/3_41.wav,240.0,270.0,3,train,Tug boat,deepship
3_41,17,/datasets/audio/deepship/train/3/3_41.wav,255.0,285.0,3,train,Tug boat,deepship
3_41,18,/datasets/audio/deepship/train/3/3_41.wav,270.0,300.0,3,train,Tug boat,deepship
3_41,19,/datasets/audio/deepship/train/3/3_41.wav,285.0,315.0,3,train,Tug boat,deepship
3_41,20,/datasets/audio/deepship/train/3/3_41.wav,300.0,330.0,3,train,Tug boat,deepship
3_41,21,/datasets/audio/deepship/train/3/3_41.wav,315.0,345.0,3,train,Tug boat,deepship
3_41,22,/datasets/audio/deepship/train/3/3_41.wav,330.0,360.0,3,train,Tug boat,deepship
3_41,23,/datasets/audio/deepship/train/3/3_41.wav,345.0,375.0,3,train,Tug boat,deepship
3_41,24,/datasets/audio/deepship/train/3/3_41.wav,360.0,390.0,3,train,Tug boat,deepship
3_41,25,/datasets/audio/deepship/train/3/3_41.wav,375.0,405.0,3,train,Tug boat,deepship
3_41,26,/datasets/audio/deepship/train/3/3_41.wav,390.0,420.0,3,train,Tug boat,deepship
3_41,27,/datasets/audio/deepship/train/3/3_41.wav,405.0,435.0,3,train,Tug boat,deepship
3_41,28,/datasets/audio/deepship/train/3/3_41.wav,420.0,450.0,3,train,Tug boat,deepship
3_41,29,/datasets/audio/deepship/train/3/3_41.wav,435.0,465.0,3,train,Tug boat,deepship
3_41,30,/datasets/audio/deepship/train/3/3_41.wav,450.0,480.0,3,train,Tug boat,deepship
3_41,31,/datasets/audio/deepship/train/3/3_41.wav,465.0,495.0,3,train,Tug boat,deepship
3_41,32,/datasets/audio/deepship/train/3/3_41.wav,480.0,510.0,3,train,Tug boat,deepship
3_41,33,/datasets/audio/deepship/train/3/3_41.wav,495.0,525.0,3,train,Tug boat,deepship
3_41,34,/datasets/audio/deepship/train/3/3_41.wav,510.0,540.0,3,train,Tug boat,deepship
3_41,35,/datasets/audio/deepship/train/3/3_41.wav,525.0,555.0,3,train,Tug boat,deepship
3_41,36,/datasets/audio/deepship/train/3/3_41.wav,540.0,570.0,3,train,Tug boat,deepship
3_41,37,/datasets/audio/deepship/train/3/3_41.wav,555.0,585.0,3,train,Tug boat,deepship
3_41,38,/datasets/audio/deepship/train/3/3_41.wav,570.0,600.0,3,train,Tug boat,deepship
3_41,39,/datasets/audio/deepship/train/3/3_41.wav,584.0,614.0,3,train,Tug boat,deepship
3_42,0,/datasets/audio/deepship/train/3/3_42.wav,0.0,30.0,3,train,Tug boat,deepship
3_42,1,/datasets/audio/deepship/train/3/3_42.wav,15.0,45.0,3,train,Tug boat,deepship
3_42,2,/datasets/audio/deepship/train/3/3_42.wav,30.0,60.0,3,train,Tug boat,deepship
3_42,3,/datasets/audio/deepship/train/3/3_42.wav,45.0,75.0,3,train,Tug boat,deepship
3_42,4,/datasets/audio/deepship/train/3/3_42.wav,60.0,90.0,3,train,Tug boat,deepship
3_42,5,/datasets/audio/deepship/train/3/3_42.wav,75.0,105.0,3,train,Tug boat,deepship
3_42,6,/datasets/audio/deepship/train/3/3_42.wav,90.0,120.0,3,train,Tug boat,deepship
3_42,7,/datasets/audio/deepship/train/3/3_42.wav,105.0,135.0,3,train,Tug boat,deepship
3_42,8,/datasets/audio/deepship/train/3/3_42.wav,120.0,150.0,3,train,Tug boat,deepship
3_42,9,/datasets/audio/deepship/train/3/3_42.wav,135.0,165.0,3,train,Tug boat,deepship
3_42,10,/datasets/audio/deepship/train/3/3_42.wav,150.0,180.0,3,train,Tug boat,deepship
3_42,11,/datasets/audio/deepship/train/3/3_42.wav,165.0,195.0,3,train,Tug boat,deepship
3_42,12,/datasets/audio/deepship/train/3/3_42.wav,180.0,210.0,3,train,Tug boat,deepship
3_42,13,/datasets/audio/deepship/train/3/3_42.wav,195.0,225.0,3,train,Tug boat,deepship
3_42,14,/datasets/audio/deepship/train/3/3_42.wav,210.0,240.0,3,train,Tug boat,deepship
3_42,15,/datasets/audio/deepship/train/3/3_42.wav,225.0,255.0,3,train,Tug boat,deepship
3_42,16,/datasets/audio/deepship/train/3/3_42.wav,240.0,270.0,3,train,Tug boat,deepship
3_42,17,/datasets/audio/deepship/train/3/3_42.wav,255.0,285.0,3,train,Tug boat,deepship
3_42,18,/datasets/audio/deepship/train/3/3_42.wav,270.0,300.0,3,train,Tug boat,deepship
3_42,19,/datasets/audio/deepship/train/3/3_42.wav,280.0,310.0,3,train,Tug boat,deepship
3_43,0,/datasets/audio/deepship/train/3/3_43.wav,0.0,30.0,3,train,Tug boat,deepship
3_43,1,/datasets/audio/deepship/train/3/3_43.wav,15.0,45.0,3,train,Tug boat,deepship
3_43,2,/datasets/audio/deepship/train/3/3_43.wav,30.0,60.0,3,train,Tug boat,deepship
3_43,3,/datasets/audio/deepship/train/3/3_43.wav,45.0,75.0,3,train,Tug boat,deepship
3_43,4,/datasets/audio/deepship/train/3/3_43.wav,60.0,90.0,3,train,Tug boat,deepship
3_43,5,/datasets/audio/deepship/train/3/3_43.wav,75.0,105.0,3,train,Tug boat,deepship
3_43,6,/datasets/audio/deepship/train/3/3_43.wav,90.0,120.0,3,train,Tug boat,deepship
3_43,7,/datasets/audio/deepship/train/3/3_43.wav,105.0,135.0,3,train,Tug boat,deepship
3_43,8,/datasets/audio/deepship/train/3/3_43.wav,120.0,150.0,3,train,Tug boat,deepship
3_43,9,/datasets/audio/deepship/train/3/3_43.wav,135.0,165.0,3,train,Tug boat,deepship
3_43,10,/datasets/audio/deepship/train/3/3_43.wav,150.0,180.0,3,train,Tug boat,deepship
3_43,11,/datasets/audio/deepship/train/3/3_43.wav,165.0,195.0,3,train,Tug boat,deepship
3_43,12,/datasets/audio/deepship/train/3/3_43.wav,180.0,210.0,3,train,Tug boat,deepship
3_43,13,/datasets/audio/deepship/train/3/3_43.wav,195.0,225.0,3,train,Tug boat,deepship
3_43,14,/datasets/audio/deepship/train/3/3_43.wav,210.0,240.0,3,train,Tug boat,deepship
3_43,15,/datasets/audio/deepship/train/3/3_43.wav,225.0,255.0,3,train,Tug boat,deepship
3_43,16,/datasets/audio/deepship/train/3/3_43.wav,240.0,270.0,3,train,Tug boat,deepship
3_43,17,/datasets/audio/deepship/train/3/3_43.wav,255.0,285.0,3,train,Tug boat,deepship
3_43,18,/datasets/audio/deepship/train/3/3_43.wav,270.0,300.0,3,train,Tug boat,deepship
3_43,19,/datasets/audio/deepship/train/3/3_43.wav,285.0,315.0,3,train,Tug boat,deepship
3_43,20,/datasets/audio/deepship/train/3/3_43.wav,300.0,330.0,3,train,Tug boat,deepship
3_43,21,/datasets/audio/deepship/train/3/3_43.wav,315.0,345.0,3,train,Tug boat,deepship
3_43,22,/datasets/audio/deepship/train/3/3_43.wav,330.0,360.0,3,train,Tug boat,deepship
3_43,23,/datasets/audio/deepship/train/3/3_43.wav,345.0,375.0,3,train,Tug boat,deepship
3_43,24,/datasets/audio/deepship/train/3/3_43.wav,360.0,390.0,3,train,Tug boat,deepship
3_43,25,/datasets/audio/deepship/train/3/3_43.wav,375.0,405.0,3,train,Tug boat,deepship
3_43,26,/datasets/audio/deepship/train/3/3_43.wav,390.0,420.0,3,train,Tug boat,deepship
3_43,27,/datasets/audio/deepship/train/3/3_43.wav,405.0,435.0,3,train,Tug boat,deepship
3_43,28,/datasets/audio/deepship/train/3/3_43.wav,420.0,450.0,3,train,Tug boat,deepship
3_43,29,/datasets/audio/deepship/train/3/3_43.wav,435.0,465.0,3,train,Tug boat,deepship
3_43,30,/datasets/audio/deepship/train/3/3_43.wav,450.0,480.0,3,train,Tug boat,deepship
3_43,31,/datasets/audio/deepship/train/3/3_43.wav,465.0,495.0,3,train,Tug boat,deepship
3_43,32,/datasets/audio/deepship/train/3/3_43.wav,480.0,510.0,3,train,Tug boat,deepship
3_43,33,/datasets/audio/deepship/train/3/3_43.wav,495.0,525.0,3,train,Tug boat,deepship
3_43,34,/datasets/audio/deepship/train/3/3_43.wav,510.0,540.0,3,train,Tug boat,deepship
3_43,35,/datasets/audio/deepship/train/3/3_43.wav,525.0,555.0,3,train,Tug boat,deepship
3_43,36,/datasets/audio/deepship/train/3/3_43.wav,540.0,570.0,3,train,Tug boat,deepship
3_43,37,/datasets/audio/deepship/train/3/3_43.wav,555.0,585.0,3,train,Tug boat,deepship
3_43,38,/datasets/audio/deepship/train/3/3_43.wav,570.0,600.0,3,train,Tug boat,deepship
3_43,39,/datasets/audio/deepship/train/3/3_43.wav,585.0,615.0,3,train,Tug boat,deepship
3_43,40,/datasets/audio/deepship/train/3/3_43.wav,600.0,630.0,3,train,Tug boat,deepship
3_43,41,/datasets/audio/deepship/train/3/3_43.wav,615.0,645.0,3,train,Tug boat,deepship
3_43,42,/datasets/audio/deepship/train/3/3_43.wav,630.0,660.0,3,train,Tug boat,deepship
3_43,43,/datasets/audio/deepship/train/3/3_43.wav,645.0,675.0,3,train,Tug boat,deepship
3_43,44,/datasets/audio/deepship/train/3/3_43.wav,660.0,690.0,3,train,Tug boat,deepship
3_43,45,/datasets/audio/deepship/train/3/3_43.wav,675.0,705.0,3,train,Tug boat,deepship
3_43,46,/datasets/audio/deepship/train/3/3_43.wav,690.0,720.0,3,train,Tug boat,deepship
3_43,47,/datasets/audio/deepship/train/3/3_43.wav,705.0,735.0,3,train,Tug boat,deepship
3_43,48,/datasets/audio/deepship/train/3/3_43.wav,720.0,750.0,3,train,Tug boat,deepship
3_43,49,/datasets/audio/deepship/train/3/3_43.wav,735.0,765.0,3,train,Tug boat,deepship
3_43,50,/datasets/audio/deepship/train/3/3_43.wav,740.0,770.0,3,train,Tug boat,deepship
3_46,0,/datasets/audio/deepship/train/3/3_46.wav,0.0,30.0,3,train,Tug boat,deepship
3_46,1,/datasets/audio/deepship/train/3/3_46.wav,15.0,45.0,3,train,Tug boat,deepship
3_46,2,/datasets/audio/deepship/train/3/3_46.wav,30.0,60.0,3,train,Tug boat,deepship
3_46,3,/datasets/audio/deepship/train/3/3_46.wav,45.0,75.0,3,train,Tug boat,deepship
3_46,4,/datasets/audio/deepship/train/3/3_46.wav,60.0,90.0,3,train,Tug boat,deepship
3_46,5,/datasets/audio/deepship/train/3/3_46.wav,75.0,105.0,3,train,Tug boat,deepship
3_46,6,/datasets/audio/deepship/train/3/3_46.wav,90.0,120.0,3,train,Tug boat,deepship
3_46,7,/datasets/audio/deepship/train/3/3_46.wav,105.0,135.0,3,train,Tug boat,deepship
3_46,8,/datasets/audio/deepship/train/3/3_46.wav,120.0,150.0,3,train,Tug boat,deepship
3_46,9,/datasets/audio/deepship/train/3/3_46.wav,135.0,165.0,3,train,Tug boat,deepship
3_46,10,/datasets/audio/deepship/train/3/3_46.wav,150.0,180.0,3,train,Tug boat,deepship
3_46,11,/datasets/audio/deepship/train/3/3_46.wav,165.0,195.0,3,train,Tug boat,deepship
3_46,12,/datasets/audio/deepship/train/3/3_46.wav,180.0,210.0,3,train,Tug boat,deepship
3_46,13,/datasets/audio/deepship/train/3/3_46.wav,195.0,225.0,3,train,Tug boat,deepship
3_46,14,/datasets/audio/deepship/train/3/3_46.wav,210.0,240.0,3,train,Tug boat,deepship
3_46,15,/datasets/audio/deepship/train/3/3_46.wav,225.0,255.0,3,train,Tug boat,deepship
3_46,16,/datasets/audio/deepship/train/3/3_46.wav,240.0,270.0,3,train,Tug boat,deepship
3_46,17,/datasets/audio/deepship/train/3/3_46.wav,255.0,285.0,3,train,Tug boat,deepship
3_46,18,/datasets/audio/deepship/train/3/3_46.wav,270.0,300.0,3,train,Tug boat,deepship
3_46,19,/datasets/audio/deepship/train/3/3_46.wav,285.0,315.0,3,train,Tug boat,deepship
3_46,20,/datasets/audio/deepship/train/3/3_46.wav,300.0,330.0,3,train,Tug boat,deepship
3_46,21,/datasets/audio/deepship/train/3/3_46.wav,315.0,345.0,3,train,Tug boat,deepship
3_46,22,/datasets/audio/deepship/train/3/3_46.wav,320.0,350.0,3,train,Tug boat,deepship
3_47,0,/datasets/audio/deepship/train/3/3_47.wav,0.0,30.0,3,train,Tug boat,deepship
3_47,1,/datasets/audio/deepship/train/3/3_47.wav,15.0,45.0,3,train,Tug boat,deepship
3_47,2,/datasets/audio/deepship/train/3/3_47.wav,30.0,60.0,3,train,Tug boat,deepship
3_47,3,/datasets/audio/deepship/train/3/3_47.wav,45.0,75.0,3,train,Tug boat,deepship
3_47,4,/datasets/audio/deepship/train/3/3_47.wav,60.0,90.0,3,train,Tug boat,deepship
3_47,5,/datasets/audio/deepship/train/3/3_47.wav,75.0,105.0,3,train,Tug boat,deepship
3_47,6,/datasets/audio/deepship/train/3/3_47.wav,90.0,120.0,3,train,Tug boat,deepship
3_47,7,/datasets/audio/deepship/train/3/3_47.wav,105.0,135.0,3,train,Tug boat,deepship
3_47,8,/datasets/audio/deepship/train/3/3_47.wav,120.0,150.0,3,train,Tug boat,deepship
3_47,9,/datasets/audio/deepship/train/3/3_47.wav,135.0,165.0,3,train,Tug boat,deepship
3_47,10,/datasets/audio/deepship/train/3/3_47.wav,150.0,180.0,3,train,Tug boat,deepship
3_47,11,/datasets/audio/deepship/train/3/3_47.wav,165.0,195.0,3,train,Tug boat,deepship
3_47,12,/datasets/audio/deepship/train/3/3_47.wav,180.0,210.0,3,train,Tug boat,deepship
3_47,13,/datasets/audio/deepship/train/3/3_47.wav,195.0,225.0,3,train,Tug boat,deepship
3_47,14,/datasets/audio/deepship/train/3/3_47.wav,210.0,240.0,3,train,Tug boat,deepship
3_47,15,/datasets/audio/deepship/train/3/3_47.wav,225.0,255.0,3,train,Tug boat,deepship
3_47,16,/datasets/audio/deepship/train/3/3_47.wav,240.0,270.0,3,train,Tug boat,deepship
3_47,17,/datasets/audio/deepship/train/3/3_47.wav,255.0,285.0,3,train,Tug boat,deepship
3_47,18,/datasets/audio/deepship/train/3/3_47.wav,270.0,300.0,3,train,Tug boat,deepship
3_47,19,/datasets/audio/deepship/train/3/3_47.wav,285.0,315.0,3,train,Tug boat,deepship
3_47,20,/datasets/audio/deepship/train/3/3_47.wav,300.0,330.0,3,train,Tug boat,deepship
3_47,21,/datasets/audio/deepship/train/3/3_47.wav,315.0,345.0,3,train,Tug boat,deepship
3_47,22,/datasets/audio/deepship/train/3/3_47.wav,330.0,360.0,3,train,Tug boat,deepship
3_47,23,/datasets/audio/deepship/train/3/3_47.wav,345.0,375.0,3,train,Tug boat,deepship
3_47,24,/datasets/audio/deepship/train/3/3_47.wav,360.0,390.0,3,train,Tug boat,deepship
3_47,25,/datasets/audio/deepship/train/3/3_47.wav,375.0,405.0,3,train,Tug boat,deepship
3_47,26,/datasets/audio/deepship/train/3/3_47.wav,390.0,420.0,3,train,Tug boat,deepship
3_47,27,/datasets/audio/deepship/train/3/3_47.wav,405.0,435.0,3,train,Tug boat,deepship
3_47,28,/datasets/audio/deepship/train/3/3_47.wav,420.0,450.0,3,train,Tug boat,deepship
3_47,29,/datasets/audio/deepship/train/3/3_47.wav,435.0,465.0,3,train,Tug boat,deepship
3_47,30,/datasets/audio/deepship/train/3/3_47.wav,450.0,480.0,3,train,Tug boat,deepship
3_47,31,/datasets/audio/deepship/train/3/3_47.wav,465.0,495.0,3,train,Tug boat,deepship
3_47,32,/datasets/audio/deepship/train/3/3_47.wav,480.0,510.0,3,train,Tug boat,deepship
3_47,33,/datasets/audio/deepship/train/3/3_47.wav,495.0,525.0,3,train,Tug boat,deepship
3_47,34,/datasets/audio/deepship/train/3/3_47.wav,510.0,540.0,3,train,Tug boat,deepship
3_47,35,/datasets/audio/deepship/train/3/3_47.wav,525.0,555.0,3,train,Tug boat,deepship
3_47,36,/datasets/audio/deepship/train/3/3_47.wav,540.0,570.0,3,train,Tug boat,deepship
3_47,37,/datasets/audio/deepship/train/3/3_47.wav,555.0,585.0,3,train,Tug boat,deepship
3_47,38,/datasets/audio/deepship/train/3/3_47.wav,570.0,600.0,3,train,Tug boat,deepship
3_47,39,/datasets/audio/deepship/train/3/3_47.wav,585.0,615.0,3,train,Tug boat,deepship
3_47,40,/datasets/audio/deepship/train/3/3_47.wav,600.0,630.0,3,train,Tug boat,deepship
3_47,41,/datasets/audio/deepship/train/3/3_47.wav,615.0,645.0,3,train,Tug boat,deepship
3_47,42,/datasets/audio/deepship/train/3/3_47.wav,630.0,660.0,3,train,Tug boat,deepship
3_47,43,/datasets/audio/deepship/train/3/3_47.wav,645.0,675.0,3,train,Tug boat,deepship
3_47,44,/datasets/audio/deepship/train/3/3_47.wav,660.0,690.0,3,train,Tug boat,deepship
3_47,45,/datasets/audio/deepship/train/3/3_47.wav,675.0,705.0,3,train,Tug boat,deepship
3_47,46,/datasets/audio/deepship/train/3/3_47.wav,690.0,720.0,3,train,Tug boat,deepship
3_47,47,/datasets/audio/deepship/train/3/3_47.wav,705.0,735.0,3,train,Tug boat,deepship
3_47,48,/datasets/audio/deepship/train/3/3_47.wav,709.0,739.0,3,train,Tug boat,deepship
3_48,0,/datasets/audio/deepship/train/3/3_48.wav,0.0,30.0,3,train,Tug boat,deepship
3_48,1,/datasets/audio/deepship/train/3/3_48.wav,15.0,45.0,3,train,Tug boat,deepship
3_48,2,/datasets/audio/deepship/train/3/3_48.wav,30.0,60.0,3,train,Tug boat,deepship
3_48,3,/datasets/audio/deepship/train/3/3_48.wav,45.0,75.0,3,train,Tug boat,deepship
3_48,4,/datasets/audio/deepship/train/3/3_48.wav,60.0,90.0,3,train,Tug boat,deepship
3_48,5,/datasets/audio/deepship/train/3/3_48.wav,75.0,105.0,3,train,Tug boat,deepship
3_48,6,/datasets/audio/deepship/train/3/3_48.wav,90.0,120.0,3,train,Tug boat,deepship
3_48,7,/datasets/audio/deepship/train/3/3_48.wav,105.0,135.0,3,train,Tug boat,deepship
3_48,8,/datasets/audio/deepship/train/3/3_48.wav,120.0,150.0,3,train,Tug boat,deepship
3_48,9,/datasets/audio/deepship/train/3/3_48.wav,135.0,165.0,3,train,Tug boat,deepship
3_48,10,/datasets/audio/deepship/train/3/3_48.wav,150.0,180.0,3,train,Tug boat,deepship
3_48,11,/datasets/audio/deepship/train/3/3_48.wav,165.0,195.0,3,train,Tug boat,deepship
3_48,12,/datasets/audio/deepship/train/3/3_48.wav,180.0,210.0,3,train,Tug boat,deepship
3_48,13,/datasets/audio/deepship/train/3/3_48.wav,195.0,225.0,3,train,Tug boat,deepship
3_48,14,/datasets/audio/deepship/train/3/3_48.wav,210.0,240.0,3,train,Tug boat,deepship
3_48,15,/datasets/audio/deepship/train/3/3_48.wav,225.0,255.0,3,train,Tug boat,deepship
3_48,16,/datasets/audio/deepship/train/3/3_48.wav,240.0,270.0,3,train,Tug boat,deepship
3_48,17,/datasets/audio/deepship/train/3/3_48.wav,255.0,285.0,3,train,Tug boat,deepship
3_48,18,/datasets/audio/deepship/train/3/3_48.wav,270.0,300.0,3,train,Tug boat,deepship
3_48,19,/datasets/audio/deepship/train/3/3_48.wav,285.0,315.0,3,train,Tug boat,deepship
3_48,20,/datasets/audio/deepship/train/3/3_48.wav,300.0,330.0,3,train,Tug boat,deepship
3_48,21,/datasets/audio/deepship/train/3/3_48.wav,315.0,345.0,3,train,Tug boat,deepship
3_48,22,/datasets/audio/deepship/train/3/3_48.wav,330.0,360.0,3,train,Tug boat,deepship
3_48,23,/datasets/audio/deepship/train/3/3_48.wav,345.0,375.0,3,train,Tug boat,deepship
3_48,24,/datasets/audio/deepship/train/3/3_48.wav,360.0,390.0,3,train,Tug boat,deepship
3_48,25,/datasets/audio/deepship/train/3/3_48.wav,375.0,405.0,3,train,Tug boat,deepship
3_48,26,/datasets/audio/deepship/train/3/3_48.wav,390.0,420.0,3,train,Tug boat,deepship
3_48,27,/datasets/audio/deepship/train/3/3_48.wav,405.0,435.0,3,train,Tug boat,deepship
3_48,28,/datasets/audio/deepship/train/3/3_48.wav,420.0,450.0,3,train,Tug boat,deepship
3_48,29,/datasets/audio/deepship/train/3/3_48.wav,435.0,465.0,3,train,Tug boat,deepship
3_48,30,/datasets/audio/deepship/train/3/3_48.wav,450.0,480.0,3,train,Tug boat,deepship
3_48,31,/datasets/audio/deepship/train/3/3_48.wav,465.0,495.0,3,train,Tug boat,deepship
3_48,32,/datasets/audio/deepship/train/3/3_48.wav,480.0,510.0,3,train,Tug boat,deepship
3_48,33,/datasets/audio/deepship/train/3/3_48.wav,495.0,525.0,3,train,Tug boat,deepship
3_48,34,/datasets/audio/deepship/train/3/3_48.wav,510.0,540.0,3,train,Tug boat,deepship
3_48,35,/datasets/audio/deepship/train/3/3_48.wav,525.0,555.0,3,train,Tug boat,deepship
3_48,36,/datasets/audio/deepship/train/3/3_48.wav,540.0,570.0,3,train,Tug boat,deepship
3_48,37,/datasets/audio/deepship/train/3/3_48.wav,543.0,573.0,3,train,Tug boat,deepship
3_49,0,/datasets/audio/deepship/train/3/3_49.wav,0.0,30.0,3,train,Tug boat,deepship
3_49,1,/datasets/audio/deepship/train/3/3_49.wav,15.0,45.0,3,train,Tug boat,deepship
3_49,2,/datasets/audio/deepship/train/3/3_49.wav,30.0,60.0,3,train,Tug boat,deepship
3_49,3,/datasets/audio/deepship/train/3/3_49.wav,45.0,75.0,3,train,Tug boat,deepship
3_49,4,/datasets/audio/deepship/train/3/3_49.wav,60.0,90.0,3,train,Tug boat,deepship
3_49,5,/datasets/audio/deepship/train/3/3_49.wav,75.0,105.0,3,train,Tug boat,deepship
3_49,6,/datasets/audio/deepship/train/3/3_49.wav,90.0,120.0,3,train,Tug boat,deepship
3_49,7,/datasets/audio/deepship/train/3/3_49.wav,105.0,135.0,3,train,Tug boat,deepship
3_49,8,/datasets/audio/deepship/train/3/3_49.wav,120.0,150.0,3,train,Tug boat,deepship
3_49,9,/datasets/audio/deepship/train/3/3_49.wav,135.0,165.0,3,train,Tug boat,deepship
3_49,10,/datasets/audio/deepship/train/3/3_49.wav,150.0,180.0,3,train,Tug boat,deepship
3_49,11,/datasets/audio/deepship/train/3/3_49.wav,160.0,190.0,3,train,Tug boat,deepship
3_5,0,/datasets/audio/deepship/train/3/3_5.wav,0.0,30.0,3,train,Tug boat,deepship
3_5,1,/datasets/audio/deepship/train/3/3_5.wav,15.0,45.0,3,train,Tug boat,deepship
3_5,2,/datasets/audio/deepship/train/3/3_5.wav,30.0,60.0,3,train,Tug boat,deepship
3_5,3,/datasets/audio/deepship/train/3/3_5.wav,45.0,75.0,3,train,Tug boat,deepship
3_5,4,/datasets/audio/deepship/train/3/3_5.wav,60.0,90.0,3,train,Tug boat,deepship
3_5,5,/datasets/audio/deepship/train/3/3_5.wav,75.0,105.0,3,train,Tug boat,deepship
3_5,6,/datasets/audio/deepship/train/3/3_5.wav,90.0,120.0,3,train,Tug boat,deepship
3_5,7,/datasets/audio/deepship/train/3/3_5.wav,105.0,135.0,3,train,Tug boat,deepship
3_5,8,/datasets/audio/deepship/train/3/3_5.wav,120.0,150.0,3,train,Tug boat,deepship
3_5,9,/datasets/audio/deepship/train/3/3_5.wav,135.0,165.0,3,train,Tug boat,deepship
3_5,10,/datasets/audio/deepship/train/3/3_5.wav,150.0,180.0,3,train,Tug boat,deepship
3_5,11,/datasets/audio/deepship/train/3/3_5.wav,165.0,195.0,3,train,Tug boat,deepship
3_5,12,/datasets/audio/deepship/train/3/3_5.wav,180.0,210.0,3,train,Tug boat,deepship
3_5,13,/datasets/audio/deepship/train/3/3_5.wav,195.0,225.0,3,train,Tug boat,deepship
3_5,14,/datasets/audio/deepship/train/3/3_5.wav,210.0,240.0,3,train,Tug boat,deepship
3_5,15,/datasets/audio/deepship/train/3/3_5.wav,225.0,255.0,3,train,Tug boat,deepship
3_5,16,/datasets/audio/deepship/train/3/3_5.wav,240.0,270.0,3,train,Tug boat,deepship
3_5,17,/datasets/audio/deepship/train/3/3_5.wav,255.0,285.0,3,train,Tug boat,deepship
3_5,18,/datasets/audio/deepship/train/3/3_5.wav,270.0,300.0,3,train,Tug boat,deepship
3_5,19,/datasets/audio/deepship/train/3/3_5.wav,285.0,315.0,3,train,Tug boat,deepship
3_5,20,/datasets/audio/deepship/train/3/3_5.wav,300.0,330.0,3,train,Tug boat,deepship
3_5,21,/datasets/audio/deepship/train/3/3_5.wav,315.0,345.0,3,train,Tug boat,deepship
3_5,22,/datasets/audio/deepship/train/3/3_5.wav,330.0,360.0,3,train,Tug boat,deepship
3_5,23,/datasets/audio/deepship/train/3/3_5.wav,345.0,375.0,3,train,Tug boat,deepship
3_5,24,/datasets/audio/deepship/train/3/3_5.wav,360.0,390.0,3,train,Tug boat,deepship
3_5,25,/datasets/audio/deepship/train/3/3_5.wav,375.0,405.0,3,train,Tug boat,deepship
3_5,26,/datasets/audio/deepship/train/3/3_5.wav,390.0,420.0,3,train,Tug boat,deepship
3_5,27,/datasets/audio/deepship/train/3/3_5.wav,405.0,435.0,3,train,Tug boat,deepship
3_5,28,/datasets/audio/deepship/train/3/3_5.wav,420.0,450.0,3,train,Tug boat,deepship
3_5,29,/datasets/audio/deepship/train/3/3_5.wav,435.0,465.0,3,train,Tug boat,deepship
3_5,30,/datasets/audio/deepship/train/3/3_5.wav,450.0,480.0,3,train,Tug boat,deepship
3_5,31,/datasets/audio/deepship/train/3/3_5.wav,465.0,495.0,3,train,Tug boat,deepship
3_5,32,/datasets/audio/deepship/train/3/3_5.wav,480.0,510.0,3,train,Tug boat,deepship
3_5,33,/datasets/audio/deepship/train/3/3_5.wav,495.0,525.0,3,train,Tug boat,deepship
3_5,34,/datasets/audio/deepship/train/3/3_5.wav,510.0,540.0,3,train,Tug boat,deepship
3_5,35,/datasets/audio/deepship/train/3/3_5.wav,525.0,555.0,3,train,Tug boat,deepship
3_5,36,/datasets/audio/deepship/train/3/3_5.wav,540.0,570.0,3,train,Tug boat,deepship
3_5,37,/datasets/audio/deepship/train/3/3_5.wav,555.0,585.0,3,train,Tug boat,deepship
3_5,38,/datasets/audio/deepship/train/3/3_5.wav,570.0,600.0,3,train,Tug boat,deepship
3_5,39,/datasets/audio/deepship/train/3/3_5.wav,585.0,615.0,3,train,Tug boat,deepship
3_5,40,/datasets/audio/deepship/train/3/3_5.wav,596.0,626.0,3,train,Tug boat,deepship
3_50,0,/datasets/audio/deepship/train/3/3_50.wav,0.0,30.0,3,train,Tug boat,deepship
3_50,1,/datasets/audio/deepship/train/3/3_50.wav,15.0,45.0,3,train,Tug boat,deepship
3_50,2,/datasets/audio/deepship/train/3/3_50.wav,30.0,60.0,3,train,Tug boat,deepship
3_50,3,/datasets/audio/deepship/train/3/3_50.wav,45.0,75.0,3,train,Tug boat,deepship
3_50,4,/datasets/audio/deepship/train/3/3_50.wav,60.0,90.0,3,train,Tug boat,deepship
3_50,5,/datasets/audio/deepship/train/3/3_50.wav,75.0,105.0,3,train,Tug boat,deepship
3_50,6,/datasets/audio/deepship/train/3/3_50.wav,90.0,120.0,3,train,Tug boat,deepship
3_50,7,/datasets/audio/deepship/train/3/3_50.wav,105.0,135.0,3,train,Tug boat,deepship
3_50,8,/datasets/audio/deepship/train/3/3_50.wav,120.0,150.0,3,train,Tug boat,deepship
3_50,9,/datasets/audio/deepship/train/3/3_50.wav,135.0,165.0,3,train,Tug boat,deepship
3_50,10,/datasets/audio/deepship/train/3/3_50.wav,150.0,180.0,3,train,Tug boat,deepship
3_50,11,/datasets/audio/deepship/train/3/3_50.wav,165.0,195.0,3,train,Tug boat,deepship
3_50,12,/datasets/audio/deepship/train/3/3_50.wav,180.0,210.0,3,train,Tug boat,deepship
3_50,13,/datasets/audio/deepship/train/3/3_50.wav,195.0,225.0,3,train,Tug boat,deepship
3_50,14,/datasets/audio/deepship/train/3/3_50.wav,210.0,240.0,3,train,Tug boat,deepship
3_50,15,/datasets/audio/deepship/train/3/3_50.wav,225.0,255.0,3,train,Tug boat,deepship
3_50,16,/datasets/audio/deepship/train/3/3_50.wav,240.0,270.0,3,train,Tug boat,deepship
3_50,17,/datasets/audio/deepship/train/3/3_50.wav,255.0,285.0,3,train,Tug boat,deepship
3_50,18,/datasets/audio/deepship/train/3/3_50.wav,270.0,300.0,3,train,Tug boat,deepship
3_50,19,/datasets/audio/deepship/train/3/3_50.wav,285.0,315.0,3,train,Tug boat,deepship
3_50,20,/datasets/audio/deepship/train/3/3_50.wav,300.0,330.0,3,train,Tug boat,deepship
3_50,21,/datasets/audio/deepship/train/3/3_50.wav,315.0,345.0,3,train,Tug boat,deepship
3_50,22,/datasets/audio/deepship/train/3/3_50.wav,318.0,348.0,3,train,Tug boat,deepship
3_51,0,/datasets/audio/deepship/train/3/3_51.wav,0.0,30.0,3,train,Tug boat,deepship
3_51,1,/datasets/audio/deepship/train/3/3_51.wav,15.0,45.0,3,train,Tug boat,deepship
3_51,2,/datasets/audio/deepship/train/3/3_51.wav,30.0,60.0,3,train,Tug boat,deepship
3_51,3,/datasets/audio/deepship/train/3/3_51.wav,45.0,75.0,3,train,Tug boat,deepship
3_51,4,/datasets/audio/deepship/train/3/3_51.wav,60.0,90.0,3,train,Tug boat,deepship
3_51,5,/datasets/audio/deepship/train/3/3_51.wav,75.0,105.0,3,train,Tug boat,deepship
3_51,6,/datasets/audio/deepship/train/3/3_51.wav,90.0,120.0,3,train,Tug boat,deepship
3_51,7,/datasets/audio/deepship/train/3/3_51.wav,105.0,135.0,3,train,Tug boat,deepship
3_51,8,/datasets/audio/deepship/train/3/3_51.wav,120.0,150.0,3,train,Tug boat,deepship
3_51,9,/datasets/audio/deepship/train/3/3_51.wav,135.0,165.0,3,train,Tug boat,deepship
3_51,10,/datasets/audio/deepship/train/3/3_51.wav,150.0,180.0,3,train,Tug boat,deepship
3_51,11,/datasets/audio/deepship/train/3/3_51.wav,165.0,195.0,3,train,Tug boat,deepship
3_51,12,/datasets/audio/deepship/train/3/3_51.wav,180.0,210.0,3,train,Tug boat,deepship
3_51,13,/datasets/audio/deepship/train/3/3_51.wav,195.0,225.0,3,train,Tug boat,deepship
3_51,14,/datasets/audio/deepship/train/3/3_51.wav,210.0,240.0,3,train,Tug boat,deepship
3_51,15,/datasets/audio/deepship/train/3/3_51.wav,225.0,255.0,3,train,Tug boat,deepship
3_51,16,/datasets/audio/deepship/train/3/3_51.wav,240.0,270.0,3,train,Tug boat,deepship
3_51,17,/datasets/audio/deepship/train/3/3_51.wav,255.0,285.0,3,train,Tug boat,deepship
3_51,18,/datasets/audio/deepship/train/3/3_51.wav,270.0,300.0,3,train,Tug boat,deepship
3_51,19,/datasets/audio/deepship/train/3/3_51.wav,285.0,315.0,3,train,Tug boat,deepship
3_51,20,/datasets/audio/deepship/train/3/3_51.wav,300.0,330.0,3,train,Tug boat,deepship
3_51,21,/datasets/audio/deepship/train/3/3_51.wav,315.0,345.0,3,train,Tug boat,deepship
3_51,22,/datasets/audio/deepship/train/3/3_51.wav,330.0,360.0,3,train,Tug boat,deepship
3_51,23,/datasets/audio/deepship/train/3/3_51.wav,345.0,375.0,3,train,Tug boat,deepship
3_51,24,/datasets/audio/deepship/train/3/3_51.wav,360.0,390.0,3,train,Tug boat,deepship
3_51,25,/datasets/audio/deepship/train/3/3_51.wav,375.0,405.0,3,train,Tug boat,deepship
3_51,26,/datasets/audio/deepship/train/3/3_51.wav,390.0,420.0,3,train,Tug boat,deepship
3_51,27,/datasets/audio/deepship/train/3/3_51.wav,405.0,435.0,3,train,Tug boat,deepship
3_51,28,/datasets/audio/deepship/train/3/3_51.wav,420.0,450.0,3,train,Tug boat,deepship
3_51,29,/datasets/audio/deepship/train/3/3_51.wav,435.0,465.0,3,train,Tug boat,deepship
3_51,30,/datasets/audio/deepship/train/3/3_51.wav,450.0,480.0,3,train,Tug boat,deepship
3_51,31,/datasets/audio/deepship/train/3/3_51.wav,465.0,495.0,3,train,Tug boat,deepship
3_51,32,/datasets/audio/deepship/train/3/3_51.wav,480.0,510.0,3,train,Tug boat,deepship
3_51,33,/datasets/audio/deepship/train/3/3_51.wav,495.0,525.0,3,train,Tug boat,deepship
3_51,34,/datasets/audio/deepship/train/3/3_51.wav,510.0,540.0,3,train,Tug boat,deepship
3_51,35,/datasets/audio/deepship/train/3/3_51.wav,525.0,555.0,3,train,Tug boat,deepship
3_51,36,/datasets/audio/deepship/train/3/3_51.wav,540.0,570.0,3,train,Tug boat,deepship
3_51,37,/datasets/audio/deepship/train/3/3_51.wav,555.0,585.0,3,train,Tug boat,deepship
3_51,38,/datasets/audio/deepship/train/3/3_51.wav,570.0,600.0,3,train,Tug boat,deepship
3_51,39,/datasets/audio/deepship/train/3/3_51.wav,585.0,615.0,3,train,Tug boat,deepship
3_51,40,/datasets/audio/deepship/train/3/3_51.wav,600.0,630.0,3,train,Tug boat,deepship
3_51,41,/datasets/audio/deepship/train/3/3_51.wav,615.0,645.0,3,train,Tug boat,deepship
3_51,42,/datasets/audio/deepship/train/3/3_51.wav,630.0,660.0,3,train,Tug boat,deepship
3_51,43,/datasets/audio/deepship/train/3/3_51.wav,645.0,675.0,3,train,Tug boat,deepship
3_51,44,/datasets/audio/deepship/train/3/3_51.wav,660.0,690.0,3,train,Tug boat,deepship
3_51,45,/datasets/audio/deepship/train/3/3_51.wav,675.0,705.0,3,train,Tug boat,deepship
3_51,46,/datasets/audio/deepship/train/3/3_51.wav,690.0,720.0,3,train,Tug boat,deepship
3_51,47,/datasets/audio/deepship/train/3/3_51.wav,705.0,735.0,3,train,Tug boat,deepship
3_51,48,/datasets/audio/deepship/train/3/3_51.wav,720.0,750.0,3,train,Tug boat,deepship
3_51,49,/datasets/audio/deepship/train/3/3_51.wav,735.0,765.0,3,train,Tug boat,deepship
3_51,50,/datasets/audio/deepship/train/3/3_51.wav,750.0,780.0,3,train,Tug boat,deepship
3_51,51,/datasets/audio/deepship/train/3/3_51.wav,765.0,795.0,3,train,Tug boat,deepship
3_51,52,/datasets/audio/deepship/train/3/3_51.wav,780.0,810.0,3,train,Tug boat,deepship
3_51,53,/datasets/audio/deepship/train/3/3_51.wav,795.0,825.0,3,train,Tug boat,deepship
3_51,54,/datasets/audio/deepship/train/3/3_51.wav,810.0,840.0,3,train,Tug boat,deepship
3_51,55,/datasets/audio/deepship/train/3/3_51.wav,825.0,855.0,3,train,Tug boat,deepship
3_51,56,/datasets/audio/deepship/train/3/3_51.wav,831.0,861.0,3,train,Tug boat,deepship
3_52,0,/datasets/audio/deepship/train/3/3_52.wav,0.0,30.0,3,train,Tug boat,deepship
3_52,1,/datasets/audio/deepship/train/3/3_52.wav,15.0,45.0,3,train,Tug boat,deepship
3_52,2,/datasets/audio/deepship/train/3/3_52.wav,30.0,60.0,3,train,Tug boat,deepship
3_52,3,/datasets/audio/deepship/train/3/3_52.wav,45.0,75.0,3,train,Tug boat,deepship
3_52,4,/datasets/audio/deepship/train/3/3_52.wav,60.0,90.0,3,train,Tug boat,deepship
3_52,5,/datasets/audio/deepship/train/3/3_52.wav,75.0,105.0,3,train,Tug boat,deepship
3_52,6,/datasets/audio/deepship/train/3/3_52.wav,90.0,120.0,3,train,Tug boat,deepship
3_52,7,/datasets/audio/deepship/train/3/3_52.wav,105.0,135.0,3,train,Tug boat,deepship
3_52,8,/datasets/audio/deepship/train/3/3_52.wav,120.0,150.0,3,train,Tug boat,deepship
3_52,9,/datasets/audio/deepship/train/3/3_52.wav,135.0,165.0,3,train,Tug boat,deepship
3_52,10,/datasets/audio/deepship/train/3/3_52.wav,150.0,180.0,3,train,Tug boat,deepship
3_52,11,/datasets/audio/deepship/train/3/3_52.wav,165.0,195.0,3,train,Tug boat,deepship
3_52,12,/datasets/audio/deepship/train/3/3_52.wav,180.0,210.0,3,train,Tug boat,deepship
3_52,13,/datasets/audio/deepship/train/3/3_52.wav,195.0,225.0,3,train,Tug boat,deepship
3_52,14,/datasets/audio/deepship/train/3/3_52.wav,210.0,240.0,3,train,Tug boat,deepship
3_52,15,/datasets/audio/deepship/train/3/3_52.wav,225.0,255.0,3,train,Tug boat,deepship
3_52,16,/datasets/audio/deepship/train/3/3_52.wav,240.0,270.0,3,train,Tug boat,deepship
3_52,17,/datasets/audio/deepship/train/3/3_52.wav,255.0,285.0,3,train,Tug boat,deepship
3_52,18,/datasets/audio/deepship/train/3/3_52.wav,270.0,300.0,3,train,Tug boat,deepship
3_52,19,/datasets/audio/deepship/train/3/3_52.wav,285.0,315.0,3,train,Tug boat,deepship
3_52,20,/datasets/audio/deepship/train/3/3_52.wav,300.0,330.0,3,train,Tug boat,deepship
3_52,21,/datasets/audio/deepship/train/3/3_52.wav,315.0,345.0,3,train,Tug boat,deepship
3_52,22,/datasets/audio/deepship/train/3/3_52.wav,330.0,360.0,3,train,Tug boat,deepship
3_52,23,/datasets/audio/deepship/train/3/3_52.wav,345.0,375.0,3,train,Tug boat,deepship
3_52,24,/datasets/audio/deepship/train/3/3_52.wav,360.0,390.0,3,train,Tug boat,deepship
3_52,25,/datasets/audio/deepship/train/3/3_52.wav,375.0,405.0,3,train,Tug boat,deepship
3_52,26,/datasets/audio/deepship/train/3/3_52.wav,390.0,420.0,3,train,Tug boat,deepship
3_52,27,/datasets/audio/deepship/train/3/3_52.wav,405.0,435.0,3,train,Tug boat,deepship
3_52,28,/datasets/audio/deepship/train/3/3_52.wav,420.0,450.0,3,train,Tug boat,deepship
3_52,29,/datasets/audio/deepship/train/3/3_52.wav,435.0,465.0,3,train,Tug boat,deepship
3_52,30,/datasets/audio/deepship/train/3/3_52.wav,450.0,480.0,3,train,Tug boat,deepship
3_52,31,/datasets/audio/deepship/train/3/3_52.wav,465.0,495.0,3,train,Tug boat,deepship
3_52,32,/datasets/audio/deepship/train/3/3_52.wav,480.0,510.0,3,train,Tug boat,deepship
3_52,33,/datasets/audio/deepship/train/3/3_52.wav,495.0,525.0,3,train,Tug boat,deepship
3_52,34,/datasets/audio/deepship/train/3/3_52.wav,510.0,540.0,3,train,Tug boat,deepship
3_52,35,/datasets/audio/deepship/train/3/3_52.wav,525.0,555.0,3,train,Tug boat,deepship
3_52,36,/datasets/audio/deepship/train/3/3_52.wav,540.0,570.0,3,train,Tug boat,deepship
3_52,37,/datasets/audio/deepship/train/3/3_52.wav,555.0,585.0,3,train,Tug boat,deepship
3_52,38,/datasets/audio/deepship/train/3/3_52.wav,570.0,600.0,3,train,Tug boat,deepship
3_52,39,/datasets/audio/deepship/train/3/3_52.wav,585.0,615.0,3,train,Tug boat,deepship
3_52,40,/datasets/audio/deepship/train/3/3_52.wav,600.0,630.0,3,train,Tug boat,deepship
3_52,41,/datasets/audio/deepship/train/3/3_52.wav,615.0,645.0,3,train,Tug boat,deepship
3_52,42,/datasets/audio/deepship/train/3/3_52.wav,630.0,660.0,3,train,Tug boat,deepship
3_52,43,/datasets/audio/deepship/train/3/3_52.wav,645.0,675.0,3,train,Tug boat,deepship
3_52,44,/datasets/audio/deepship/train/3/3_52.wav,660.0,690.0,3,train,Tug boat,deepship
3_52,45,/datasets/audio/deepship/train/3/3_52.wav,675.0,705.0,3,train,Tug boat,deepship
3_52,46,/datasets/audio/deepship/train/3/3_52.wav,690.0,720.0,3,train,Tug boat,deepship
3_52,47,/datasets/audio/deepship/train/3/3_52.wav,705.0,735.0,3,train,Tug boat,deepship
3_52,48,/datasets/audio/deepship/train/3/3_52.wav,720.0,750.0,3,train,Tug boat,deepship
3_52,49,/datasets/audio/deepship/train/3/3_52.wav,735.0,765.0,3,train,Tug boat,deepship
3_52,50,/datasets/audio/deepship/train/3/3_52.wav,750.0,780.0,3,train,Tug boat,deepship
3_52,51,/datasets/audio/deepship/train/3/3_52.wav,765.0,795.0,3,train,Tug boat,deepship
3_52,52,/datasets/audio/deepship/train/3/3_52.wav,780.0,810.0,3,train,Tug boat,deepship
3_52,53,/datasets/audio/deepship/train/3/3_52.wav,795.0,825.0,3,train,Tug boat,deepship
3_52,54,/datasets/audio/deepship/train/3/3_52.wav,810.0,840.0,3,train,Tug boat,deepship
3_52,55,/datasets/audio/deepship/train/3/3_52.wav,825.0,855.0,3,train,Tug boat,deepship
3_52,56,/datasets/audio/deepship/train/3/3_52.wav,830.0,860.0,3,train,Tug boat,deepship
3_53,0,/datasets/audio/deepship/train/3/3_53.wav,0.0,30.0,3,train,Tug boat,deepship
3_53,1,/datasets/audio/deepship/train/3/3_53.wav,15.0,45.0,3,train,Tug boat,deepship
3_53,2,/datasets/audio/deepship/train/3/3_53.wav,30.0,60.0,3,train,Tug boat,deepship
3_53,3,/datasets/audio/deepship/train/3/3_53.wav,45.0,75.0,3,train,Tug boat,deepship
3_53,4,/datasets/audio/deepship/train/3/3_53.wav,60.0,90.0,3,train,Tug boat,deepship
3_53,5,/datasets/audio/deepship/train/3/3_53.wav,75.0,105.0,3,train,Tug boat,deepship
3_53,6,/datasets/audio/deepship/train/3/3_53.wav,90.0,120.0,3,train,Tug boat,deepship
3_53,7,/datasets/audio/deepship/train/3/3_53.wav,105.0,135.0,3,train,Tug boat,deepship
3_53,8,/datasets/audio/deepship/train/3/3_53.wav,120.0,150.0,3,train,Tug boat,deepship
3_53,9,/datasets/audio/deepship/train/3/3_53.wav,135.0,165.0,3,train,Tug boat,deepship
3_53,10,/datasets/audio/deepship/train/3/3_53.wav,150.0,180.0,3,train,Tug boat,deepship
3_53,11,/datasets/audio/deepship/train/3/3_53.wav,165.0,195.0,3,train,Tug boat,deepship
3_53,12,/datasets/audio/deepship/train/3/3_53.wav,180.0,210.0,3,train,Tug boat,deepship
3_53,13,/datasets/audio/deepship/train/3/3_53.wav,195.0,225.0,3,train,Tug boat,deepship
3_53,14,/datasets/audio/deepship/train/3/3_53.wav,210.0,240.0,3,train,Tug boat,deepship
3_53,15,/datasets/audio/deepship/train/3/3_53.wav,225.0,255.0,3,train,Tug boat,deepship
3_53,16,/datasets/audio/deepship/train/3/3_53.wav,233.0,263.0,3,train,Tug boat,deepship
3_54,0,/datasets/audio/deepship/train/3/3_54.wav,0.0,30.0,3,train,Tug boat,deepship
3_54,1,/datasets/audio/deepship/train/3/3_54.wav,15.0,45.0,3,train,Tug boat,deepship
3_54,2,/datasets/audio/deepship/train/3/3_54.wav,30.0,60.0,3,train,Tug boat,deepship
3_54,3,/datasets/audio/deepship/train/3/3_54.wav,45.0,75.0,3,train,Tug boat,deepship
3_54,4,/datasets/audio/deepship/train/3/3_54.wav,60.0,90.0,3,train,Tug boat,deepship
3_54,5,/datasets/audio/deepship/train/3/3_54.wav,75.0,105.0,3,train,Tug boat,deepship
3_54,6,/datasets/audio/deepship/train/3/3_54.wav,90.0,120.0,3,train,Tug boat,deepship
3_54,7,/datasets/audio/deepship/train/3/3_54.wav,105.0,135.0,3,train,Tug boat,deepship
3_54,8,/datasets/audio/deepship/train/3/3_54.wav,120.0,150.0,3,train,Tug boat,deepship
3_54,9,/datasets/audio/deepship/train/3/3_54.wav,135.0,165.0,3,train,Tug boat,deepship
3_54,10,/datasets/audio/deepship/train/3/3_54.wav,150.0,180.0,3,train,Tug boat,deepship
3_54,11,/datasets/audio/deepship/train/3/3_54.wav,165.0,195.0,3,train,Tug boat,deepship
3_54,12,/datasets/audio/deepship/train/3/3_54.wav,180.0,210.0,3,train,Tug boat,deepship
3_54,13,/datasets/audio/deepship/train/3/3_54.wav,195.0,225.0,3,train,Tug boat,deepship
3_54,14,/datasets/audio/deepship/train/3/3_54.wav,210.0,240.0,3,train,Tug boat,deepship
3_54,15,/datasets/audio/deepship/train/3/3_54.wav,225.0,255.0,3,train,Tug boat,deepship
3_54,16,/datasets/audio/deepship/train/3/3_54.wav,240.0,270.0,3,train,Tug boat,deepship
3_54,17,/datasets/audio/deepship/train/3/3_54.wav,255.0,285.0,3,train,Tug boat,deepship
3_54,18,/datasets/audio/deepship/train/3/3_54.wav,270.0,300.0,3,train,Tug boat,deepship
3_54,19,/datasets/audio/deepship/train/3/3_54.wav,285.0,315.0,3,train,Tug boat,deepship
3_54,20,/datasets/audio/deepship/train/3/3_54.wav,300.0,330.0,3,train,Tug boat,deepship
3_54,21,/datasets/audio/deepship/train/3/3_54.wav,315.0,345.0,3,train,Tug boat,deepship
3_54,22,/datasets/audio/deepship/train/3/3_54.wav,330.0,360.0,3,train,Tug boat,deepship
3_54,23,/datasets/audio/deepship/train/3/3_54.wav,345.0,375.0,3,train,Tug boat,deepship
3_54,24,/datasets/audio/deepship/train/3/3_54.wav,360.0,390.0,3,train,Tug boat,deepship
3_54,25,/datasets/audio/deepship/train/3/3_54.wav,375.0,405.0,3,train,Tug boat,deepship
3_54,26,/datasets/audio/deepship/train/3/3_54.wav,390.0,420.0,3,train,Tug boat,deepship
3_54,27,/datasets/audio/deepship/train/3/3_54.wav,405.0,435.0,3,train,Tug boat,deepship
3_54,28,/datasets/audio/deepship/train/3/3_54.wav,420.0,450.0,3,train,Tug boat,deepship
3_54,29,/datasets/audio/deepship/train/3/3_54.wav,435.0,465.0,3,train,Tug boat,deepship
3_54,30,/datasets/audio/deepship/train/3/3_54.wav,450.0,480.0,3,train,Tug boat,deepship
3_54,31,/datasets/audio/deepship/train/3/3_54.wav,465.0,495.0,3,train,Tug boat,deepship
3_54,32,/datasets/audio/deepship/train/3/3_54.wav,480.0,510.0,3,train,Tug boat,deepship
3_54,33,/datasets/audio/deepship/train/3/3_54.wav,495.0,525.0,3,train,Tug boat,deepship
3_54,34,/datasets/audio/deepship/train/3/3_54.wav,510.0,540.0,3,train,Tug boat,deepship
3_54,35,/datasets/audio/deepship/train/3/3_54.wav,525.0,555.0,3,train,Tug boat,deepship
3_54,36,/datasets/audio/deepship/train/3/3_54.wav,540.0,570.0,3,train,Tug boat,deepship
3_54,37,/datasets/audio/deepship/train/3/3_54.wav,555.0,585.0,3,train,Tug boat,deepship
3_54,38,/datasets/audio/deepship/train/3/3_54.wav,570.0,600.0,3,train,Tug boat,deepship
3_54,39,/datasets/audio/deepship/train/3/3_54.wav,585.0,615.0,3,train,Tug boat,deepship
3_54,40,/datasets/audio/deepship/train/3/3_54.wav,600.0,630.0,3,train,Tug boat,deepship
3_54,41,/datasets/audio/deepship/train/3/3_54.wav,615.0,645.0,3,train,Tug boat,deepship
3_54,42,/datasets/audio/deepship/train/3/3_54.wav,630.0,660.0,3,train,Tug boat,deepship
3_54,43,/datasets/audio/deepship/train/3/3_54.wav,644.0,674.0,3,train,Tug boat,deepship
3_55,0,/datasets/audio/deepship/train/3/3_55.wav,0.0,30.0,3,train,Tug boat,deepship
3_55,1,/datasets/audio/deepship/train/3/3_55.wav,15.0,45.0,3,train,Tug boat,deepship
3_55,2,/datasets/audio/deepship/train/3/3_55.wav,30.0,60.0,3,train,Tug boat,deepship
3_55,3,/datasets/audio/deepship/train/3/3_55.wav,45.0,75.0,3,train,Tug boat,deepship
3_55,4,/datasets/audio/deepship/train/3/3_55.wav,60.0,90.0,3,train,Tug boat,deepship
3_55,5,/datasets/audio/deepship/train/3/3_55.wav,75.0,105.0,3,train,Tug boat,deepship
3_55,6,/datasets/audio/deepship/train/3/3_55.wav,90.0,120.0,3,train,Tug boat,deepship
3_55,7,/datasets/audio/deepship/train/3/3_55.wav,105.0,135.0,3,train,Tug boat,deepship
3_55,8,/datasets/audio/deepship/train/3/3_55.wav,120.0,150.0,3,train,Tug boat,deepship
3_55,9,/datasets/audio/deepship/train/3/3_55.wav,135.0,165.0,3,train,Tug boat,deepship
3_55,10,/datasets/audio/deepship/train/3/3_55.wav,150.0,180.0,3,train,Tug boat,deepship
3_55,11,/datasets/audio/deepship/train/3/3_55.wav,165.0,195.0,3,train,Tug boat,deepship
3_55,12,/datasets/audio/deepship/train/3/3_55.wav,180.0,210.0,3,train,Tug boat,deepship
3_55,13,/datasets/audio/deepship/train/3/3_55.wav,195.0,225.0,3,train,Tug boat,deepship
3_55,14,/datasets/audio/deepship/train/3/3_55.wav,210.0,240.0,3,train,Tug boat,deepship
3_55,15,/datasets/audio/deepship/train/3/3_55.wav,225.0,255.0,3,train,Tug boat,deepship
3_55,16,/datasets/audio/deepship/train/3/3_55.wav,240.0,270.0,3,train,Tug boat,deepship
3_55,17,/datasets/audio/deepship/train/3/3_55.wav,255.0,285.0,3,train,Tug boat,deepship
3_55,18,/datasets/audio/deepship/train/3/3_55.wav,270.0,300.0,3,train,Tug boat,deepship
3_55,19,/datasets/audio/deepship/train/3/3_55.wav,285.0,315.0,3,train,Tug boat,deepship
3_55,20,/datasets/audio/deepship/train/3/3_55.wav,300.0,330.0,3,train,Tug boat,deepship
3_55,21,/datasets/audio/deepship/train/3/3_55.wav,306.0,336.0,3,train,Tug boat,deepship
3_58,0,/datasets/audio/deepship/train/3/3_58.wav,0.0,30.0,3,train,Tug boat,deepship
3_58,1,/datasets/audio/deepship/train/3/3_58.wav,15.0,45.0,3,train,Tug boat,deepship
3_58,2,/datasets/audio/deepship/train/3/3_58.wav,30.0,60.0,3,train,Tug boat,deepship
3_58,3,/datasets/audio/deepship/train/3/3_58.wav,45.0,75.0,3,train,Tug boat,deepship
3_58,4,/datasets/audio/deepship/train/3/3_58.wav,60.0,90.0,3,train,Tug boat,deepship
3_58,5,/datasets/audio/deepship/train/3/3_58.wav,75.0,105.0,3,train,Tug boat,deepship
3_58,6,/datasets/audio/deepship/train/3/3_58.wav,90.0,120.0,3,train,Tug boat,deepship
3_58,7,/datasets/audio/deepship/train/3/3_58.wav,105.0,135.0,3,train,Tug boat,deepship
3_58,8,/datasets/audio/deepship/train/3/3_58.wav,120.0,150.0,3,train,Tug boat,deepship
3_58,9,/datasets/audio/deepship/train/3/3_58.wav,135.0,165.0,3,train,Tug boat,deepship
3_58,10,/datasets/audio/deepship/train/3/3_58.wav,150.0,180.0,3,train,Tug boat,deepship
3_58,11,/datasets/audio/deepship/train/3/3_58.wav,165.0,195.0,3,train,Tug boat,deepship
3_58,12,/datasets/audio/deepship/train/3/3_58.wav,180.0,210.0,3,train,Tug boat,deepship
3_58,13,/datasets/audio/deepship/train/3/3_58.wav,195.0,225.0,3,train,Tug boat,deepship
3_58,14,/datasets/audio/deepship/train/3/3_58.wav,210.0,240.0,3,train,Tug boat,deepship
3_58,15,/datasets/audio/deepship/train/3/3_58.wav,225.0,255.0,3,train,Tug boat,deepship
3_58,16,/datasets/audio/deepship/train/3/3_58.wav,240.0,270.0,3,train,Tug boat,deepship
3_58,17,/datasets/audio/deepship/train/3/3_58.wav,255.0,285.0,3,train,Tug boat,deepship
3_58,18,/datasets/audio/deepship/train/3/3_58.wav,270.0,300.0,3,train,Tug boat,deepship
3_58,19,/datasets/audio/deepship/train/3/3_58.wav,285.0,315.0,3,train,Tug boat,deepship
3_58,20,/datasets/audio/deepship/train/3/3_58.wav,300.0,330.0,3,train,Tug boat,deepship
3_58,21,/datasets/audio/deepship/train/3/3_58.wav,315.0,345.0,3,train,Tug boat,deepship
3_58,22,/datasets/audio/deepship/train/3/3_58.wav,330.0,360.0,3,train,Tug boat,deepship
3_58,23,/datasets/audio/deepship/train/3/3_58.wav,345.0,375.0,3,train,Tug boat,deepship
3_58,24,/datasets/audio/deepship/train/3/3_58.wav,360.0,390.0,3,train,Tug boat,deepship
3_58,25,/datasets/audio/deepship/train/3/3_58.wav,375.0,405.0,3,train,Tug boat,deepship
3_58,26,/datasets/audio/deepship/train/3/3_58.wav,390.0,420.0,3,train,Tug boat,deepship
3_58,27,/datasets/audio/deepship/train/3/3_58.wav,405.0,435.0,3,train,Tug boat,deepship
3_58,28,/datasets/audio/deepship/train/3/3_58.wav,420.0,450.0,3,train,Tug boat,deepship
3_58,29,/datasets/audio/deepship/train/3/3_58.wav,435.0,465.0,3,train,Tug boat,deepship
3_58,30,/datasets/audio/deepship/train/3/3_58.wav,450.0,480.0,3,train,Tug boat,deepship
3_58,31,/datasets/audio/deepship/train/3/3_58.wav,465.0,495.0,3,train,Tug boat,deepship
3_58,32,/datasets/audio/deepship/train/3/3_58.wav,480.0,510.0,3,train,Tug boat,deepship
3_58,33,/datasets/audio/deepship/train/3/3_58.wav,495.0,525.0,3,train,Tug boat,deepship
3_58,34,/datasets/audio/deepship/train/3/3_58.wav,510.0,540.0,3,train,Tug boat,deepship
3_58,35,/datasets/audio/deepship/train/3/3_58.wav,525.0,555.0,3,train,Tug boat,deepship
3_58,36,/datasets/audio/deepship/train/3/3_58.wav,534.0,564.0,3,train,Tug boat,deepship
3_6,0,/datasets/audio/deepship/train/3/3_6.wav,0.0,30.0,3,train,Tug boat,deepship
3_6,1,/datasets/audio/deepship/train/3/3_6.wav,15.0,45.0,3,train,Tug boat,deepship
3_6,2,/datasets/audio/deepship/train/3/3_6.wav,30.0,60.0,3,train,Tug boat,deepship
3_6,3,/datasets/audio/deepship/train/3/3_6.wav,45.0,75.0,3,train,Tug boat,deepship
3_6,4,/datasets/audio/deepship/train/3/3_6.wav,60.0,90.0,3,train,Tug boat,deepship
3_6,5,/datasets/audio/deepship/train/3/3_6.wav,75.0,105.0,3,train,Tug boat,deepship
3_6,6,/datasets/audio/deepship/train/3/3_6.wav,90.0,120.0,3,train,Tug boat,deepship
3_6,7,/datasets/audio/deepship/train/3/3_6.wav,105.0,135.0,3,train,Tug boat,deepship
3_6,8,/datasets/audio/deepship/train/3/3_6.wav,120.0,150.0,3,train,Tug boat,deepship
3_6,9,/datasets/audio/deepship/train/3/3_6.wav,135.0,165.0,3,train,Tug boat,deepship
3_6,10,/datasets/audio/deepship/train/3/3_6.wav,150.0,180.0,3,train,Tug boat,deepship
3_6,11,/datasets/audio/deepship/train/3/3_6.wav,165.0,195.0,3,train,Tug boat,deepship
3_6,12,/datasets/audio/deepship/train/3/3_6.wav,180.0,210.0,3,train,Tug boat,deepship
3_6,13,/datasets/audio/deepship/train/3/3_6.wav,195.0,225.0,3,train,Tug boat,deepship
3_6,14,/datasets/audio/deepship/train/3/3_6.wav,210.0,240.0,3,train,Tug boat,deepship
3_6,15,/datasets/audio/deepship/train/3/3_6.wav,225.0,255.0,3,train,Tug boat,deepship
3_6,16,/datasets/audio/deepship/train/3/3_6.wav,240.0,270.0,3,train,Tug boat,deepship
3_6,17,/datasets/audio/deepship/train/3/3_6.wav,255.0,285.0,3,train,Tug boat,deepship
3_6,18,/datasets/audio/deepship/train/3/3_6.wav,270.0,300.0,3,train,Tug boat,deepship
3_6,19,/datasets/audio/deepship/train/3/3_6.wav,285.0,315.0,3,train,Tug boat,deepship
3_6,20,/datasets/audio/deepship/train/3/3_6.wav,300.0,330.0,3,train,Tug boat,deepship
3_6,21,/datasets/audio/deepship/train/3/3_6.wav,315.0,345.0,3,train,Tug boat,deepship
3_6,22,/datasets/audio/deepship/train/3/3_6.wav,330.0,360.0,3,train,Tug boat,deepship
3_6,23,/datasets/audio/deepship/train/3/3_6.wav,345.0,375.0,3,train,Tug boat,deepship
3_6,24,/datasets/audio/deepship/train/3/3_6.wav,357.0,387.0,3,train,Tug boat,deepship
3_60,0,/datasets/audio/deepship/train/3/3_60.wav,0.0,30.0,3,train,Tug boat,deepship
3_60,1,/datasets/audio/deepship/train/3/3_60.wav,15.0,45.0,3,train,Tug boat,deepship
3_60,2,/datasets/audio/deepship/train/3/3_60.wav,30.0,60.0,3,train,Tug boat,deepship
3_60,3,/datasets/audio/deepship/train/3/3_60.wav,45.0,75.0,3,train,Tug boat,deepship
3_60,4,/datasets/audio/deepship/train/3/3_60.wav,60.0,90.0,3,train,Tug boat,deepship
3_60,5,/datasets/audio/deepship/train/3/3_60.wav,75.0,105.0,3,train,Tug boat,deepship
3_60,6,/datasets/audio/deepship/train/3/3_60.wav,90.0,120.0,3,train,Tug boat,deepship
3_60,7,/datasets/audio/deepship/train/3/3_60.wav,105.0,135.0,3,train,Tug boat,deepship
3_60,8,/datasets/audio/deepship/train/3/3_60.wav,120.0,150.0,3,train,Tug boat,deepship
3_60,9,/datasets/audio/deepship/train/3/3_60.wav,135.0,165.0,3,train,Tug boat,deepship
3_60,10,/datasets/audio/deepship/train/3/3_60.wav,150.0,180.0,3,train,Tug boat,deepship
3_60,11,/datasets/audio/deepship/train/3/3_60.wav,165.0,195.0,3,train,Tug boat,deepship
3_60,12,/datasets/audio/deepship/train/3/3_60.wav,180.0,210.0,3,train,Tug boat,deepship
3_60,13,/datasets/audio/deepship/train/3/3_60.wav,195.0,225.0,3,train,Tug boat,deepship
3_60,14,/datasets/audio/deepship/train/3/3_60.wav,210.0,240.0,3,train,Tug boat,deepship
3_60,15,/datasets/audio/deepship/train/3/3_60.wav,225.0,255.0,3,train,Tug boat,deepship
3_60,16,/datasets/audio/deepship/train/3/3_60.wav,240.0,270.0,3,train,Tug boat,deepship
3_60,17,/datasets/audio/deepship/train/3/3_60.wav,255.0,285.0,3,train,Tug boat,deepship
3_60,18,/datasets/audio/deepship/train/3/3_60.wav,270.0,300.0,3,train,Tug boat,deepship
3_60,19,/datasets/audio/deepship/train/3/3_60.wav,285.0,315.0,3,train,Tug boat,deepship
3_60,20,/datasets/audio/deepship/train/3/3_60.wav,300.0,330.0,3,train,Tug boat,deepship
3_60,21,/datasets/audio/deepship/train/3/3_60.wav,315.0,345.0,3,train,Tug boat,deepship
3_60,22,/datasets/audio/deepship/train/3/3_60.wav,330.0,360.0,3,train,Tug boat,deepship
3_60,23,/datasets/audio/deepship/train/3/3_60.wav,345.0,375.0,3,train,Tug boat,deepship
3_60,24,/datasets/audio/deepship/train/3/3_60.wav,360.0,390.0,3,train,Tug boat,deepship
3_60,25,/datasets/audio/deepship/train/3/3_60.wav,375.0,405.0,3,train,Tug boat,deepship
3_60,26,/datasets/audio/deepship/train/3/3_60.wav,390.0,420.0,3,train,Tug boat,deepship
3_60,27,/datasets/audio/deepship/train/3/3_60.wav,405.0,435.0,3,train,Tug boat,deepship
3_60,28,/datasets/audio/deepship/train/3/3_60.wav,420.0,450.0,3,train,Tug boat,deepship
3_60,29,/datasets/audio/deepship/train/3/3_60.wav,435.0,465.0,3,train,Tug boat,deepship
3_60,30,/datasets/audio/deepship/train/3/3_60.wav,450.0,480.0,3,train,Tug boat,deepship
3_60,31,/datasets/audio/deepship/train/3/3_60.wav,465.0,495.0,3,train,Tug boat,deepship
3_60,32,/datasets/audio/deepship/train/3/3_60.wav,480.0,510.0,3,train,Tug boat,deepship
3_60,33,/datasets/audio/deepship/train/3/3_60.wav,495.0,525.0,3,train,Tug boat,deepship
3_60,34,/datasets/audio/deepship/train/3/3_60.wav,510.0,540.0,3,train,Tug boat,deepship
3_60,35,/datasets/audio/deepship/train/3/3_60.wav,525.0,555.0,3,train,Tug boat,deepship
3_60,36,/datasets/audio/deepship/train/3/3_60.wav,540.0,570.0,3,train,Tug boat,deepship
3_60,37,/datasets/audio/deepship/train/3/3_60.wav,555.0,585.0,3,train,Tug boat,deepship
3_60,38,/datasets/audio/deepship/train/3/3_60.wav,570.0,600.0,3,train,Tug boat,deepship
3_60,39,/datasets/audio/deepship/train/3/3_60.wav,585.0,615.0,3,train,Tug boat,deepship
3_60,40,/datasets/audio/deepship/train/3/3_60.wav,600.0,630.0,3,train,Tug boat,deepship
3_60,41,/datasets/audio/deepship/train/3/3_60.wav,615.0,645.0,3,train,Tug boat,deepship
3_60,42,/datasets/audio/deepship/train/3/3_60.wav,630.0,660.0,3,train,Tug boat,deepship
3_60,43,/datasets/audio/deepship/train/3/3_60.wav,645.0,675.0,3,train,Tug boat,deepship
3_60,44,/datasets/audio/deepship/train/3/3_60.wav,660.0,690.0,3,train,Tug boat,deepship
3_60,45,/datasets/audio/deepship/train/3/3_60.wav,675.0,705.0,3,train,Tug boat,deepship
3_60,46,/datasets/audio/deepship/train/3/3_60.wav,690.0,720.0,3,train,Tug boat,deepship
3_60,47,/datasets/audio/deepship/train/3/3_60.wav,705.0,735.0,3,train,Tug boat,deepship
3_60,48,/datasets/audio/deepship/train/3/3_60.wav,720.0,750.0,3,train,Tug boat,deepship
3_60,49,/datasets/audio/deepship/train/3/3_60.wav,735.0,765.0,3,train,Tug boat,deepship
3_60,50,/datasets/audio/deepship/train/3/3_60.wav,750.0,780.0,3,train,Tug boat,deepship
3_60,51,/datasets/audio/deepship/train/3/3_60.wav,756.0,786.0,3,train,Tug boat,deepship
3_61,0,/datasets/audio/deepship/train/3/3_61.wav,0.0,30.0,3,train,Tug boat,deepship
3_61,1,/datasets/audio/deepship/train/3/3_61.wav,15.0,45.0,3,train,Tug boat,deepship
3_61,2,/datasets/audio/deepship/train/3/3_61.wav,30.0,60.0,3,train,Tug boat,deepship
3_61,3,/datasets/audio/deepship/train/3/3_61.wav,45.0,75.0,3,train,Tug boat,deepship
3_61,4,/datasets/audio/deepship/train/3/3_61.wav,60.0,90.0,3,train,Tug boat,deepship
3_61,5,/datasets/audio/deepship/train/3/3_61.wav,75.0,105.0,3,train,Tug boat,deepship
3_61,6,/datasets/audio/deepship/train/3/3_61.wav,90.0,120.0,3,train,Tug boat,deepship
3_61,7,/datasets/audio/deepship/train/3/3_61.wav,105.0,135.0,3,train,Tug boat,deepship
3_61,8,/datasets/audio/deepship/train/3/3_61.wav,120.0,150.0,3,train,Tug boat,deepship
3_61,9,/datasets/audio/deepship/train/3/3_61.wav,135.0,165.0,3,train,Tug boat,deepship
3_61,10,/datasets/audio/deepship/train/3/3_61.wav,150.0,180.0,3,train,Tug boat,deepship
3_61,11,/datasets/audio/deepship/train/3/3_61.wav,165.0,195.0,3,train,Tug boat,deepship
3_61,12,/datasets/audio/deepship/train/3/3_61.wav,180.0,210.0,3,train,Tug boat,deepship
3_61,13,/datasets/audio/deepship/train/3/3_61.wav,195.0,225.0,3,train,Tug boat,deepship
3_61,14,/datasets/audio/deepship/train/3/3_61.wav,210.0,240.0,3,train,Tug boat,deepship
3_62,0,/datasets/audio/deepship/train/3/3_62.wav,0.0,30.0,3,train,Tug boat,deepship
3_62,1,/datasets/audio/deepship/train/3/3_62.wav,15.0,45.0,3,train,Tug boat,deepship
3_62,2,/datasets/audio/deepship/train/3/3_62.wav,30.0,60.0,3,train,Tug boat,deepship
3_62,3,/datasets/audio/deepship/train/3/3_62.wav,45.0,75.0,3,train,Tug boat,deepship
3_62,4,/datasets/audio/deepship/train/3/3_62.wav,60.0,90.0,3,train,Tug boat,deepship
3_62,5,/datasets/audio/deepship/train/3/3_62.wav,75.0,105.0,3,train,Tug boat,deepship
3_62,6,/datasets/audio/deepship/train/3/3_62.wav,90.0,120.0,3,train,Tug boat,deepship
3_62,7,/datasets/audio/deepship/train/3/3_62.wav,105.0,135.0,3,train,Tug boat,deepship
3_62,8,/datasets/audio/deepship/train/3/3_62.wav,120.0,150.0,3,train,Tug boat,deepship
3_62,9,/datasets/audio/deepship/train/3/3_62.wav,135.0,165.0,3,train,Tug boat,deepship
3_62,10,/datasets/audio/deepship/train/3/3_62.wav,150.0,180.0,3,train,Tug boat,deepship
3_62,11,/datasets/audio/deepship/train/3/3_62.wav,165.0,195.0,3,train,Tug boat,deepship
3_62,12,/datasets/audio/deepship/train/3/3_62.wav,180.0,210.0,3,train,Tug boat,deepship
3_62,13,/datasets/audio/deepship/train/3/3_62.wav,195.0,225.0,3,train,Tug boat,deepship
3_62,14,/datasets/audio/deepship/train/3/3_62.wav,210.0,240.0,3,train,Tug boat,deepship
3_62,15,/datasets/audio/deepship/train/3/3_62.wav,225.0,255.0,3,train,Tug boat,deepship
3_62,16,/datasets/audio/deepship/train/3/3_62.wav,240.0,270.0,3,train,Tug boat,deepship
3_62,17,/datasets/audio/deepship/train/3/3_62.wav,255.0,285.0,3,train,Tug boat,deepship
3_62,18,/datasets/audio/deepship/train/3/3_62.wav,270.0,300.0,3,train,Tug boat,deepship
3_62,19,/datasets/audio/deepship/train/3/3_62.wav,285.0,315.0,3,train,Tug boat,deepship
3_62,20,/datasets/audio/deepship/train/3/3_62.wav,300.0,330.0,3,train,Tug boat,deepship
3_62,21,/datasets/audio/deepship/train/3/3_62.wav,315.0,345.0,3,train,Tug boat,deepship
3_62,22,/datasets/audio/deepship/train/3/3_62.wav,330.0,360.0,3,train,Tug boat,deepship
3_62,23,/datasets/audio/deepship/train/3/3_62.wav,345.0,375.0,3,train,Tug boat,deepship
3_62,24,/datasets/audio/deepship/train/3/3_62.wav,360.0,390.0,3,train,Tug boat,deepship
3_62,25,/datasets/audio/deepship/train/3/3_62.wav,375.0,405.0,3,train,Tug boat,deepship
3_62,26,/datasets/audio/deepship/train/3/3_62.wav,390.0,420.0,3,train,Tug boat,deepship
3_62,27,/datasets/audio/deepship/train/3/3_62.wav,405.0,435.0,3,train,Tug boat,deepship
3_62,28,/datasets/audio/deepship/train/3/3_62.wav,420.0,450.0,3,train,Tug boat,deepship
3_62,29,/datasets/audio/deepship/train/3/3_62.wav,430.0,460.0,3,train,Tug boat,deepship
3_63,0,/datasets/audio/deepship/train/3/3_63.wav,0.0,30.0,3,train,Tug boat,deepship
3_63,1,/datasets/audio/deepship/train/3/3_63.wav,15.0,45.0,3,train,Tug boat,deepship
3_63,2,/datasets/audio/deepship/train/3/3_63.wav,30.0,60.0,3,train,Tug boat,deepship
3_63,3,/datasets/audio/deepship/train/3/3_63.wav,45.0,75.0,3,train,Tug boat,deepship
3_63,4,/datasets/audio/deepship/train/3/3_63.wav,60.0,90.0,3,train,Tug boat,deepship
3_63,5,/datasets/audio/deepship/train/3/3_63.wav,75.0,105.0,3,train,Tug boat,deepship
3_63,6,/datasets/audio/deepship/train/3/3_63.wav,90.0,120.0,3,train,Tug boat,deepship
3_63,7,/datasets/audio/deepship/train/3/3_63.wav,105.0,135.0,3,train,Tug boat,deepship
3_63,8,/datasets/audio/deepship/train/3/3_63.wav,120.0,150.0,3,train,Tug boat,deepship
3_63,9,/datasets/audio/deepship/train/3/3_63.wav,135.0,165.0,3,train,Tug boat,deepship
3_63,10,/datasets/audio/deepship/train/3/3_63.wav,150.0,180.0,3,train,Tug boat,deepship
3_63,11,/datasets/audio/deepship/train/3/3_63.wav,165.0,195.0,3,train,Tug boat,deepship
3_63,12,/datasets/audio/deepship/train/3/3_63.wav,180.0,210.0,3,train,Tug boat,deepship
3_63,13,/datasets/audio/deepship/train/3/3_63.wav,195.0,225.0,3,train,Tug boat,deepship
3_63,14,/datasets/audio/deepship/train/3/3_63.wav,210.0,240.0,3,train,Tug boat,deepship
3_63,15,/datasets/audio/deepship/train/3/3_63.wav,225.0,255.0,3,train,Tug boat,deepship
3_63,16,/datasets/audio/deepship/train/3/3_63.wav,237.0,267.0,3,train,Tug boat,deepship
3_64,0,/datasets/audio/deepship/train/3/3_64.wav,0.0,30.0,3,train,Tug boat,deepship
3_64,1,/datasets/audio/deepship/train/3/3_64.wav,15.0,45.0,3,train,Tug boat,deepship
3_64,2,/datasets/audio/deepship/train/3/3_64.wav,30.0,60.0,3,train,Tug boat,deepship
3_64,3,/datasets/audio/deepship/train/3/3_64.wav,45.0,75.0,3,train,Tug boat,deepship
3_64,4,/datasets/audio/deepship/train/3/3_64.wav,60.0,90.0,3,train,Tug boat,deepship
3_64,5,/datasets/audio/deepship/train/3/3_64.wav,75.0,105.0,3,train,Tug boat,deepship
3_64,6,/datasets/audio/deepship/train/3/3_64.wav,90.0,120.0,3,train,Tug boat,deepship
3_64,7,/datasets/audio/deepship/train/3/3_64.wav,105.0,135.0,3,train,Tug boat,deepship
3_64,8,/datasets/audio/deepship/train/3/3_64.wav,120.0,150.0,3,train,Tug boat,deepship
3_64,9,/datasets/audio/deepship/train/3/3_64.wav,135.0,165.0,3,train,Tug boat,deepship
3_64,10,/datasets/audio/deepship/train/3/3_64.wav,150.0,180.0,3,train,Tug boat,deepship
3_64,11,/datasets/audio/deepship/train/3/3_64.wav,165.0,195.0,3,train,Tug boat,deepship
3_64,12,/datasets/audio/deepship/train/3/3_64.wav,180.0,210.0,3,train,Tug boat,deepship
3_64,13,/datasets/audio/deepship/train/3/3_64.wav,195.0,225.0,3,train,Tug boat,deepship
3_64,14,/datasets/audio/deepship/train/3/3_64.wav,210.0,240.0,3,train,Tug boat,deepship
3_64,15,/datasets/audio/deepship/train/3/3_64.wav,225.0,255.0,3,train,Tug boat,deepship
3_64,16,/datasets/audio/deepship/train/3/3_64.wav,240.0,270.0,3,train,Tug boat,deepship
3_64,17,/datasets/audio/deepship/train/3/3_64.wav,255.0,285.0,3,train,Tug boat,deepship
3_64,18,/datasets/audio/deepship/train/3/3_64.wav,270.0,300.0,3,train,Tug boat,deepship
3_64,19,/datasets/audio/deepship/train/3/3_64.wav,285.0,315.0,3,train,Tug boat,deepship
3_64,20,/datasets/audio/deepship/train/3/3_64.wav,300.0,330.0,3,train,Tug boat,deepship
3_64,21,/datasets/audio/deepship/train/3/3_64.wav,315.0,345.0,3,train,Tug boat,deepship
3_64,22,/datasets/audio/deepship/train/3/3_64.wav,330.0,360.0,3,train,Tug boat,deepship
3_64,23,/datasets/audio/deepship/train/3/3_64.wav,345.0,375.0,3,train,Tug boat,deepship
3_64,24,/datasets/audio/deepship/train/3/3_64.wav,360.0,390.0,3,train,Tug boat,deepship
3_64,25,/datasets/audio/deepship/train/3/3_64.wav,375.0,405.0,3,train,Tug boat,deepship
3_64,26,/datasets/audio/deepship/train/3/3_64.wav,390.0,420.0,3,train,Tug boat,deepship
3_64,27,/datasets/audio/deepship/train/3/3_64.wav,405.0,435.0,3,train,Tug boat,deepship
3_64,28,/datasets/audio/deepship/train/3/3_64.wav,420.0,450.0,3,train,Tug boat,deepship
3_64,29,/datasets/audio/deepship/train/3/3_64.wav,435.0,465.0,3,train,Tug boat,deepship
3_64,30,/datasets/audio/deepship/train/3/3_64.wav,450.0,480.0,3,train,Tug boat,deepship
3_64,31,/datasets/audio/deepship/train/3/3_64.wav,465.0,495.0,3,train,Tug boat,deepship
3_64,32,/datasets/audio/deepship/train/3/3_64.wav,480.0,510.0,3,train,Tug boat,deepship
3_64,33,/datasets/audio/deepship/train/3/3_64.wav,495.0,525.0,3,train,Tug boat,deepship
3_64,34,/datasets/audio/deepship/train/3/3_64.wav,510.0,540.0,3,train,Tug boat,deepship
3_64,35,/datasets/audio/deepship/train/3/3_64.wav,525.0,555.0,3,train,Tug boat,deepship
3_64,36,/datasets/audio/deepship/train/3/3_64.wav,537.0,567.0,3,train,Tug boat,deepship
3_65,0,/datasets/audio/deepship/train/3/3_65.wav,0.0,30.0,3,train,Tug boat,deepship
3_65,1,/datasets/audio/deepship/train/3/3_65.wav,15.0,45.0,3,train,Tug boat,deepship
3_65,2,/datasets/audio/deepship/train/3/3_65.wav,30.0,60.0,3,train,Tug boat,deepship
3_65,3,/datasets/audio/deepship/train/3/3_65.wav,45.0,75.0,3,train,Tug boat,deepship
3_65,4,/datasets/audio/deepship/train/3/3_65.wav,60.0,90.0,3,train,Tug boat,deepship
3_65,5,/datasets/audio/deepship/train/3/3_65.wav,75.0,105.0,3,train,Tug boat,deepship
3_65,6,/datasets/audio/deepship/train/3/3_65.wav,90.0,120.0,3,train,Tug boat,deepship
3_65,7,/datasets/audio/deepship/train/3/3_65.wav,105.0,135.0,3,train,Tug boat,deepship
3_65,8,/datasets/audio/deepship/train/3/3_65.wav,120.0,150.0,3,train,Tug boat,deepship
3_65,9,/datasets/audio/deepship/train/3/3_65.wav,135.0,165.0,3,train,Tug boat,deepship
3_65,10,/datasets/audio/deepship/train/3/3_65.wav,150.0,180.0,3,train,Tug boat,deepship
3_65,11,/datasets/audio/deepship/train/3/3_65.wav,165.0,195.0,3,train,Tug boat,deepship
3_65,12,/datasets/audio/deepship/train/3/3_65.wav,180.0,210.0,3,train,Tug boat,deepship
3_65,13,/datasets/audio/deepship/train/3/3_65.wav,195.0,225.0,3,train,Tug boat,deepship
3_65,14,/datasets/audio/deepship/train/3/3_65.wav,210.0,240.0,3,train,Tug boat,deepship
3_65,15,/datasets/audio/deepship/train/3/3_65.wav,225.0,255.0,3,train,Tug boat,deepship
3_65,16,/datasets/audio/deepship/train/3/3_65.wav,240.0,270.0,3,train,Tug boat,deepship
3_65,17,/datasets/audio/deepship/train/3/3_65.wav,255.0,285.0,3,train,Tug boat,deepship
3_65,18,/datasets/audio/deepship/train/3/3_65.wav,270.0,300.0,3,train,Tug boat,deepship
3_65,19,/datasets/audio/deepship/train/3/3_65.wav,285.0,315.0,3,train,Tug boat,deepship
3_65,20,/datasets/audio/deepship/train/3/3_65.wav,300.0,330.0,3,train,Tug boat,deepship
3_65,21,/datasets/audio/deepship/train/3/3_65.wav,315.0,345.0,3,train,Tug boat,deepship
3_65,22,/datasets/audio/deepship/train/3/3_65.wav,330.0,360.0,3,train,Tug boat,deepship
3_65,23,/datasets/audio/deepship/train/3/3_65.wav,345.0,375.0,3,train,Tug boat,deepship
3_65,24,/datasets/audio/deepship/train/3/3_65.wav,360.0,390.0,3,train,Tug boat,deepship
3_65,25,/datasets/audio/deepship/train/3/3_65.wav,375.0,405.0,3,train,Tug boat,deepship
3_65,26,/datasets/audio/deepship/train/3/3_65.wav,387.0,417.0,3,train,Tug boat,deepship
3_66,0,/datasets/audio/deepship/train/3/3_66.wav,0.0,30.0,3,train,Tug boat,deepship
3_66,1,/datasets/audio/deepship/train/3/3_66.wav,15.0,45.0,3,train,Tug boat,deepship
3_66,2,/datasets/audio/deepship/train/3/3_66.wav,30.0,60.0,3,train,Tug boat,deepship
3_66,3,/datasets/audio/deepship/train/3/3_66.wav,45.0,75.0,3,train,Tug boat,deepship
3_66,4,/datasets/audio/deepship/train/3/3_66.wav,60.0,90.0,3,train,Tug boat,deepship
3_66,5,/datasets/audio/deepship/train/3/3_66.wav,75.0,105.0,3,train,Tug boat,deepship
3_66,6,/datasets/audio/deepship/train/3/3_66.wav,90.0,120.0,3,train,Tug boat,deepship
3_66,7,/datasets/audio/deepship/train/3/3_66.wav,105.0,135.0,3,train,Tug boat,deepship
3_66,8,/datasets/audio/deepship/train/3/3_66.wav,120.0,150.0,3,train,Tug boat,deepship
3_66,9,/datasets/audio/deepship/train/3/3_66.wav,135.0,165.0,3,train,Tug boat,deepship
3_66,10,/datasets/audio/deepship/train/3/3_66.wav,150.0,180.0,3,train,Tug boat,deepship
3_66,11,/datasets/audio/deepship/train/3/3_66.wav,165.0,195.0,3,train,Tug boat,deepship
3_66,12,/datasets/audio/deepship/train/3/3_66.wav,180.0,210.0,3,train,Tug boat,deepship
3_66,13,/datasets/audio/deepship/train/3/3_66.wav,195.0,225.0,3,train,Tug boat,deepship
3_66,14,/datasets/audio/deepship/train/3/3_66.wav,210.0,240.0,3,train,Tug boat,deepship
3_66,15,/datasets/audio/deepship/train/3/3_66.wav,225.0,255.0,3,train,Tug boat,deepship
3_66,16,/datasets/audio/deepship/train/3/3_66.wav,240.0,270.0,3,train,Tug boat,deepship
3_66,17,/datasets/audio/deepship/train/3/3_66.wav,255.0,285.0,3,train,Tug boat,deepship
3_66,18,/datasets/audio/deepship/train/3/3_66.wav,270.0,300.0,3,train,Tug boat,deepship
3_66,19,/datasets/audio/deepship/train/3/3_66.wav,285.0,315.0,3,train,Tug boat,deepship
3_66,20,/datasets/audio/deepship/train/3/3_66.wav,300.0,330.0,3,train,Tug boat,deepship
3_66,21,/datasets/audio/deepship/train/3/3_66.wav,315.0,345.0,3,train,Tug boat,deepship
3_66,22,/datasets/audio/deepship/train/3/3_66.wav,330.0,360.0,3,train,Tug boat,deepship
3_66,23,/datasets/audio/deepship/train/3/3_66.wav,345.0,375.0,3,train,Tug boat,deepship
3_66,24,/datasets/audio/deepship/train/3/3_66.wav,360.0,390.0,3,train,Tug boat,deepship
3_66,25,/datasets/audio/deepship/train/3/3_66.wav,375.0,405.0,3,train,Tug boat,deepship
3_66,26,/datasets/audio/deepship/train/3/3_66.wav,390.0,420.0,3,train,Tug boat,deepship
3_66,27,/datasets/audio/deepship/train/3/3_66.wav,405.0,435.0,3,train,Tug boat,deepship
3_66,28,/datasets/audio/deepship/train/3/3_66.wav,420.0,450.0,3,train,Tug boat,deepship
3_66,29,/datasets/audio/deepship/train/3/3_66.wav,435.0,465.0,3,train,Tug boat,deepship
3_66,30,/datasets/audio/deepship/train/3/3_66.wav,450.0,480.0,3,train,Tug boat,deepship
3_66,31,/datasets/audio/deepship/train/3/3_66.wav,465.0,495.0,3,train,Tug boat,deepship
3_66,32,/datasets/audio/deepship/train/3/3_66.wav,480.0,510.0,3,train,Tug boat,deepship
3_66,33,/datasets/audio/deepship/train/3/3_66.wav,495.0,525.0,3,train,Tug boat,deepship
3_66,34,/datasets/audio/deepship/train/3/3_66.wav,510.0,540.0,3,train,Tug boat,deepship
3_66,35,/datasets/audio/deepship/train/3/3_66.wav,525.0,555.0,3,train,Tug boat,deepship
3_66,36,/datasets/audio/deepship/train/3/3_66.wav,540.0,570.0,3,train,Tug boat,deepship
3_66,37,/datasets/audio/deepship/train/3/3_66.wav,555.0,585.0,3,train,Tug boat,deepship
3_66,38,/datasets/audio/deepship/train/3/3_66.wav,570.0,600.0,3,train,Tug boat,deepship
3_66,39,/datasets/audio/deepship/train/3/3_66.wav,585.0,615.0,3,train,Tug boat,deepship
3_66,40,/datasets/audio/deepship/train/3/3_66.wav,600.0,630.0,3,train,Tug boat,deepship
3_66,41,/datasets/audio/deepship/train/3/3_66.wav,614.0,644.0,3,train,Tug boat,deepship
3_67,0,/datasets/audio/deepship/train/3/3_67.wav,0.0,30.0,3,train,Tug boat,deepship
3_67,1,/datasets/audio/deepship/train/3/3_67.wav,15.0,45.0,3,train,Tug boat,deepship
3_67,2,/datasets/audio/deepship/train/3/3_67.wav,30.0,60.0,3,train,Tug boat,deepship
3_67,3,/datasets/audio/deepship/train/3/3_67.wav,45.0,75.0,3,train,Tug boat,deepship
3_67,4,/datasets/audio/deepship/train/3/3_67.wav,60.0,90.0,3,train,Tug boat,deepship
3_67,5,/datasets/audio/deepship/train/3/3_67.wav,75.0,105.0,3,train,Tug boat,deepship
3_67,6,/datasets/audio/deepship/train/3/3_67.wav,90.0,120.0,3,train,Tug boat,deepship
3_67,7,/datasets/audio/deepship/train/3/3_67.wav,105.0,135.0,3,train,Tug boat,deepship
3_67,8,/datasets/audio/deepship/train/3/3_67.wav,120.0,150.0,3,train,Tug boat,deepship
3_67,9,/datasets/audio/deepship/train/3/3_67.wav,135.0,165.0,3,train,Tug boat,deepship
3_67,10,/datasets/audio/deepship/train/3/3_67.wav,150.0,180.0,3,train,Tug boat,deepship
3_67,11,/datasets/audio/deepship/train/3/3_67.wav,165.0,195.0,3,train,Tug boat,deepship
3_67,12,/datasets/audio/deepship/train/3/3_67.wav,180.0,210.0,3,train,Tug boat,deepship
3_67,13,/datasets/audio/deepship/train/3/3_67.wav,195.0,225.0,3,train,Tug boat,deepship
3_67,14,/datasets/audio/deepship/train/3/3_67.wav,210.0,240.0,3,train,Tug boat,deepship
3_67,15,/datasets/audio/deepship/train/3/3_67.wav,225.0,255.0,3,train,Tug boat,deepship
3_67,16,/datasets/audio/deepship/train/3/3_67.wav,240.0,270.0,3,train,Tug boat,deepship
3_67,17,/datasets/audio/deepship/train/3/3_67.wav,255.0,285.0,3,train,Tug boat,deepship
3_67,18,/datasets/audio/deepship/train/3/3_67.wav,270.0,300.0,3,train,Tug boat,deepship
3_67,19,/datasets/audio/deepship/train/3/3_67.wav,285.0,315.0,3,train,Tug boat,deepship
3_67,20,/datasets/audio/deepship/train/3/3_67.wav,300.0,330.0,3,train,Tug boat,deepship
3_67,21,/datasets/audio/deepship/train/3/3_67.wav,315.0,345.0,3,train,Tug boat,deepship
3_67,22,/datasets/audio/deepship/train/3/3_67.wav,330.0,360.0,3,train,Tug boat,deepship
3_67,23,/datasets/audio/deepship/train/3/3_67.wav,340.0,370.0,3,train,Tug boat,deepship
3_68,0,/datasets/audio/deepship/train/3/3_68.wav,0.0,30.0,3,train,Tug boat,deepship
3_68,1,/datasets/audio/deepship/train/3/3_68.wav,15.0,45.0,3,train,Tug boat,deepship
3_68,2,/datasets/audio/deepship/train/3/3_68.wav,30.0,60.0,3,train,Tug boat,deepship
3_68,3,/datasets/audio/deepship/train/3/3_68.wav,45.0,75.0,3,train,Tug boat,deepship
3_68,4,/datasets/audio/deepship/train/3/3_68.wav,60.0,90.0,3,train,Tug boat,deepship
3_68,5,/datasets/audio/deepship/train/3/3_68.wav,75.0,105.0,3,train,Tug boat,deepship
3_68,6,/datasets/audio/deepship/train/3/3_68.wav,90.0,120.0,3,train,Tug boat,deepship
3_68,7,/datasets/audio/deepship/train/3/3_68.wav,105.0,135.0,3,train,Tug boat,deepship
3_68,8,/datasets/audio/deepship/train/3/3_68.wav,120.0,150.0,3,train,Tug boat,deepship
3_68,9,/datasets/audio/deepship/train/3/3_68.wav,135.0,165.0,3,train,Tug boat,deepship
3_68,10,/datasets/audio/deepship/train/3/3_68.wav,150.0,180.0,3,train,Tug boat,deepship
3_68,11,/datasets/audio/deepship/train/3/3_68.wav,165.0,195.0,3,train,Tug boat,deepship
3_68,12,/datasets/audio/deepship/train/3/3_68.wav,180.0,210.0,3,train,Tug boat,deepship
3_68,13,/datasets/audio/deepship/train/3/3_68.wav,195.0,225.0,3,train,Tug boat,deepship
3_68,14,/datasets/audio/deepship/train/3/3_68.wav,210.0,240.0,3,train,Tug boat,deepship
3_68,15,/datasets/audio/deepship/train/3/3_68.wav,225.0,255.0,3,train,Tug boat,deepship
3_68,16,/datasets/audio/deepship/train/3/3_68.wav,240.0,270.0,3,train,Tug boat,deepship
3_68,17,/datasets/audio/deepship/train/3/3_68.wav,255.0,285.0,3,train,Tug boat,deepship
3_68,18,/datasets/audio/deepship/train/3/3_68.wav,270.0,300.0,3,train,Tug boat,deepship
3_68,19,/datasets/audio/deepship/train/3/3_68.wav,285.0,315.0,3,train,Tug boat,deepship
3_68,20,/datasets/audio/deepship/train/3/3_68.wav,300.0,330.0,3,train,Tug boat,deepship
3_68,21,/datasets/audio/deepship/train/3/3_68.wav,315.0,345.0,3,train,Tug boat,deepship
3_68,22,/datasets/audio/deepship/train/3/3_68.wav,330.0,360.0,3,train,Tug boat,deepship
3_68,23,/datasets/audio/deepship/train/3/3_68.wav,345.0,375.0,3,train,Tug boat,deepship
3_68,24,/datasets/audio/deepship/train/3/3_68.wav,360.0,390.0,3,train,Tug boat,deepship
3_68,25,/datasets/audio/deepship/train/3/3_68.wav,375.0,405.0,3,train,Tug boat,deepship
3_68,26,/datasets/audio/deepship/train/3/3_68.wav,390.0,420.0,3,train,Tug boat,deepship
3_68,27,/datasets/audio/deepship/train/3/3_68.wav,405.0,435.0,3,train,Tug boat,deepship
3_68,28,/datasets/audio/deepship/train/3/3_68.wav,420.0,450.0,3,train,Tug boat,deepship
3_68,29,/datasets/audio/deepship/train/3/3_68.wav,435.0,465.0,3,train,Tug boat,deepship
3_68,30,/datasets/audio/deepship/train/3/3_68.wav,450.0,480.0,3,train,Tug boat,deepship
3_68,31,/datasets/audio/deepship/train/3/3_68.wav,465.0,495.0,3,train,Tug boat,deepship
3_68,32,/datasets/audio/deepship/train/3/3_68.wav,474.0,504.0,3,train,Tug boat,deepship
3_69,0,/datasets/audio/deepship/train/3/3_69.wav,0.0,30.0,3,train,Tug boat,deepship
3_69,1,/datasets/audio/deepship/train/3/3_69.wav,15.0,45.0,3,train,Tug boat,deepship
3_69,2,/datasets/audio/deepship/train/3/3_69.wav,30.0,60.0,3,train,Tug boat,deepship
3_69,3,/datasets/audio/deepship/train/3/3_69.wav,45.0,75.0,3,train,Tug boat,deepship
3_69,4,/datasets/audio/deepship/train/3/3_69.wav,60.0,90.0,3,train,Tug boat,deepship
3_69,5,/datasets/audio/deepship/train/3/3_69.wav,75.0,105.0,3,train,Tug boat,deepship
3_69,6,/datasets/audio/deepship/train/3/3_69.wav,90.0,120.0,3,train,Tug boat,deepship
3_69,7,/datasets/audio/deepship/train/3/3_69.wav,105.0,135.0,3,train,Tug boat,deepship
3_69,8,/datasets/audio/deepship/train/3/3_69.wav,120.0,150.0,3,train,Tug boat,deepship
3_69,9,/datasets/audio/deepship/train/3/3_69.wav,135.0,165.0,3,train,Tug boat,deepship
3_69,10,/datasets/audio/deepship/train/3/3_69.wav,150.0,180.0,3,train,Tug boat,deepship
3_69,11,/datasets/audio/deepship/train/3/3_69.wav,165.0,195.0,3,train,Tug boat,deepship
3_69,12,/datasets/audio/deepship/train/3/3_69.wav,180.0,210.0,3,train,Tug boat,deepship
3_69,13,/datasets/audio/deepship/train/3/3_69.wav,195.0,225.0,3,train,Tug boat,deepship
3_69,14,/datasets/audio/deepship/train/3/3_69.wav,210.0,240.0,3,train,Tug boat,deepship
3_69,15,/datasets/audio/deepship/train/3/3_69.wav,225.0,255.0,3,train,Tug boat,deepship
3_69,16,/datasets/audio/deepship/train/3/3_69.wav,240.0,270.0,3,train,Tug boat,deepship
3_69,17,/datasets/audio/deepship/train/3/3_69.wav,255.0,285.0,3,train,Tug boat,deepship
3_69,18,/datasets/audio/deepship/train/3/3_69.wav,270.0,300.0,3,train,Tug boat,deepship
3_69,19,/datasets/audio/deepship/train/3/3_69.wav,285.0,315.0,3,train,Tug boat,deepship
3_69,20,/datasets/audio/deepship/train/3/3_69.wav,300.0,330.0,3,train,Tug boat,deepship
3_69,21,/datasets/audio/deepship/train/3/3_69.wav,315.0,345.0,3,train,Tug boat,deepship
3_69,22,/datasets/audio/deepship/train/3/3_69.wav,330.0,360.0,3,train,Tug boat,deepship
3_69,23,/datasets/audio/deepship/train/3/3_69.wav,345.0,375.0,3,train,Tug boat,deepship
3_69,24,/datasets/audio/deepship/train/3/3_69.wav,360.0,390.0,3,train,Tug boat,deepship
3_69,25,/datasets/audio/deepship/train/3/3_69.wav,375.0,405.0,3,train,Tug boat,deepship
3_69,26,/datasets/audio/deepship/train/3/3_69.wav,390.0,420.0,3,train,Tug boat,deepship
3_69,27,/datasets/audio/deepship/train/3/3_69.wav,405.0,435.0,3,train,Tug boat,deepship
3_69,28,/datasets/audio/deepship/train/3/3_69.wav,420.0,450.0,3,train,Tug boat,deepship
3_69,29,/datasets/audio/deepship/train/3/3_69.wav,435.0,465.0,3,train,Tug boat,deepship
3_69,30,/datasets/audio/deepship/train/3/3_69.wav,450.0,480.0,3,train,Tug boat,deepship
3_69,31,/datasets/audio/deepship/train/3/3_69.wav,465.0,495.0,3,train,Tug boat,deepship
3_69,32,/datasets/audio/deepship/train/3/3_69.wav,480.0,510.0,3,train,Tug boat,deepship
3_69,33,/datasets/audio/deepship/train/3/3_69.wav,495.0,525.0,3,train,Tug boat,deepship
3_69,34,/datasets/audio/deepship/train/3/3_69.wav,510.0,540.0,3,train,Tug boat,deepship
3_69,35,/datasets/audio/deepship/train/3/3_69.wav,525.0,555.0,3,train,Tug boat,deepship
3_69,36,/datasets/audio/deepship/train/3/3_69.wav,540.0,570.0,3,train,Tug boat,deepship
3_69,37,/datasets/audio/deepship/train/3/3_69.wav,555.0,585.0,3,train,Tug boat,deepship
3_69,38,/datasets/audio/deepship/train/3/3_69.wav,570.0,600.0,3,train,Tug boat,deepship
3_69,39,/datasets/audio/deepship/train/3/3_69.wav,585.0,615.0,3,train,Tug boat,deepship
3_69,40,/datasets/audio/deepship/train/3/3_69.wav,600.0,630.0,3,train,Tug boat,deepship
3_69,41,/datasets/audio/deepship/train/3/3_69.wav,615.0,645.0,3,train,Tug boat,deepship
3_69,42,/datasets/audio/deepship/train/3/3_69.wav,630.0,660.0,3,train,Tug boat,deepship
3_69,43,/datasets/audio/deepship/train/3/3_69.wav,645.0,675.0,3,train,Tug boat,deepship
3_69,44,/datasets/audio/deepship/train/3/3_69.wav,660.0,690.0,3,train,Tug boat,deepship
3_69,45,/datasets/audio/deepship/train/3/3_69.wav,675.0,705.0,3,train,Tug boat,deepship
3_69,46,/datasets/audio/deepship/train/3/3_69.wav,690.0,720.0,3,train,Tug boat,deepship
3_69,47,/datasets/audio/deepship/train/3/3_69.wav,705.0,735.0,3,train,Tug boat,deepship
3_69,48,/datasets/audio/deepship/train/3/3_69.wav,720.0,750.0,3,train,Tug boat,deepship
3_69,49,/datasets/audio/deepship/train/3/3_69.wav,735.0,765.0,3,train,Tug boat,deepship
3_69,50,/datasets/audio/deepship/train/3/3_69.wav,750.0,780.0,3,train,Tug boat,deepship
3_69,51,/datasets/audio/deepship/train/3/3_69.wav,765.0,795.0,3,train,Tug boat,deepship
3_69,52,/datasets/audio/deepship/train/3/3_69.wav,780.0,810.0,3,train,Tug boat,deepship
3_69,53,/datasets/audio/deepship/train/3/3_69.wav,795.0,825.0,3,train,Tug boat,deepship
3_69,54,/datasets/audio/deepship/train/3/3_69.wav,810.0,840.0,3,train,Tug boat,deepship
3_69,55,/datasets/audio/deepship/train/3/3_69.wav,825.0,855.0,3,train,Tug boat,deepship
3_69,56,/datasets/audio/deepship/train/3/3_69.wav,836.0,866.0,3,train,Tug boat,deepship
3_9,0,/datasets/audio/deepship/train/3/3_9.wav,0.0,30.0,3,train,Tug boat,deepship
3_9,1,/datasets/audio/deepship/train/3/3_9.wav,15.0,45.0,3,train,Tug boat,deepship
3_9,2,/datasets/audio/deepship/train/3/3_9.wav,30.0,60.0,3,train,Tug boat,deepship
3_9,3,/datasets/audio/deepship/train/3/3_9.wav,45.0,75.0,3,train,Tug boat,deepship
3_9,4,/datasets/audio/deepship/train/3/3_9.wav,60.0,90.0,3,train,Tug boat,deepship
3_9,5,/datasets/audio/deepship/train/3/3_9.wav,75.0,105.0,3,train,Tug boat,deepship
3_9,6,/datasets/audio/deepship/train/3/3_9.wav,90.0,120.0,3,train,Tug boat,deepship
3_9,7,/datasets/audio/deepship/train/3/3_9.wav,105.0,135.0,3,train,Tug boat,deepship
3_9,8,/datasets/audio/deepship/train/3/3_9.wav,120.0,150.0,3,train,Tug boat,deepship
3_9,9,/datasets/audio/deepship/train/3/3_9.wav,135.0,165.0,3,train,Tug boat,deepship
3_9,10,/datasets/audio/deepship/train/3/3_9.wav,150.0,180.0,3,train,Tug boat,deepship
3_9,11,/datasets/audio/deepship/train/3/3_9.wav,165.0,195.0,3,train,Tug boat,deepship
3_9,12,/datasets/audio/deepship/train/3/3_9.wav,173.0,203.0,3,train,Tug boat,deepship
