recording_id,clip_idx,path,start,end,label_id,split,label_name,dataset
Dredger_93__A__Draga_1,0,/datasets/audio/shipsear/test/Dredger_93__A__Draga_1.wav,0.0,30.0,0,test,Dredger,shipsear
Dredger_93__A__Draga_1,1,/datasets/audio/shipsear/test/Dredger_93__A__Draga_1.wav,0.270945,30.270945,0,test,Dredger,shipsear
Dredger_95__A__Draga_3,0,/datasets/audio/shipsear/test/Dredger_95__A__Draga_3.wav,0.0,30.0,0,test,Dredger,shipsear
Dredger_95__A__Draga_3,1,/datasets/audio/shipsear/test/Dredger_95__A__Draga_3.wav,15.0,45.0,0,test,Dredger,shipsear
Dredger_95__A__Draga_3,2,/datasets/audio/shipsear/test/Dredger_95__A__Draga_3.wav,30.0,60.0,0,test,Dredger,shipsear
Dredger_95__A__Draga_3,3,/datasets/audio/shipsear/test/Dredger_95__A__Draga_3.wav,30.746843,60.746843,0,test,Dredger,shipsear
Fishboat_75__23_07_13_H3_pesquero1,0,/datasets/audio/shipsear/test/Fishboat_75__23_07_13_H3_pesquero1.wav,0.0,30.0,1,test,Fishboat,shipsear
Fishboat_75__23_07_13_H3_pesquero1,1,/datasets/audio/shipsear/test/Fishboat_75__23_07_13_H3_pesquero1.wav,15.0,45.0,1,test,Fishboat,shipsear
Fishboat_75__23_07_13_H3_pesquero1,2,/datasets/audio/shipsear/test/Fishboat_75__23_07_13_H3_pesquero1.wav,23.911746,53.911746,1,test,Fishboat,shipsear
Motorboat_21__18_07_13_lanchaMotora,0,/datasets/audio/shipsear/test/Motorboat_21__18_07_13_lanchaMotora.wav,0.0,30.0,2,test,Motorboat,shipsear
Motorboat_21__18_07_13_lanchaMotora,1,/datasets/audio/shipsear/test/Motorboat_21__18_07_13_lanchaMotora.wav,13.706698,43.706698,2,test,Motorboat,shipsear
Motorboat_26__19_07_13_Lancha,0,/datasets/audio/shipsear/test/Motorboat_26__19_07_13_Lancha.wav,0.0,30.0,2,test,Motorboat,shipsear
Motorboat_51__23_07_13_H3_lancha2_interf,0,/datasets/audio/shipsear/test/Motorboat_51__23_07_13_H3_lancha2_interf.wav,0.0,30.0,2,test,Motorboat,shipsear
Motorboat_51__23_07_13_H3_lancha2_interf,1,/datasets/audio/shipsear/test/Motorboat_51__23_07_13_H3_lancha2_interf.wav,15.0,45.0,2,test,Motorboat,shipsear
Motorboat_51__23_07_13_H3_lancha2_interf,2,/datasets/audio/shipsear/test/Motorboat_51__23_07_13_H3_lancha2_interf.wav,30.0,60.0,2,test,Motorboat,shipsear
Motorboat_51__23_07_13_H3_lancha2_interf,3,/datasets/audio/shipsear/test/Motorboat_51__23_07_13_H3_lancha2_interf.wav,45.0,75.0,2,test,Motorboat,shipsear
Motorboat_51__23_07_13_H3_lancha2_interf,4,/datasets/audio/shipsear/test/Motorboat_51__23_07_13_H3_lancha2_interf.wav,60.0,90.0,2,test,Motorboat,shipsear
Motorboat_51__23_07_13_H3_lancha2_interf,5,/datasets/audio/shipsear/test/Motorboat_51__23_07_13_H3_lancha2_interf.wav,70.067186,100.067186,2,test,Motorboat,shipsear
Musselboat_46__23_07_13_H3_bateero1,0,/datasets/audio/shipsear/test/Musselboat_46__23_07_13_H3_bateero1.wav,0.0,30.0,3,test,Mussel boat,shipsear
Musselboat_66__23_07_13_H3_Pesquerito2_Velero,0,/datasets/audio/shipsear/test/Musselboat_66__23_07_13_H3_Pesquerito2_Velero.wav,0.0,30.0,3,test,Mussel boat,shipsear
Musselboat_66__23_07_13_H3_Pesquerito2_Velero,1,/datasets/audio/shipsear/test/Musselboat_66__23_07_13_H3_Pesquerito2_Velero.wav,15.0,45.0,3,test,Mussel boat,shipsear
Musselboat_66__23_07_13_H3_Pesquerito2_Velero,2,/datasets/audio/shipsear/test/Musselboat_66__23_07_13_H3_Pesquerito2_Velero.wav,30.0,60.0,3,test,Mussel boat,shipsear
Musselboat_66__23_07_13_H3_Pesquerito2_Velero,3,/datasets/audio/shipsear/test/Musselboat_66__23_07_13_H3_Pesquerito2_Velero.wav,45.0,75.0,3,test,Mussel boat,shipsear
Musselboat_66__23_07_13_H3_Pesquerito2_Velero,4,/datasets/audio/shipsear/test/Musselboat_66__23_07_13_H3_Pesquerito2_Velero.wav,60.0,90.0,3,test,Mussel boat,shipsear
Musselboat_66__23_07_13_H3_Pesquerito2_Velero,5,/datasets/audio/shipsear/test/Musselboat_66__23_07_13_H3_Pesquerito2_Velero.wav,75.0,105.0,3,test,Mussel boat,shipsear
Musselboat_66__23_07_13_H3_Pesquerito2_Velero,6,/datasets/audio/shipsear/test/Musselboat_66__23_07_13_H3_Pesquerito2_Velero.wav,90.0,120.0,3,test,Mussel boat,shipsear
Musselboat_66__23_07_13_H3_Pesquerito2_Velero,7,/datasets/audio/shipsear/test/Musselboat_66__23_07_13_H3_Pesquerito2_Velero.wav,105.0,135.0,3,test,Mussel boat,shipsear
Musselboat_66__23_07_13_H3_Pesquerito2_Velero,8,/datasets/audio/shipsear/test/Musselboat_66__23_07_13_H3_Pesquerito2_Velero.wav,120.0,150.0,3,test,Mussel boat,shipsear
Musselboat_66__23_07_13_H3_Pesquerito2_Velero,9,/datasets/audio/shipsear/test/Musselboat_66__23_07_13_H3_Pesquerito2_Velero.wav,125.0,155.0,3,test,Mussel boat,shipsear
Naturalambientnoise_81__25_09_13_H3_corriente,0,/datasets/audio/shipsear/test/Naturalambientnoise_81__25_09_13_H3_corriente.wav,0.0,30.0,4,test,Natural ambient noise,shipsear
Naturalambientnoise_81__25_09_13_H3_corriente,1,/datasets/audio/shipsear/test/Naturalambientnoise_81__25_09_13_H3_corriente.wav,15.0,45.0,4,test,Natural ambient noise,shipsear
Naturalambientnoise_81__25_09_13_H3_corriente,2,/datasets/audio/shipsear/test/Naturalambientnoise_81__25_09_13_H3_corriente.wav,30.0,60.0,4,test,Natural ambient noise,shipsear
Naturalambientnoise_81__25_09_13_H3_corriente,3,/datasets/audio/shipsear/test/Naturalambientnoise_81__25_09_13_H3_corriente.wav,45.0,75.0,4,test,Natural ambient noise,shipsear
Naturalambientnoise_81__25_09_13_H3_corriente,4,/datasets/audio/shipsear/test/Naturalambientnoise_81__25_09_13_H3_corriente.wav,60.0,90.0,4,test,Natural ambient noise,shipsear
Naturalambientnoise_81__25_09_13_H3_corriente,5,/datasets/audio/shipsear/test/Naturalambientnoise_81__25_09_13_H3_corriente.wav,75.0,105.0,4,test,Natural ambient noise,shipsear
Naturalambientnoise_81__25_09_13_H3_corriente,6,/datasets/audio/shipsear/test/Naturalambientnoise_81__25_09_13_H3_corriente.wav,90.0,120.0,4,test,Natural ambient noise,shipsear
Naturalambientnoise_81__25_09_13_H3_corriente,7,/datasets/audio/shipsear/test/Naturalambientnoise_81__25_09_13_H3_corriente.wav,90.004551,120.004551,4,test,Natural ambient noise,shipsear
Naturalambientnoise_85__E__1L,0,/datasets/audio/shipsear/test/Naturalambientnoise_85__E__1L.wav,0.0,30.0,4,test,Natural ambient noise,shipsear
Naturalambientnoise_85__E__1L,1,/datasets/audio/shipsear/test/Naturalambientnoise_85__E__1L.wav,15.0,45.0,4,test,Natural ambient noise,shipsear
Naturalambientnoise_85__E__1L,2,/datasets/audio/shipsear/test/Naturalambientnoise_85__E__1L.wav,30.0,60.0,4,test,Natural ambient noise,shipsear
Naturalambientnoise_85__E__1L,3,/datasets/audio/shipsear/test/Naturalambientnoise_85__E__1L.wav,45.0,75.0,4,test,Natural ambient noise,shipsear
Naturalambientnoise_85__E__1L,4,/datasets/audio/shipsear/test/Naturalambientnoise_85__E__1L.wav,55.091213,85.091213,4,test,Natural ambient noise,shipsear
Naturalambientnoise_88__E__4L,0,/datasets/audio/shipsear/test/Naturalambientnoise_88__E__4L.wav,0.0,30.0,4,test,Natural ambient noise,shipsear
Naturalambientnoise_88__E__4L,1,/datasets/audio/shipsear/test/Naturalambientnoise_88__E__4L.wav,15.0,45.0,4,test,Natural ambient noise,shipsear
Naturalambientnoise_88__E__4L,2,/datasets/audio/shipsear/test/Naturalambientnoise_88__E__4L.wav,30.0,60.0,4,test,Natural ambient noise,shipsear
Naturalambientnoise_88__E__4L,3,/datasets/audio/shipsear/test/Naturalambientnoise_88__E__4L.wav,45.0,75.0,4,test,Natural ambient noise,shipsear
Naturalambientnoise_88__E__4L,4,/datasets/audio/shipsear/test/Naturalambientnoise_88__E__4L.wav,60.0,90.0,4,test,Natural ambient noise,shipsear
Naturalambientnoise_88__E__4L,5,/datasets/audio/shipsear/test/Naturalambientnoise_88__E__4L.wav,63.943964,93.943964,4,test,Natural ambient noise,shipsear
Oceanliner_22,0,/datasets/audio/shipsear/test/Oceanliner_22.wav,0.0,30.0,5,test,Ocean liner,shipsear
Oceanliner_22,1,/datasets/audio/shipsear/test/Oceanliner_22.wav,15.0,45.0,5,test,Ocean liner,shipsear
Oceanliner_22,2,/datasets/audio/shipsear/test/Oceanliner_22.wav,23.643475,53.643475,5,test,Ocean liner,shipsear
Oceanliner_24__19_07_13_adventureFrenando_duda,0,/datasets/audio/shipsear/test/Oceanliner_24__19_07_13_adventureFrenando_duda.wav,0.0,30.0,5,test,Ocean liner,shipsear
Oceanliner_24__19_07_13_adventureFrenando_duda,1,/datasets/audio/shipsear/test/Oceanliner_24__19_07_13_adventureFrenando_duda.wav,12.701274,42.701274,5,test,Ocean liner,shipsear
Passengers_14__10_07_13_piraCies_Espera,0,/datasets/audio/shipsear/test/Passengers_14__10_07_13_piraCies_Espera.wav,0.0,30.0,6,test,Passengers,shipsear
Passengers_14__10_07_13_piraCies_Espera,1,/datasets/audio/shipsear/test/Passengers_14__10_07_13_piraCies_Espera.wav,15.0,45.0,6,test,Passengers,shipsear
Passengers_14__10_07_13_piraCies_Espera,2,/datasets/audio/shipsear/test/Passengers_14__10_07_13_piraCies_Espera.wav,30.0,60.0,6,test,Passengers,shipsear
Passengers_35__19_07_13_MarDeOnza_sale,0,/datasets/audio/shipsear/test/Passengers_35__19_07_13_MarDeOnza_sale.wav,0.0,30.0,6,test,Passengers,shipsear
Passengers_35__19_07_13_MarDeOnza_sale,1,/datasets/audio/shipsear/test/Passengers_35__19_07_13_MarDeOnza_sale.wav,15.0,45.0,6,test,Passengers,shipsear
Passengers_35__19_07_13_MarDeOnza_sale,2,/datasets/audio/shipsear/test/Passengers_35__19_07_13_MarDeOnza_sale.wav,30.0,60.0,6,test,Passengers,shipsear
Passengers_35__19_07_13_MarDeOnza_sale,3,/datasets/audio/shipsear/test/Passengers_35__19_07_13_MarDeOnza_sale.wav,45.0,75.0,6,test,Passengers,shipsear
Passengers_35__19_07_13_MarDeOnza_sale,4,/datasets/audio/shipsear/test/Passengers_35__19_07_13_MarDeOnza_sale.wav,60.0,90.0,6,test,Passengers,shipsear
Passengers_35__19_07_13_MarDeOnza_sale,5,/datasets/audio/shipsear/test/Passengers_35__19_07_13_MarDeOnza_sale.wav,67.448857,97.448857,6,test,Passengers,shipsear
Passengers_40__19_07_13_MarDeCangas_Llega_Interf,0,/datasets/audio/shipsear/test/Passengers_40__19_07_13_MarDeCangas_Llega_Interf.wav,0.0,30.0,6,test,Passengers,shipsear
Passengers_40__19_07_13_MarDeCangas_Llega_Interf,1,/datasets/audio/shipsear/test/Passengers_40__19_07_13_MarDeCangas_Llega_Interf.wav,14.18087,44.18087,6,test,Passengers,shipsear
Passengers_43__19_07_13_PirataDeCies_Llega_Interf,0,/datasets/audio/shipsear/test/Passengers_43__19_07_13_PirataDeCies_Llega_Interf.wav,0.0,30.0,6,test,Passengers,shipsear
Passengers_43__19_07_13_PirataDeCies_Llega_Interf,1,/datasets/audio/shipsear/test/Passengers_43__19_07_13_PirataDeCies_Llega_Interf.wav,15.0,45.0,6,test,Passengers,shipsear
Passengers_43__19_07_13_PirataDeCies_Llega_Interf,2,/datasets/audio/shipsear/test/Passengers_43__19_07_13_PirataDeCies_Llega_Interf.wav,21.521258,51.521258,6,test,Passengers,shipsear
Passengers_54__23_07_13_H3_PirataSalvora_SALE1,0,/datasets/audio/shipsear/test/Passengers_54__23_07_13_H3_PirataSalvora_SALE1.wav,0.0,30.0,6,test,Passengers,shipsear
Passengers_54__23_07_13_H3_PirataSalvora_SALE1,1,/datasets/audio/shipsear/test/Passengers_54__23_07_13_H3_PirataSalvora_SALE1.wav,15.0,45.0,6,test,Passengers,shipsear
Passengers_54__23_07_13_H3_PirataSalvora_SALE1,2,/datasets/audio/shipsear/test/Passengers_54__23_07_13_H3_PirataSalvora_SALE1.wav,30.0,60.0,6,test,Passengers,shipsear
Passengers_54__23_07_13_H3_PirataSalvora_SALE1,3,/datasets/audio/shipsear/test/Passengers_54__23_07_13_H3_PirataSalvora_SALE1.wav,38.048868,68.048868,6,test,Passengers,shipsear
Passengers_61__23_07_13_H3_MarDeCangas_SALE-2,0,/datasets/audio/shipsear/test/Passengers_61__23_07_13_H3_MarDeCangas_SALE-2.wav,0.0,30.0,6,test,Passengers,shipsear
Passengers_61__23_07_13_H3_MarDeCangas_SALE-2,1,/datasets/audio/shipsear/test/Passengers_61__23_07_13_H3_MarDeCangas_SALE-2.wav,15.0,45.0,6,test,Passengers,shipsear
Passengers_61__23_07_13_H3_MarDeCangas_SALE-2,2,/datasets/audio/shipsear/test/Passengers_61__23_07_13_H3_MarDeCangas_SALE-2.wav,30.0,60.0,6,test,Passengers,shipsear
Passengers_61__23_07_13_H3_MarDeCangas_SALE-2,3,/datasets/audio/shipsear/test/Passengers_61__23_07_13_H3_MarDeCangas_SALE-2.wav,45.0,75.0,6,test,Passengers,shipsear
Passengers_61__23_07_13_H3_MarDeCangas_SALE-2,4,/datasets/audio/shipsear/test/Passengers_61__23_07_13_H3_MarDeCangas_SALE-2.wav,60.0,90.0,6,test,Passengers,shipsear
Passengers_61__23_07_13_H3_MarDeCangas_SALE-2,5,/datasets/audio/shipsear/test/Passengers_61__23_07_13_H3_MarDeCangas_SALE-2.wav,75.0,105.0,6,test,Passengers,shipsear
Passengers_61__23_07_13_H3_MarDeCangas_SALE-2,6,/datasets/audio/shipsear/test/Passengers_61__23_07_13_H3_MarDeCangas_SALE-2.wav,90.0,120.0,6,test,Passengers,shipsear
Passengers_61__23_07_13_H3_MarDeCangas_SALE-2,7,/datasets/audio/shipsear/test/Passengers_61__23_07_13_H3_MarDeCangas_SALE-2.wav,105.0,135.0,6,test,Passengers,shipsear
Passengers_61__23_07_13_H3_MarDeCangas_SALE-2,8,/datasets/audio/shipsear/test/Passengers_61__23_07_13_H3_MarDeCangas_SALE-2.wav,113.0,143.0,6,test,Passengers,shipsear
Passengers_7__10_07_13_marDeCangas_Espera,0,/datasets/audio/shipsear/test/Passengers_7__10_07_13_marDeCangas_Espera.wav,0.0,30.0,6,test,Passengers,shipsear
Passengers_7__10_07_13_marDeCangas_Espera,1,/datasets/audio/shipsear/test/Passengers_7__10_07_13_marDeCangas_Espera.wav,15.0,45.0,6,test,Passengers,shipsear
Passengers_7__10_07_13_marDeCangas_Espera,2,/datasets/audio/shipsear/test/Passengers_7__10_07_13_marDeCangas_Espera.wav,30.0,60.0,6,test,Passengers,shipsear
Pilotship_30__19_07_13_practico2,0,/datasets/audio/shipsear/test/Pilotship_30__19_07_13_practico2.wav,0.0,30.0,7,test,Pilot ship,shipsear
Pilotship_30__19_07_13_practico2,1,/datasets/audio/shipsear/test/Pilotship_30__19_07_13_practico2.wav,14.302575,44.302575,7,test,Pilot ship,shipsear
RORO_20__18_07_13_AutopridePrepManiobra,0,/datasets/audio/shipsear/test/RORO_20__18_07_13_AutopridePrepManiobra.wav,0.0,30.0,8,test,RORO,shipsear
RORO_20__18_07_13_AutopridePrepManiobra,1,/datasets/audio/shipsear/test/RORO_20__18_07_13_AutopridePrepManiobra.wav,0.216976,30.216976,8,test,RORO,shipsear
RORO_78__23_07_13_H3_vikingChance,0,/datasets/audio/shipsear/test/RORO_78__23_07_13_H3_vikingChance.wav,0.0,30.0,8,test,RORO,shipsear
RORO_78__23_07_13_H3_vikingChance,1,/datasets/audio/shipsear/test/RORO_78__23_07_13_H3_vikingChance.wav,15.0,45.0,8,test,RORO,shipsear
RORO_78__23_07_13_H3_vikingChance,2,/datasets/audio/shipsear/test/RORO_78__23_07_13_H3_vikingChance.wav,30.0,60.0,8,test,RORO,shipsear
RORO_78__23_07_13_H3_vikingChance,3,/datasets/audio/shipsear/test/RORO_78__23_07_13_H3_vikingChance.wav,45.0,75.0,8,test,RORO,shipsear
RORO_78__23_07_13_H3_vikingChance,4,/datasets/audio/shipsear/test/RORO_78__23_07_13_H3_vikingChance.wav,60.0,90.0,8,test,RORO,shipsear
RORO_78__23_07_13_H3_vikingChance,5,/datasets/audio/shipsear/test/RORO_78__23_07_13_H3_vikingChance.wav,75.0,105.0,8,test,RORO,shipsear
RORO_78__23_07_13_H3_vikingChance,6,/datasets/audio/shipsear/test/RORO_78__23_07_13_H3_vikingChance.wav,90.0,120.0,8,test,RORO,shipsear
RORO_78__23_07_13_H3_vikingChance,7,/datasets/audio/shipsear/test/RORO_78__23_07_13_H3_vikingChance.wav,105.0,135.0,8,test,RORO,shipsear
RORO_78__23_07_13_H3_vikingChance,8,/datasets/audio/shipsear/test/RORO_78__23_07_13_H3_vikingChance.wav,120.0,150.0,8,test,RORO,shipsear
RORO_78__23_07_13_H3_vikingChance,9,/datasets/audio/shipsear/test/RORO_78__23_07_13_H3_vikingChance.wav,135.0,165.0,8,test,RORO,shipsear
RORO_78__23_07_13_H3_vikingChance,10,/datasets/audio/shipsear/test/RORO_78__23_07_13_H3_vikingChance.wav,150.0,180.0,8,test,RORO,shipsear
RORO_78__23_07_13_H3_vikingChance,11,/datasets/audio/shipsear/test/RORO_78__23_07_13_H3_vikingChance.wav,158.097831,188.097831,8,test,RORO,shipsear
Sailboat_56__23_07_13_H3_velero1,0,/datasets/audio/shipsear/test/Sailboat_56__23_07_13_H3_velero1.wav,0.0,30.0,9,test,Sailboat,shipsear
Sailboat_56__23_07_13_H3_velero1,1,/datasets/audio/shipsear/test/Sailboat_56__23_07_13_H3_velero1.wav,15.0,45.0,9,test,Sailboat,shipsear
Sailboat_56__23_07_13_H3_velero1,2,/datasets/audio/shipsear/test/Sailboat_56__23_07_13_H3_velero1.wav,19.0,49.0,9,test,Sailboat,shipsear
Trawler_28__19_07_13_NuevoRiaAldan_test,0,/datasets/audio/shipsear/test/Trawler_28__19_07_13_NuevoRiaAldan_test.wav,0.0,30.0,10,test,Trawler,shipsear
Trawler_28__19_07_13_NuevoRiaAldan_test,1,/datasets/audio/shipsear/test/Trawler_28__19_07_13_NuevoRiaAldan_test.wav,8.599253,38.599253,10,test,Trawler,shipsear
Dredger_80__04_10_12_adricristuy,0,/datasets/audio/shipsear/train/Dredger_80__04_10_12_adricristuy.wav,0.0,30.0,0,train,Dredger,shipsear
Dredger_80__04_10_12_adricristuy,1,/datasets/audio/shipsear/train/Dredger_80__04_10_12_adricristuy.wav,15.0,45.0,0,train,Dredger,shipsear
Dredger_80__04_10_12_adricristuy,2,/datasets/audio/shipsear/train/Dredger_80__04_10_12_adricristuy.wav,30.0,60.0,0,train,Dredger,shipsear
Dredger_80__04_10_12_adricristuy,3,/datasets/audio/shipsear/train/Dredger_80__04_10_12_adricristuy.wav,30.243297,60.243297,0,train,Dredger,shipsear
Dredger_93__A__Draga_1,0,/datasets/audio/shipsear/train/Dredger_93__A__Draga_1.wav,0.0,30.0,0,train,Dredger,shipsear
Dredger_93__A__Draga_1,1,/datasets/audio/shipsear/train/Dredger_93__A__Draga_1.wav,0.270945,30.270945,0,train,Dredger,shipsear
Dredger_94__A__Draga_2,0,/datasets/audio/shipsear/train/Dredger_94__A__Draga_2.wav,0.0,30.0,0,train,Dredger,shipsear
Dredger_94__A__Draga_2,1,/datasets/audio/shipsear/train/Dredger_94__A__Draga_2.wav,15.0,45.0,0,train,Dredger,shipsear
Dredger_94__A__Draga_2,2,/datasets/audio/shipsear/train/Dredger_94__A__Draga_2.wav,20.342701,50.342701,0,train,Dredger,shipsear
Dredger_96__A__Draga_4,0,/datasets/audio/shipsear/train/Dredger_96__A__Draga_4.wav,0.0,30.0,0,train,Dredger,shipsear
Dredger_96__A__Draga_4,1,/datasets/audio/shipsear/train/Dredger_96__A__Draga_4.wav,15.0,45.0,0,train,Dredger,shipsear
Dredger_96__A__Draga_4,2,/datasets/audio/shipsear/train/Dredger_96__A__Draga_4.wav,30.0,60.0,0,train,Dredger,shipsear
Dredger_96__A__Draga_4,3,/datasets/audio/shipsear/train/Dredger_96__A__Draga_4.wav,32.089335,62.089335,0,train,Dredger,shipsear
Fishboat_74__23_07_13_H3_pesqSaladinoPrimero,0,/datasets/audio/shipsear/train/Fishboat_74__23_07_13_H3_pesqSaladinoPrimero.wav,0.0,30.0,1,train,Fishboat,shipsear
Fishboat_74__23_07_13_H3_pesqSaladinoPrimero,1,/datasets/audio/shipsear/train/Fishboat_74__23_07_13_H3_pesqSaladinoPrimero.wav,15.0,45.0,1,train,Fishboat,shipsear
Fishboat_74__23_07_13_H3_pesqSaladinoPrimero,2,/datasets/audio/shipsear/train/Fishboat_74__23_07_13_H3_pesqSaladinoPrimero.wav,30.0,60.0,1,train,Fishboat,shipsear
Fishboat_74__23_07_13_H3_pesqSaladinoPrimero,3,/datasets/audio/shipsear/train/Fishboat_74__23_07_13_H3_pesqSaladinoPrimero.wav,45.0,75.0,1,train,Fishboat,shipsear
Fishboat_74__23_07_13_H3_pesqSaladinoPrimero,4,/datasets/audio/shipsear/train/Fishboat_74__23_07_13_H3_pesqSaladinoPrimero.wav,60.0,90.0,1,train,Fishboat,shipsear
Fishboat_74__23_07_13_H3_pesqSaladinoPrimero,5,/datasets/audio/shipsear/train/Fishboat_74__23_07_13_H3_pesqSaladinoPrimero.wav,75.0,105.0,1,train,Fishboat,shipsear
Fishboat_74__23_07_13_H3_pesqSaladinoPrimero,6,/datasets/audio/shipsear/train/Fishboat_74__23_07_13_H3_pesqSaladinoPrimero.wav,90.0,120.0,1,train,Fishboat,shipsear
Fishboat_74__23_07_13_H3_pesqSaladinoPrimero,7,/datasets/audio/shipsear/train/Fishboat_74__23_07_13_H3_pesqSaladinoPrimero.wav,105.0,135.0,1,train,Fishboat,shipsear
Fishboat_74__23_07_13_H3_pesqSaladinoPrimero,8,/datasets/audio/shipsear/train/Fishboat_74__23_07_13_H3_pesqSaladinoPrimero.wav,115.956138,145.956138,1,train,Fishboat,shipsear
Fishboat_76__23_07_13_H3_pesquero2,0,/datasets/audio/shipsear/train/Fishboat_76__23_07_13_H3_pesquero2.wav,0.0,30.0,1,train,Fishboat,shipsear
Fishboat_76__23_07_13_H3_pesquero2,1,/datasets/audio/shipsear/train/Fishboat_76__23_07_13_H3_pesquero2.wav,15.0,45.0,1,train,Fishboat,shipsear
Fishboat_76__23_07_13_H3_pesquero2,2,/datasets/audio/shipsear/train/Fishboat_76__23_07_13_H3_pesquero2.wav,30.0,60.0,1,train,Fishboat,shipsear
Fishboat_76__23_07_13_H3_pesquero2,3,/datasets/audio/shipsear/train/Fishboat_76__23_07_13_H3_pesquero2.wav,45.0,75.0,1,train,Fishboat,shipsear
Fishboat_76__23_07_13_H3_pesquero2,4,/datasets/audio/shipsear/train/Fishboat_76__23_07_13_H3_pesquero2.wav,60.0,90.0,1,train,Fishboat,shipsear
Fishboat_76__23_07_13_H3_pesquero2,5,/datasets/audio/shipsear/train/Fishboat_76__23_07_13_H3_pesquero2.wav,75.0,105.0,1,train,Fishboat,shipsear
Fishboat_76__23_07_13_H3_pesquero2,6,/datasets/audio/shipsear/train/Fishboat_76__23_07_13_H3_pesquero2.wav,90.0,120.0,1,train,Fishboat,shipsear
Fishboat_76__23_07_13_H3_pesquero2,7,/datasets/audio/shipsear/train/Fishboat_76__23_07_13_H3_pesquero2.wav,105.0,135.0,1,train,Fishboat,shipsear
Fishboat_76__23_07_13_H3_pesquero2,8,/datasets/audio/shipsear/train/Fishboat_76__23_07_13_H3_pesquero2.wav,120.0,150.0,1,train,Fishboat,shipsear
Fishboat_76__23_07_13_H3_pesquero2,9,/datasets/audio/shipsear/train/Fishboat_76__23_07_13_H3_pesquero2.wav,135.0,165.0,1,train,Fishboat,shipsear
Fishboat_76__23_07_13_H3_pesquero2,10,/datasets/audio/shipsear/train/Fishboat_76__23_07_13_H3_pesquero2.wav,147.514241,177.514241,1,train,Fishboat,shipsear
Motorboat_27__19_07_13_Lancha2,0,/datasets/audio/shipsear/train/Motorboat_27__19_07_13_Lancha2.wav,0.0,30.0,2,train,Motorboat,shipsear
Motorboat_27__19_07_13_Lancha2,1,/datasets/audio/shipsear/train/Motorboat_27__19_07_13_Lancha2.wav,0.691546,30.691546,2,train,Motorboat,shipsear
Motorboat_33__19_07_13_lanchaDuda_Sale,0,/datasets/audio/shipsear/train/Motorboat_33__19_07_13_lanchaDuda_Sale.wav,0.0,30.0,2,train,Motorboat,shipsear
Motorboat_33__19_07_13_lanchaDuda_Sale,1,/datasets/audio/shipsear/train/Motorboat_33__19_07_13_lanchaDuda_Sale.wav,7.415899,37.415899,2,train,Motorboat,shipsear
Motorboat_39__19_07_13_lanchaMotora_Entra,0,/datasets/audio/shipsear/train/Motorboat_39__19_07_13_lanchaMotora_Entra.wav,0.0,30.0,2,train,Motorboat,shipsear
Motorboat_39__19_07_13_lanchaMotora_Entra,1,/datasets/audio/shipsear/train/Motorboat_39__19_07_13_lanchaMotora_Entra.wav,15.0,45.0,2,train,Motorboat,shipsear
Motorboat_39__19_07_13_lanchaMotora_Entra,2,/datasets/audio/shipsear/train/Motorboat_39__19_07_13_lanchaMotora_Entra.wav,30.0,60.0,2,train,Motorboat,shipsear
Motorboat_39__19_07_13_lanchaMotora_Entra,3,/datasets/audio/shipsear/train/Motorboat_39__19_07_13_lanchaMotora_Entra.wav,43.957921,73.957921,2,train,Motorboat,shipsear
Motorboat_45__19_07_13_yate_Sale,0,/datasets/audio/shipsear/train/Motorboat_45__19_07_13_yate_Sale.wav,0.0,30.0,2,train,Motorboat,shipsear
Motorboat_45__19_07_13_yate_Sale,1,/datasets/audio/shipsear/train/Motorboat_45__19_07_13_yate_Sale.wav,15.0,45.0,2,train,Motorboat,shipsear
Motorboat_45__19_07_13_yate_Sale,2,/datasets/audio/shipsear/train/Motorboat_45__19_07_13_yate_Sale.wav,30.0,60.0,2,train,Motorboat,shipsear
Motorboat_45__19_07_13_yate_Sale,3,/datasets/audio/shipsear/train/Motorboat_45__19_07_13_yate_Sale.wav,45.0,75.0,2,train,Motorboat,shipsear
Motorboat_45__19_07_13_yate_Sale,4,/datasets/audio/shipsear/train/Motorboat_45__19_07_13_yate_Sale.wav,60.0,90.0,2,train,Motorboat,shipsear
Motorboat_45__19_07_13_yate_Sale,5,/datasets/audio/shipsear/train/Motorboat_45__19_07_13_yate_Sale.wav,62.655137,92.655137,2,train,Motorboat,shipsear
Motorboat_50__23_07_13_H3_lancha1,0,/datasets/audio/shipsear/train/Motorboat_50__23_07_13_H3_lancha1.wav,0.0,30.0,2,train,Motorboat,shipsear
Motorboat_50__23_07_13_H3_lancha1,1,/datasets/audio/shipsear/train/Motorboat_50__23_07_13_H3_lancha1.wav,15.0,45.0,2,train,Motorboat,shipsear
Motorboat_50__23_07_13_H3_lancha1,2,/datasets/audio/shipsear/train/Motorboat_50__23_07_13_H3_lancha1.wav,30.0,60.0,2,train,Motorboat,shipsear
Motorboat_50__23_07_13_H3_lancha1,3,/datasets/audio/shipsear/train/Motorboat_50__23_07_13_H3_lancha1.wav,34.0,64.0,2,train,Motorboat,shipsear
Motorboat_52__23_07_13_H3_lancha3_interf,0,/datasets/audio/shipsear/train/Motorboat_52__23_07_13_H3_lancha3_interf.wav,0.0,30.0,2,train,Motorboat,shipsear
Motorboat_52__23_07_13_H3_lancha3_interf,1,/datasets/audio/shipsear/train/Motorboat_52__23_07_13_H3_lancha3_interf.wav,15.0,45.0,2,train,Motorboat,shipsear
Motorboat_52__23_07_13_H3_lancha3_interf,2,/datasets/audio/shipsear/train/Motorboat_52__23_07_13_H3_lancha3_interf.wav,30.0,60.0,2,train,Motorboat,shipsear
Motorboat_52__23_07_13_H3_lancha3_interf,3,/datasets/audio/shipsear/train/Motorboat_52__23_07_13_H3_lancha3_interf.wav,45.0,75.0,2,train,Motorboat,shipsear
Motorboat_52__23_07_13_H3_lancha3_interf,4,/datasets/audio/shipsear/train/Motorboat_52__23_07_13_H3_lancha3_interf.wav,60.0,90.0,2,train,Motorboat,shipsear
Motorboat_52__23_07_13_H3_lancha3_interf,5,/datasets/audio/shipsear/train/Motorboat_52__23_07_13_H3_lancha3_interf.wav,75.0,105.0,2,train,Motorboat,shipsear
Motorboat_52__23_07_13_H3_lancha3_interf,6,/datasets/audio/shipsear/train/Motorboat_52__23_07_13_H3_lancha3_interf.wav,90.0,120.0,2,train,Motorboat,shipsear
Motorboat_52__23_07_13_H3_lancha3_interf,7,/datasets/audio/shipsear/train/Motorboat_52__23_07_13_H3_lancha3_interf.wav,94.0,124.0,2,train,Motorboat,shipsear
Motorboat_70__23_07_13_H2_yatePeq,0,/datasets/audio/shipsear/train/Motorboat_70__23_07_13_H2_yatePeq.wav,0.0,30.0,2,train,Motorboat,shipsear
Motorboat_70__23_07_13_H2_yatePeq,1,/datasets/audio/shipsear/train/Motorboat_70__23_07_13_H2_yatePeq.wav,15.0,45.0,2,train,Motorboat,shipsear
Motorboat_70__23_07_13_H2_yatePeq,2,/datasets/audio/shipsear/train/Motorboat_70__23_07_13_H2_yatePeq.wav,30.0,60.0,2,train,Motorboat,shipsear
Motorboat_70__23_07_13_H2_yatePeq,3,/datasets/audio/shipsear/train/Motorboat_70__23_07_13_H2_yatePeq.wav,45.0,75.0,2,train,Motorboat,shipsear
Motorboat_70__23_07_13_H2_yatePeq,4,/datasets/audio/shipsear/train/Motorboat_70__23_07_13_H2_yatePeq.wav,60.0,90.0,2,train,Motorboat,shipsear
Motorboat_70__23_07_13_H2_yatePeq,5,/datasets/audio/shipsear/train/Motorboat_70__23_07_13_H2_yatePeq.wav,75.0,105.0,2,train,Motorboat,shipsear
Motorboat_70__23_07_13_H2_yatePeq,6,/datasets/audio/shipsear/train/Motorboat_70__23_07_13_H2_yatePeq.wav,84.398054,114.398054,2,train,Motorboat,shipsear
Motorboat_72__23_07_13_H3_lancha2,0,/datasets/audio/shipsear/train/Motorboat_72__23_07_13_H3_lancha2.wav,0.0,30.0,2,train,Motorboat,shipsear
Motorboat_72__23_07_13_H3_lancha2,1,/datasets/audio/shipsear/train/Motorboat_72__23_07_13_H3_lancha2.wav,15.0,45.0,2,train,Motorboat,shipsear
Motorboat_72__23_07_13_H3_lancha2,2,/datasets/audio/shipsear/train/Motorboat_72__23_07_13_H3_lancha2.wav,30.0,60.0,2,train,Motorboat,shipsear
Motorboat_72__23_07_13_H3_lancha2,3,/datasets/audio/shipsear/train/Motorboat_72__23_07_13_H3_lancha2.wav,45.0,75.0,2,train,Motorboat,shipsear
Motorboat_72__23_07_13_H3_lancha2,4,/datasets/audio/shipsear/train/Motorboat_72__23_07_13_H3_lancha2.wav,60.0,90.0,2,train,Motorboat,shipsear
Motorboat_72__23_07_13_H3_lancha2,5,/datasets/audio/shipsear/train/Motorboat_72__23_07_13_H3_lancha2.wav,75.0,105.0,2,train,Motorboat,shipsear
Motorboat_72__23_07_13_H3_lancha2,6,/datasets/audio/shipsear/train/Motorboat_72__23_07_13_H3_lancha2.wav,90.0,120.0,2,train,Motorboat,shipsear
Motorboat_72__23_07_13_H3_lancha2,7,/datasets/audio/shipsear/train/Motorboat_72__23_07_13_H3_lancha2.wav,93.602496,123.602496,2,train,Motorboat,shipsear
Motorboat_77__23_07_13_H3_Planeadora,0,/datasets/audio/shipsear/train/Motorboat_77__23_07_13_H3_Planeadora.wav,0.0,30.0,2,train,Motorboat,shipsear
Motorboat_77__23_07_13_H3_Planeadora,1,/datasets/audio/shipsear/train/Motorboat_77__23_07_13_H3_Planeadora.wav,15.0,45.0,2,train,Motorboat,shipsear
Motorboat_77__23_07_13_H3_Planeadora,2,/datasets/audio/shipsear/train/Motorboat_77__23_07_13_H3_Planeadora.wav,30.0,60.0,2,train,Motorboat,shipsear
Motorboat_77__23_07_13_H3_Planeadora,3,/datasets/audio/shipsear/train/Motorboat_77__23_07_13_H3_Planeadora.wav,45.0,75.0,2,train,Motorboat,shipsear
Motorboat_77__23_07_13_H3_Planeadora,4,/datasets/audio/shipsear/train/Motorboat_77__23_07_13_H3_Planeadora.wav,60.0,90.0,2,train,Motorboat,shipsear
Motorboat_77__23_07_13_H3_Planeadora,5,/datasets/audio/shipsear/train/Motorboat_77__23_07_13_H3_Planeadora.wav,62.044431,92.044431,2,train,Motorboat,shipsear
Motorboat_79__23_07_13_H3_zodiac,0,/datasets/audio/shipsear/train/Motorboat_79__23_07_13_H3_zodiac.wav,0.0,30.0,2,train,Motorboat,shipsear
Motorboat_79__23_07_13_H3_zodiac,1,/datasets/audio/shipsear/train/Motorboat_79__23_07_13_H3_zodiac.wav,15.0,45.0,2,train,Motorboat,shipsear
Motorboat_79__23_07_13_H3_zodiac,2,/datasets/audio/shipsear/train/Motorboat_79__23_07_13_H3_zodiac.wav,30.0,60.0,2,train,Motorboat,shipsear
Motorboat_79__23_07_13_H3_zodiac,3,/datasets/audio/shipsear/train/Motorboat_79__23_07_13_H3_zodiac.wav,45.0,75.0,2,train,Motorboat,shipsear
Motorboat_79__23_07_13_H3_zodiac,4,/datasets/audio/shipsear/train/Motorboat_79__23_07_13_H3_zodiac.wav,60.0,90.0,2,train,Motorboat,shipsear
Motorboat_79__23_07_13_H3_zodiac,5,/datasets/audio/shipsear/train/Motorboat_79__23_07_13_H3_zodiac.wav,69.933933,99.933933,2,train,Motorboat,shipsear
Musselboat_47__23_07_13_H2_bateero2,0,/datasets/audio/shipsear/train/Musselboat_47__23_07_13_H2_bateero2.wav,0.0,30.0,3,train,Mussel boat,shipsear
Musselboat_47__23_07_13_H2_bateero2,1,/datasets/audio/shipsear/train/Musselboat_47__23_07_13_H2_bateero2.wav,15.0,45.0,3,train,Mussel boat,shipsear
Musselboat_47__23_07_13_H2_bateero2,2,/datasets/audio/shipsear/train/Musselboat_47__23_07_13_H2_bateero2.wav,30.0,60.0,3,train,Mussel boat,shipsear
Musselboat_47__23_07_13_H2_bateero2,3,/datasets/audio/shipsear/train/Musselboat_47__23_07_13_H2_bateero2.wav,45.0,75.0,3,train,Mussel boat,shipsear
Musselboat_47__23_07_13_H2_bateero2,4,/datasets/audio/shipsear/train/Musselboat_47__23_07_13_H2_bateero2.wav,60.0,90.0,3,train,Mussel boat,shipsear
Musselboat_47__23_07_13_H2_bateero2,5,/datasets/audio/shipsear/train/Musselboat_47__23_07_13_H2_bateero2.wav,75.0,105.0,3,train,Mussel boat,shipsear
Musselboat_47__23_07_13_H2_bateero2,6,/datasets/audio/shipsear/train/Musselboat_47__23_07_13_H2_bateero2.wav,90.0,120.0,3,train,Mussel boat,shipsear
Musselboat_47__23_07_13_H2_bateero2,7,/datasets/audio/shipsear/train/Musselboat_47__23_07_13_H2_bateero2.wav,105.0,135.0,3,train,Mussel boat,shipsear
Musselboat_47__23_07_13_H2_bateero2,8,/datasets/audio/shipsear/train/Musselboat_47__23_07_13_H2_bateero2.wav,120.0,150.0,3,train,Mussel boat,shipsear
Musselboat_47__23_07_13_H2_bateero2,9,/datasets/audio/shipsear/train/Musselboat_47__23_07_13_H2_bateero2.wav,135.0,165.0,3,train,Mussel boat,shipsear
Musselboat_47__23_07_13_H2_bateero2,10,/datasets/audio/shipsear/train/Musselboat_47__23_07_13_H2_bateero2.wav,150.0,180.0,3,train,Mussel boat,shipsear
Musselboat_47__23_07_13_H2_bateero2,11,/datasets/audio/shipsear/train/Musselboat_47__23_07_13_H2_bateero2.wav,165.0,195.0,3,train,Mussel boat,shipsear
Musselboat_47__23_07_13_H2_bateero2,12,/datasets/audio/shipsear/train/Musselboat_47__23_07_13_H2_bateero2.wav,180.0,210.0,3,train,Mussel boat,shipsear
Musselboat_47__23_07_13_H2_bateero2,13,/datasets/audio/shipsear/train/Musselboat_47__23_07_13_H2_bateero2.wav,195.0,225.0,3,train,Mussel boat,shipsear
Musselboat_47__23_07_13_H2_bateero2,14,/datasets/audio/shipsear/train/Musselboat_47__23_07_13_H2_bateero2.wav,210.0,240.0,3,train,Mussel boat,shipsear
Musselboat_47__23_07_13_H2_bateero2,15,/datasets/audio/shipsear/train/Musselboat_47__23_07_13_H2_bateero2.wav,225.0,255.0,3,train,Mussel boat,shipsear
Musselboat_47__23_07_13_H2_bateero2,16,/datasets/audio/shipsear/train/Musselboat_47__23_07_13_H2_bateero2.wav,240.0,270.0,3,train,Mussel boat,shipsear
Musselboat_47__23_07_13_H2_bateero2,17,/datasets/audio/shipsear/train/Musselboat_47__23_07_13_H2_bateero2.wav,255.0,285.0,3,train,Mussel boat,shipsear
Musselboat_47__23_07_13_H2_bateero2,18,/datasets/audio/shipsear/train/Musselboat_47__23_07_13_H2_bateero2.wav,270.0,300.0,3,train,Mussel boat,shipsear
Musselboat_47__23_07_13_H2_bateero2,19,/datasets/audio/shipsear/train/Musselboat_47__23_07_13_H2_bateero2.wav,284.079209,314.079209,3,train,Mussel boat,shipsear
Musselboat_48__23_07_13_H3_bateero3_interf,0,/datasets/audio/shipsear/train/Musselboat_48__23_07_13_H3_bateero3_interf.wav,0.0,30.0,3,train,Mussel boat,shipsear
Musselboat_48__23_07_13_H3_bateero3_interf,1,/datasets/audio/shipsear/train/Musselboat_48__23_07_13_H3_bateero3_interf.wav,15.0,45.0,3,train,Mussel boat,shipsear
Musselboat_48__23_07_13_H3_bateero3_interf,2,/datasets/audio/shipsear/train/Musselboat_48__23_07_13_H3_bateero3_interf.wav,30.0,60.0,3,train,Mussel boat,shipsear
Musselboat_48__23_07_13_H3_bateero3_interf,3,/datasets/audio/shipsear/train/Musselboat_48__23_07_13_H3_bateero3_interf.wav,45.0,75.0,3,train,Mussel boat,shipsear
Musselboat_48__23_07_13_H3_bateero3_interf,4,/datasets/audio/shipsear/train/Musselboat_48__23_07_13_H3_bateero3_interf.wav,53.0,83.0,3,train,Mussel boat,shipsear
Musselboat_49__23_07_13_H1_bateero4,0,/datasets/audio/shipsear/train/Musselboat_49__23_07_13_H1_bateero4.wav,0.0,30.0,3,train,Mussel boat,shipsear
Musselboat_49__23_07_13_H1_bateero4,1,/datasets/audio/shipsear/train/Musselboat_49__23_07_13_H1_bateero4.wav,15.0,45.0,3,train,Mussel boat,shipsear
Musselboat_49__23_07_13_H1_bateero4,2,/datasets/audio/shipsear/train/Musselboat_49__23_07_13_H1_bateero4.wav,30.0,60.0,3,train,Mussel boat,shipsear
Musselboat_49__23_07_13_H1_bateero4,3,/datasets/audio/shipsear/train/Musselboat_49__23_07_13_H1_bateero4.wav,45.0,75.0,3,train,Mussel boat,shipsear
Musselboat_49__23_07_13_H1_bateero4,4,/datasets/audio/shipsear/train/Musselboat_49__23_07_13_H1_bateero4.wav,60.0,90.0,3,train,Mussel boat,shipsear
Musselboat_49__23_07_13_H1_bateero4,5,/datasets/audio/shipsear/train/Musselboat_49__23_07_13_H1_bateero4.wav,75.0,105.0,3,train,Mussel boat,shipsear
Musselboat_49__23_07_13_H1_bateero4,6,/datasets/audio/shipsear/train/Musselboat_49__23_07_13_H1_bateero4.wav,90.0,120.0,3,train,Mussel boat,shipsear
Musselboat_49__23_07_13_H1_bateero4,7,/datasets/audio/shipsear/train/Musselboat_49__23_07_13_H1_bateero4.wav,105.0,135.0,3,train,Mussel boat,shipsear
Musselboat_49__23_07_13_H1_bateero4,8,/datasets/audio/shipsear/train/Musselboat_49__23_07_13_H1_bateero4.wav,120.0,150.0,3,train,Mussel boat,shipsear
Musselboat_49__23_07_13_H1_bateero4,9,/datasets/audio/shipsear/train/Musselboat_49__23_07_13_H1_bateero4.wav,135.0,165.0,3,train,Mussel boat,shipsear
Musselboat_49__23_07_13_H1_bateero4,10,/datasets/audio/shipsear/train/Musselboat_49__23_07_13_H1_bateero4.wav,137.0,167.0,3,train,Mussel boat,shipsear
Naturalambientnoise_81__25_09_13_H3_corriente,0,/datasets/audio/shipsear/train/Naturalambientnoise_81__25_09_13_H3_corriente.wav,0.0,30.0,4,train,Natural ambient noise,shipsear
Naturalambientnoise_81__25_09_13_H3_corriente,1,/datasets/audio/shipsear/train/Naturalambientnoise_81__25_09_13_H3_corriente.wav,15.0,45.0,4,train,Natural ambient noise,shipsear
Naturalambientnoise_81__25_09_13_H3_corriente,2,/datasets/audio/shipsear/train/Naturalambientnoise_81__25_09_13_H3_corriente.wav,30.0,60.0,4,train,Natural ambient noise,shipsear
Naturalambientnoise_81__25_09_13_H3_corriente,3,/datasets/audio/shipsear/train/Naturalambientnoise_81__25_09_13_H3_corriente.wav,45.0,75.0,4,train,Natural ambient noise,shipsear
Naturalambientnoise_81__25_09_13_H3_corriente,4,/datasets/audio/shipsear/train/Naturalambientnoise_81__25_09_13_H3_corriente.wav,60.0,90.0,4,train,Natural ambient noise,shipsear
Naturalambientnoise_81__25_09_13_H3_corriente,5,/datasets/audio/shipsear/train/Naturalambientnoise_81__25_09_13_H3_corriente.wav,75.0,105.0,4,train,Natural ambient noise,shipsear
Naturalambientnoise_81__25_09_13_H3_corriente,6,/datasets/audio/shipsear/train/Naturalambientnoise_81__25_09_13_H3_corriente.wav,90.0,120.0,4,train,Natural ambient noise,shipsear
Naturalambientnoise_81__25_09_13_H3_corriente,7,/datasets/audio/shipsear/train/Naturalambientnoise_81__25_09_13_H3_corriente.wav,90.004551,120.004551,4,train,Natural ambient noise,shipsear
Naturalambientnoise_85__E__1L,0,/datasets/audio/shipsear/train/Naturalambientnoise_85__E__1L.wav,0.0,30.0,4,train,Natural ambient noise,shipsear
Naturalambientnoise_85__E__1L,1,/datasets/audio/shipsear/train/Naturalambientnoise_85__E__1L.wav,15.0,45.0,4,train,Natural ambient noise,shipsear
Naturalambientnoise_85__E__1L,2,/datasets/audio/shipsear/train/Naturalambientnoise_85__E__1L.wav,30.0,60.0,4,train,Natural ambient noise,shipsear
Naturalambientnoise_85__E__1L,3,/datasets/audio/shipsear/train/Naturalambientnoise_85__E__1L.wav,45.0,75.0,4,train,Natural ambient noise,shipsear
Naturalambientnoise_85__E__1L,4,/datasets/audio/shipsear/train/Naturalambientnoise_85__E__1L.wav,55.091213,85.091213,4,train,Natural ambient noise,shipsear
Naturalambientnoise_88__E__4L,0,/datasets/audio/shipsear/train/Naturalambientnoise_88__E__4L.wav,0.0,30.0,4,train,Natural ambient noise,shipsear
Naturalambientnoise_88__E__4L,1,/datasets/audio/shipsear/train/Naturalambientnoise_88__E__4L.wav,15.0,45.0,4,train,Natural ambient noise,shipsear
Naturalambientnoise_88__E__4L,2,/datasets/audio/shipsear/train/Naturalambientnoise_88__E__4L.wav,30.0,60.0,4,train,Natural ambient noise,shipsear
Naturalambientnoise_88__E__4L,3,/datasets/audio/shipsear/train/Naturalambientnoise_88__E__4L.wav,45.0,75.0,4,train,Natural ambient noise,shipsear
Naturalambientnoise_88__E__4L,4,/datasets/audio/shipsear/train/Naturalambientnoise_88__E__4L.wav,60.0,90.0,4,train,Natural ambient noise,shipsear
Naturalambientnoise_88__E__4L,5,/datasets/audio/shipsear/train/Naturalambientnoise_88__E__4L.wav,63.943964,93.943964,4,train,Natural ambient noise,shipsear
Naturalambientnoise_91__E__7H_N,0,/datasets/audio/shipsear/train/Naturalambientnoise_91__E__7H_N.wav,0.0,30.0,4,train,Natural ambient noise,shipsear
Naturalambientnoise_91__E__7H_N,1,/datasets/audio/shipsear/train/Naturalambientnoise_91__E__7H_N.wav,4.785205,34.785205,4,train,Natural ambient noise,shipsear
Oceanliner_16__10_07_13_mscOpera_InicioSalida,0,/datasets/audio/shipsear/train/Oceanliner_16__10_07_13_mscOpera_InicioSalida.wav,0.0,30.0,5,train,Ocean liner,shipsear
Oceanliner_16__10_07_13_mscOpera_InicioSalida,1,/datasets/audio/shipsear/train/Oceanliner_16__10_07_13_mscOpera_InicioSalida.wav,15.0,45.0,5,train,Ocean liner,shipsear
Oceanliner_16__10_07_13_mscOpera_InicioSalida,2,/datasets/audio/shipsear/train/Oceanliner_16__10_07_13_mscOpera_InicioSalida.wav,30.0,60.0,5,train,Ocean liner,shipsear
Oceanliner_16__10_07_13_mscOpera_InicioSalida,3,/datasets/audio/shipsear/train/Oceanliner_16__10_07_13_mscOpera_InicioSalida.wav,45.0,75.0,5,train,Ocean liner,shipsear
Oceanliner_16__10_07_13_mscOpera_InicioSalida,4,/datasets/audio/shipsear/train/Oceanliner_16__10_07_13_mscOpera_InicioSalida.wav,60.0,90.0,5,train,Ocean liner,shipsear
Oceanliner_16__10_07_13_mscOpera_InicioSalida,5,/datasets/audio/shipsear/train/Oceanliner_16__10_07_13_mscOpera_InicioSalida.wav,75.0,105.0,5,train,Ocean liner,shipsear
Oceanliner_16__10_07_13_mscOpera_InicioSalida,6,/datasets/audio/shipsear/train/Oceanliner_16__10_07_13_mscOpera_InicioSalida.wav,90.0,120.0,5,train,Ocean liner,shipsear
Oceanliner_16__10_07_13_mscOpera_InicioSalida,7,/datasets/audio/shipsear/train/Oceanliner_16__10_07_13_mscOpera_InicioSalida.wav,105.0,135.0,5,train,Ocean liner,shipsear
Oceanliner_16__10_07_13_mscOpera_InicioSalida,8,/datasets/audio/shipsear/train/Oceanliner_16__10_07_13_mscOpera_InicioSalida.wav,120.0,150.0,5,train,Ocean liner,shipsear
Oceanliner_16__10_07_13_mscOpera_InicioSalida,9,/datasets/audio/shipsear/train/Oceanliner_16__10_07_13_mscOpera_InicioSalida.wav,133.225604,163.225604,5,train,Ocean liner,shipsear
Oceanliner_23__19_07_13_adventure_parado,0,/datasets/audio/shipsear/train/Oceanliner_23__19_07_13_adventure_parado.wav,0.0,30.0,5,train,Ocean liner,shipsear
Oceanliner_24__19_07_13_adventureFrenando_duda,0,/datasets/audio/shipsear/train/Oceanliner_24__19_07_13_adventureFrenando_duda.wav,0.0,30.0,5,train,Ocean liner,shipsear
Oceanliner_24__19_07_13_adventureFrenando_duda,1,/datasets/audio/shipsear/train/Oceanliner_24__19_07_13_adventureFrenando_duda.wav,12.701274,42.701274,5,train,Ocean liner,shipsear
Oceanliner_25__19_07_13_adventureOfTheSea_llegando,0,/datasets/audio/shipsear/train/Oceanliner_25__19_07_13_adventureOfTheSea_llegando.wav,0.0,30.0,5,train,Ocean liner,shipsear
Oceanliner_25__19_07_13_adventureOfTheSea_llegando,1,/datasets/audio/shipsear/train/Oceanliner_25__19_07_13_adventureOfTheSea_llegando.wav,15.0,45.0,5,train,Ocean liner,shipsear
Oceanliner_25__19_07_13_adventureOfTheSea_llegando,2,/datasets/audio/shipsear/train/Oceanliner_25__19_07_13_adventureOfTheSea_llegando.wav,30.0,60.0,5,train,Ocean liner,shipsear
Oceanliner_25__19_07_13_adventureOfTheSea_llegando,3,/datasets/audio/shipsear/train/Oceanliner_25__19_07_13_adventureOfTheSea_llegando.wav,45.0,75.0,5,train,Ocean liner,shipsear
Oceanliner_25__19_07_13_adventureOfTheSea_llegando,4,/datasets/audio/shipsear/train/Oceanliner_25__19_07_13_adventureOfTheSea_llegando.wav,60.0,90.0,5,train,Ocean liner,shipsear
Oceanliner_25__19_07_13_adventureOfTheSea_llegando,5,/datasets/audio/shipsear/train/Oceanliner_25__19_07_13_adventureOfTheSea_llegando.wav,75.0,105.0,5,train,Ocean liner,shipsear
Oceanliner_25__19_07_13_adventureOfTheSea_llegando,6,/datasets/audio/shipsear/train/Oceanliner_25__19_07_13_adventureOfTheSea_llegando.wav,90.0,120.0,5,train,Ocean liner,shipsear
Oceanliner_25__19_07_13_adventureOfTheSea_llegando,7,/datasets/audio/shipsear/train/Oceanliner_25__19_07_13_adventureOfTheSea_llegando.wav,105.0,135.0,5,train,Ocean liner,shipsear
Oceanliner_25__19_07_13_adventureOfTheSea_llegando,8,/datasets/audio/shipsear/train/Oceanliner_25__19_07_13_adventureOfTheSea_llegando.wav,110.647305,140.647305,5,train,Ocean liner,shipsear
Oceanliner_69__23_07_13_H2_costaVoyager,0,/datasets/audio/shipsear/train/Oceanliner_69__23_07_13_H2_costaVoyager.wav,0.0,30.0,5,train,Ocean liner,shipsear
Oceanliner_69__23_07_13_H2_costaVoyager,1,/datasets/audio/shipsear/train/Oceanliner_69__23_07_13_H2_costaVoyager.wav,15.0,45.0,5,train,Ocean liner,shipsear
Oceanliner_69__23_07_13_H2_costaVoyager,2,/datasets/audio/shipsear/train/Oceanliner_69__23_07_13_H2_costaVoyager.wav,30.0,60.0,5,train,Ocean liner,shipsear
Oceanliner_69__23_07_13_H2_costaVoyager,3,/datasets/audio/shipsear/train/Oceanliner_69__23_07_13_H2_costaVoyager.wav,45.0,75.0,5,train,Ocean liner,shipsear
Oceanliner_69__23_07_13_H2_costaVoyager,4,/datasets/audio/shipsear/train/Oceanliner_69__23_07_13_H2_costaVoyager.wav,60.0,90.0,5,train,Ocean liner,shipsear
Oceanliner_69__23_07_13_H2_costaVoyager,5,/datasets/audio/shipsear/train/Oceanliner_69__23_07_13_H2_costaVoyager.wav,75.0,105.0,5,train,Ocean liner,shipsear
Oceanliner_69__23_07_13_H2_costaVoyager,6,/datasets/audio/shipsear/train/Oceanliner_69__23_07_13_H2_costaVoyager.wav,90.0,120.0,5,train,Ocean liner,shipsear
Oceanliner_69__23_07_13_H2_costaVoyager,7,/datasets/audio/shipsear/train/Oceanliner_69__23_07_13_H2_costaVoyager.wav,105.0,135.0,5,train,Ocean liner,shipsear
Oceanliner_69__23_07_13_H2_costaVoyager,8,/datasets/audio/shipsear/train/Oceanliner_69__23_07_13_H2_costaVoyager.wav,120.0,150.0,5,train,Ocean liner,shipsear
Oceanliner_69__23_07_13_H2_costaVoyager,9,/datasets/audio/shipsear/train/Oceanliner_69__23_07_13_H2_costaVoyager.wav,135.0,165.0,5,train,Ocean liner,shipsear
Oceanliner_69__23_07_13_H2_costaVoyager,10,/datasets/audio/shipsear/train/Oceanliner_69__23_07_13_H2_costaVoyager.wav,150.0,180.0,5,train,Ocean liner,shipsear
Oceanliner_69__23_07_13_H2_costaVoyager,11,/datasets/audio/shipsear/train/Oceanliner_69__23_07_13_H2_costaVoyager.wav,165.0,195.0,5,train,Ocean liner,shipsear
Oceanliner_69__23_07_13_H2_costaVoyager,12,/datasets/audio/shipsear/train/Oceanliner_69__23_07_13_H2_costaVoyager.wav,180.0,210.0,5,train,Ocean liner,shipsear
Oceanliner_69__23_07_13_H2_costaVoyager,13,/datasets/audio/shipsear/train/Oceanliner_69__23_07_13_H2_costaVoyager.wav,195.0,225.0,5,train,Ocean liner,shipsear
Oceanliner_69__23_07_13_H2_costaVoyager,14,/datasets/audio/shipsear/train/Oceanliner_69__23_07_13_H2_costaVoyager.wav,210.0,240.0,5,train,Ocean liner,shipsear
Oceanliner_69__23_07_13_H2_costaVoyager,15,/datasets/audio/shipsear/train/Oceanliner_69__23_07_13_H2_costaVoyager.wav,225.0,255.0,5,train,Ocean liner,shipsear
Oceanliner_69__23_07_13_H2_costaVoyager,16,/datasets/audio/shipsear/train/Oceanliner_69__23_07_13_H2_costaVoyager.wav,240.0,270.0,5,train,Ocean liner,shipsear
Oceanliner_69__23_07_13_H2_costaVoyager,17,/datasets/audio/shipsear/train/Oceanliner_69__23_07_13_H2_costaVoyager.wav,255.0,285.0,5,train,Ocean liner,shipsear
Oceanliner_69__23_07_13_H2_costaVoyager,18,/datasets/audio/shipsear/train/Oceanliner_69__23_07_13_H2_costaVoyager.wav,270.0,300.0,5,train,Ocean liner,shipsear
Oceanliner_69__23_07_13_H2_costaVoyager,19,/datasets/audio/shipsear/train/Oceanliner_69__23_07_13_H2_costaVoyager.wav,285.0,315.0,5,train,Ocean liner,shipsear
Oceanliner_69__23_07_13_H2_costaVoyager,20,/datasets/audio/shipsear/train/Oceanliner_69__23_07_13_H2_costaVoyager.wav,300.0,330.0,5,train,Ocean liner,shipsear
Oceanliner_69__23_07_13_H2_costaVoyager,21,/datasets/audio/shipsear/train/Oceanliner_69__23_07_13_H2_costaVoyager.wav,315.0,345.0,5,train,Ocean liner,shipsear
Oceanliner_69__23_07_13_H2_costaVoyager,22,/datasets/audio/shipsear/train/Oceanliner_69__23_07_13_H2_costaVoyager.wav,330.0,360.0,5,train,Ocean liner,shipsear
Oceanliner_69__23_07_13_H2_costaVoyager,23,/datasets/audio/shipsear/train/Oceanliner_69__23_07_13_H2_costaVoyager.wav,345.0,375.0,5,train,Ocean liner,shipsear
Oceanliner_69__23_07_13_H2_costaVoyager,24,/datasets/audio/shipsear/train/Oceanliner_69__23_07_13_H2_costaVoyager.wav,360.0,390.0,5,train,Ocean liner,shipsear
Oceanliner_69__23_07_13_H2_costaVoyager,25,/datasets/audio/shipsear/train/Oceanliner_69__23_07_13_H2_costaVoyager.wav,370.674157,400.674157,5,train,Ocean liner,shipsear
Oceanliner_71__23_07_13_H3_Discovery_UK_DUDA,0,/datasets/audio/shipsear/train/Oceanliner_71__23_07_13_H3_Discovery_UK_DUDA.wav,0.0,30.0,5,train,Ocean liner,shipsear
Oceanliner_71__23_07_13_H3_Discovery_UK_DUDA,1,/datasets/audio/shipsear/train/Oceanliner_71__23_07_13_H3_Discovery_UK_DUDA.wav,15.0,45.0,5,train,Ocean liner,shipsear
Oceanliner_71__23_07_13_H3_Discovery_UK_DUDA,2,/datasets/audio/shipsear/train/Oceanliner_71__23_07_13_H3_Discovery_UK_DUDA.wav,30.0,60.0,5,train,Ocean liner,shipsear
Oceanliner_71__23_07_13_H3_Discovery_UK_DUDA,3,/datasets/audio/shipsear/train/Oceanliner_71__23_07_13_H3_Discovery_UK_DUDA.wav,45.0,75.0,5,train,Ocean liner,shipsear
Oceanliner_71__23_07_13_H3_Discovery_UK_DUDA,4,/datasets/audio/shipsear/train/Oceanliner_71__23_07_13_H3_Discovery_UK_DUDA.wav,60.0,90.0,5,train,Ocean liner,shipsear
Oceanliner_71__23_07_13_H3_Discovery_UK_DUDA,5,/datasets/audio/shipsear/train/Oceanliner_71__23_07_13_H3_Discovery_UK_DUDA.wav,75.0,105.0,5,train,Ocean liner,shipsear
Oceanliner_71__23_07_13_H3_Discovery_UK_DUDA,6,/datasets/audio/shipsear/train/Oceanliner_71__23_07_13_H3_Discovery_UK_DUDA.wav,90.0,120.0,5,train,Ocean liner,shipsear
Oceanliner_71__23_07_13_H3_Discovery_UK_DUDA,7,/datasets/audio/shipsear/train/Oceanliner_71__23_07_13_H3_Discovery_UK_DUDA.wav,105.0,135.0,5,train,Ocean liner,shipsear
Oceanliner_71__23_07_13_H3_Discovery_UK_DUDA,8,/datasets/audio/shipsear/train/Oceanliner_71__23_07_13_H3_Discovery_UK_DUDA.wav,105.436777,135.436777,5,train,Ocean liner,shipsear
Passengers_10__10_07_13_marDeOnza_Sale,0,/datasets/audio/shipsear/train/Passengers_10__10_07_13_marDeOnza_Sale.wav,0.0,30.0,6,train,Passengers,shipsear
Passengers_10__10_07_13_marDeOnza_Sale,1,/datasets/audio/shipsear/train/Passengers_10__10_07_13_marDeOnza_Sale.wav,15.0,45.0,6,train,Passengers,shipsear
Passengers_10__10_07_13_marDeOnza_Sale,2,/datasets/audio/shipsear/train/Passengers_10__10_07_13_marDeOnza_Sale.wav,30.0,60.0,6,train,Passengers,shipsear
Passengers_10__10_07_13_marDeOnza_Sale,3,/datasets/audio/shipsear/train/Passengers_10__10_07_13_marDeOnza_Sale.wav,45.0,75.0,6,train,Passengers,shipsear
Passengers_10__10_07_13_marDeOnza_Sale,4,/datasets/audio/shipsear/train/Passengers_10__10_07_13_marDeOnza_Sale.wav,60.0,90.0,6,train,Passengers,shipsear
Passengers_10__10_07_13_marDeOnza_Sale,5,/datasets/audio/shipsear/train/Passengers_10__10_07_13_marDeOnza_Sale.wav,75.0,105.0,6,train,Passengers,shipsear
Passengers_10__10_07_13_marDeOnza_Sale,6,/datasets/audio/shipsear/train/Passengers_10__10_07_13_marDeOnza_Sale.wav,90.0,120.0,6,train,Passengers,shipsear
Passengers_10__10_07_13_marDeOnza_Sale,7,/datasets/audio/shipsear/train/Passengers_10__10_07_13_marDeOnza_Sale.wav,105.0,135.0,6,train,Passengers,shipsear
Passengers_10__10_07_13_marDeOnza_Sale,8,/datasets/audio/shipsear/train/Passengers_10__10_07_13_marDeOnza_Sale.wav,120.0,150.0,6,train,Passengers,shipsear
Passengers_10__10_07_13_marDeOnza_Sale,9,/datasets/audio/shipsear/train/Passengers_10__10_07_13_marDeOnza_Sale.wav,124.861987,154.861987,6,train,Passengers,shipsear
Passengers_11__10_07_13_minhoUno_Entra,0,/datasets/audio/shipsear/train/Passengers_11__10_07_13_minhoUno_Entra.wav,0.0,30.0,6,train,Passengers,shipsear
Passengers_11__10_07_13_minhoUno_Entra,1,/datasets/audio/shipsear/train/Passengers_11__10_07_13_minhoUno_Entra.wav,15.0,45.0,6,train,Passengers,shipsear
Passengers_11__10_07_13_minhoUno_Entra,2,/datasets/audio/shipsear/train/Passengers_11__10_07_13_minhoUno_Entra.wav,30.0,60.0,6,train,Passengers,shipsear
Passengers_11__10_07_13_minhoUno_Entra,3,/datasets/audio/shipsear/train/Passengers_11__10_07_13_minhoUno_Entra.wav,45.0,75.0,6,train,Passengers,shipsear
Passengers_11__10_07_13_minhoUno_Entra,4,/datasets/audio/shipsear/train/Passengers_11__10_07_13_minhoUno_Entra.wav,52.017484,82.017484,6,train,Passengers,shipsear
Passengers_12__10_07_13_minhoUno_Sale,0,/datasets/audio/shipsear/train/Passengers_12__10_07_13_minhoUno_Sale.wav,0.0,30.0,6,train,Passengers,shipsear
Passengers_12__10_07_13_minhoUno_Sale,1,/datasets/audio/shipsear/train/Passengers_12__10_07_13_minhoUno_Sale.wav,15.0,45.0,6,train,Passengers,shipsear
Passengers_12__10_07_13_minhoUno_Sale,2,/datasets/audio/shipsear/train/Passengers_12__10_07_13_minhoUno_Sale.wav,30.0,60.0,6,train,Passengers,shipsear
Passengers_12__10_07_13_minhoUno_Sale,3,/datasets/audio/shipsear/train/Passengers_12__10_07_13_minhoUno_Sale.wav,45.0,75.0,6,train,Passengers,shipsear
Passengers_12__10_07_13_minhoUno_Sale,4,/datasets/audio/shipsear/train/Passengers_12__10_07_13_minhoUno_Sale.wav,60.0,90.0,6,train,Passengers,shipsear
Passengers_12__10_07_13_minhoUno_Sale,5,/datasets/audio/shipsear/train/Passengers_12__10_07_13_minhoUno_Sale.wav,75.0,105.0,6,train,Passengers,shipsear
Passengers_12__10_07_13_minhoUno_Sale,6,/datasets/audio/shipsear/train/Passengers_12__10_07_13_minhoUno_Sale.wav,90.0,120.0,6,train,Passengers,shipsear
Passengers_12__10_07_13_minhoUno_Sale,7,/datasets/audio/shipsear/train/Passengers_12__10_07_13_minhoUno_Sale.wav,91.407498,121.407498,6,train,Passengers,shipsear
Passengers_13__10_07_13_piraCies_Entra,0,/datasets/audio/shipsear/train/Passengers_13__10_07_13_piraCies_Entra.wav,0.0,30.0,6,train,Passengers,shipsear
Passengers_13__10_07_13_piraCies_Entra,1,/datasets/audio/shipsear/train/Passengers_13__10_07_13_piraCies_Entra.wav,15.0,45.0,6,train,Passengers,shipsear
Passengers_13__10_07_13_piraCies_Entra,2,/datasets/audio/shipsear/train/Passengers_13__10_07_13_piraCies_Entra.wav,30.0,60.0,6,train,Passengers,shipsear
Passengers_13__10_07_13_piraCies_Entra,3,/datasets/audio/shipsear/train/Passengers_13__10_07_13_piraCies_Entra.wav,45.0,75.0,6,train,Passengers,shipsear
Passengers_13__10_07_13_piraCies_Entra,4,/datasets/audio/shipsear/train/Passengers_13__10_07_13_piraCies_Entra.wav,60.0,90.0,6,train,Passengers,shipsear
Passengers_13__10_07_13_piraCies_Entra,5,/datasets/audio/shipsear/train/Passengers_13__10_07_13_piraCies_Entra.wav,75.0,105.0,6,train,Passengers,shipsear
Passengers_13__10_07_13_piraCies_Entra,6,/datasets/audio/shipsear/train/Passengers_13__10_07_13_piraCies_Entra.wav,90.0,120.0,6,train,Passengers,shipsear
Passengers_13__10_07_13_piraCies_Entra,7,/datasets/audio/shipsear/train/Passengers_13__10_07_13_piraCies_Entra.wav,105.0,135.0,6,train,Passengers,shipsear
Passengers_13__10_07_13_piraCies_Entra,8,/datasets/audio/shipsear/train/Passengers_13__10_07_13_piraCies_Entra.wav,120.0,150.0,6,train,Passengers,shipsear
Passengers_13__10_07_13_piraCies_Entra,9,/datasets/audio/shipsear/train/Passengers_13__10_07_13_piraCies_Entra.wav,135.0,165.0,6,train,Passengers,shipsear
Passengers_13__10_07_13_piraCies_Entra,10,/datasets/audio/shipsear/train/Passengers_13__10_07_13_piraCies_Entra.wav,150.0,180.0,6,train,Passengers,shipsear
Passengers_13__10_07_13_piraCies_Entra,11,/datasets/audio/shipsear/train/Passengers_13__10_07_13_piraCies_Entra.wav,165.0,195.0,6,train,Passengers,shipsear
Passengers_13__10_07_13_piraCies_Entra,12,/datasets/audio/shipsear/train/Passengers_13__10_07_13_piraCies_Entra.wav,177.471897,207.471897,6,train,Passengers,shipsear
Passengers_17__10_07_13_visionSub_Entra,0,/datasets/audio/shipsear/train/Passengers_17__10_07_13_visionSub_Entra.wav,0.0,30.0,6,train,Passengers,shipsear
Passengers_17__10_07_13_visionSub_Entra,1,/datasets/audio/shipsear/train/Passengers_17__10_07_13_visionSub_Entra.wav,15.0,45.0,6,train,Passengers,shipsear
Passengers_17__10_07_13_visionSub_Entra,2,/datasets/audio/shipsear/train/Passengers_17__10_07_13_visionSub_Entra.wav,30.0,60.0,6,train,Passengers,shipsear
Passengers_17__10_07_13_visionSub_Entra,3,/datasets/audio/shipsear/train/Passengers_17__10_07_13_visionSub_Entra.wav,45.0,75.0,6,train,Passengers,shipsear
Passengers_17__10_07_13_visionSub_Entra,4,/datasets/audio/shipsear/train/Passengers_17__10_07_13_visionSub_Entra.wav,46.891398,76.891398,6,train,Passengers,shipsear
Passengers_32__19_07_13_Arroios_llega,0,/datasets/audio/shipsear/train/Passengers_32__19_07_13_Arroios_llega.wav,0.0,30.0,6,train,Passengers,shipsear
Passengers_32__19_07_13_Arroios_llega,1,/datasets/audio/shipsear/train/Passengers_32__19_07_13_Arroios_llega.wav,15.0,45.0,6,train,Passengers,shipsear
Passengers_32__19_07_13_Arroios_llega,2,/datasets/audio/shipsear/train/Passengers_32__19_07_13_Arroios_llega.wav,30.0,60.0,6,train,Passengers,shipsear
Passengers_32__19_07_13_Arroios_llega,3,/datasets/audio/shipsear/train/Passengers_32__19_07_13_Arroios_llega.wav,45.0,75.0,6,train,Passengers,shipsear
Passengers_32__19_07_13_Arroios_llega,4,/datasets/audio/shipsear/train/Passengers_32__19_07_13_Arroios_llega.wav,60.0,90.0,6,train,Passengers,shipsear
Passengers_32__19_07_13_Arroios_llega,5,/datasets/audio/shipsear/train/Passengers_32__19_07_13_Arroios_llega.wav,75.0,105.0,6,train,Passengers,shipsear
Passengers_32__19_07_13_Arroios_llega,6,/datasets/audio/shipsear/train/Passengers_32__19_07_13_Arroios_llega.wav,90.0,120.0,6,train,Passengers,shipsear
Passengers_32__19_07_13_Arroios_llega,7,/datasets/audio/shipsear/train/Passengers_32__19_07_13_Arroios_llega.wav,105.0,135.0,6,train,Passengers,shipsear
Passengers_32__19_07_13_Arroios_llega,8,/datasets/audio/shipsear/train/Passengers_32__19_07_13_Arroios_llega.wav,120.0,150.0,6,train,Passengers,shipsear
Passengers_32__19_07_13_Arroios_llega,9,/datasets/audio/shipsear/train/Passengers_32__19_07_13_Arroios_llega.wav,135.0,165.0,6,train,Passengers,shipsear
Passengers_32__19_07_13_Arroios_llega,10,/datasets/audio/shipsear/train/Passengers_32__19_07_13_Arroios_llega.wav,150.0,180.0,6,train,Passengers,shipsear
Passengers_32__19_07_13_Arroios_llega,11,/datasets/audio/shipsear/train/Passengers_32__19_07_13_Arroios_llega.wav,165.0,195.0,6,train,Passengers,shipsear
Passengers_32__19_07_13_Arroios_llega,12,/datasets/audio/shipsear/train/Passengers_32__19_07_13_Arroios_llega.wav,180.0,210.0,6,train,Passengers,shipsear
Passengers_32__19_07_13_Arroios_llega,13,/datasets/audio/shipsear/train/Passengers_32__19_07_13_Arroios_llega.wav,186.397884,216.397884,6,train,Passengers,shipsear
Passengers_34__19_07_13_MarDeOnza_Llega,0,/datasets/audio/shipsear/train/Passengers_34__19_07_13_MarDeOnza_Llega.wav,0.0,30.0,6,train,Passengers,shipsear
Passengers_34__19_07_13_MarDeOnza_Llega,1,/datasets/audio/shipsear/train/Passengers_34__19_07_13_MarDeOnza_Llega.wav,15.0,45.0,6,train,Passengers,shipsear
Passengers_34__19_07_13_MarDeOnza_Llega,2,/datasets/audio/shipsear/train/Passengers_34__19_07_13_MarDeOnza_Llega.wav,30.0,60.0,6,train,Passengers,shipsear
Passengers_34__19_07_13_MarDeOnza_Llega,3,/datasets/audio/shipsear/train/Passengers_34__19_07_13_MarDeOnza_Llega.wav,45.0,75.0,6,train,Passengers,shipsear
Passengers_34__19_07_13_MarDeOnza_Llega,4,/datasets/audio/shipsear/train/Passengers_34__19_07_13_MarDeOnza_Llega.wav,60.0,90.0,6,train,Passengers,shipsear
Passengers_34__19_07_13_MarDeOnza_Llega,5,/datasets/audio/shipsear/train/Passengers_34__19_07_13_MarDeOnza_Llega.wav,75.0,105.0,6,train,Passengers,shipsear
Passengers_34__19_07_13_MarDeOnza_Llega,6,/datasets/audio/shipsear/train/Passengers_34__19_07_13_MarDeOnza_Llega.wav,90.0,120.0,6,train,Passengers,shipsear
Passengers_34__19_07_13_MarDeOnza_Llega,7,/datasets/audio/shipsear/train/Passengers_34__19_07_13_MarDeOnza_Llega.wav,93.695813,123.695813,6,train,Passengers,shipsear
Passengers_36__19_07_13_MinoUno_Sale,0,/datasets/audio/shipsear/train/Passengers_36__19_07_13_MinoUno_Sale.wav,0.0,30.0,6,train,Passengers,shipsear
Passengers_36__19_07_13_MinoUno_Sale,1,/datasets/audio/shipsear/train/Passengers_36__19_07_13_MinoUno_Sale.wav,15.0,45.0,6,train,Passengers,shipsear
Passengers_36__19_07_13_MinoUno_Sale,2,/datasets/audio/shipsear/train/Passengers_36__19_07_13_MinoUno_Sale.wav,30.0,60.0,6,train,Passengers,shipsear
Passengers_36__19_07_13_MinoUno_Sale,3,/datasets/audio/shipsear/train/Passengers_36__19_07_13_MinoUno_Sale.wav,45.0,75.0,6,train,Passengers,shipsear
Passengers_36__19_07_13_MinoUno_Sale,4,/datasets/audio/shipsear/train/Passengers_36__19_07_13_MinoUno_Sale.wav,60.0,90.0,6,train,Passengers,shipsear
Passengers_36__19_07_13_MinoUno_Sale,5,/datasets/audio/shipsear/train/Passengers_36__19_07_13_MinoUno_Sale.wav,71.776804,101.776804,6,train,Passengers,shipsear
Passengers_38__19_07_13_Arroios_Sale_2entran,0,/datasets/audio/shipsear/train/Passengers_38__19_07_13_Arroios_Sale_2entran.wav,0.0,30.0,6,train,Passengers,shipsear
Passengers_38__19_07_13_Arroios_Sale_2entran,1,/datasets/audio/shipsear/train/Passengers_38__19_07_13_Arroios_Sale_2entran.wav,15.0,45.0,6,train,Passengers,shipsear
Passengers_38__19_07_13_Arroios_Sale_2entran,2,/datasets/audio/shipsear/train/Passengers_38__19_07_13_Arroios_Sale_2entran.wav,30.0,60.0,6,train,Passengers,shipsear
Passengers_38__19_07_13_Arroios_Sale_2entran,3,/datasets/audio/shipsear/train/Passengers_38__19_07_13_Arroios_Sale_2entran.wav,45.0,75.0,6,train,Passengers,shipsear
Passengers_38__19_07_13_Arroios_Sale_2entran,4,/datasets/audio/shipsear/train/Passengers_38__19_07_13_Arroios_Sale_2entran.wav,60.0,90.0,6,train,Passengers,shipsear
Passengers_38__19_07_13_Arroios_Sale_2entran,5,/datasets/audio/shipsear/train/Passengers_38__19_07_13_Arroios_Sale_2entran.wav,75.0,105.0,6,train,Passengers,shipsear
Passengers_38__19_07_13_Arroios_Sale_2entran,6,/datasets/audio/shipsear/train/Passengers_38__19_07_13_Arroios_Sale_2entran.wav,76.920412,106.920412,6,train,Passengers,shipsear
Passengers_41__19_07_13_MinoUno_Entra,0,/datasets/audio/shipsear/train/Passengers_41__19_07_13_MinoUno_Entra.wav,0.0,30.0,6,train,Passengers,shipsear
Passengers_41__19_07_13_MinoUno_Entra,1,/datasets/audio/shipsear/train/Passengers_41__19_07_13_MinoUno_Entra.wav,15.0,45.0,6,train,Passengers,shipsear
Passengers_41__19_07_13_MinoUno_Entra,2,/datasets/audio/shipsear/train/Passengers_41__19_07_13_MinoUno_Entra.wav,22.906246,52.906246,6,train,Passengers,shipsear
Passengers_42__19_07_13_PirataCies_Sale,0,/datasets/audio/shipsear/train/Passengers_42__19_07_13_PirataCies_Sale.wav,0.0,30.0,6,train,Passengers,shipsear
Passengers_42__19_07_13_PirataCies_Sale,1,/datasets/audio/shipsear/train/Passengers_42__19_07_13_PirataCies_Sale.wav,15.0,45.0,6,train,Passengers,shipsear
Passengers_42__19_07_13_PirataCies_Sale,2,/datasets/audio/shipsear/train/Passengers_42__19_07_13_PirataCies_Sale.wav,28.16917,58.16917,6,train,Passengers,shipsear
Passengers_53__23_07_13_H3_PirataSalvora_Llega1,0,/datasets/audio/shipsear/train/Passengers_53__23_07_13_H3_PirataSalvora_Llega1.wav,0.0,30.0,6,train,Passengers,shipsear
Passengers_53__23_07_13_H3_PirataSalvora_Llega1,1,/datasets/audio/shipsear/train/Passengers_53__23_07_13_H3_PirataSalvora_Llega1.wav,15.0,45.0,6,train,Passengers,shipsear
Passengers_53__23_07_13_H3_PirataSalvora_Llega1,2,/datasets/audio/shipsear/train/Passengers_53__23_07_13_H3_PirataSalvora_Llega1.wav,30.0,60.0,6,train,Passengers,shipsear
Passengers_53__23_07_13_H3_PirataSalvora_Llega1,3,/datasets/audio/shipsear/train/Passengers_53__23_07_13_H3_PirataSalvora_Llega1.wav,45.0,75.0,6,train,Passengers,shipsear
Passengers_53__23_07_13_H3_PirataSalvora_Llega1,4,/datasets/audio/shipsear/train/Passengers_53__23_07_13_H3_PirataSalvora_Llega1.wav,60.0,90.0,6,train,Passengers,shipsear
Passengers_53__23_07_13_H3_PirataSalvora_Llega1,5,/datasets/audio/shipsear/train/Passengers_53__23_07_13_H3_PirataSalvora_Llega1.wav,75.0,105.0,6,train,Passengers,shipsear
Passengers_53__23_07_13_H3_PirataSalvora_Llega1,6,/datasets/audio/shipsear/train/Passengers_53__23_07_13_H3_PirataSalvora_Llega1.wav,90.0,120.0,6,train,Passengers,shipsear
Passengers_53__23_07_13_H3_PirataSalvora_Llega1,7,/datasets/audio/shipsear/train/Passengers_53__23_07_13_H3_PirataSalvora_Llega1.wav,105.0,135.0,6,train,Passengers,shipsear
Passengers_53__23_07_13_H3_PirataSalvora_Llega1,8,/datasets/audio/shipsear/train/Passengers_53__23_07_13_H3_PirataSalvora_Llega1.wav,120.0,150.0,6,train,Passengers,shipsear
Passengers_53__23_07_13_H3_PirataSalvora_Llega1,9,/datasets/audio/shipsear/train/Passengers_53__23_07_13_H3_PirataSalvora_Llega1.wav,131.0,161.0,6,train,Passengers,shipsear
Passengers_55__23_07_13_H3_PirataSalvora_SALE2,0,/datasets/audio/shipsear/train/Passengers_55__23_07_13_H3_PirataSalvora_SALE2.wav,0.0,30.0,6,train,Passengers,shipsear
Passengers_55__23_07_13_H3_PirataSalvora_SALE2,1,/datasets/audio/shipsear/train/Passengers_55__23_07_13_H3_PirataSalvora_SALE2.wav,15.0,45.0,6,train,Passengers,shipsear
Passengers_55__23_07_13_H3_PirataSalvora_SALE2,2,/datasets/audio/shipsear/train/Passengers_55__23_07_13_H3_PirataSalvora_SALE2.wav,30.0,60.0,6,train,Passengers,shipsear
Passengers_55__23_07_13_H3_PirataSalvora_SALE2,3,/datasets/audio/shipsear/train/Passengers_55__23_07_13_H3_PirataSalvora_SALE2.wav,45.0,75.0,6,train,Passengers,shipsear
Passengers_55__23_07_13_H3_PirataSalvora_SALE2,4,/datasets/audio/shipsear/train/Passengers_55__23_07_13_H3_PirataSalvora_SALE2.wav,60.0,90.0,6,train,Passengers,shipsear
Passengers_55__23_07_13_H3_PirataSalvora_SALE2,5,/datasets/audio/shipsear/train/Passengers_55__23_07_13_H3_PirataSalvora_SALE2.wav,75.0,105.0,6,train,Passengers,shipsear
Passengers_55__23_07_13_H3_PirataSalvora_SALE2,6,/datasets/audio/shipsear/train/Passengers_55__23_07_13_H3_PirataSalvora_SALE2.wav,90.0,120.0,6,train,Passengers,shipsear
Passengers_55__23_07_13_H3_PirataSalvora_SALE2,7,/datasets/audio/shipsear/train/Passengers_55__23_07_13_H3_PirataSalvora_SALE2.wav,105.0,135.0,6,train,Passengers,shipsear
Passengers_55__23_07_13_H3_PirataSalvora_SALE2,8,/datasets/audio/shipsear/train/Passengers_55__23_07_13_H3_PirataSalvora_SALE2.wav,120.0,150.0,6,train,Passengers,shipsear
Passengers_55__23_07_13_H3_PirataSalvora_SALE2,9,/datasets/audio/shipsear/train/Passengers_55__23_07_13_H3_PirataSalvora_SALE2.wav,135.0,165.0,6,train,Passengers,shipsear
Passengers_55__23_07_13_H3_PirataSalvora_SALE2,10,/datasets/audio/shipsear/train/Passengers_55__23_07_13_H3_PirataSalvora_SALE2.wav,145.0,175.0,6,train,Passengers,shipsear
Passengers_59__23_07_13_H2_MarDeMouro,0,/datasets/audio/shipsear/train/Passengers_59__23_07_13_H2_MarDeMouro.wav,0.0,30.0,6,train,Passengers,shipsear
Passengers_59__23_07_13_H2_MarDeMouro,1,/datasets/audio/shipsear/train/Passengers_59__23_07_13_H2_MarDeMouro.wav,15.0,45.0,6,train,Passengers,shipsear
Passengers_59__23_07_13_H2_MarDeMouro,2,/datasets/audio/shipsear/train/Passengers_59__23_07_13_H2_MarDeMouro.wav,30.0,60.0,6,train,Passengers,shipsear
Passengers_59__23_07_13_H2_MarDeMouro,3,/datasets/audio/shipsear/train/Passengers_59__23_07_13_H2_MarDeMouro.wav,45.0,75.0,6,train,Passengers,shipsear
Passengers_59__23_07_13_H2_MarDeMouro,4,/datasets/audio/shipsear/train/Passengers_59__23_07_13_H2_MarDeMouro.wav,60.0,90.0,6,train,Passengers,shipsear
Passengers_59__23_07_13_H2_MarDeMouro,5,/datasets/audio/shipsear/train/Passengers_59__23_07_13_H2_MarDeMouro.wav,75.0,105.0,6,train,Passengers,shipsear
Passengers_59__23_07_13_H2_MarDeMouro,6,/datasets/audio/shipsear/train/Passengers_59__23_07_13_H2_MarDeMouro.wav,90.0,120.0,6,train,Passengers,shipsear
Passengers_59__23_07_13_H2_MarDeMouro,7,/datasets/audio/shipsear/train/Passengers_59__23_07_13_H2_MarDeMouro.wav,105.0,135.0,6,train,Passengers,shipsear
Passengers_59__23_07_13_H2_MarDeMouro,8,/datasets/audio/shipsear/train/Passengers_59__23_07_13_H2_MarDeMouro.wav,120.0,150.0,6,train,Passengers,shipsear
Passengers_59__23_07_13_H2_MarDeMouro,9,/datasets/audio/shipsear/train/Passengers_59__23_07_13_H2_MarDeMouro.wav,135.0,165.0,6,train,Passengers,shipsear
Passengers_59__23_07_13_H2_MarDeMouro,10,/datasets/audio/shipsear/train/Passengers_59__23_07_13_H2_MarDeMouro.wav,150.0,180.0,6,train,Passengers,shipsear
Passengers_59__23_07_13_H2_MarDeMouro,11,/datasets/audio/shipsear/train/Passengers_59__23_07_13_H2_MarDeMouro.wav,165.0,195.0,6,train,Passengers,shipsear
Passengers_59__23_07_13_H2_MarDeMouro,12,/datasets/audio/shipsear/train/Passengers_59__23_07_13_H2_MarDeMouro.wav,180.0,210.0,6,train,Passengers,shipsear
Passengers_59__23_07_13_H2_MarDeMouro,13,/datasets/audio/shipsear/train/Passengers_59__23_07_13_H2_MarDeMouro.wav,195.0,225.0,6,train,Passengers,shipsear
Passengers_59__23_07_13_H2_MarDeMouro,14,/datasets/audio/shipsear/train/Passengers_59__23_07_13_H2_MarDeMouro.wav,210.0,240.0,6,train,Passengers,shipsear
Passengers_59__23_07_13_H2_MarDeMouro,15,/datasets/audio/shipsear/train/Passengers_59__23_07_13_H2_MarDeMouro.wav,220.0,250.0,6,train,Passengers,shipsear
Passengers_60__23_07_13_H3_MarDeCangas_LLEGA,0,/datasets/audio/shipsear/train/Passengers_60__23_07_13_H3_MarDeCangas_LLEGA.wav,0.0,30.0,6,train,Passengers,shipsear
Passengers_60__23_07_13_H3_MarDeCangas_LLEGA,1,/datasets/audio/shipsear/train/Passengers_60__23_07_13_H3_MarDeCangas_LLEGA.wav,15.0,45.0,6,train,Passengers,shipsear
Passengers_60__23_07_13_H3_MarDeCangas_LLEGA,2,/datasets/audio/shipsear/train/Passengers_60__23_07_13_H3_MarDeCangas_LLEGA.wav,30.0,60.0,6,train,Passengers,shipsear
Passengers_60__23_07_13_H3_MarDeCangas_LLEGA,3,/datasets/audio/shipsear/train/Passengers_60__23_07_13_H3_MarDeCangas_LLEGA.wav,45.0,75.0,6,train,Passengers,shipsear
Passengers_60__23_07_13_H3_MarDeCangas_LLEGA,4,/datasets/audio/shipsear/train/Passengers_60__23_07_13_H3_MarDeCangas_LLEGA.wav,60.0,90.0,6,train,Passengers,shipsear
Passengers_60__23_07_13_H3_MarDeCangas_LLEGA,5,/datasets/audio/shipsear/train/Passengers_60__23_07_13_H3_MarDeCangas_LLEGA.wav,75.0,105.0,6,train,Passengers,shipsear
Passengers_60__23_07_13_H3_MarDeCangas_LLEGA,6,/datasets/audio/shipsear/train/Passengers_60__23_07_13_H3_MarDeCangas_LLEGA.wav,90.0,120.0,6,train,Passengers,shipsear
Passengers_60__23_07_13_H3_MarDeCangas_LLEGA,7,/datasets/audio/shipsear/train/Passengers_60__23_07_13_H3_MarDeCangas_LLEGA.wav,105.0,135.0,6,train,Passengers,shipsear
Passengers_60__23_07_13_H3_MarDeCangas_LLEGA,8,/datasets/audio/shipsear/train/Passengers_60__23_07_13_H3_MarDeCangas_LLEGA.wav,120.0,150.0,6,train,Passengers,shipsear
Passengers_60__23_07_13_H3_MarDeCangas_LLEGA,9,/datasets/audio/shipsear/train/Passengers_60__23_07_13_H3_MarDeCangas_LLEGA.wav,135.0,165.0,6,train,Passengers,shipsear
Passengers_60__23_07_13_H3_MarDeCangas_LLEGA,10,/datasets/audio/shipsear/train/Passengers_60__23_07_13_H3_MarDeCangas_LLEGA.wav,150.0,180.0,6,train,Passengers,shipsear
Passengers_60__23_07_13_H3_MarDeCangas_LLEGA,11,/datasets/audio/shipsear/train/Passengers_60__23_07_13_H3_MarDeCangas_LLEGA.wav,165.0,195.0,6,train,Passengers,shipsear
Passengers_60__23_07_13_H3_MarDeCangas_LLEGA,12,/datasets/audio/shipsear/train/Passengers_60__23_07_13_H3_MarDeCangas_LLEGA.wav,180.0,210.0,6,train,Passengers,shipsear
Passengers_60__23_07_13_H3_MarDeCangas_LLEGA,13,/datasets/audio/shipsear/train/Passengers_60__23_07_13_H3_MarDeCangas_LLEGA.wav,195.0,225.0,6,train,Passengers,shipsear
Passengers_60__23_07_13_H3_MarDeCangas_LLEGA,14,/datasets/audio/shipsear/train/Passengers_60__23_07_13_H3_MarDeCangas_LLEGA.wav,210.0,240.0,6,train,Passengers,shipsear
Passengers_60__23_07_13_H3_MarDeCangas_LLEGA,15,/datasets/audio/shipsear/train/Passengers_60__23_07_13_H3_MarDeCangas_LLEGA.wav,225.0,255.0,6,train,Passengers,shipsear
Passengers_60__23_07_13_H3_MarDeCangas_LLEGA,16,/datasets/audio/shipsear/train/Passengers_60__23_07_13_H3_MarDeCangas_LLEGA.wav,240.0,270.0,6,train,Passengers,shipsear
Passengers_60__23_07_13_H3_MarDeCangas_LLEGA,17,/datasets/audio/shipsear/train/Passengers_60__23_07_13_H3_MarDeCangas_LLEGA.wav,255.0,285.0,6,train,Passengers,shipsear
Passengers_60__23_07_13_H3_MarDeCangas_LLEGA,18,/datasets/audio/shipsear/train/Passengers_60__23_07_13_H3_MarDeCangas_LLEGA.wav,270.0,300.0,6,train,Passengers,shipsear
Passengers_60__23_07_13_H3_MarDeCangas_LLEGA,19,/datasets/audio/shipsear/train/Passengers_60__23_07_13_H3_MarDeCangas_LLEGA.wav,285.0,315.0,6,train,Passengers,shipsear
Passengers_60__23_07_13_H3_MarDeCangas_LLEGA,20,/datasets/audio/shipsear/train/Passengers_60__23_07_13_H3_MarDeCangas_LLEGA.wav,300.0,330.0,6,train,Passengers,shipsear
Passengers_60__23_07_13_H3_MarDeCangas_LLEGA,21,/datasets/audio/shipsear/train/Passengers_60__23_07_13_H3_MarDeCangas_LLEGA.wav,315.0,345.0,6,train,Passengers,shipsear
Passengers_60__23_07_13_H3_MarDeCangas_LLEGA,22,/datasets/audio/shipsear/train/Passengers_60__23_07_13_H3_MarDeCangas_LLEGA.wav,319.0,349.0,6,train,Passengers,shipsear
Passengers_62__23_07_13_H3_MarDeCangas_SALE,0,/datasets/audio/shipsear/train/Passengers_62__23_07_13_H3_MarDeCangas_SALE.wav,0.0,30.0,6,train,Passengers,shipsear
Passengers_62__23_07_13_H3_MarDeCangas_SALE,1,/datasets/audio/shipsear/train/Passengers_62__23_07_13_H3_MarDeCangas_SALE.wav,15.0,45.0,6,train,Passengers,shipsear
Passengers_62__23_07_13_H3_MarDeCangas_SALE,2,/datasets/audio/shipsear/train/Passengers_62__23_07_13_H3_MarDeCangas_SALE.wav,30.0,60.0,6,train,Passengers,shipsear
Passengers_62__23_07_13_H3_MarDeCangas_SALE,3,/datasets/audio/shipsear/train/Passengers_62__23_07_13_H3_MarDeCangas_SALE.wav,45.0,75.0,6,train,Passengers,shipsear
Passengers_62__23_07_13_H3_MarDeCangas_SALE,4,/datasets/audio/shipsear/train/Passengers_62__23_07_13_H3_MarDeCangas_SALE.wav,60.0,90.0,6,train,Passengers,shipsear
Passengers_62__23_07_13_H3_MarDeCangas_SALE,5,/datasets/audio/shipsear/train/Passengers_62__23_07_13_H3_MarDeCangas_SALE.wav,75.0,105.0,6,train,Passengers,shipsear
Passengers_62__23_07_13_H3_MarDeCangas_SALE,6,/datasets/audio/shipsear/train/Passengers_62__23_07_13_H3_MarDeCangas_SALE.wav,90.0,120.0,6,train,Passengers,shipsear
Passengers_62__23_07_13_H3_MarDeCangas_SALE,7,/datasets/audio/shipsear/train/Passengers_62__23_07_13_H3_MarDeCangas_SALE.wav,105.0,135.0,6,train,Passengers,shipsear
Passengers_62__23_07_13_H3_MarDeCangas_SALE,8,/datasets/audio/shipsear/train/Passengers_62__23_07_13_H3_MarDeCangas_SALE.wav,120.0,150.0,6,train,Passengers,shipsear
Passengers_62__23_07_13_H3_MarDeCangas_SALE,9,/datasets/audio/shipsear/train/Passengers_62__23_07_13_H3_MarDeCangas_SALE.wav,135.0,165.0,6,train,Passengers,shipsear
Passengers_62__23_07_13_H3_MarDeCangas_SALE,10,/datasets/audio/shipsear/train/Passengers_62__23_07_13_H3_MarDeCangas_SALE.wav,150.0,180.0,6,train,Passengers,shipsear
Passengers_62__23_07_13_H3_MarDeCangas_SALE,11,/datasets/audio/shipsear/train/Passengers_62__23_07_13_H3_MarDeCangas_SALE.wav,165.0,195.0,6,train,Passengers,shipsear
Passengers_62__23_07_13_H3_MarDeCangas_SALE,12,/datasets/audio/shipsear/train/Passengers_62__23_07_13_H3_MarDeCangas_SALE.wav,180.0,210.0,6,train,Passengers,shipsear
Passengers_62__23_07_13_H3_MarDeCangas_SALE,13,/datasets/audio/shipsear/train/Passengers_62__23_07_13_H3_MarDeCangas_SALE.wav,195.0,225.0,6,train,Passengers,shipsear
Passengers_62__23_07_13_H3_MarDeCangas_SALE,14,/datasets/audio/shipsear/train/Passengers_62__23_07_13_H3_MarDeCangas_SALE.wav,210.0,240.0,6,train,Passengers,shipsear
Passengers_62__23_07_13_H3_MarDeCangas_SALE,15,/datasets/audio/shipsear/train/Passengers_62__23_07_13_H3_MarDeCangas_SALE.wav,225.0,255.0,6,train,Passengers,shipsear
Passengers_62__23_07_13_H3_MarDeCangas_SALE,16,/datasets/audio/shipsear/train/Passengers_62__23_07_13_H3_MarDeCangas_SALE.wav,240.0,270.0,6,train,Passengers,shipsear
Passengers_62__23_07_13_H3_MarDeCangas_SALE,17,/datasets/audio/shipsear/train/Passengers_62__23_07_13_H3_MarDeCangas_SALE.wav,255.0,285.0,6,train,Passengers,shipsear
Passengers_62__23_07_13_H3_MarDeCangas_SALE,18,/datasets/audio/shipsear/train/Passengers_62__23_07_13_H3_MarDeCangas_SALE.wav,270.0,300.0,6,train,Passengers,shipsear
Passengers_62__23_07_13_H3_MarDeCangas_SALE,19,/datasets/audio/shipsear/train/Passengers_62__23_07_13_H3_MarDeCangas_SALE.wav,284.0,314.0,6,train,Passengers,shipsear
Passengers_63__23_07_13_H3_MarDeOnza_LLEGA,0,/datasets/audio/shipsear/train/Passengers_63__23_07_13_H3_MarDeOnza_LLEGA.wav,0.0,30.0,6,train,Passengers,shipsear
Passengers_63__23_07_13_H3_MarDeOnza_LLEGA,1,/datasets/audio/shipsear/train/Passengers_63__23_07_13_H3_MarDeOnza_LLEGA.wav,15.0,45.0,6,train,Passengers,shipsear
Passengers_63__23_07_13_H3_MarDeOnza_LLEGA,2,/datasets/audio/shipsear/train/Passengers_63__23_07_13_H3_MarDeOnza_LLEGA.wav,30.0,60.0,6,train,Passengers,shipsear
Passengers_63__23_07_13_H3_MarDeOnza_LLEGA,3,/datasets/audio/shipsear/train/Passengers_63__23_07_13_H3_MarDeOnza_LLEGA.wav,45.0,75.0,6,train,Passengers,shipsear
Passengers_63__23_07_13_H3_MarDeOnza_LLEGA,4,/datasets/audio/shipsear/train/Passengers_63__23_07_13_H3_MarDeOnza_LLEGA.wav,60.0,90.0,6,train,Passengers,shipsear
Passengers_63__23_07_13_H3_MarDeOnza_LLEGA,5,/datasets/audio/shipsear/train/Passengers_63__23_07_13_H3_MarDeOnza_LLEGA.wav,75.0,105.0,6,train,Passengers,shipsear
Passengers_63__23_07_13_H3_MarDeOnza_LLEGA,6,/datasets/audio/shipsear/train/Passengers_63__23_07_13_H3_MarDeOnza_LLEGA.wav,90.0,120.0,6,train,Passengers,shipsear
Passengers_63__23_07_13_H3_MarDeOnza_LLEGA,7,/datasets/audio/shipsear/train/Passengers_63__23_07_13_H3_MarDeOnza_LLEGA.wav,105.0,135.0,6,train,Passengers,shipsear
Passengers_63__23_07_13_H3_MarDeOnza_LLEGA,8,/datasets/audio/shipsear/train/Passengers_63__23_07_13_H3_MarDeOnza_LLEGA.wav,120.0,150.0,6,train,Passengers,shipsear
Passengers_63__23_07_13_H3_MarDeOnza_LLEGA,9,/datasets/audio/shipsear/train/Passengers_63__23_07_13_H3_MarDeOnza_LLEGA.wav,135.0,165.0,6,train,Passengers,shipsear
Passengers_63__23_07_13_H3_MarDeOnza_LLEGA,10,/datasets/audio/shipsear/train/Passengers_63__23_07_13_H3_MarDeOnza_LLEGA.wav,150.0,180.0,6,train,Passengers,shipsear
Passengers_63__23_07_13_H3_MarDeOnza_LLEGA,11,/datasets/audio/shipsear/train/Passengers_63__23_07_13_H3_MarDeOnza_LLEGA.wav,165.0,195.0,6,train,Passengers,shipsear
Passengers_63__23_07_13_H3_MarDeOnza_LLEGA,12,/datasets/audio/shipsear/train/Passengers_63__23_07_13_H3_MarDeOnza_LLEGA.wav,166.0,196.0,6,train,Passengers,shipsear
Passengers_64__23_07_13_H3_MarDeOnza_SALE,0,/datasets/audio/shipsear/train/Passengers_64__23_07_13_H3_MarDeOnza_SALE.wav,0.0,30.0,6,train,Passengers,shipsear
Passengers_64__23_07_13_H3_MarDeOnza_SALE,1,/datasets/audio/shipsear/train/Passengers_64__23_07_13_H3_MarDeOnza_SALE.wav,15.0,45.0,6,train,Passengers,shipsear
Passengers_64__23_07_13_H3_MarDeOnza_SALE,2,/datasets/audio/shipsear/train/Passengers_64__23_07_13_H3_MarDeOnza_SALE.wav,30.0,60.0,6,train,Passengers,shipsear
Passengers_64__23_07_13_H3_MarDeOnza_SALE,3,/datasets/audio/shipsear/train/Passengers_64__23_07_13_H3_MarDeOnza_SALE.wav,45.0,75.0,6,train,Passengers,shipsear
Passengers_64__23_07_13_H3_MarDeOnza_SALE,4,/datasets/audio/shipsear/train/Passengers_64__23_07_13_H3_MarDeOnza_SALE.wav,60.0,90.0,6,train,Passengers,shipsear
Passengers_64__23_07_13_H3_MarDeOnza_SALE,5,/datasets/audio/shipsear/train/Passengers_64__23_07_13_H3_MarDeOnza_SALE.wav,75.0,105.0,6,train,Passengers,shipsear
Passengers_64__23_07_13_H3_MarDeOnza_SALE,6,/datasets/audio/shipsear/train/Passengers_64__23_07_13_H3_MarDeOnza_SALE.wav,90.0,120.0,6,train,Passengers,shipsear
Passengers_64__23_07_13_H3_MarDeOnza_SALE,7,/datasets/audio/shipsear/train/Passengers_64__23_07_13_H3_MarDeOnza_SALE.wav,103.0,133.0,6,train,Passengers,shipsear
Passengers_65__23_07_13_H3_MinhoUno_LLEGA,0,/datasets/audio/shipsear/train/Passengers_65__23_07_13_H3_MinhoUno_LLEGA.wav,0.0,30.0,6,train,Passengers,shipsear
Passengers_65__23_07_13_H3_MinhoUno_LLEGA,1,/datasets/audio/shipsear/train/Passengers_65__23_07_13_H3_MinhoUno_LLEGA.wav,15.0,45.0,6,train,Passengers,shipsear
Passengers_65__23_07_13_H3_MinhoUno_LLEGA,2,/datasets/audio/shipsear/train/Passengers_65__23_07_13_H3_MinhoUno_LLEGA.wav,30.0,60.0,6,train,Passengers,shipsear
Passengers_65__23_07_13_H3_MinhoUno_LLEGA,3,/datasets/audio/shipsear/train/Passengers_65__23_07_13_H3_MinhoUno_LLEGA.wav,45.0,75.0,6,train,Passengers,shipsear
Passengers_65__23_07_13_H3_MinhoUno_LLEGA,4,/datasets/audio/shipsear/train/Passengers_65__23_07_13_H3_MinhoUno_LLEGA.wav,60.0,90.0,6,train,Passengers,shipsear
Passengers_65__23_07_13_H3_MinhoUno_LLEGA,5,/datasets/audio/shipsear/train/Passengers_65__23_07_13_H3_MinhoUno_LLEGA.wav,75.0,105.0,6,train,Passengers,shipsear
Passengers_65__23_07_13_H3_MinhoUno_LLEGA,6,/datasets/audio/shipsear/train/Passengers_65__23_07_13_H3_MinhoUno_LLEGA.wav,90.0,120.0,6,train,Passengers,shipsear
Passengers_65__23_07_13_H3_MinhoUno_LLEGA,7,/datasets/audio/shipsear/train/Passengers_65__23_07_13_H3_MinhoUno_LLEGA.wav,105.0,135.0,6,train,Passengers,shipsear
Passengers_65__23_07_13_H3_MinhoUno_LLEGA,8,/datasets/audio/shipsear/train/Passengers_65__23_07_13_H3_MinhoUno_LLEGA.wav,120.0,150.0,6,train,Passengers,shipsear
Passengers_65__23_07_13_H3_MinhoUno_LLEGA,9,/datasets/audio/shipsear/train/Passengers_65__23_07_13_H3_MinhoUno_LLEGA.wav,133.0,163.0,6,train,Passengers,shipsear
Passengers_67__23_07_13_H3_PirataCiesSale,0,/datasets/audio/shipsear/train/Passengers_67__23_07_13_H3_PirataCiesSale.wav,0.0,30.0,6,train,Passengers,shipsear
Passengers_67__23_07_13_H3_PirataCiesSale,1,/datasets/audio/shipsear/train/Passengers_67__23_07_13_H3_PirataCiesSale.wav,15.0,45.0,6,train,Passengers,shipsear
Passengers_67__23_07_13_H3_PirataCiesSale,2,/datasets/audio/shipsear/train/Passengers_67__23_07_13_H3_PirataCiesSale.wav,30.0,60.0,6,train,Passengers,shipsear
Passengers_67__23_07_13_H3_PirataCiesSale,3,/datasets/audio/shipsear/train/Passengers_67__23_07_13_H3_PirataCiesSale.wav,45.0,75.0,6,train,Passengers,shipsear
Passengers_67__23_07_13_H3_PirataCiesSale,4,/datasets/audio/shipsear/train/Passengers_67__23_07_13_H3_PirataCiesSale.wav,60.0,90.0,6,train,Passengers,shipsear
Passengers_67__23_07_13_H3_PirataCiesSale,5,/datasets/audio/shipsear/train/Passengers_67__23_07_13_H3_PirataCiesSale.wav,75.0,105.0,6,train,Passengers,shipsear
Passengers_67__23_07_13_H3_PirataCiesSale,6,/datasets/audio/shipsear/train/Passengers_67__23_07_13_H3_PirataCiesSale.wav,90.0,120.0,6,train,Passengers,shipsear
Passengers_67__23_07_13_H3_PirataCiesSale,7,/datasets/audio/shipsear/train/Passengers_67__23_07_13_H3_PirataCiesSale.wav,105.0,135.0,6,train,Passengers,shipsear
Passengers_67__23_07_13_H3_PirataCiesSale,8,/datasets/audio/shipsear/train/Passengers_67__23_07_13_H3_PirataCiesSale.wav,120.0,150.0,6,train,Passengers,shipsear
Passengers_67__23_07_13_H3_PirataCiesSale,9,/datasets/audio/shipsear/train/Passengers_67__23_07_13_H3_PirataCiesSale.wav,135.0,165.0,6,train,Passengers,shipsear
Passengers_67__23_07_13_H3_PirataCiesSale,10,/datasets/audio/shipsear/train/Passengers_67__23_07_13_H3_PirataCiesSale.wav,150.0,180.0,6,train,Passengers,shipsear
Passengers_67__23_07_13_H3_PirataCiesSale,11,/datasets/audio/shipsear/train/Passengers_67__23_07_13_H3_PirataCiesSale.wav,165.0,195.0,6,train,Passengers,shipsear
Passengers_67__23_07_13_H3_PirataCiesSale,12,/datasets/audio/shipsear/train/Passengers_67__23_07_13_H3_PirataCiesSale.wav,180.0,210.0,6,train,Passengers,shipsear
Passengers_67__23_07_13_H3_PirataCiesSale,13,/datasets/audio/shipsear/train/Passengers_67__23_07_13_H3_PirataCiesSale.wav,195.0,225.0,6,train,Passengers,shipsear
Passengers_67__23_07_13_H3_PirataCiesSale,14,/datasets/audio/shipsear/train/Passengers_67__23_07_13_H3_PirataCiesSale.wav,210.0,240.0,6,train,Passengers,shipsear
Passengers_67__23_07_13_H3_PirataCiesSale,15,/datasets/audio/shipsear/train/Passengers_67__23_07_13_H3_PirataCiesSale.wav,225.0,255.0,6,train,Passengers,shipsear
Passengers_67__23_07_13_H3_PirataCiesSale,16,/datasets/audio/shipsear/train/Passengers_67__23_07_13_H3_PirataCiesSale.wav,226.0,256.0,6,train,Passengers,shipsear
Passengers_6__10_07_13_marDeCangas_Entra,0,/datasets/audio/shipsear/train/Passengers_6__10_07_13_marDeCangas_Entra.wav,0.0,30.0,6,train,Passengers,shipsear
Passengers_6__10_07_13_marDeCangas_Entra,1,/datasets/audio/shipsear/train/Passengers_6__10_07_13_marDeCangas_Entra.wav,15.0,45.0,6,train,Passengers,shipsear
Passengers_6__10_07_13_marDeCangas_Entra,2,/datasets/audio/shipsear/train/Passengers_6__10_07_13_marDeCangas_Entra.wav,30.0,60.0,6,train,Passengers,shipsear
Passengers_6__10_07_13_marDeCangas_Entra,3,/datasets/audio/shipsear/train/Passengers_6__10_07_13_marDeCangas_Entra.wav,45.0,75.0,6,train,Passengers,shipsear
Passengers_6__10_07_13_marDeCangas_Entra,4,/datasets/audio/shipsear/train/Passengers_6__10_07_13_marDeCangas_Entra.wav,60.0,90.0,6,train,Passengers,shipsear
Passengers_6__10_07_13_marDeCangas_Entra,5,/datasets/audio/shipsear/train/Passengers_6__10_07_13_marDeCangas_Entra.wav,75.0,105.0,6,train,Passengers,shipsear
Passengers_6__10_07_13_marDeCangas_Entra,6,/datasets/audio/shipsear/train/Passengers_6__10_07_13_marDeCangas_Entra.wav,90.0,120.0,6,train,Passengers,shipsear
Passengers_6__10_07_13_marDeCangas_Entra,7,/datasets/audio/shipsear/train/Passengers_6__10_07_13_marDeCangas_Entra.wav,105.0,135.0,6,train,Passengers,shipsear
Passengers_6__10_07_13_marDeCangas_Entra,8,/datasets/audio/shipsear/train/Passengers_6__10_07_13_marDeCangas_Entra.wav,120.0,150.0,6,train,Passengers,shipsear
Passengers_6__10_07_13_marDeCangas_Entra,9,/datasets/audio/shipsear/train/Passengers_6__10_07_13_marDeCangas_Entra.wav,135.0,165.0,6,train,Passengers,shipsear
Passengers_6__10_07_13_marDeCangas_Entra,10,/datasets/audio/shipsear/train/Passengers_6__10_07_13_marDeCangas_Entra.wav,150.0,180.0,6,train,Passengers,shipsear
Passengers_6__10_07_13_marDeCangas_Entra,11,/datasets/audio/shipsear/train/Passengers_6__10_07_13_marDeCangas_Entra.wav,165.0,195.0,6,train,Passengers,shipsear
Passengers_6__10_07_13_marDeCangas_Entra,12,/datasets/audio/shipsear/train/Passengers_6__10_07_13_marDeCangas_Entra.wav,180.0,210.0,6,train,Passengers,shipsear
Passengers_6__10_07_13_marDeCangas_Entra,13,/datasets/audio/shipsear/train/Passengers_6__10_07_13_marDeCangas_Entra.wav,195.0,225.0,6,train,Passengers,shipsear
Passengers_6__10_07_13_marDeCangas_Entra,14,/datasets/audio/shipsear/train/Passengers_6__10_07_13_marDeCangas_Entra.wav,210.0,240.0,6,train,Passengers,shipsear
Passengers_6__10_07_13_marDeCangas_Entra,15,/datasets/audio/shipsear/train/Passengers_6__10_07_13_marDeCangas_Entra.wav,225.0,255.0,6,train,Passengers,shipsear
Passengers_6__10_07_13_marDeCangas_Entra,16,/datasets/audio/shipsear/train/Passengers_6__10_07_13_marDeCangas_Entra.wav,240.0,270.0,6,train,Passengers,shipsear
Passengers_6__10_07_13_marDeCangas_Entra,17,/datasets/audio/shipsear/train/Passengers_6__10_07_13_marDeCangas_Entra.wav,255.0,285.0,6,train,Passengers,shipsear
Passengers_6__10_07_13_marDeCangas_Entra,18,/datasets/audio/shipsear/train/Passengers_6__10_07_13_marDeCangas_Entra.wav,270.0,300.0,6,train,Passengers,shipsear
Passengers_6__10_07_13_marDeCangas_Entra,19,/datasets/audio/shipsear/train/Passengers_6__10_07_13_marDeCangas_Entra.wav,271.360356,301.360356,6,train,Passengers,shipsear
Passengers_8__10_07_13_marDeOnza_Entra,0,/datasets/audio/shipsear/train/Passengers_8__10_07_13_marDeOnza_Entra.wav,0.0,30.0,6,train,Passengers,shipsear
Passengers_8__10_07_13_marDeOnza_Entra,1,/datasets/audio/shipsear/train/Passengers_8__10_07_13_marDeOnza_Entra.wav,15.0,45.0,6,train,Passengers,shipsear
Passengers_8__10_07_13_marDeOnza_Entra,2,/datasets/audio/shipsear/train/Passengers_8__10_07_13_marDeOnza_Entra.wav,30.0,60.0,6,train,Passengers,shipsear
Passengers_8__10_07_13_marDeOnza_Entra,3,/datasets/audio/shipsear/train/Passengers_8__10_07_13_marDeOnza_Entra.wav,45.0,75.0,6,train,Passengers,shipsear
Passengers_8__10_07_13_marDeOnza_Entra,4,/datasets/audio/shipsear/train/Passengers_8__10_07_13_marDeOnza_Entra.wav,60.0,90.0,6,train,Passengers,shipsear
Passengers_8__10_07_13_marDeOnza_Entra,5,/datasets/audio/shipsear/train/Passengers_8__10_07_13_marDeOnza_Entra.wav,63.079076,93.079076,6,train,Passengers,shipsear
Passengers_9__10_07_13_marDeOnza_Espera,0,/datasets/audio/shipsear/train/Passengers_9__10_07_13_marDeOnza_Espera.wav,0.0,30.0,6,train,Passengers,shipsear
Passengers_9__10_07_13_marDeOnza_Espera,1,/datasets/audio/shipsear/train/Passengers_9__10_07_13_marDeOnza_Espera.wav,15.0,45.0,6,train,Passengers,shipsear
Passengers_9__10_07_13_marDeOnza_Espera,2,/datasets/audio/shipsear/train/Passengers_9__10_07_13_marDeOnza_Espera.wav,30.0,60.0,6,train,Passengers,shipsear
Pilotship_29__19_07_13_practico,0,/datasets/audio/shipsear/train/Pilotship_29__19_07_13_practico.wav,0.0,30.0,7,train,Pilot ship,shipsear
Pilotship_29__19_07_13_practico,1,/datasets/audio/shipsear/train/Pilotship_29__19_07_13_practico.wav,15.0,45.0,7,train,Pilot ship,shipsear
Pilotship_29__19_07_13_practico,2,/datasets/audio/shipsear/train/Pilotship_29__19_07_13_practico.wav,30.0,60.0,7,train,Pilot ship,shipsear
Pilotship_29__19_07_13_practico,3,/datasets/audio/shipsear/train/Pilotship_29__19_07_13_practico.wav,45.0,75.0,7,train,Pilot ship,shipsear
Pilotship_29__19_07_13_practico,4,/datasets/audio/shipsear/train/Pilotship_29__19_07_13_practico.wav,60.0,90.0,7,train,Pilot ship,shipsear
Pilotship_29__19_07_13_practico,5,/datasets/audio/shipsear/train/Pilotship_29__19_07_13_practico.wav,64.209675,94.209675,7,train,Pilot ship,shipsear
RORO_18__18_07_13_AutoPrideEntra,0,/datasets/audio/shipsear/train/RORO_18__18_07_13_AutoPrideEntra.wav,0.0,30.0,8,train,RORO,shipsear
RORO_18__18_07_13_AutoPrideEntra,1,/datasets/audio/shipsear/train/RORO_18__18_07_13_AutoPrideEntra.wav,15.0,45.0,8,train,RORO,shipsear
RORO_18__18_07_13_AutoPrideEntra,2,/datasets/audio/shipsear/train/RORO_18__18_07_13_AutoPrideEntra.wav,30.0,60.0,8,train,RORO,shipsear
RORO_18__18_07_13_AutoPrideEntra,3,/datasets/audio/shipsear/train/RORO_18__18_07_13_AutoPrideEntra.wav,45.0,75.0,8,train,RORO,shipsear
RORO_18__18_07_13_AutoPrideEntra,4,/datasets/audio/shipsear/train/RORO_18__18_07_13_AutoPrideEntra.wav,60.0,90.0,8,train,RORO,shipsear
RORO_18__18_07_13_AutoPrideEntra,5,/datasets/audio/shipsear/train/RORO_18__18_07_13_AutoPrideEntra.wav,75.0,105.0,8,train,RORO,shipsear
RORO_18__18_07_13_AutoPrideEntra,6,/datasets/audio/shipsear/train/RORO_18__18_07_13_AutoPrideEntra.wav,90.0,120.0,8,train,RORO,shipsear
RORO_18__18_07_13_AutoPrideEntra,7,/datasets/audio/shipsear/train/RORO_18__18_07_13_AutoPrideEntra.wav,105.0,135.0,8,train,RORO,shipsear
RORO_18__18_07_13_AutoPrideEntra,8,/datasets/audio/shipsear/train/RORO_18__18_07_13_AutoPrideEntra.wav,120.0,150.0,8,train,RORO,shipsear
RORO_18__18_07_13_AutoPrideEntra,9,/datasets/audio/shipsear/train/RORO_18__18_07_13_AutoPrideEntra.wav,135.0,165.0,8,train,RORO,shipsear
RORO_18__18_07_13_AutoPrideEntra,10,/datasets/audio/shipsear/train/RORO_18__18_07_13_AutoPrideEntra.wav,150.0,180.0,8,train,RORO,shipsear
RORO_18__18_07_13_AutoPrideEntra,11,/datasets/audio/shipsear/train/RORO_18__18_07_13_AutoPrideEntra.wav,165.0,195.0,8,train,RORO,shipsear
RORO_18__18_07_13_AutoPrideEntra,12,/datasets/audio/shipsear/train/RORO_18__18_07_13_AutoPrideEntra.wav,180.0,210.0,8,train,RORO,shipsear
RORO_18__18_07_13_AutoPrideEntra,13,/datasets/audio/shipsear/train/RORO_18__18_07_13_AutoPrideEntra.wav,195.0,225.0,8,train,RORO,shipsear
RORO_18__18_07_13_AutoPrideEntra,14,/datasets/audio/shipsear/train/RORO_18__18_07_13_AutoPrideEntra.wav,210.0,240.0,8,train,RORO,shipsear
RORO_18__18_07_13_AutoPrideEntra,15,/datasets/audio/shipsear/train/RORO_18__18_07_13_AutoPrideEntra.wav,225.0,255.0,8,train,RORO,shipsear
RORO_18__18_07_13_AutoPrideEntra,16,/datasets/audio/shipsear/train/RORO_18__18_07_13_AutoPrideEntra.wav,240.0,270.0,8,train,RORO,shipsear
RORO_18__18_07_13_AutoPrideEntra,17,/datasets/audio/shipsear/train/RORO_18__18_07_13_AutoPrideEntra.wav,255.0,285.0,8,train,RORO,shipsear
RORO_18__18_07_13_AutoPrideEntra,18,/datasets/audio/shipsear/train/RORO_18__18_07_13_AutoPrideEntra.wav,270.0,300.0,8,train,RORO,shipsear
RORO_18__18_07_13_AutoPrideEntra,19,/datasets/audio/shipsear/train/RORO_18__18_07_13_AutoPrideEntra.wav,285.0,315.0,8,train,RORO,shipsear
RORO_18__18_07_13_AutoPrideEntra,20,/datasets/audio/shipsear/train/RORO_18__18_07_13_AutoPrideEntra.wav,300.0,330.0,8,train,RORO,shipsear
RORO_18__18_07_13_AutoPrideEntra,21,/datasets/audio/shipsear/train/RORO_18__18_07_13_AutoPrideEntra.wav,315.0,345.0,8,train,RORO,shipsear
RORO_18__18_07_13_AutoPrideEntra,22,/datasets/audio/shipsear/train/RORO_18__18_07_13_AutoPrideEntra.wav,330.0,360.0,8,train,RORO,shipsear
RORO_18__18_07_13_AutoPrideEntra,23,/datasets/audio/shipsear/train/RORO_18__18_07_13_AutoPrideEntra.wav,345.0,375.0,8,train,RORO,shipsear
RORO_18__18_07_13_AutoPrideEntra,24,/datasets/audio/shipsear/train/RORO_18__18_07_13_AutoPrideEntra.wav,360.0,390.0,8,train,RORO,shipsear
RORO_18__18_07_13_AutoPrideEntra,25,/datasets/audio/shipsear/train/RORO_18__18_07_13_AutoPrideEntra.wav,375.0,405.0,8,train,RORO,shipsear
RORO_18__18_07_13_AutoPrideEntra,26,/datasets/audio/shipsear/train/RORO_18__18_07_13_AutoPrideEntra.wav,390.0,420.0,8,train,RORO,shipsear
RORO_18__18_07_13_AutoPrideEntra,27,/datasets/audio/shipsear/train/RORO_18__18_07_13_AutoPrideEntra.wav,405.0,435.0,8,train,RORO,shipsear
RORO_18__18_07_13_AutoPrideEntra,28,/datasets/audio/shipsear/train/RORO_18__18_07_13_AutoPrideEntra.wav,420.0,450.0,8,train,RORO,shipsear
RORO_18__18_07_13_AutoPrideEntra,29,/datasets/audio/shipsear/train/RORO_18__18_07_13_AutoPrideEntra.wav,435.0,465.0,8,train,RORO,shipsear
RORO_18__18_07_13_AutoPrideEntra,30,/datasets/audio/shipsear/train/RORO_18__18_07_13_AutoPrideEntra.wav,450.0,480.0,8,train,RORO,shipsear
RORO_18__18_07_13_AutoPrideEntra,31,/datasets/audio/shipsear/train/RORO_18__18_07_13_AutoPrideEntra.wav,465.0,495.0,8,train,RORO,shipsear
RORO_18__18_07_13_AutoPrideEntra,32,/datasets/audio/shipsear/train/RORO_18__18_07_13_AutoPrideEntra.wav,480.0,510.0,8,train,RORO,shipsear
RORO_18__18_07_13_AutoPrideEntra,33,/datasets/audio/shipsear/train/RORO_18__18_07_13_AutoPrideEntra.wav,495.0,525.0,8,train,RORO,shipsear
RORO_18__18_07_13_AutoPrideEntra,34,/datasets/audio/shipsear/train/RORO_18__18_07_13_AutoPrideEntra.wav,510.0,540.0,8,train,RORO,shipsear
RORO_18__18_07_13_AutoPrideEntra,35,/datasets/audio/shipsear/train/RORO_18__18_07_13_AutoPrideEntra.wav,525.0,555.0,8,train,RORO,shipsear
RORO_18__18_07_13_AutoPrideEntra,36,/datasets/audio/shipsear/train/RORO_18__18_07_13_AutoPrideEntra.wav,540.0,570.0,8,train,RORO,shipsear
RORO_18__18_07_13_AutoPrideEntra,37,/datasets/audio/shipsear/train/RORO_18__18_07_13_AutoPrideEntra.wav,555.0,585.0,8,train,RORO,shipsear
RORO_18__18_07_13_AutoPrideEntra,38,/datasets/audio/shipsear/train/RORO_18__18_07_13_AutoPrideEntra.wav,570.0,600.0,8,train,RORO,shipsear
RORO_18__18_07_13_AutoPrideEntra,39,/datasets/audio/shipsear/train/RORO_18__18_07_13_AutoPrideEntra.wav,585.0,615.0,8,train,RORO,shipsear
RORO_18__18_07_13_AutoPrideEntra,40,/datasets/audio/shipsear/train/RORO_18__18_07_13_AutoPrideEntra.wav,600.0,630.0,8,train,RORO,shipsear
RORO_18__18_07_13_AutoPrideEntra,41,/datasets/audio/shipsear/train/RORO_18__18_07_13_AutoPrideEntra.wav,615.0,645.0,8,train,RORO,shipsear
RORO_18__18_07_13_AutoPrideEntra,42,/datasets/audio/shipsear/train/RORO_18__18_07_13_AutoPrideEntra.wav,630.0,660.0,8,train,RORO,shipsear
RORO_18__18_07_13_AutoPrideEntra,43,/datasets/audio/shipsear/train/RORO_18__18_07_13_AutoPrideEntra.wav,645.0,675.0,8,train,RORO,shipsear
RORO_18__18_07_13_AutoPrideEntra,44,/datasets/audio/shipsear/train/RORO_18__18_07_13_AutoPrideEntra.wav,652.579835,682.579835,8,train,RORO,shipsear
RORO_19__18_07_13_AutoprideMarchaAtras,0,/datasets/audio/shipsear/train/RORO_19__18_07_13_AutoprideMarchaAtras.wav,0.0,30.0,8,train,RORO,shipsear
RORO_19__18_07_13_AutoprideMarchaAtras,1,/datasets/audio/shipsear/train/RORO_19__18_07_13_AutoprideMarchaAtras.wav,15.0,45.0,8,train,RORO,shipsear
RORO_19__18_07_13_AutoprideMarchaAtras,2,/datasets/audio/shipsear/train/RORO_19__18_07_13_AutoprideMarchaAtras.wav,30.0,60.0,8,train,RORO,shipsear
RORO_19__18_07_13_AutoprideMarchaAtras,3,/datasets/audio/shipsear/train/RORO_19__18_07_13_AutoprideMarchaAtras.wav,45.0,75.0,8,train,RORO,shipsear
RORO_19__18_07_13_AutoprideMarchaAtras,4,/datasets/audio/shipsear/train/RORO_19__18_07_13_AutoprideMarchaAtras.wav,60.0,90.0,8,train,RORO,shipsear
RORO_19__18_07_13_AutoprideMarchaAtras,5,/datasets/audio/shipsear/train/RORO_19__18_07_13_AutoprideMarchaAtras.wav,75.0,105.0,8,train,RORO,shipsear
RORO_19__18_07_13_AutoprideMarchaAtras,6,/datasets/audio/shipsear/train/RORO_19__18_07_13_AutoprideMarchaAtras.wav,90.0,120.0,8,train,RORO,shipsear
RORO_19__18_07_13_AutoprideMarchaAtras,7,/datasets/audio/shipsear/train/RORO_19__18_07_13_AutoprideMarchaAtras.wav,105.0,135.0,8,train,RORO,shipsear
RORO_19__18_07_13_AutoprideMarchaAtras,8,/datasets/audio/shipsear/train/RORO_19__18_07_13_AutoprideMarchaAtras.wav,120.0,150.0,8,train,RORO,shipsear
RORO_19__18_07_13_AutoprideMarchaAtras,9,/datasets/audio/shipsear/train/RORO_19__18_07_13_AutoprideMarchaAtras.wav,135.0,165.0,8,train,RORO,shipsear
RORO_19__18_07_13_AutoprideMarchaAtras,10,/datasets/audio/shipsear/train/RORO_19__18_07_13_AutoprideMarchaAtras.wav,150.0,180.0,8,train,RORO,shipsear
RORO_19__18_07_13_AutoprideMarchaAtras,11,/datasets/audio/shipsear/train/RORO_19__18_07_13_AutoprideMarchaAtras.wav,165.0,195.0,8,train,RORO,shipsear
RORO_19__18_07_13_AutoprideMarchaAtras,12,/datasets/audio/shipsear/train/RORO_19__18_07_13_AutoprideMarchaAtras.wav,180.0,210.0,8,train,RORO,shipsear
RORO_19__18_07_13_AutoprideMarchaAtras,13,/datasets/audio/shipsear/train/RORO_19__18_07_13_AutoprideMarchaAtras.wav,195.0,225.0,8,train,RORO,shipsear
RORO_19__18_07_13_AutoprideMarchaAtras,14,/datasets/audio/shipsear/train/RORO_19__18_07_13_AutoprideMarchaAtras.wav,210.0,240.0,8,train,RORO,shipsear
RORO_19__18_07_13_AutoprideMarchaAtras,15,/datasets/audio/shipsear/train/RORO_19__18_07_13_AutoprideMarchaAtras.wav,225.0,255.0,8,train,RORO,shipsear
RORO_19__18_07_13_AutoprideMarchaAtras,16,/datasets/audio/shipsear/train/RORO_19__18_07_13_AutoprideMarchaAtras.wav,240.0,270.0,8,train,RORO,shipsear
RORO_19__18_07_13_AutoprideMarchaAtras,17,/datasets/audio/shipsear/train/RORO_19__18_07_13_AutoprideMarchaAtras.wav,255.0,285.0,8,train,RORO,shipsear
RORO_19__18_07_13_AutoprideMarchaAtras,18,/datasets/audio/shipsear/train/RORO_19__18_07_13_AutoprideMarchaAtras.wav,270.0,300.0,8,train,RORO,shipsear
RORO_19__18_07_13_AutoprideMarchaAtras,19,/datasets/audio/shipsear/train/RORO_19__18_07_13_AutoprideMarchaAtras.wav,285.0,315.0,8,train,RORO,shipsear
RORO_19__18_07_13_AutoprideMarchaAtras,20,/datasets/audio/shipsear/train/RORO_19__18_07_13_AutoprideMarchaAtras.wav,300.0,330.0,8,train,RORO,shipsear
RORO_19__18_07_13_AutoprideMarchaAtras,21,/datasets/audio/shipsear/train/RORO_19__18_07_13_AutoprideMarchaAtras.wav,315.0,345.0,8,train,RORO,shipsear
RORO_19__18_07_13_AutoprideMarchaAtras,22,/datasets/audio/shipsear/train/RORO_19__18_07_13_AutoprideMarchaAtras.wav,330.0,360.0,8,train,RORO,shipsear
RORO_19__18_07_13_AutoprideMarchaAtras,23,/datasets/audio/shipsear/train/RORO_19__18_07_13_AutoprideMarchaAtras.wav,344.474646,374.474646,8,train,RORO,shipsear
RORO_20__18_07_13_AutopridePrepManiobra,0,/datasets/audio/shipsear/train/RORO_20__18_07_13_AutopridePrepManiobra.wav,0.0,30.0,8,train,RORO,shipsear
RORO_20__18_07_13_AutopridePrepManiobra,1,/datasets/audio/shipsear/train/RORO_20__18_07_13_AutopridePrepManiobra.wav,0.216976,30.216976,8,train,RORO,shipsear
RORO_58__23_07_13_H2_EimskipReefer_Pesquerito1,0,/datasets/audio/shipsear/train/RORO_58__23_07_13_H2_EimskipReefer_Pesquerito1.wav,0.0,30.0,8,train,RORO,shipsear
RORO_58__23_07_13_H2_EimskipReefer_Pesquerito1,1,/datasets/audio/shipsear/train/RORO_58__23_07_13_H2_EimskipReefer_Pesquerito1.wav,15.0,45.0,8,train,RORO,shipsear
RORO_58__23_07_13_H2_EimskipReefer_Pesquerito1,2,/datasets/audio/shipsear/train/RORO_58__23_07_13_H2_EimskipReefer_Pesquerito1.wav,30.0,60.0,8,train,RORO,shipsear
RORO_58__23_07_13_H2_EimskipReefer_Pesquerito1,3,/datasets/audio/shipsear/train/RORO_58__23_07_13_H2_EimskipReefer_Pesquerito1.wav,45.0,75.0,8,train,RORO,shipsear
RORO_58__23_07_13_H2_EimskipReefer_Pesquerito1,4,/datasets/audio/shipsear/train/RORO_58__23_07_13_H2_EimskipReefer_Pesquerito1.wav,60.0,90.0,8,train,RORO,shipsear
RORO_58__23_07_13_H2_EimskipReefer_Pesquerito1,5,/datasets/audio/shipsear/train/RORO_58__23_07_13_H2_EimskipReefer_Pesquerito1.wav,75.0,105.0,8,train,RORO,shipsear
RORO_58__23_07_13_H2_EimskipReefer_Pesquerito1,6,/datasets/audio/shipsear/train/RORO_58__23_07_13_H2_EimskipReefer_Pesquerito1.wav,90.0,120.0,8,train,RORO,shipsear
RORO_58__23_07_13_H2_EimskipReefer_Pesquerito1,7,/datasets/audio/shipsear/train/RORO_58__23_07_13_H2_EimskipReefer_Pesquerito1.wav,105.0,135.0,8,train,RORO,shipsear
RORO_58__23_07_13_H2_EimskipReefer_Pesquerito1,8,/datasets/audio/shipsear/train/RORO_58__23_07_13_H2_EimskipReefer_Pesquerito1.wav,120.0,150.0,8,train,RORO,shipsear
RORO_58__23_07_13_H2_EimskipReefer_Pesquerito1,9,/datasets/audio/shipsear/train/RORO_58__23_07_13_H2_EimskipReefer_Pesquerito1.wav,135.0,165.0,8,train,RORO,shipsear
RORO_58__23_07_13_H2_EimskipReefer_Pesquerito1,10,/datasets/audio/shipsear/train/RORO_58__23_07_13_H2_EimskipReefer_Pesquerito1.wav,150.0,180.0,8,train,RORO,shipsear
RORO_58__23_07_13_H2_EimskipReefer_Pesquerito1,11,/datasets/audio/shipsear/train/RORO_58__23_07_13_H2_EimskipReefer_Pesquerito1.wav,165.0,195.0,8,train,RORO,shipsear
RORO_58__23_07_13_H2_EimskipReefer_Pesquerito1,12,/datasets/audio/shipsear/train/RORO_58__23_07_13_H2_EimskipReefer_Pesquerito1.wav,180.0,210.0,8,train,RORO,shipsear
RORO_58__23_07_13_H2_EimskipReefer_Pesquerito1,13,/datasets/audio/shipsear/train/RORO_58__23_07_13_H2_EimskipReefer_Pesquerito1.wav,195.0,225.0,8,train,RORO,shipsear
RORO_58__23_07_13_H2_EimskipReefer_Pesquerito1,14,/datasets/audio/shipsear/train/RORO_58__23_07_13_H2_EimskipReefer_Pesquerito1.wav,209.0,239.0,8,train,RORO,shipsear
Sailboat_37__19_07_13_Velero_Sale,0,/datasets/audio/shipsear/train/Sailboat_37__19_07_13_Velero_Sale.wav,0.0,30.0,9,train,Sailboat,shipsear
Sailboat_37__19_07_13_Velero_Sale,1,/datasets/audio/shipsear/train/Sailboat_37__19_07_13_Velero_Sale.wav,13.977624,43.977624,9,train,Sailboat,shipsear
Sailboat_57__23_07_13_H3_velero2,0,/datasets/audio/shipsear/train/Sailboat_57__23_07_13_H3_velero2.wav,0.0,30.0,9,train,Sailboat,shipsear
Sailboat_68__23_07_13_H3_veleroMarisol,0,/datasets/audio/shipsear/train/Sailboat_68__23_07_13_H3_veleroMarisol.wav,0.0,30.0,9,train,Sailboat,shipsear
Sailboat_68__23_07_13_H3_veleroMarisol,1,/datasets/audio/shipsear/train/Sailboat_68__23_07_13_H3_veleroMarisol.wav,15.0,45.0,9,train,Sailboat,shipsear
Sailboat_68__23_07_13_H3_veleroMarisol,2,/datasets/audio/shipsear/train/Sailboat_68__23_07_13_H3_veleroMarisol.wav,30.0,60.0,9,train,Sailboat,shipsear
Sailboat_68__23_07_13_H3_veleroMarisol,3,/datasets/audio/shipsear/train/Sailboat_68__23_07_13_H3_veleroMarisol.wav,45.0,75.0,9,train,Sailboat,shipsear
Sailboat_68__23_07_13_H3_veleroMarisol,4,/datasets/audio/shipsear/train/Sailboat_68__23_07_13_H3_veleroMarisol.wav,60.0,90.0,9,train,Sailboat,shipsear
Sailboat_68__23_07_13_H3_veleroMarisol,5,/datasets/audio/shipsear/train/Sailboat_68__23_07_13_H3_veleroMarisol.wav,75.0,105.0,9,train,Sailboat,shipsear
Sailboat_68__23_07_13_H3_veleroMarisol,6,/datasets/audio/shipsear/train/Sailboat_68__23_07_13_H3_veleroMarisol.wav,90.0,120.0,9,train,Sailboat,shipsear
Sailboat_68__23_07_13_H3_veleroMarisol,7,/datasets/audio/shipsear/train/Sailboat_68__23_07_13_H3_veleroMarisol.wav,105.0,135.0,9,train,Sailboat,shipsear
Sailboat_68__23_07_13_H3_veleroMarisol,8,/datasets/audio/shipsear/train/Sailboat_68__23_07_13_H3_veleroMarisol.wav,120.0,150.0,9,train,Sailboat,shipsear
Sailboat_68__23_07_13_H3_veleroMarisol,9,/datasets/audio/shipsear/train/Sailboat_68__23_07_13_H3_veleroMarisol.wav,135.0,165.0,9,train,Sailboat,shipsear
Sailboat_68__23_07_13_H3_veleroMarisol,10,/datasets/audio/shipsear/train/Sailboat_68__23_07_13_H3_veleroMarisol.wav,150.0,180.0,9,train,Sailboat,shipsear
Sailboat_68__23_07_13_H3_veleroMarisol,11,/datasets/audio/shipsear/train/Sailboat_68__23_07_13_H3_veleroMarisol.wav,165.0,195.0,9,train,Sailboat,shipsear
Sailboat_68__23_07_13_H3_veleroMarisol,12,/datasets/audio/shipsear/train/Sailboat_68__23_07_13_H3_veleroMarisol.wav,180.0,210.0,9,train,Sailboat,shipsear
Sailboat_68__23_07_13_H3_veleroMarisol,13,/datasets/audio/shipsear/train/Sailboat_68__23_07_13_H3_veleroMarisol.wav,195.0,225.0,9,train,Sailboat,shipsear
Sailboat_68__23_07_13_H3_veleroMarisol,14,/datasets/audio/shipsear/train/Sailboat_68__23_07_13_H3_veleroMarisol.wav,210.0,240.0,9,train,Sailboat,shipsear
Sailboat_68__23_07_13_H3_veleroMarisol,15,/datasets/audio/shipsear/train/Sailboat_68__23_07_13_H3_veleroMarisol.wav,225.0,255.0,9,train,Sailboat,shipsear
Sailboat_68__23_07_13_H3_veleroMarisol,16,/datasets/audio/shipsear/train/Sailboat_68__23_07_13_H3_veleroMarisol.wav,240.0,270.0,9,train,Sailboat,shipsear
Sailboat_68__23_07_13_H3_veleroMarisol,17,/datasets/audio/shipsear/train/Sailboat_68__23_07_13_H3_veleroMarisol.wav,255.0,285.0,9,train,Sailboat,shipsear
Sailboat_68__23_07_13_H3_veleroMarisol,18,/datasets/audio/shipsear/train/Sailboat_68__23_07_13_H3_veleroMarisol.wav,267.0,297.0,9,train,Sailboat,shipsear
Trawler_28__19_07_13_NuevoRiaAldan_train,0,/datasets/audio/shipsear/train/Trawler_28__19_07_13_NuevoRiaAldan_train.wav,0.0,30.0,10,train,Trawler,shipsear
Trawler_28__19_07_13_NuevoRiaAldan_train,1,/datasets/audio/shipsear/train/Trawler_28__19_07_13_NuevoRiaAldan_train.wav,15.0,45.0,10,train,Trawler,shipsear
Trawler_28__19_07_13_NuevoRiaAldan_train,2,/datasets/audio/shipsear/train/Trawler_28__19_07_13_NuevoRiaAldan_train.wav,30.0,60.0,10,train,Trawler,shipsear
Trawler_28__19_07_13_NuevoRiaAldan_train,3,/datasets/audio/shipsear/train/Trawler_28__19_07_13_NuevoRiaAldan_train.wav,45.0,75.0,10,train,Trawler,shipsear
Trawler_28__19_07_13_NuevoRiaAldan_train,4,/datasets/audio/shipsear/train/Trawler_28__19_07_13_NuevoRiaAldan_train.wav,60.0,90.0,10,train,Trawler,shipsear
Trawler_28__19_07_13_NuevoRiaAldan_train,5,/datasets/audio/shipsear/train/Trawler_28__19_07_13_NuevoRiaAldan_train.wav,75.0,105.0,10,train,Trawler,shipsear
Trawler_28__19_07_13_NuevoRiaAldan_train,6,/datasets/audio/shipsear/train/Trawler_28__19_07_13_NuevoRiaAldan_train.wav,80.0,110.0,10,train,Trawler,shipsear
Tugboat_15__10_07_13_radaUno_Pasa,0,/datasets/audio/shipsear/train/Tugboat_15__10_07_13_radaUno_Pasa.wav,0.0,30.0,11,train,Tugboat,shipsear
Tugboat_15__10_07_13_radaUno_Pasa,1,/datasets/audio/shipsear/train/Tugboat_15__10_07_13_radaUno_Pasa.wav,15.0,45.0,11,train,Tugboat,shipsear
Tugboat_15__10_07_13_radaUno_Pasa,2,/datasets/audio/shipsear/train/Tugboat_15__10_07_13_radaUno_Pasa.wav,30.0,60.0,11,train,Tugboat,shipsear
Tugboat_15__10_07_13_radaUno_Pasa,3,/datasets/audio/shipsear/train/Tugboat_15__10_07_13_radaUno_Pasa.wav,45.0,75.0,11,train,Tugboat,shipsear
Tugboat_15__10_07_13_radaUno_Pasa,4,/datasets/audio/shipsear/train/Tugboat_15__10_07_13_radaUno_Pasa.wav,60.0,90.0,11,train,Tugboat,shipsear
Tugboat_15__10_07_13_radaUno_Pasa,5,/datasets/audio/shipsear/train/Tugboat_15__10_07_13_radaUno_Pasa.wav,75.0,105.0,11,train,Tugboat,shipsear
Tugboat_15__10_07_13_radaUno_Pasa,6,/datasets/audio/shipsear/train/Tugboat_15__10_07_13_radaUno_Pasa.wav,90.0,120.0,11,train,Tugboat,shipsear
Tugboat_15__10_07_13_radaUno_Pasa,7,/datasets/audio/shipsear/train/Tugboat_15__10_07_13_radaUno_Pasa.wav,105.0,135.0,11,train,Tugboat,shipsear
Tugboat_15__10_07_13_radaUno_Pasa,8,/datasets/audio/shipsear/train/Tugboat_15__10_07_13_radaUno_Pasa.wav,112.721242,142.721242,11,train,Tugboat,shipsear
