recording_id,clip_idx,path,start,end,label_id,split,label_name,dataset,stft_path,mel_path,demon_path
Dredger_93__A__Draga_1,0,/datasets/audio/shipsear/test/Dredger_93__A__Draga_1.wav,0.0,30.0,0,test,Dredger,shipsear,outputs/spectrograms/stft/shipsear_clip30_ov0.5_d191918efe/test/0/Dredger_93__A__Draga_1_c0.png,outputs/spectrograms/mel/shipsear_clip30_ov0.5_d191918efe/test/0/Dredger_93__A__Draga_1_c0.png,outputs/spectrograms/demon/shipsear_clip30_ov0.5_d191918efe/test/0/Dredger_93__A__Draga_1_c0.png
Dredger_93__A__Draga_1,1,/datasets/audio/shipsear/test/Dredger_93__A__Draga_1.wav,0.270945,30.270945,0,test,Dredger,shipsear,outputs/spectrograms/stft/shipsear_clip30_ov0.5_d191918efe/test/0/Dredger_93__A__Draga_1_c1.png,outputs/spectrograms/mel/shipsear_clip30_ov0.5_d191918efe/test/0/Dredger_93__A__Draga_1_c1.png,outputs/spectrograms/demon/shipsear_clip30_ov0.5_d191918efe/test/0/Dredger_93__A__Draga_1_c1.png
Dredger_95__A__Draga_3,0,/datasets/audio/shipsear/test/Dredger_95__A__Draga_3.wav,0.0,30.0,0,test,Dredger,shipsear,outputs/spectrograms/stft/shipsear_clip30_ov0.5_d191918efe/test/0/Dredger_95__A__Draga_3_c0.png,outputs/spectrograms/mel/shipsear_clip30_ov0.5_d191918efe/test/0/Dredger_95__A__Draga_3_c0.png,outputs/spectrograms/demon/shipsear_clip30_ov0.5_d191918efe/test/0/Dredger_95__A__Draga_3_c0.png
Dredger_95__A__Draga_3,1,/datasets/audio/shipsear/test/Dredger_95__A__Draga_3.wav,15.0,45.0,0,test,Dredger,shipsear,outputs/spectrograms/stft/shipsear_clip30_ov0.5_d191918efe/test/0/Dredger_95__A__Draga_3_c1.png,outputs/spectrograms/mel/shipsear_clip30_ov0.5_d191918efe/test/0/Dredger_95__A__Draga_3_c1.png,outputs/spectrograms/demon/shipsear_clip30_ov0.5_d191918efe/test/0/Dredger_95__A__Draga_3_c1.png
Dredger_95__A__Draga_3,2,/datasets/audio/shipsear/test/Dredger_95__A__Draga_3.wav,30.0,60.0,0,test,Dredger,shipsear,outputs/spectrograms/stft/shipsear_clip30_ov0.5_d191918efe/test/0/Dredger_95__A__Draga_3_c2.png,outputs/spectrograms/mel/shipsear_clip30_ov0.5_d191918efe/test/0/Dredger_95__A__Draga_3_c2.png,outputs/spectrograms/demon/shipsear_clip30_ov0.5_d191918efe/test/0/Dredger_95__A__Draga_3_c2.png
Dredger_95__A__Draga_3,3,/datasets/audio/shipsear/test/Dredger_95__A__Draga_3.wav,30.746843,60.746843,0,test,Dredger,shipsear,outputs/spectrograms/stft/shipsear_clip30_ov0.5_d191918efe/test/0/Dredger_95__A__Draga_3_c3.png,outputs/spectrograms/mel/shipsear_clip30_ov0.5_d191918efe/test/0/Dredger_95__A__Draga_3_c3.png,outputs/spectrograms/demon/shipsear_clip30_ov0.5_d191918efe/test/0/Dredger_95__A__Draga_3_c3.png
Fishboat_75__23_07_13_H3_pesquero1,0,/datasets/audio/shipsear/test/Fishboat_75__23_07_13_H3_pesquero1.wav,0.0,30.0,1,test,Fishboat,shipsear,outputs/spectrograms/stft/shipsear_clip30_ov0.5_d191918efe/test/1/Fishboat_75__23_07_13_H3_pesquero1_c0.png,outputs/spectrograms/mel/shipsear_clip30_ov0.5_d191918efe/test/1/Fishboat_75__23_07_13_H3_pesquero1_c0.png,outputs/spectrograms/demon/shipsear_clip30_ov0.5_d191918efe/test/1/Fishboat_75__23_07_13_H3_pesquero1_c0.png
Fishboat_75__23_07_13_H3_pesquero1,1,/datasets/audio/shipsear/test/Fishboat_75__23_07_13_H3_pesquero1.wav,15.0,45.0,1,test,Fishboat,shipsear,outputs/spectrograms/stft/shipsear_clip30_ov0.5_d191918efe/test/1/Fishboat_75__23_07_13_H3_pesquero1_c1.png,outputs/spectrograms/mel/shipsear_clip30_ov0.5_d191918efe/test/1/Fishboat_75__23_07_13_H3_pesquero1_c1.png,outputs/spectrograms/demon/shipsear_clip30_ov0.5_d191918efe/test/1/Fishboat_75__23_07_13_H3_pesquero1_c1.png
Fishboat_75__23_07_13_H3_pesquero1,2,/datasets/audio/shipsear/test/Fishboat_75__23_07_13_H3_pesquero1.wav,23.911746,53.911746,1,test,Fishboat,shipsear,outputs/spectrograms/stft/shipsear_clip30_ov0.5_d191918efe/test/1/Fishboat_75__23_07_13_H3_pesquero1_c2.png,outputs/spectrograms/mel/shipsear_clip30_ov0.5_d191918efe/test/1/Fishboat_75__23_07_13_H3_pesquero1_c2.png,outputs/spectrograms/demon/shipsear_clip30_ov0.5_d191918efe/test/1/Fishboat_75__23_07_13_H3_pesquero1_c2.png
Motorboat_21__18_07_13_lanchaMotora,0,/datasets/audio/shipsear/test/Motorboat_21__18_07_13_lanchaMotora.wav,0.0,30.0,2,test,Motorboat,shipsear,outputs/spectrograms/stft/shipsear_clip30_ov0.5_d191918efe/test/2/Motorboat_21__18_07_13_lanchaMotora_c0.png,outputs/spectrograms/mel/shipsear_clip30_ov0.5_d191918efe/test/2/Motorboat_21__18_07_13_lanchaMotora_c0.png,outputs/spectrograms/demon/shipsear_clip30_ov0.5_d191918efe/test/2/Motorboat_21__18_07_13_lanchaMotora_c0.png
Motorboat_21__18_07_13_lanchaMotora,1,/datasets/audio/shipsear/test/Motorboat_21__18_07_13_lanchaMotora.wav,13.706698,43.706698,2,test,Motorboat,shipsear,outputs/spectrograms/stft/shipsear_clip30_ov0.5_d191918efe/test/2/Motorboat_21__18_07_13_lanchaMotora_c1.png,outputs/spectrograms/mel/shipsear_clip30_ov0.5_d191918efe/test/2/Motorboat_21__18_07_13_lanchaMotora_c1.png,outputs/spectrograms/demon/shipsear_clip30_ov0.5_d191918efe/test/2/Motorboat_21__18_07_13_lanchaMotora_c1.png
Motorboat_26__19_07_13_Lancha,0,/datasets/audio/shipsear/test/Motorboat_26__19_07_13_Lancha.wav,0.0,30.0,2,test,Motorboat,shipsear,outputs/spectrograms/stft/shipsear_clip30_ov0.5_d191918efe/test/2/Motorboat_26__19_07_13_Lancha_c0.png,outputs/spectrograms/mel/shipsear_clip30_ov0.5_d191918efe/test/2/Motorboat_26__19_07_13_Lancha_c0.png,outputs/spectrograms/demon/shipsear_clip30_ov0.5_d191918efe/test/2/Motorboat_26__19_07_13_Lancha_c0.png
Motorboat_51__23_07_13_H3_lancha2_interf,0,/datasets/audio/shipsear/test/Motorboat_51__23_07_13_H3_lancha2_interf.wav,0.0,30.0,2,test,Motorboat,shipsear,outputs/spectrograms/stft/shipsear_clip30_ov0.5_d191918efe/test/2/Motorboat_51__23_07_13_H3_lancha2_interf_c0.png,outputs/spectrograms/mel/shipsear_clip30_ov0.5_d191918efe/test/2/Motorboat_51__23_07_13_H3_lancha2_interf_c0.png,outputs/spectrograms/demon/shipsear_clip30_ov0.5_d191918efe/test/2/Motorboat_51__23_07_13_H3_lancha2_interf_c0.png
Motorboat_51__23_07_13_H3_lancha2_interf,1,/datasets/audio/shipsear/test/Motorboat_51__23_07_13_H3_lancha2_interf.wav,15.0,45.0,2,test,Motorboat,shipsear,outputs/spectrograms/stft/shipsear_clip30_ov0.5_d191918efe/test/2/Motorboat_51__23_07_13_H3_lancha2_interf_c1.png,outputs/spectrograms/mel/shipsear_clip30_ov0.5_d191918efe/test/2/Motorboat_51__23_07_13_H3_lancha2_interf_c1.png,outputs/spectrograms/demon/shipsear_clip30_ov0.5_d191918efe/test/2/Motorboat_51__23_07_13_H3_lancha2_interf_c1.png
Motorboat_51__23_07_13_H3_lancha2_interf,2,/datasets/audio/shipsear/test/Motorboat_51__23_07_13_H3_lancha2_interf.wav,30.0,60.0,2,test,Motorboat,shipsear,outputs/spectrograms/stft/shipsear_clip30_ov0.5_d191918efe/test/2/Motorboat_51__23_07_13_H3_lancha2_interf_c2.png,outputs/spectrograms/mel/shipsear_clip30_ov0.5_d191918efe/test/2/Motorboat_51__23_07_13_H3_lancha2_interf_c2.png,outputs/spectrograms/demon/shipsear_clip30_ov0.5_d191918efe/test/2/Motorboat_51__23_07_13_H3_lancha2_interf_c2.png
Motorboat_51__23_07_13_H3_lancha2_interf,3,/datasets/audio/shipsear/test/Motorboat_51__23_07_13_H3_lancha2_interf.wav,45.0,75.0,2,test,Motorboat,shipsear,outputs/spectrograms/stft/shipsear_clip30_ov0.5_d191918efe/test/2/Motorboat_51__23_07_13_H3_lancha2_interf_c3.png,outputs/spectrograms/mel/shipsear_clip30_ov0.5_d191918efe/test/2/Motorboat_51__23_07_13_H3_lancha2_interf_c3.png,outputs/spectrograms/demon/shipsear_clip30_ov0.5_d191918efe/test/2/Motorboat_51__23_07_13_H3_lancha2_interf_c3.png
Motorboat_51__23_07_13_H3_lancha2_interf,4,/datasets/audio/shipsear/test/Motorboat_51__23_07_13_H3_lancha2_interf.wav,60.0,90.0,2,test,Motorboat,shipsear,outputs/spectrograms/stft/shipsear_clip30_ov0.5_d191918efe/test/2/Motorboat_51__23_07_13_H3_lancha2_interf_c4.png,outputs/spectrograms/mel/shipsear_clip30_ov0.5_d191918efe/test/2/Motorboat_51__23_07_13_H3_lancha2_interf_c4.png,outputs/spectrograms/demon/shipsear_clip30_ov0.5_d191918efe/test/2/Motorboat_51__23_07_13_H3_lancha2_interf_c4.png
Motorboat_51__23_07_13_H3_lancha2_interf,5,/datasets/audio/shipsear/test/Motorboat_51__23_07_13_H3_lancha2_interf.wav,70.067186,100.067186,2,test,Motorboat,shipsear,outputs/spectrograms/stft/shipsear_clip30_ov0.5_d191918efe/test/2/Motorboat_51__23_07_13_H3_lancha2_interf_c5.png,outputs/spectrograms/mel/shipsear_clip30_ov0.5_d191918efe/test/2/Motorboat_51__23_07_13_H3_lancha2_interf_c5.png,outputs/spectrograms/demon/shipsear_clip30_ov0.5_d191918efe/test/2/Motorboat_51__23_07_13_H3_lancha2_interf_c5.png
Musselboat_46__23_07_13_H3_bateero1,0,/datasets/audio/shipsear/test/Musselboat_46__23_07_13_H3_bateero1.wav,0.0,30.0,3,test,Mussel boat,shipsear,outputs/spectrograms/stft/shipsear_clip30_ov0.5_d191918efe/test/3/Musselboat_46__23_07_13_H3_bateero1_c0.png,outputs/spectrograms/mel/shipsear_clip30_ov0.5_d191918efe/test/3/Musselboat_46__23_07_13_H3_bateero1_c0.png,outputs/spectrograms/demon/shipsear_clip30_ov0.5_d191918efe/test/3/Musselboat_46__23_07_13_H3_bateero1_c0.png
Musselboat_66__23_07_13_H3_Pesquerito2_Velero,0,/datasets/audio/shipsear/test/Musselboat_66__23_07_13_H3_Pesquerito2_Velero.wav,0.0,30.0,3,test,Mussel boat,shipsear,outputs/spectrograms/stft/shipsear_clip30_ov0.5_d191918efe/test/3/Musselboat_66__23_07_13_H3_Pesquerito2_Velero_c0.png,outputs/spectrograms/mel/shipsear_clip30_ov0.5_d191918efe/test/3/Musselboat_66__23_07_13_H3_Pesquerito2_Velero_c0.png,outputs/spectrograms/demon/shipsear_clip30_ov0.5_d191918efe/test/3/Musselboat_66__23_07_13_H3_Pesquerito2_Velero_c0.png
Musselboat_66__23_07_13_H3_Pesquerito2_Velero,1,/datasets/audio/shipsear/test/Musselboat_66__23_07_13_H3_Pesquerito2_Velero.wav,15.0,45.0,3,test,Mussel boat,shipsear,outputs/spectrograms/stft/shipsear_clip30_ov0.5_d191918efe/test/3/Musselboat_66__23_07_13_H3_Pesquerito2_Velero_c1.png,outputs/spectrograms/mel/shipsear_clip30_ov0.5_d191918efe/test/3/Musselboat_66__23_07_13_H3_Pesquerito2_Velero_c1.png,outputs/spectrograms/demon/shipsear_clip30_ov0.5_d191918efe/test/3/Musselboat_66__23_07_13_H3_Pesquerito2_Velero_c1.png
Musselboat_66__23_07_13_H3_Pesquerito2_Velero,2,/datasets/audio/shipsear/test/Musselboat_66__23_07_13_H3_Pesquerito2_Velero.wav,30.0,60.0,3,test,Mussel boat,shipsear,outputs/spectrograms/stft/shipsear_clip30_ov0.5_d191918efe/test/3/Musselboat_66__23_07_13_H3_Pesquerito2_Velero_c2.png,outputs/spectrograms/mel/shipsear_clip30_ov0.5_d191918efe/test/3/Musselboat_66__23_07_13_H3_Pesquerito2_Velero_c2.png,outputs/spectrograms/demon/shipsear_clip30_ov0.5_d191918efe/test/3/Musselboat_66__23_07_13_H3_Pesquerito2_Velero_c2.png
Musselboat_66__23_07_13_H3_Pesquerito2_Velero,3,/datasets/audio/shipsear/test/Musselboat_66__23_07_13_H3_Pesquerito2_Velero.wav,45.0,75.0,3,test,Mussel boat,shipsear,outputs/spectrograms/stft/shipsear_clip30_ov0.5_d191918efe/test/3/Musselboat_66__23_07_13_H3_Pesquerito2_Velero_c3.png,outputs/spectrograms/mel/shipsear_clip30_ov0.5_d191918efe/test/3/Musselboat_66__23_07_13_H3_Pesquerito2_Velero_c3.png,outputs/spectrograms/demon/shipsear_clip30_ov0.5_d191918efe/test/3/Musselboat_66__23_07_13_H3_Pesquerito2_Velero_c3.png
Musselboat_66__23_07_13_H3_Pesquerito2_Velero,4,/datasets/audio/shipsear/test/Musselboat_66__23_07_13_H3_Pesquerito2_Velero.wav,60.0,90.0,3,test,Mussel boat,shipsear,outputs/spectrograms/stft/shipsear_clip30_ov0.5_d191918efe/test/3/Musselboat_66__23_07_13_H3_Pesquerito2_Velero_c4.png,outputs/spectrograms/mel/shipsear_clip30_ov0.5_d191918efe/test/3/Musselboat_66__23_07_13_H3_Pesquerito2_Velero_c4.png,outputs/spectrograms/demon/shipsear_clip30_ov0.5_d191918efe/test/3/Musselboat_66__23_07_13_H3_Pesquerito2_Velero_c4.png
Musselboat_66__23_07_13_H3_Pesquerito2_Velero,5,/datasets/audio/shipsear/test/Musselboat_66__23_07_13_H3_Pesquerito2_Velero.wav,75.0,105.0,3,test,Mussel boat,shipsear,outputs/spectrograms/stft/shipsear_clip30_ov0.5_d191918efe/test/3/Musselboat_66__23_07_13_H3_Pesquerito2_Velero_c5.png,outputs/spectrograms/mel/shipsear_clip30_ov0.5_d191918efe/test/3/Musselboat_66__23_07_13_H3_Pesquerito2_Velero_c5.png,outputs/spectrograms/demon/shipsear_clip30_ov0.5_d191918efe/test/3/Musselboat_66__23_07_13_H3_Pesquerito2_Velero_c5.png
Musselboat_66__23_07_13_H3_Pesquerito2_Velero,6,/datasets/audio/shipsear/test/Musselboat_66__23_07_13_H3_Pesquerito2_Velero.wav,90.0,120.0,3,test,Mussel boat,shipsear,outputs/spectrograms/stft/shipsear_clip30_ov0.5_d191918efe/test/3/Musselboat_66__23_07_13_H3_Pesquerito2_Velero_c6.png,outputs/spectrograms/mel/shipsear_clip30_ov0.5_d191918efe/test/3/Musselboat_66__23_07_13_H3_Pesquerito2_Velero_c6.png,outputs/spectrograms/demon/shipsear_clip30_ov0.5_d191918efe/test/3/Musselboat_66__23_07_13_H3_Pesquerito2_Velero_c6.png
Musselboat_66__23_07_13_H3_Pesquerito2_Velero,7,/datasets/audio/shipsear/test/Musselboat_66__23_07_13_H3_Pesquerito2_Velero.wav,105.0,135.0,3,test,Mussel boat,shipsear,outputs/spectrograms/stft/shipsear_clip30_ov0.5_d191918efe/test/3/Musselboat_66__23_07_13_H3_Pesquerito2_Velero_c7.png,outputs/spectrograms/mel/shipsear_clip30_ov0.5_d191918efe/test/3/Musselboat_66__23_07_13_H3_Pesquerito2_Velero_c7.png,outputs/spectrograms/demon/shipsear_clip30_ov0.5_d191918efe/test/3/Musselboat_66__23_07_13_H3_Pesquerito2_Velero_c7.png
Musselboat_66__23_07_13_H3_Pesquerito2_Velero,8,/datasets/audio/shipsear/test/Musselboat_66__23_07_13_H3_Pesquerito2_Velero.wav,120.0,150.0,3,test,Mussel boat,shipsear,outputs/spectrograms/stft/shipsear_clip30_ov0.5_d191918efe/test/3/Musselboat_66__23_07_13_H3_Pesquerito2_Velero_c8.png,outputs/spectrograms/mel/shipsear_clip30_ov0.5_d191918efe/test/3/Musselboat_66__23_07_13_H3_Pesquerito2_Velero_c8.png,outputs/spectrograms/demon/shipsear_clip30_ov0.5_d191918efe/test/3/Musselboat_66__23_07_13_H3_Pesquerito2_Velero_c8.png
Musselboat_66__23_07_13_H3_Pesquerito2_Velero,9,/datasets/audio/shipsear/test/Musselboat_66__23_07_13_H3_Pesquerito2_Velero.wav,125.0,155.0,3,test,Mussel boat,shipsear,outputs/spectrograms/stft/shipsear_clip30_ov0.5_d191918efe/test/3/Musselboat_66__23_07_13_H3_Pesquerito2_Velero_c9.png,outputs/spectrograms/mel/shipsear_clip30_ov0.5_d191918efe/test/3/Musselboat_66__23_07_13_H3_Pesquerito2_Velero_c9.png,outputs/spectrograms/demon/shipsear_clip30_ov0.5_d191918efe/test/3/Musselboat_66__23_07_13_H3_Pesquerito2_Velero_c9.png
Naturalambientnoise_81__25_09_13_H3_corriente,0,/datasets/audio/shipsear/test/Naturalambientnoise_81__25_09_13_H3_corriente.wav,0.0,30.0,4,test,Natural ambient noise,shipsear,outputs/spectrograms/stft/shipsear_clip30_ov0.5_d191918efe/test/4/Naturalambientnoise_81__25_09_13_H3_corriente_c0.png,outputs/spectrograms/mel/shipsear_clip30_ov0.5_d191918efe/test/4/Naturalambientnoise_81__25_09_13_H3_corriente_c0.png,outputs/spectrograms/demon/shipsear_clip30_ov0.5_d191918efe/test/4/Naturalambientnoise_81__25_09_13_H3_corriente_c0.png
Naturalambientnoise_81__25_09_13_H3_corriente,1,/datasets/audio/shipsear/test/Naturalambientnoise_81__25_09_13_H3_corriente.wav,15.0,45.0,4,test,Natural ambient noise,shipsear,outputs/spectrograms/stft/shipsear_clip30_ov0.5_d191918efe/test/4/Naturalambientnoise_81__25_09_13_H3_corriente_c1.png,outputs/spectrograms/mel/shipsear_clip30_ov0.5_d191918efe/test/4/Naturalambientnoise_81__25_09_13_H3_corriente_c1.png,outputs/spectrograms/demon/shipsear_clip30_ov0.5_d191918efe/test/4/Naturalambientnoise_81__25_09_13_H3_corriente_c1.png
Naturalambientnoise_81__25_09_13_H3_corriente,2,/datasets/audio/shipsear/test/Naturalambientnoise_81__25_09_13_H3_corriente.wav,30.0,60.0,4,test,Natural ambient noise,shipsear,outputs/spectrograms/stft/shipsear_clip30_ov0.5_d191918efe/test/4/Naturalambientnoise_81__25_09_13_H3_corriente_c2.png,outputs/spectrograms/mel/shipsear_clip30_ov0.5_d191918efe/test/4/Naturalambientnoise_81__25_09_13_H3_corriente_c2.png,outputs/spectrograms/demon/shipsear_clip30_ov0.5_d191918efe/test/4/Naturalambientnoise_81__25_09_13_H3_corriente_c2.png
Naturalambientnoise_81__25_09_13_H3_corriente,3,/datasets/audio/shipsear/test/Naturalambientnoise_81__25_09_13_H3_corriente.wav,45.0,75.0,4,test,Natural ambient noise,shipsear,outputs/spectrograms/stft/shipsear_clip30_ov0.5_d191918efe/test/4/Naturalambientnoise_81__25_09_13_H3_corriente_c3.png,outputs/spectrograms/mel/shipsear_clip30_ov0.5_d191918efe/test/4/Naturalambientnoise_81__25_09_13_H3_corriente_c3.png,outputs/spectrograms/demon/shipsear_clip30_ov0.5_d191918efe/test/4/Naturalambientnoise_81__25_09_13_H3_corriente_c3.png
Naturalambientnoise_81__25_09_13_H3_corriente,4,/datasets/audio/shipsear/test/Naturalambientnoise_81__25_09_13_H3_corriente.wav,60.0,90.0,4,test,Natural ambient noise,shipsear,outputs/spectrograms/stft/shipsear_clip30_ov0.5_d191918efe/test/4/Naturalambientnoise_81__25_09_13_H3_corriente_c4.png,outputs/spectrograms/mel/shipsear_clip30_ov0.5_d191918efe/test/4/Naturalambientnoise_81__25_09_13_H3_corriente_c4.png,outputs/spectrograms/demon/shipsear_clip30_ov0.5_d191918efe/test/4/Naturalambientnoise_81__25_09_13_H3_corriente_c4.png
Naturalambientnoise_81__25_09_13_H3_corriente,5,/datasets/audio/shipsear/test/Naturalambientnoise_81__25_09_13_H3_corriente.wav,75.0,105.0,4,test,Natural ambient noise,shipsear,outputs/spectrograms/stft/shipsear_clip30_ov0.5_d191918efe/test/4/Naturalambientnoise_81__25_09_13_H3_corriente_c5.png,outputs/spectrograms/mel/shipsear_clip30_ov0.5_d191918efe/test/4/Naturalambientnoise_81__25_09_13_H3_corriente_c5.png,outputs/spectrograms/demon/shipsear_clip30_ov0.5_d191918efe/test/4/Naturalambientnoise_81__25_09_13_H3_corriente_c5.png
Naturalambientnoise_81__25_09_13_H3_corriente,6,/datasets/audio/shipsear/test/Naturalambientnoise_81__25_09_13_H3_corriente.wav,90.0,120.0,4,test,Natural ambient noise,shipsear,outputs/spectrograms/stft/shipsear_clip30_ov0.5_d191918efe/test/4/Naturalambientnoise_81__25_09_13_H3_corriente_c6.png,outputs/spectrograms/mel/shipsear_clip30_ov0.5_d191918efe/test/4/Naturalambientnoise_81__25_09_13_H3_corriente_c6.png,outputs/spectrograms/demon/shipsear_clip30_ov0.5_d191918efe/test/4/Naturalambientnoise_81__25_09_13_H3_corriente_c6.png
Naturalambientnoise_81__25_09_13_H3_corriente,7,/datasets/audio/shipsear/test/Naturalambientnoise_81__25_09_13_H3_corriente.wav,90.004551,120.004551,4,test,Natural ambient noise,shipsear,outputs/spectrograms/stft/shipsear_clip30_ov0.5_d191918efe/test/4/Naturalambientnoise_81__25_09_13_H3_corriente_c7.png,outputs/spectrograms/mel/shipsear_clip30_ov0.5_d191918efe/test/4/Naturalambientnoise_81__25_09_13_H3_corriente_c7.png,outputs/spectrograms/demon/shipsear_clip30_ov0.5_d191918efe/test/4/Naturalambientnoise_81__25_09_13_H3_corriente_c7.png
Naturalambientnoise_85__E__1L,0,/datasets/audio/shipsear/test/Naturalambientnoise_85__E__1L.wav,0.0,30.0,4,test,Natural ambient noise,shipsear,outputs/spectrograms/stft/shipsear_clip30_ov0.5_d191918efe/test/4/Naturalambientnoise_85__E__1L_c0.png,outputs/spectrograms/mel/shipsear_clip30_ov0.5_d191918efe/test/4/Naturalambientnoise_85__E__1L_c0.png,outputs/spectrograms/demon/shipsear_clip30_ov0.5_d191918efe/test/4/Naturalambientnoise_85__E__1L_c0.png
Naturalambientnoise_85__E__1L,1,/datasets/audio/shipsear/test/Naturalambientnoise_85__E__1L.wav,15.0,45.0,4,test,Natural ambient noise,shipsear,outputs/spectrograms/stft/shipsear_clip30_ov0.5_d191918efe/test/4/Naturalambientnoise_85__E__1L_c1.png,outputs/spectrograms/mel/shipsear_clip30_ov0.5_d191918efe/test/4/Naturalambientnoise_85__E__1L_c1.png,outputs/spectrograms/demon/shipsear_clip30_ov0.5_d191918efe/test/4/Naturalambientnoise_85__E__1L_c1.png
Naturalambientnoise_85__E__1L,2,/datasets/audio/shipsear/test/Naturalambientnoise_85__E__1L.wav,30.0,60.0,4,test,Natural ambient noise,shipsear,outputs/spectrograms/stft/shipsear_clip30_ov0.5_d191918efe/test/4/Naturalambientnoise_85__E__1L_c2.png,outputs/spectrograms/mel/shipsear_clip30_ov0.5_d191918efe/test/4/Naturalambientnoise_85__E__1L_c2.png,outputs/spectrograms/demon/shipsear_clip30_ov0.5_d191918efe/test/4/Naturalambientnoise_85__E__1L_c2.png
Naturalambientnoise_85__E__1L,3,/datasets/audio/shipsear/test/Naturalambientnoise_85__E__1L.wav,45.0,75.0,4,test,Natural ambient noise,shipsear,outputs/spectrograms/stft/shipsear_clip30_ov0.5_d191918efe/test/4/Naturalambientnoise_85__E__1L_c3.png,outputs/spectrograms/mel/shipsear_clip30_ov0.5_d191918efe/test/4/Naturalambientnoise_85__E__1L_c3.png,outputs/spectrograms/demon/shipsear_clip30_ov0.5_d191918efe/test/4/Naturalambientnoise_85__E__1L_c3.png
Naturalambientnoise_85__E__1L,4,/datasets/audio/shipsear/test/Naturalambientnoise_85__E__1L.wav,55.091213,85.091213,4,test,Natural ambient noise,shipsear,outputs/spectrograms/stft/shipsear_clip30_ov0.5_d191918efe/test/4/Naturalambientnoise_85__E__1L_c4.png,outputs/spectrograms/mel/shipsear_clip30_ov0.5_d191918efe/test/4/Naturalambientnoise_85__E__1L_c4.png,outputs/spectrograms/demon/shipsear_clip30_ov0.5_d191918efe/test/4/Naturalambientnoise_85__E__1L_c4.png
Naturalambientnoise_88__E__4L,0,/datasets/audio/shipsear/test/Naturalambientnoise_88__E__4L.wav,0.0,30.0,4,test,Natural ambient noise,shipsear,outputs/spectrograms/stft/shipsear_clip30_ov0.5_d191918efe/test/4/Naturalambientnoise_88__E__4L_c0.png,outputs/spectrograms/mel/shipsear_clip30_ov0.5_d191918efe/test/4/Naturalambientnoise_88__E__4L_c0.png,outputs/spectrograms/demon/shipsear_clip30_ov0.5_d191918efe/test/4/Naturalambientnoise_88__E__4L_c0.png
Naturalambientnoise_88__E__4L,1,/datasets/audio/shipsear/test/Naturalambientnoise_88__E__4L.wav,15.0,45.0,4,test,Natural ambient noise,shipsear,outputs/spectrograms/stft/shipsear_clip30_ov0.5_d191918efe/test/4/Naturalambientnoise_88__E__4L_c1.png,outputs/spectrograms/mel/shipsear_clip30_ov0.5_d191918efe/test/4/Naturalambientnoise_88__E__4L_c1.png,outputs/spectrograms/demon/shipsear_clip30_ov0.5_d191918efe/test/4/Naturalambientnoise_88__E__4L_c1.png
Naturalambientnoise_88__E__4L,2,/datasets/audio/shipsear/test/Naturalambientnoise_88__E__4L.wav,30.0,60.0,4,test,Natural ambient noise,shipsear,outputs/spectrograms/stft/shipsear_clip30_ov0.5_d191918efe/test/4/Naturalambientnoise_88__E__4L_c2.png,outputs/spectrograms/mel/shipsear_clip30_ov0.5_d191918efe/test/4/Naturalambientnoise_88__E__4L_c2.png,outputs/spectrograms/demon/shipsear_clip30_ov0.5_d191918efe/test/4/Naturalambientnoise_88__E__4L_c2.png
Naturalambientnoise_88__E__4L,3,/datasets/audio/shipsear/test/Naturalambientnoise_88__E__4L.wav,45.0,75.0,4,test,Natural ambient noise,shipsear,outputs/spectrograms/stft/shipsear_clip30_ov0.5_d191918efe/test/4/Naturalambientnoise_88__E__4L_c3.png,outputs/spectrograms/mel/shipsear_clip30_ov0.5_d191918efe/test/4/Naturalambientnoise_88__E__4L_c3.png,outputs/spectrograms/demon/shipsear_clip30_ov0.5_d191918efe/test/4/Naturalambientnoise_88__E__4L_c3.png
Naturalambientnoise_88__E__4L,4,/datasets/audio/shipsear/test/Naturalambientnoise_88__E__4L.wav,60.0,90.0,4,test,Natural ambient noise,shipsear,outputs/spectrograms/stft/shipsear_clip30_ov0.5_d191918efe/test/4/Naturalambientnoise_88__E__4L_c4.png,outputs/spectrograms/mel/shipsear_clip30_ov0.5_d191918efe/test/4/Naturalambientnoise_88__E__4L_c4.png,outputs/spectrograms/demon/shipsear_clip30_ov0.5_d191918efe/test/4/Naturalambientnoise_88__E__4L_c4.png
Naturalambientnoise_88__E__4L,5,/datasets/audio/shipsear/test/Naturalambientnoise_88__E__4L.wav,63.943964,93.943964,4,test,Natural ambient noise,shipsear,outputs/spectrograms/stft/shipsear_clip30_ov0.5_d191918efe/test/4/Naturalambientnoise_88__E__4L_c5.png,outputs/spectrograms/mel/shipsear_clip30_ov0.5_d191918efe/test/4/Naturalambientnoise_88__E__4L_c5.png,outputs/spectrograms/demon/shipsear_clip30_ov0.5_d191918efe/test/4/Naturalambientnoise_88__E__4L_c5.png
Oceanliner_22,0,/datasets/audio/shipsear/test/Oceanliner_22.wav,0.0,30.0,5,test,Ocean liner,shipsear,outputs/spectrograms/stft/shipsear_clip30_ov0.5_d191918efe/test/5/Oceanliner_22_c0.png,outputs/spectrograms/mel/shipsear_clip30_ov0.5_d191918efe/test/5/Oceanliner_22_c0.png,outputs/spectrograms/demon/shipsear_clip30_ov0.5_d191918efe/test/5/Oceanliner_22_c0.png
Oceanliner_22,1,/datasets/audio/shipsear/test/Oceanliner_22.wav,15.0,45.0,5,test,Ocean liner,shipsear,outputs/spectrograms/stft/shipsear_clip30_ov0.5_d191918efe/test/5/Oceanliner_22_c1.png,outputs/spectrograms/mel/shipsear_clip30_ov0.5_d191918efe/test/5/Oceanliner_22_c1.png,outputs/spectrograms/demon/shipsear_clip30_ov0.5_d191918efe/test/5/Oceanliner_22_c1.png
Oceanliner_22,2,/datasets/audio/shipsear/test/Oceanliner_22.wav,23.643475,53.643475,5,test,Ocean liner,shipsear,outputs/spectrograms/stft/shipsear_clip30_ov0.5_d191918efe/test/5/Oceanliner_22_c2.png,outputs/spectrograms/mel/shipsear_clip30_ov0.5_d191918efe/test/5/Oceanliner_22_c2.png,outputs/spectrograms/demon/shipsear_clip30_ov0.5_d191918efe/test/5/Oceanliner_22_c2.png
Oceanliner_24__19_07_13_adventureFrenando_duda,0,/datasets/audio/shipsear/test/Oceanliner_24__19_07_13_adventureFrenando_duda.wav,0.0,30.0,5,test,Ocean liner,shipsear,outputs/spectrograms/stft/shipsear_clip30_ov0.5_d191918efe/test/5/Oceanliner_24__19_07_13_adventureFrenando_duda_c0.png,outputs/spectrograms/mel/shipsear_clip30_ov0.5_d191918efe/test/5/Oceanliner_24__19_07_13_adventureFrenando_duda_c0.png,outputs/spectrograms/demon/shipsear_clip30_ov0.5_d191918efe/test/5/Oceanliner_24__19_07_13_adventureFrenando_duda_c0.png
Oceanliner_24__19_07_13_adventureFrenando_duda,1,/datasets/audio/shipsear/test/Oceanliner_24__19_07_13_adventureFrenando_duda.wav,12.701274,42.701274,5,test,Ocean liner,shipsear,outputs/spectrograms/stft/shipsear_clip30_ov0.5_d191918efe/test/5/Oceanliner_24__19_07_13_adventureFrenando_duda_c1.png,outputs/spectrograms/mel/shipsear_clip30_ov0.5_d191918efe/test/5/Oceanliner_24__19_07_13_adventureFrenando_duda_c1.png,outputs/spectrograms/demon/shipsear_clip30_ov0.5_d191918efe/test/5/Oceanliner_24__19_07_13_adventureFrenando_duda_c1.png
Passengers_14__10_07_13_piraCies_Espera,0,/datasets/audio/shipsear/test/Passengers_14__10_07_13_piraCies_Espera.wav,0.0,30.0,6,test,Passengers,shipsear,outputs/spectrograms/stft/shipsear_clip30_ov0.5_d191918efe/test/6/Passengers_14__10_07_13_piraCies_Espera_c0.png,outputs/spectrograms/mel/shipsear_clip30_ov0.5_d191918efe/test/6/Passengers_14__10_07_13_piraCies_Espera_c0.png,outputs/spectrograms/demon/shipsear_clip30_ov0.5_d191918efe/test/6/Passengers_14__10_07_13_piraCies_Espera_c0.png
Passengers_14__10_07_13_piraCies_Espera,1,/datasets/audio/shipsear/test/Passengers_14__10_07_13_piraCies_Espera.wav,15.0,45.0,6,test,Passengers,shipsear,outputs/spectrograms/stft/shipsear_clip30_ov0.5_d191918efe/test/6/Passengers_14__10_07_13_piraCies_Espera_c1.png,outputs/spectrograms/mel/shipsear_clip30_ov0.5_d191918efe/test/6/Passengers_14__10_07_13_piraCies_Espera_c1.png,outputs/spectrograms/demon/shipsear_clip30_ov0.5_d191918efe/test/6/Passengers_14__10_07_13_piraCies_Espera_c1.png
Passengers_14__10_07_13_piraCies_Espera,2,/datasets/audio/shipsear/test/Passengers_14__10_07_13_piraCies_Espera.wav,30.0,60.0,6,test,Passengers,shipsear,outputs/spectrograms/stft/shipsear_clip30_ov0.5_d191918efe/test/6/Passengers_14__10_07_13_piraCies_Espera_c2.png,outputs/spectrograms/mel/shipsear_clip30_ov0.5_d191918efe/test/6/Passengers_14__10_07_13_piraCies_Espera_c2.png,outputs/spectrograms/demon/shipsear_clip30_ov0.5_d191918efe/test/6/Passengers_14__10_07_13_piraCies_Espera_c2.png
Passengers_35__19_07_13_MarDeOnza_sale,0,/datasets/audio/shipsear/test/Passengers_35__19_07_13_MarDeOnza_sale.wav,0.0,30.0,6,test,Passengers,shipsear,outputs/spectrograms/stft/shipsear_clip30_ov0.5_d191918efe/test/6/Passengers_35__19_07_13_MarDeOnza_sale_c0.png,outputs/spectrograms/mel/shipsear_clip30_ov0.5_d191918efe/test/6/Passengers_35__19_07_13_MarDeOnza_sale_c0.png,outputs/spectrograms/demon/shipsear_clip30_ov0.5_d191918efe/test/6/Passengers_35__19_07_13_MarDeOnza_sale_c0.png
Passengers_35__19_07_13_MarDeOnza_sale,1,/datasets/audio/shipsear/test/Passengers_35__19_07_13_MarDeOnza_sale.wav,15.0,45.0,6,test,Passengers,shipsear,outputs/spectrograms/stft/shipsear_clip30_ov0.5_d191918efe/test/6/Passengers_35__19_07_13_MarDeOnza_sale_c1.png,outputs/spectrograms/mel/shipsear_clip30_ov0.5_d191918efe/test/6/Passengers_35__19_07_13_MarDeOnza_sale_c1.png,outputs/spectrograms/demon/shipsear_clip30_ov0.5_d191918efe/test/6/Passengers_35__19_07_13_MarDeOnza_sale_c1.png
Passengers_35__19_07_13_MarDeOnza_sale,2,/datasets/audio/shipsear/test/Passengers_35__19_07_13_MarDeOnza_sale.wav,30.0,60.0,6,test,Passengers,shipsear,outputs/spectrograms/stft/shipsear_clip30_ov0.5_d191918efe/test/6/Passengers_35__19_07_13_MarDeOnza_sale_c2.png,outputs/spectrograms/mel/shipsear_clip30_ov0.5_d191918efe/test/6/Passengers_35__19_07_13_MarDeOnza_sale_c2.png,outputs/spectrograms/demon/shipsear_clip30_ov0.5_d191918efe/test/6/Passengers_35__19_07_13_MarDeOnza_sale_c2.png
Passengers_35__19_07_13_MarDeOnza_sale,3,/datasets/audio/shipsear/test/Passengers_35__19_07_13_MarDeOnza_sale.wav,45.0,75.0,6,test,Passengers,shipsear,outputs/spectrograms/stft/shipsear_clip30_ov0.5_d191918efe/test/6/Passengers_35__19_07_13_MarDeOnza_sale_c3.png,outputs/spectrograms/mel/shipsear_clip30_ov0.5_d191918efe/test/6/Passengers_35__19_07_13_MarDeOnza_sale_c3.png,outputs/spectrograms/demon/shipsear_clip30_ov0.5_d191918efe/test/6/Passengers_35__19_07_13_MarDeOnza_sale_c3.png
Passengers_35__19_07_13_MarDeOnza_sale,4,/datasets/audio/shipsear/test/Passengers_35__19_07_13_MarDeOnza_sale.wav,60.0,90.0,6,test,Passengers,shipsear,outputs/spectrograms/stft/shipsear_clip30_ov0.5_d191918efe/test/6/Passengers_35__19_07_13_MarDeOnza_sale_c4.png,outputs/spectrograms/mel/shipsear_clip30_ov0.5_d191918efe/test/6/Passengers_35__19_07_13_MarDeOnza_sale_c4.png,outputs/spectrograms/demon/shipsear_clip30_ov0.5_d191918efe/test/6/Passengers_35__19_07_13_MarDeOnza_sale_c4.png
Passengers_35__19_07_13_MarDeOnza_sale,5,/datasets/audio/shipsear/test/Passengers_35__19_07_13_MarDeOnza_sale.wav,67.448857,97.448857,6,test,Passengers,shipsear,outputs/spectrograms/stft/shipsear_clip30_ov0.5_d191918efe/test/6/Passengers_35__19_07_13_MarDeOnza_sale_c5.png,outputs/spectrograms/mel/shipsear_clip30_ov0.5_d191918efe/test/6/Passengers_35__19_07_13_MarDeOnza_sale_c5.png,outputs/spectrograms/demon/shipsear_clip30_ov0.5_d191918efe/test/6/Passengers_35__19_07_13_MarDeOnza_sale_c5.png
Passengers_40__19_07_13_MarDeCangas_Llega_Interf,0,/datasets/audio/shipsear/test/Passengers_40__19_07_13_MarDeCangas_Llega_Interf.wav,0.0,30.0,6,test,Passengers,shipsear,outputs/spectrograms/stft/shipsear_clip30_ov0.5_d191918efe/test/6/Passengers_40__19_07_13_MarDeCangas_Llega_Interf_c0.png,outputs/spectrograms/mel/shipsear_clip30_ov0.5_d191918efe/test/6/Passengers_40__19_07_13_MarDeCangas_Llega_Interf_c0.png,outputs/spectrograms/demon/shipsear_clip30_ov0.5_d191918efe/test/6/Passengers_40__19_07_13_MarDeCangas_Llega_Interf_c0.png
Passengers_40__19_07_13_MarDeCangas_Llega_Interf,1,/datasets/audio/shipsear/test/Passengers_40__19_07_13_MarDeCangas_Llega_Interf.wav,14.18087,44.18087,6,test,Passengers,shipsear,outputs/spectrograms/stft/shipsear_clip30_ov0.5_d191918efe/test/6/Passengers_40__19_07_13_MarDeCangas_Llega_Interf_c1.png,outputs/spectrograms/mel/shipsear_clip30_ov0.5_d191918efe/test/6/Passengers_40__19_07_13_MarDeCangas_Llega_Interf_c1.png,outputs/spectrograms/demon/shipsear_clip30_ov0.5_d191918efe/test/6/Passengers_40__19_07_13_MarDeCangas_Llega_Interf_c1.png
Passengers_43__19_07_13_PirataDeCies_Llega_Interf,0,/datasets/audio/shipsear/test/Passengers_43__19_07_13_PirataDeCies_Llega_Interf.wav,0.0,30.0,6,test,Passengers,shipsear,outputs/spectrograms/stft/shipsear_clip30_ov0.5_d191918efe/test/6/Passengers_43__19_07_13_PirataDeCies_Llega_Interf_c0.png,outputs/spectrograms/mel/shipsear_clip30_ov0.5_d191918efe/test/6/Passengers_43__19_07_13_PirataDeCies_Llega_Interf_c0.png,outputs/spectrograms/demon/shipsear_clip30_ov0.5_d191918efe/test/6/Passengers_43__19_07_13_PirataDeCies_Llega_Interf_c0.png
Passengers_43__19_07_13_PirataDeCies_Llega_Interf,1,/datasets/audio/shipsear/test/Passengers_43__19_07_13_PirataDeCies_Llega_Interf.wav,15.0,45.0,6,test,Passengers,shipsear,outputs/spectrograms/stft/shipsear_clip30_ov0.5_d191918efe/test/6/Passengers_43__19_07_13_PirataDeCies_Llega_Interf_c1.png,outputs/spectrograms/mel/shipsear_clip30_ov0.5_d191918efe/test/6/Passengers_43__19_07_13_PirataDeCies_Llega_Interf_c1.png,outputs/spectrograms/demon/shipsear_clip30_ov0.5_d191918efe/test/6/Passengers_43__19_07_13_PirataDeCies_Llega_Interf_c1.png
Passengers_43__19_07_13_PirataDeCies_Llega_Interf,2,/datasets/audio/shipsear/test/Passengers_43__19_07_13_PirataDeCies_Llega_Interf.wav,21.521258,51.521258,6,test,Passengers,shipsear,outputs/spectrograms/stft/shipsear_clip30_ov0.5_d191918efe/test/6/Passengers_43__19_07_13_PirataDeCies_Llega_Interf_c2.png,outputs/spectrograms/mel/shipsear_clip30_ov0.5_d191918efe/test/6/Passengers_43__19_07_13_PirataDeCies_Llega_Interf_c2.png,outputs/spectrograms/demon/shipsear_clip30_ov0.5_d191918efe/test/6/Passengers_43__19_07_13_PirataDeCies_Llega_Interf_c2.png
Passengers_54__23_07_13_H3_PirataSalvora_SALE1,0,/datasets/audio/shipsear/test/Passengers_54__23_07_13_H3_PirataSalvora_SALE1.wav,0.0,30.0,6,test,Passengers,shipsear,outputs/spectrograms/stft/shipsear_clip30_ov0.5_d191918efe/test/6/Passengers_54__23_07_13_H3_PirataSalvora_SALE1_c0.png,outputs/spectrograms/mel/shipsear_clip30_ov0.5_d191918efe/test/6/Passengers_54__23_07_13_H3_PirataSalvora_SALE1_c0.png,outputs/spectrograms/demon/shipsear_clip30_ov0.5_d191918efe/test/6/Passengers_54__23_07_13_H3_PirataSalvora_SALE1_c0.png
Passengers_54__23_07_13_H3_PirataSalvora_SALE1,1,/datasets/audio/shipsear/test/Passengers_54__23_07_13_H3_PirataSalvora_SALE1.wav,15.0,45.0,6,test,Passengers,shipsear,outputs/spectrograms/stft/shipsear_clip30_ov0.5_d191918efe/test/6/Passengers_54__23_07_13_H3_PirataSalvora_SALE1_c1.png,outputs/spectrograms/mel/shipsear_clip30_ov0.5_d191918efe/test/6/Passengers_54__23_07_13_H3_PirataSalvora_SALE1_c1.png,outputs/spectrograms/demon/shipsear_clip30_ov0.5_d191918efe/test/6/Passengers_54__23_07_13_H3_PirataSalvora_SALE1_c1.png
Passengers_54__23_07_13_H3_PirataSalvora_SALE1,2,/datasets/audio/shipsear/test/Passengers_54__23_07_13_H3_PirataSalvora_SALE1.wav,30.0,60.0,6,test,Passengers,shipsear,outputs/spectrograms/stft/shipsear_clip30_ov0.5_d191918efe/test/6/Passengers_54__23_07_13_H3_PirataSalvora_SALE1_c2.png,outputs/spectrograms/mel/shipsear_clip30_ov0.5_d191918efe/test/6/Passengers_54__23_07_13_H3_PirataSalvora_SALE1_c2.png,outputs/spectrograms/demon/shipsear_clip30_ov0.5_d191918efe/test/6/Passengers_54__23_07_13_H3_PirataSalvora_SALE1_c2.png
Passengers_54__23_07_13_H3_PirataSalvora_SALE1,3,/datasets/audio/shipsear/test/Passengers_54__23_07_13_H3_PirataSalvora_SALE1.wav,38.048868,68.048868,6,test,Passengers,shipsear,outputs/spectrograms/stft/shipsear_clip30_ov0.5_d191918efe/test/6/Passengers_54__23_07_13_H3_PirataSalvora_SALE1_c3.png,outputs/spectrograms/mel/shipsear_clip30_ov0.5_d191918efe/test/6/Passengers_54__23_07_13_H3_PirataSalvora_SALE1_c3.png,outputs/spectrograms/demon/shipsear_clip30_ov0.5_d191918efe/test/6/Passengers_54__23_07_13_H3_PirataSalvora_SALE1_c3.png
Passengers_61__23_07_13_H3_MarDeCangas_SALE-2,0,/datasets/audio/shipsear/test/Passengers_61__23_07_13_H3_MarDeCangas_SALE-2.wav,0.0,30.0,6,test,Passengers,shipsear,outputs/spectrograms/stft/shipsear_clip30_ov0.5_d191918efe/test/6/Passengers_61__23_07_13_H3_MarDeCangas_SALE-2_c0.png,outputs/spectrograms/mel/shipsear_clip30_ov0.5_d191918efe/test/6/Passengers_61__23_07_13_H3_MarDeCangas_SALE-2_c0.png,outputs/spectrograms/demon/shipsear_clip30_ov0.5_d191918efe/test/6/Passengers_61__23_07_13_H3_MarDeCangas_SALE-2_c0.png
Passengers_61__23_07_13_H3_MarDeCangas_SALE-2,1,/datasets/audio/shipsear/test/Passengers_61__23_07_13_H3_MarDeCangas_SALE-2.wav,15.0,45.0,6,test,Passengers,shipsear,outputs/spectrograms/stft/shipsear_clip30_ov0.5_d191918efe/test/6/Passengers_61__23_07_13_H3_MarDeCangas_SALE-2_c1.png,outputs/spectrograms/mel/shipsear_clip30_ov0.5_d191918efe/test/6/Passengers_61__23_07_13_H3_MarDeCangas_SALE-2_c1.png,outputs/spectrograms/demon/shipsear_clip30_ov0.5_d191918efe/test/6/Passengers_61__23_07_13_H3_MarDeCangas_SALE-2_c1.png
Passengers_61__23_07_13_H3_MarDeCangas_SALE-2,2,/datasets/audio/shipsear/test/Passengers_61__23_07_13_H3_MarDeCangas_SALE-2.wav,30.0,60.0,6,test,Passengers,shipsear,outputs/spectrograms/stft/shipsear_clip30_ov0.5_d191918efe/test/6/Passengers_61__23_07_13_H3_MarDeCangas_SALE-2_c2.png,outputs/spectrograms/mel/shipsear_clip30_ov0.5_d191918efe/test/6/Passengers_61__23_07_13_H3_MarDeCangas_SALE-2_c2.png,outputs/spectrograms/demon/shipsear_clip30_ov0.5_d191918efe/test/6/Passengers_61__23_07_13_H3_MarDeCangas_SALE-2_c2.png
Passengers_61__23_07_13_H3_MarDeCangas_SALE-2,3,/datasets/audio/shipsear/test/Passengers_61__23_07_13_H3_MarDeCangas_SALE-2.wav,45.0,75.0,6,test,Passengers,shipsear,outputs/spectrograms/stft/shipsear_clip30_ov0.5_d191918efe/test/6/Passengers_61__23_07_13_H3_MarDeCangas_SALE-2_c3.png,outputs/spectrograms/mel/shipsear_clip30_ov0.5_d191918efe/test/6/Passengers_61__23_07_13_H3_MarDeCangas_SALE-2_c3.png,outputs/spectrograms/demon/shipsear_clip30_ov0.5_d191918efe/test/6/Passengers_61__23_07_13_H3_MarDeCangas_SALE-2_c3.png
Passengers_61__23_07_13_H3_MarDeCangas_SALE-2,4,/datasets/audio/shipsear/test/Passengers_61__23_07_13_H3_MarDeCangas_SALE-2.wav,60.0,90.0,6,test,Passengers,shipsear,outputs/spectrograms/stft/shipsear_clip30_ov0.5_d191918efe/test/6/Passengers_61__23_07_13_H3_MarDeCangas_SALE-2_c4.png,outputs/spectrograms/mel/shipsear_clip30_ov0.5_d191918efe/test/6/Passengers_61__23_07_13_H3_MarDeCangas_SALE-2_c4.png,outputs/spectrograms/demon/shipsear_clip30_ov0.5_d191918efe/test/6/Passengers_61__23_07_13_H3_MarDeCangas_SALE-2_c4.png
Passengers_61__23_07_13_H3_MarDeCangas_SALE-2,5,/datasets/audio/shipsear/test/Passengers_61__23_07_13_H3_MarDeCangas_SALE-2.wav,75.0,105.0,6,test,Passengers,shipsear,outputs/spectrograms/stft/shipsear_clip30_ov0.5_d191918efe/test/6/Passengers_61__23_07_13_H3_MarDeCangas_SALE-2_c5.png,outputs/spectrograms/mel/shipsear_clip30_ov0.5_d191918efe/test/6/Passengers_61__23_07_13_H3_MarDeCangas_SALE-2_c5.png,outputs/spectrograms/demon/shipsear_clip30_ov0.5_d191918efe/test/6/Passengers_61__23_07_13_H3_MarDeCangas_SALE-2_c5.png
Passengers_61__23_07_13_H3_MarDeCangas_SALE-2,6,/datasets/audio/shipsear/test/Passengers_61__23_07_13_H3_MarDeCangas_SALE-2.wav,90.0,120.0,6,test,Passengers,shipsear,outputs/spectrograms/stft/shipsear_clip30_ov0.5_d191918efe/test/6/Passengers_61__23_07_13_H3_MarDeCangas_SALE-2_c6.png,outputs/spectrograms/mel/shipsear_clip30_ov0.5_d191918efe/test/6/Passengers_61__23_07_13_H3_MarDeCangas_SALE-2_c6.png,outputs/spectrograms/demon/shipsear_clip30_ov0.5_d191918efe/test/6/Passengers_61__23_07_13_H3_MarDeCangas_SALE-2_c6.png
Passengers_61__23_07_13_H3_MarDeCangas_SALE-2,7,/datasets/audio/shipsear/test/Passengers_61__23_07_13_H3_MarDeCangas_SALE-2.wav,105.0,135.0,6,test,Passengers,shipsear,outputs/spectrograms/stft/shipsear_clip30_ov0.5_d191918efe/test/6/Passengers_61__23_07_13_H3_MarDeCangas_SALE-2_c7.png,outputs/spectrograms/mel/shipsear_clip30_ov0.5_d191918efe/test/6/Passengers_61__23_07_13_H3_MarDeCangas_SALE-2_c7.png,outputs/spectrograms/demon/shipsear_clip30_ov0.5_d191918efe/test/6/Passengers_61__23_07_13_H3_MarDeCangas_SALE-2_c7.png
Passengers_61__23_07_13_H3_MarDeCangas_SALE-2,8,/datasets/audio/shipsear/test/Passengers_61__23_07_13_H3_MarDeCangas_SALE-2.wav,113.0,143.0,6,test,Passengers,shipsear,outputs/spectrograms/stft/shipsear_clip30_ov0.5_d191918efe/test/6/Passengers_61__23_07_13_H3_MarDeCangas_SALE-2_c8.png,outputs/spectrograms/mel/shipsear_clip30_ov0.5_d191918efe/test/6/Passengers_61__23_07_13_H3_MarDeCangas_SALE-2_c8.png,outputs/spectrograms/demon/shipsear_clip30_ov0.5_d191918efe/test/6/Passengers_61__23_07_13_H3_MarDeCangas_SALE-2_c8.png
Passengers_7__10_07_13_marDeCangas_Espera,0,/datasets/audio/shipsear/test/Passengers_7__10_07_13_marDeCangas_Espera.wav,0.0,30.0,6,test,Passengers,shipsear,outputs/spectrograms/stft/shipsear_clip30_ov0.5_d191918efe/test/6/Passengers_7__10_07_13_marDeCangas_Espera_c0.png,outputs/spectrograms/mel/shipsear_clip30_ov0.5_d191918efe/test/6/Passengers_7__10_07_13_marDeCangas_Espera_c0.png,outputs/spectrograms/demon/shipsear_clip30_ov0.5_d191918efe/test/6/Passengers_7__10_07_13_marDeCangas_Espera_c0.png
Passengers_7__10_07_13_marDeCangas_Espera,1,/datasets/audio/shipsear/test/Passengers_7__10_07_13_marDeCangas_Espera.wav,15.0,45.0,6,test,Passengers,shipsear,outputs/spectrograms/stft/shipsear_clip30_ov0.5_d191918efe/test/6/Passengers_7__10_07_13_marDeCangas_Espera_c1.png,outputs/spectrograms/mel/shipsear_clip30_ov0.5_d191918efe/test/6/Passengers_7__10_07_13_marDeCangas_Espera_c1.png,outputs/spectrograms/demon/shipsear_clip30_ov0.5_d191918efe/test/6/Passengers_7__10_07_13_marDeCangas_Espera_c1.png
Passengers_7__10_07_13_marDeCangas_Espera,2,/datasets/audio/shipsear/test/Passengers_7__10_07_13_marDeCangas_Espera.wav,30.0,60.0,6,test,Passengers,shipsear,outputs/spectrograms/stft/shipsear_clip30_ov0.5_d191918efe/test/6/Passengers_7__10_07_13_marDeCangas_Espera_c2.png,outputs/spectrograms/mel/shipsear_clip30_ov0.5_d191918efe/test/6/Passengers_7__10_07_13_marDeCangas_Espera_c2.png,outputs/spectrograms/demon/shipsear_clip30_ov0.5_d191918efe/test/6/Passengers_7__10_07_13_marDeCangas_Espera_c2.png
Pilotship_30__19_07_13_practico2,0,/datasets/audio/shipsear/test/Pilotship_30__19_07_13_practico2.wav,0.0,30.0,7,test,Pilot ship,shipsear,outputs/spectrograms/stft/shipsear_clip30_ov0.5_d191918efe/test/7/Pilotship_30__19_07_13_practico2_c0.png,outputs/spectrograms/mel/shipsear_clip30_ov0.5_d191918efe/test/7/Pilotship_30__19_07_13_practico2_c0.png,outputs/spectrograms/demon/shipsear_clip30_ov0.5_d191918efe/test/7/Pilotship_30__19_07_13_practico2_c0.png
Pilotship_30__19_07_13_practico2,1,/datasets/audio/shipsear/test/Pilotship_30__19_07_13_practico2.wav,14.302575,44.302575,7,test,Pilot ship,shipsear,outputs/spectrograms/stft/shipsear_clip30_ov0.5_d191918efe/test/7/Pilotship_30__19_07_13_practico2_c1.png,outputs/spectrograms/mel/shipsear_clip30_ov0.5_d191918efe/test/7/Pilotship_30__19_07_13_practico2_c1.png,outputs/spectrograms/demon/shipsear_clip30_ov0.5_d191918efe/test/7/Pilotship_30__19_07_13_practico2_c1.png
RORO_20__18_07_13_AutopridePrepManiobra,0,/datasets/audio/shipsear/test/RORO_20__18_07_13_AutopridePrepManiobra.wav,0.0,30.0,8,test,RORO,shipsear,outputs/spectrograms/stft/shipsear_clip30_ov0.5_d191918efe/test/8/RORO_20__18_07_13_AutopridePrepManiobra_c0.png,outputs/spectrograms/mel/shipsear_clip30_ov0.5_d191918efe/test/8/RORO_20__18_07_13_AutopridePrepManiobra_c0.png,outputs/spectrograms/demon/shipsear_clip30_ov0.5_d191918efe/test/8/RORO_20__18_07_13_AutopridePrepManiobra_c0.png
RORO_20__18_07_13_AutopridePrepManiobra,1,/datasets/audio/shipsear/test/RORO_20__18_07_13_AutopridePrepManiobra.wav,0.216976,30.216976,8,test,RORO,shipsear,outputs/spectrograms/stft/shipsear_clip30_ov0.5_d191918efe/test/8/RORO_20__18_07_13_AutopridePrepManiobra_c1.png,outputs/spectrograms/mel/shipsear_clip30_ov0.5_d191918efe/test/8/RORO_20__18_07_13_AutopridePrepManiobra_c1.png,outputs/spectrograms/demon/shipsear_clip30_ov0.5_d191918efe/test/8/RORO_20__18_07_13_AutopridePrepManiobra_c1.png
RORO_78__23_07_13_H3_vikingChance,0,/datasets/audio/shipsear/test/RORO_78__23_07_13_H3_vikingChance.wav,0.0,30.0,8,test,RORO,shipsear,outputs/spectrograms/stft/shipsear_clip30_ov0.5_d191918efe/test/8/RORO_78__23_07_13_H3_vikingChance_c0.png,outputs/spectrograms/mel/shipsear_clip30_ov0.5_d191918efe/test/8/RORO_78__23_07_13_H3_vikingChance_c0.png,outputs/spectrograms/demon/shipsear_clip30_ov0.5_d191918efe/test/8/RORO_78__23_07_13_H3_vikingChance_c0.png
RORO_78__23_07_13_H3_vikingChance,1,/datasets/audio/shipsear/test/RORO_78__23_07_13_H3_vikingChance.wav,15.0,45.0,8,test,RORO,shipsear,outputs/spectrograms/stft/shipsear_clip30_ov0.5_d191918efe/test/8/RORO_78__23_07_13_H3_vikingChance_c1.png,outputs/spectrograms/mel/shipsear_clip30_ov0.5_d191918efe/test/8/RORO_78__23_07_13_H3_vikingChance_c1.png,outputs/spectrograms/demon/shipsear_clip30_ov0.5_d191918efe/test/8/RORO_78__23_07_13_H3_vikingChance_c1.png
RORO_78__23_07_13_H3_vikingChance,2,/datasets/audio/shipsear/test/RORO_78__23_07_13_H3_vikingChance.wav,30.0,60.0,8,test,RORO,shipsear,outputs/spectrograms/stft/shipsear_clip30_ov0.5_d191918efe/test/8/RORO_78__23_07_13_H3_vikingChance_c2.png,outputs/spectrograms/mel/shipsear_clip30_ov0.5_d191918efe/test/8/RORO_78__23_07_13_H3_vikingChance_c2.png,outputs/spectrograms/demon/shipsear_clip30_ov0.5_d191918efe/test/8/RORO_78__23_07_13_H3_vikingChance_c2.png
RORO_78__23_07_13_H3_vikingChance,3,/datasets/audio/shipsear/test/RORO_78__23_07_13_H3_vikingChance.wav,45.0,75.0,8,test,RORO,shipsear,outputs/spectrograms/stft/shipsear_clip30_ov0.5_d191918efe/test/8/RORO_78__23_07_13_H3_vikingChance_c3.png,outputs/spectrograms/mel/shipsear_clip30_ov0.5_d191918efe/test/8/RORO_78__23_07_13_H3_vikingChance_c3.png,outputs/spectrograms/demon/shipsear_clip30_ov0.5_d191918efe/test/8/RORO_78__23_07_13_H3_vikingChance_c3.png
RORO_78__23_07_13_H3_vikingChance,4,/datasets/audio/shipsear/test/RORO_78__23_07_13_H3_vikingChance.wav,60.0,90.0,8,test,RORO,shipsear,outputs/spectrograms/stft/shipsear_clip30_ov0.5_d191918efe/test/8/RORO_78__23_07_13_H3_vikingChance_c4.png,outputs/spectrograms/mel/shipsear_clip30_ov0.5_d191918efe/test/8/RORO_78__23_07_13_H3_vikingChance_c4.png,outputs/spectrograms/demon/shipsear_clip30_ov0.5_d191918efe/test/8/RORO_78__23_07_13_H3_vikingChance_c4.png
RORO_78__23_07_13_H3_vikingChance,5,/datasets/audio/shipsear/test/RORO_78__23_07_13_H3_vikingChance.wav,75.0,105.0,8,test,RORO,shipsear,outputs/spectrograms/stft/shipsear_clip30_ov0.5_d191918efe/test/8/RORO_78__23_07_13_H3_vikingChance_c5.png,outputs/spectrograms/mel/shipsear_clip30_ov0.5_d191918efe/test/8/RORO_78__23_07_13_H3_vikingChance_c5.png,outputs/spectrograms/demon/shipsear_clip30_ov0.5_d191918efe/test/8/RORO_78__23_07_13_H3_vikingChance_c5.png
RORO_78__23_07_13_H3_vikingChance,6,/datasets/audio/shipsear/test/RORO_78__23_07_13_H3_vikingChance.wav,90.0,120.0,8,test,RORO,shipsear,outputs/spectrograms/stft/shipsear_clip30_ov0.5_d191918efe/test/8/RORO_78__23_07_13_H3_vikingChance_c6.png,outputs/spectrograms/mel/shipsear_clip30_ov0.5_d191918efe/test/8/RORO_78__23_07_13_H3_vikingChance_c6.png,outputs/spectrograms/demon/shipsear_clip30_ov0.5_d191918efe/test/8/RORO_78__23_07_13_H3_vikingChance_c6.png
RORO_78__23_07_13_H3_vikingChance,7,/datasets/audio/shipsear/test/RORO_78__23_07_13_H3_vikingChance.wav,105.0,135.0,8,test,RORO,shipsear,outputs/spectrograms/stft/shipsear_clip30_ov0.5_d191918efe/test/8/RORO_78__23_07_13_H3_vikingChance_c7.png,outputs/spectrograms/mel/shipsear_clip30_ov0.5_d191918efe/test/8/RORO_78__23_07_13_H3_vikingChance_c7.png,outputs/spectrograms/demon/shipsear_clip30_ov0.5_d191918efe/test/8/RORO_78__23_07_13_H3_vikingChance_c7.png
RORO_78__23_07_13_H3_vikingChance,8,/datasets/audio/shipsear/test/RORO_78__23_07_13_H3_vikingChance.wav,120.0,150.0,8,test,RORO,shipsear,outputs/spectrograms/stft/shipsear_clip30_ov0.5_d191918efe/test/8/RORO_78__23_07_13_H3_vikingChance_c8.png,outputs/spectrograms/mel/shipsear_clip30_ov0.5_d191918efe/test/8/RORO_78__23_07_13_H3_vikingChance_c8.png,outputs/spectrograms/demon/shipsear_clip30_ov0.5_d191918efe/test/8/RORO_78__23_07_13_H3_vikingChance_c8.png
RORO_78__23_07_13_H3_vikingChance,9,/datasets/audio/shipsear/test/RORO_78__23_07_13_H3_vikingChance.wav,135.0,165.0,8,test,RORO,shipsear,outputs/spectrograms/stft/shipsear_clip30_ov0.5_d191918efe/test/8/RORO_78__23_07_13_H3_vikingChance_c9.png,outputs/spectrograms/mel/shipsear_clip30_ov0.5_d191918efe/test/8/RORO_78__23_07_13_H3_vikingChance_c9.png,outputs/spectrograms/demon/shipsear_clip30_ov0.5_d191918efe/test/8/RORO_78__23_07_13_H3_vikingChance_c9.png
RORO_78__23_07_13_H3_vikingChance,10,/datasets/audio/shipsear/test/RORO_78__23_07_13_H3_vikingChance.wav,150.0,180.0,8,test,RORO,shipsear,outputs/spectrograms/stft/shipsear_clip30_ov0.5_d191918efe/test/8/RORO_78__23_07_13_H3_vikingChance_c10.png,outputs/spectrograms/mel/shipsear_clip30_ov0.5_d191918efe/test/8/RORO_78__23_07_13_H3_vikingChance_c10.png,outputs/spectrograms/demon/shipsear_clip30_ov0.5_d191918efe/test/8/RORO_78__23_07_13_H3_vikingChance_c10.png
RORO_78__23_07_13_H3_vikingChance,11,/datasets/audio/shipsear/test/RORO_78__23_07_13_H3_vikingChance.wav,158.097831,188.097831,8,test,RORO,shipsear,outputs/spectrograms/stft/shipsear_clip30_ov0.5_d191918efe/test/8/RORO_78__23_07_13_H3_vikingChance_c11.png,outputs/spectrograms/mel/shipsear_clip30_ov0.5_d191918efe/test/8/RORO_78__23_07_13_H3_vikingChance_c11.png,outputs/spectrograms/demon/shipsear_clip30_ov0.5_d191918efe/test/8/RORO_78__23_07_13_H3_vikingChance_c11.png
Sailboat_56__23_07_13_H3_velero1,0,/datasets/audio/shipsear/test/Sailboat_56__23_07_13_H3_velero1.wav,0.0,30.0,9,test,Sailboat,shipsear,outputs/spectrograms/stft/shipsear_clip30_ov0.5_d191918efe/test/9/Sailboat_56__23_07_13_H3_velero1_c0.png,outputs/spectrograms/mel/shipsear_clip30_ov0.5_d191918efe/test/9/Sailboat_56__23_07_13_H3_velero1_c0.png,outputs/spectrograms/demon/shipsear_clip30_ov0.5_d191918efe/test/9/Sailboat_56__23_07_13_H3_velero1_c0.png
Sailboat_56__23_07_13_H3_velero1,1,/datasets/audio/shipsear/test/Sailboat_56__23_07_13_H3_velero1.wav,15.0,45.0,9,test,Sailboat,shipsear,outputs/spectrograms/stft/shipsear_clip30_ov0.5_d191918efe/test/9/Sailboat_56__23_07_13_H3_velero1_c1.png,outputs/spectrograms/mel/shipsear_clip30_ov0.5_d191918efe/test/9/Sailboat_56__23_07_13_H3_velero1_c1.png,outputs/spectrograms/demon/shipsear_clip30_ov0.5_d191918efe/test/9/Sailboat_56__23_07_13_H3_velero1_c1.png
Sailboat_56__23_07_13_H3_velero1,2,/datasets/audio/shipsear/test/Sailboat_56__23_07_13_H3_velero1.wav,19.0,49.0,9,test,Sailboat,shipsear,outputs/spectrograms/stft/shipsear_clip30_ov0.5_d191918efe/test/9/Sailboat_56__23_07_13_H3_velero1_c2.png,outputs/spectrograms/mel/shipsear_clip30_ov0.5_d191918efe/test/9/Sailboat_56__23_07_13_H3_velero1_c2.png,outputs/spectrograms/demon/shipsear_clip30_ov0.5_d191918efe/test/9/Sailboat_56__23_07_13_H3_velero1_c2.png
Trawler_28__19_07_13_NuevoRiaAldan_test,0,/datasets/audio/shipsear/test/Trawler_28__19_07_13_NuevoRiaAldan_test.wav,0.0,30.0,10,test,Trawler,shipsear,outputs/spectrograms/stft/shipsear_clip30_ov0.5_d191918efe/test/10/Trawler_28__19_07_13_NuevoRiaAldan_test_c0.png,outputs/spectrograms/mel/shipsear_clip30_ov0.5_d191918efe/test/10/Trawler_28__19_07_13_NuevoRiaAldan_test_c0.png,outputs/spectrograms/demon/shipsear_clip30_ov0.5_d191918efe/test/10/Trawler_28__19_07_13_NuevoRiaAldan_test_c0.png
Trawler_28__19_07_13_NuevoRiaAldan_test,1,/datasets/audio/shipsear/test/Trawler_28__19_07_13_NuevoRiaAldan_test.wav,8.599253,38.599253,10,test,Trawler,shipsear,outputs/spectrograms/stft/shipsear_clip30_ov0.5_d191918efe/test/10/Trawler_28__19_07_13_NuevoRiaAldan_test_c1.png,outputs/spectrograms/mel/shipsear_clip30_ov0.5_d191918efe/test/10/Trawler_28__19_07_13_NuevoRiaAldan_test_c1.png,outputs/spectrograms/demon/shipsear_clip30_ov0.5_d191918efe/test/10/Trawler_28__19_07_13_NuevoRiaAldan_test_c1.png
Dredger_80__04_10_12_adricristuy,0,/datasets/audio/shipsear/train/Dredger_80__04_10_12_adricristuy.wav,0.0,30.0,0,train,Dredger,shipsear,outputs/spectrograms/stft/shipsear_clip30_ov0.5_d191918efe/train/0/Dredger_80__04_10_12_adricristuy_c0.png,outputs/spectrograms/mel/shipsear_clip30_ov0.5_d191918efe/train/0/Dredger_80__04_10_12_adricristuy_c0.png,outputs/spectrograms/demon/shipsear_clip30_ov0.5_d191918efe/train/0/Dredger_80__04_10_12_adricristuy_c0.png
Dredger_80__04_10_12_adricristuy,1,/datasets/audio/shipsear/train/Dredger_80__04_10_12_adricristuy.wav,15.0,45.0,0,train,Dredger,shipsear,outputs/spectrograms/stft/shipsear_clip30_ov0.5_d191918efe/train/0/Dredger_80__04_10_12_adricristuy_c1.png,outputs/spectrograms/mel/shipsear_clip30_ov0.5_d191918efe/train/0/Dredger_80__04_10_12_adricristuy_c1.png,outputs/spectrograms/demon/shipsear_clip30_ov0.5_d191918efe/train/0/Dredger_80__04_10_12_adricristuy_c1.png
Dredger_80__04_10_12_adricristuy,2,/datasets/audio/shipsear/train/Dredger_80__04_10_12_adricristuy.wav,30.0,60.0,0,train,Dredger,shipsear,outputs/spectrograms/stft/shipsear_clip30_ov0.5_d191918efe/train/0/Dredger_80__04_10_12_adricristuy_c2.png,outputs/spectrograms/mel/shipsear_clip30_ov0.5_d191918efe/train/0/Dredger_80__04_10_12_adricristuy_c2.png,outputs/spectrograms/demon/shipsear_clip30_ov0.5_d191918efe/train/0/Dredger_80__04_10_12_adricristuy_c2.png
Dredger_80__04_10_12_adricristuy,3,/datasets/audio/shipsear/train/Dredger_80__04_10_12_adricristuy.wav,30.243297,60.243297,0,train,Dredger,shipsear,outputs/spectrograms/stft/shipsear_clip30_ov0.5_d191918efe/train/0/Dredger_80__04_10_12_adricristuy_c3.png,outputs/spectrograms/mel/shipsear_clip30_ov0.5_d191918efe/train/0/Dredger_80__04_10_12_adricristuy_c3.png,outputs/spectrograms/demon/shipsear_clip30_ov0.5_d191918efe/train/0/Dredger_80__04_10_12_adricristuy_c3.png
Dredger_93__A__Draga_1,0,/datasets/audio/shipsear/train/Dredger_93__A__Draga_1.wav,0.0,30.0,0,train,Dredger,shipsear,outputs/spectrograms/stft/shipsear_clip30_ov0.5_d191918efe/train/0/Dredger_93__A__Draga_1_c0.png,outputs/spectrograms/mel/shipsear_clip30_ov0.5_d191918efe/train/0/Dredger_93__A__Draga_1_c0.png,outputs/spectrograms/demon/shipsear_clip30_ov0.5_d191918efe/train/0/Dredger_93__A__Draga_1_c0.png
Dredger_93__A__Draga_1,1,/datasets/audio/shipsear/train/Dredger_93__A__Draga_1.wav,0.270945,30.270945,0,train,Dredger,shipsear,outputs/spectrograms/stft/shipsear_clip30_ov0.5_d191918efe/train/0/Dredger_93__A__Draga_1_c1.png,outputs/spectrograms/mel/shipsear_clip30_ov0.5_d191918efe/train/0/Dredger_93__A__Draga_1_c1.png,outputs/spectrograms/demon/shipsear_clip30_ov0.5_d191918efe/train/0/Dredger_93__A__Draga_1_c1.png
Dredger_94__A__Draga_2,0,/datasets/audio/shipsear/train/Dredger_94__A__Draga_2.wav,0.0,30.0,0,train,Dredger,shipsear,outputs/spectrograms/stft/shipsear_clip30_ov0.5_d191918efe/train/0/Dredger_94__A__Draga_2_c0.png,outputs/spectrograms/mel/shipsear_clip30_ov0.5_d191918efe/train/0/Dredger_94__A__Draga_2_c0.png,outputs/spectrograms/demon/shipsear_clip30_ov0.5_d191918efe/train/0/Dredger_94__A__Draga_2_c0.png
Dredger_94__A__Draga_2,1,/datasets/audio/shipsear/train/Dredger_94__A__Draga_2.wav,15.0,45.0,0,train,Dredger,shipsear,outputs/spectrograms/stft/shipsear_clip30_ov0.5_d191918efe/train/0/Dredger_94__A__Draga_2_c1.png,outputs/spectrograms/mel/shipsear_clip30_ov0.5_d191918efe/train/0/Dredger_94__A__Draga_2_c1.png,outputs/spectrograms/demon/shipsear_clip30_ov0.5_d191918efe/train/0/Dredger_94__A__Draga_2_c1.png
Dredger_94__A__Draga_2,2,/datasets/audio/shipsear/train/Dredger_94__A__Draga_2.wav,20.342701,50.342701,0,train,Dredger,shipsear,outputs/spectrograms/stft/shipsear_clip30_ov0.5_d191918efe/train/0/Dredger_94__A__Draga_2_c2.png,outputs/spectrograms/mel/shipsear_clip30_ov0.5_d191918efe/train/0/Dredger_94__A__Draga_2_c2.png,outputs/spectrograms/demon/shipsear_clip30_ov0.5_d191918efe/train/0/Dredger_94__A__Draga_2_c2.png
Dredger_96__A__Draga_4,0,/datasets/audio/shipsear/train/Dredger_96__A__Draga_4.wav,0.0,30.0,0,train,Dredger,shipsear,outputs/spectrograms/stft/shipsear_clip30_ov0.5_d191918efe/train/0/Dredger_96__A__Draga_4_c0.png,outputs/spectrograms/mel/shipsear_clip30_ov0.5_d191918efe/train/0/Dredger_96__A__Draga_4_c0.png,outputs/spectrograms/demon/shipsear_clip30_ov0.5_d191918efe/train/0/Dredger_96__A__Draga_4_c0.png
Dredger_96__A__Draga_4,1,/datasets/audio/shipsear/train/Dredger_96__A__Draga_4.wav,15.0,45.0,0,train,Dredger,shipsear,outputs/spectrograms/stft/shipsear_clip30_ov0.5_d191918efe/train/0/Dredger_96__A__Draga_4_c1.png,outputs/spectrograms/mel/shipsear_clip30_ov0.5_d191918efe/train/0/Dredger_96__A__Draga_4_c1.png,outputs/spectrograms/demon/shipsear_clip30_ov0.5_d191918efe/train/0/Dredger_96__A__Draga_4_c1.png
Dredger_96__A__Draga_4,2,/datasets/audio/shipsear/train/Dredger_96__A__Draga_4.wav,30.0,60.0,0,train,Dredger,shipsear,outputs/spectrograms/stft/shipsear_clip30_ov0.5_d191918efe/train/0/Dredger_96__A__Draga_4_c2.png,outputs/spectrograms/mel/shipsear_clip30_ov0.5_d191918efe/train/0/Dredger_96__A__Draga_4_c2.png,outputs/spectrograms/demon/shipsear_clip30_ov0.5_d191918efe/train/0/Dredger_96__A__Draga_4_c2.png
Dredger_96__A__Draga_4,3,/datasets/audio/shipsear/train/Dredger_96__A__Draga_4.wav,32.089335,62.089335,0,train,Dredger,shipsear,outputs/spectrograms/stft/shipsear_clip30_ov0.5_d191918efe/train/0/Dredger_96__A__Draga_4_c3.png,outputs/spectrograms/mel/shipsear_clip30_ov0.5_d191918efe/train/0/Dredger_96__A__Draga_4_c3.png,outputs/spectrograms/demon/shipsear_clip30_ov0.5_d191918efe/train/0/Dredger_96__A__Draga_4_c3.png
Fishboat_74__23_07_13_H3_pesqSaladinoPrimero,0,/datasets/audio/shipsear/train/Fishboat_74__23_07_13_H3_pesqSaladinoPrimero.wav,0.0,30.0,1,train,Fishboat,shipsear,outputs/spectrograms/stft/shipsear_clip30_ov0.5_d191918efe/train/1/Fishboat_74__23_07_13_H3_pesqSaladinoPrimero_c0.png,outputs/spectrograms/mel/shipsear_clip30_ov0.5_d191918efe/train/1/Fishboat_74__23_07_13_H3_pesqSaladinoPrimero_c0.png,outputs/spectrograms/demon/shipsear_clip30_ov0.5_d191918efe/train/1/Fishboat_74__23_07_13_H3_pesqSaladinoPrimero_c0.png
Fishboat_74__23_07_13_H3_pesqSaladinoPrimero,1,/datasets/audio/shipsear/train/Fishboat_74__23_07_13_H3_pesqSaladinoPrimero.wav,15.0,45.0,1,train,Fishboat,shipsear,outputs/spectrograms/stft/shipsear_clip30_ov0.5_d191918efe/train/1/Fishboat_74__23_07_13_H3_pesqSaladinoPrimero_c1.png,outputs/spectrograms/mel/shipsear_clip30_ov0.5_d191918efe/train/1/Fishboat_74__23_07_13_H3_pesqSaladinoPrimero_c1.png,outputs/spectrograms/demon/shipsear_clip30_ov0.5_d191918efe/train/1/Fishboat_74__23_07_13_H3_pesqSaladinoPrimero_c1.png
Fishboat_74__23_07_13_H3_pesqSaladinoPrimero,2,/datasets/audio/shipsear/train/Fishboat_74__23_07_13_H3_pesqSaladinoPrimero.wav,30.0,60.0,1,train,Fishboat,shipsear,outputs/spectrograms/stft/shipsear_clip30_ov0.5_d191918efe/train/1/Fishboat_74__23_07_13_H3_pesqSaladinoPrimero_c2.png,outputs/spectrograms/mel/shipsear_clip30_ov0.5_d191918efe/train/1/Fishboat_74__23_07_13_H3_pesqSaladinoPrimero_c2.png,outputs/spectrograms/demon/shipsear_clip30_ov0.5_d191918efe/train/1/Fishboat_74__23_07_13_H3_pesqSaladinoPrimero_c2.png
Fishboat_74__23_07_13_H3_pesqSaladinoPrimero,3,/datasets/audio/shipsear/train/Fishboat_74__23_07_13_H3_pesqSaladinoPrimero.wav,45.0,75.0,1,train,Fishboat,shipsear,outputs/spectrograms/stft/shipsear_clip30_ov0.5_d191918efe/train/1/Fishboat_74__23_07_13_H3_pesqSaladinoPrimero_c3.png,outputs/spectrograms/mel/shipsear_clip30_ov0.5_d191918efe/train/1/Fishboat_74__23_07_13_H3_pesqSaladinoPrimero_c3.png,outputs/spectrograms/demon/shipsear_clip30_ov0.5_d191918efe/train/1/Fishboat_74__23_07_13_H3_pesqSaladinoPrimero_c3.png
Fishboat_74__23_07_13_H3_pesqSaladinoPrimero,4,/datasets/audio/shipsear/train/Fishboat_74__23_07_13_H3_pesqSaladinoPrimero.wav,60.0,90.0,1,train,Fishboat,shipsear,outputs/spectrograms/stft/shipsear_clip30_ov0.5_d191918efe/train/1/Fishboat_74__23_07_13_H3_pesqSaladinoPrimero_c4.png,outputs/spectrograms/mel/shipsear_clip30_ov0.5_d191918efe/train/1/Fishboat_74__23_07_13_H3_pesqSaladinoPrimero_c4.png,outputs/spectrograms/demon/shipsear_clip30_ov0.5_d191918efe/train/1/Fishboat_74__23_07_13_H3_pesqSaladinoPrimero_c4.png
Fishboat_74__23_07_13_H3_pesqSaladinoPrimero,5,/datasets/audio/shipsear/train/Fishboat_74__23_07_13_H3_pesqSaladinoPrimero.wav,75.0,105.0,1,train,Fishboat,shipsear,outputs/spectrograms/stft/shipsear_clip30_ov0.5_d191918efe/train/1/Fishboat_74__23_07_13_H3_pesqSaladinoPrimero_c5.png,outputs/spectrograms/mel/shipsear_clip30_ov0.5_d191918efe/train/1/Fishboat_74__23_07_13_H3_pesqSaladinoPrimero_c5.png,outputs/spectrograms/demon/shipsear_clip30_ov0.5_d191918efe/train/1/Fishboat_74__23_07_13_H3_pesqSaladinoPrimero_c5.png
Fishboat_74__23_07_13_H3_pesqSaladinoPrimero,6,/datasets/audio/shipsear/train/Fishboat_74__23_07_13_H3_pesqSaladinoPrimero.wav,90.0,120.0,1,train,Fishboat,shipsear,outputs/spectrograms/stft/shipsear_clip30_ov0.5_d191918efe/train/1/Fishboat_74__23_07_13_H3_pesqSaladinoPrimero_c6.png,outputs/spectrograms/mel/shipsear_clip30_ov0.5_d191918efe/train/1/Fishboat_74__23_07_13_H3_pesqSaladinoPrimero_c6.png,outputs/spectrograms/demon/shipsear_clip30_ov0.5_d191918efe/train/1/Fishboat_74__23_07_13_H3_pesqSaladinoPrimero_c6.png
Fishboat_74__23_07_13_H3_pesqSaladinoPrimero,7,/datasets/audio/shipsear/train/Fishboat_74__23_07_13_H3_pesqSaladinoPrimero.wav,105.0,135.0,1,train,Fishboat,shipsear,outputs/spectrograms/stft/shipsear_clip30_ov0.5_d191918efe/train/1/Fishboat_74__23_07_13_H3_pesqSaladinoPrimero_c7.png,outputs/spectrograms/mel/shipsear_clip30_ov0.5_d191918efe/train/1/Fishboat_74__23_07_13_H3_pesqSaladinoPrimero_c7.png,outputs/spectrograms/demon/shipsear_clip30_ov0.5_d191918efe/train/1/Fishboat_74__23_07_13_H3_pesqSaladinoPrimero_c7.png
Fishboat_74__23_07_13_H3_pesqSaladinoPrimero,8,/datasets/audio/shipsear/train/Fishboat_74__23_07_13_H3_pesqSaladinoPrimero.wav,115.956138,145.956138,1,train,Fishboat,shipsear,outputs/spectrograms/stft/shipsear_clip30_ov0.5_d191918efe/train/1/Fishboat_74__23_07_13_H3_pesqSaladinoPrimero_c8.png,outputs/spectrograms/mel/shipsear_clip30_ov0.5_d191918efe/train/1/Fishboat_74__23_07_13_H3_pesqSaladinoPrimero_c8.png,outputs/spectrograms/demon/shipsear_clip30_ov0.5_d191918efe/train/1/Fishboat_74__23_07_13_H3_pesqSaladinoPrimero_c8.png
Fishboat_76__23_07_13_H3_pesquero2,0,/datasets/audio/shipsear/train/Fishboat_76__23_07_13_H3_pesquero2.wav,0.0,30.0,1,train,Fishboat,shipsear,outputs/spectrograms/stft/shipsear_clip30_ov0.5_d191918efe/train/1/Fishboat_76__23_07_13_H3_pesquero2_c0.png,outputs/spectrograms/mel/shipsear_clip30_ov0.5_d191918efe/train/1/Fishboat_76__23_07_13_H3_pesquero2_c0.png,outputs/spectrograms/demon/shipsear_clip30_ov0.5_d191918efe/train/1/Fishboat_76__23_07_13_H3_pesquero2_c0.png
Fishboat_76__23_07_13_H3_pesquero2,1,/datasets/audio/shipsear/train/Fishboat_76__23_07_13_H3_pesquero2.wav,15.0,45.0,1,train,Fishboat,shipsear,outputs/spectrograms/stft/shipsear_clip30_ov0.5_d191918efe/train/1/Fishboat_76__23_07_13_H3_pesquero2_c1.png,outputs/spectrograms/mel/shipsear_clip30_ov0.5_d191918efe/train/1/Fishboat_76__23_07_13_H3_pesquero2_c1.png,outputs/spectrograms/demon/shipsear_clip30_ov0.5_d191918efe/train/1/Fishboat_76__23_07_13_H3_pesquero2_c1.png
Fishboat_76__23_07_13_H3_pesquero2,2,/datasets/audio/shipsear/train/Fishboat_76__23_07_13_H3_pesquero2.wav,30.0,60.0,1,train,Fishboat,shipsear,outputs/spectrograms/stft/shipsear_clip30_ov0.5_d191918efe/train/1/Fishboat_76__23_07_13_H3_pesquero2_c2.png,outputs/spectrograms/mel/shipsear_clip30_ov0.5_d191918efe/train/1/Fishboat_76__23_07_13_H3_pesquero2_c2.png,outputs/spectrograms/demon/shipsear_clip30_ov0.5_d191918efe/train/1/Fishboat_76__23_07_13_H3_pesquero2_c2.png
Fishboat_76__23_07_13_H3_pesquero2,3,/datasets/audio/shipsear/train/Fishboat_76__23_07_13_H3_pesquero2.wav,45.0,75.0,1,train,Fishboat,shipsear,outputs/spectrograms/stft/shipsear_clip30_ov0.5_d191918efe/train/1/Fishboat_76__23_07_13_H3_pesquero2_c3.png,outputs/spectrograms/mel/shipsear_clip30_ov0.5_d191918efe/train/1/Fishboat_76__23_07_13_H3_pesquero2_c3.png,outputs/spectrograms/demon/shipsear_clip30_ov0.5_d191918efe/train/1/Fishboat_76__23_07_13_H3_pesquero2_c3.png
Fishboat_76__23_07_13_H3_pesquero2,4,/datasets/audio/shipsear/train/Fishboat_76__23_07_13_H3_pesquero2.wav,60.0,90.0,1,train,Fishboat,shipsear,outputs/spectrograms/stft/shipsear_clip30_ov0.5_d191918efe/train/1/Fishboat_76__23_07_13_H3_pesquero2_c4.png,outputs/spectrograms/mel/shipsear_clip30_ov0.5_d191918efe/train/1/Fishboat_76__23_07_13_H3_pesquero2_c4.png,outputs/spectrograms/demon/shipsear_clip30_ov0.5_d191918efe/train/1/Fishboat_76__23_07_13_H3_pesquero2_c4.png
Fishboat_76__23_07_13_H3_pesquero2,5,/datasets/audio/shipsear/train/Fishboat_76__23_07_13_H3_pesquero2.wav,75.0,105.0,1,train,Fishboat,shipsear,outputs/spectrograms/stft/shipsear_clip30_ov0.5_d191918efe/train/1/Fishboat_76__23_07_13_H3_pesquero2_c5.png,outputs/spectrograms/mel/shipsear_clip30_ov0.5_d191918efe/train/1/Fishboat_76__23_07_13_H3_pesquero2_c5.png,outputs/spectrograms/demon/shipsear_clip30_ov0.5_d191918efe/train/1/Fishboat_76__23_07_13_H3_pesquero2_c5.png
Fishboat_76__23_07_13_H3_pesquero2,6,/datasets/audio/shipsear/train/Fishboat_76__23_07_13_H3_pesquero2.wav,90.0,120.0,1,train,Fishboat,shipsear,outputs/spectrograms/stft/shipsear_clip30_ov0.5_d191918efe/train/1/Fishboat_76__23_07_13_H3_pesquero2_c6.png,outputs/spectrograms/mel/shipsear_clip30_ov0.5_d191918efe/train/1/Fishboat_76__23_07_13_H3_pesquero2_c6.png,outputs/spectrograms/demon/shipsear_clip30_ov0.5_d191918efe/train/1/Fishboat_76__23_07_13_H3_pesquero2_c6.png
Fishboat_76__23_07_13_H3_pesquero2,7,/datasets/audio/shipsear/train/Fishboat_76__23_07_13_H3_pesquero2.wav,105.0,135.0,1,train,Fishboat,shipsear,outputs/spectrograms/stft/shipsear_clip30_ov0.5_d191918efe/train/1/Fishboat_76__23_07_13_H3_pesquero2_c7.png,outputs/spectrograms/mel/shipsear_clip30_ov0.5_d191918efe/train/1/Fishboat_76__23_07_13_H3_pesquero2_c7.png,outputs/spectrograms/demon/shipsear_clip30_ov0.5_d191918efe/train/1/Fishboat_76__23_07_13_H3_pesquero2_c7.png
Fishboat_76__23_07_13_H3_pesquero2,8,/datasets/audio/shipsear/train/Fishboat_76__23_07_13_H3_pesquero2.wav,120.0,150.0,1,train,Fishboat,shipsear,outputs/spectrograms/stft/shipsear_clip30_ov0.5_d191918efe/train/1/Fishboat_76__23_07_13_H3_pesquero2_c8.png,outputs/spectrograms/mel/shipsear_clip30_ov0.5_d191918efe/train/1/Fishboat_76__23_07_13_H3_pesquero2_c8.png,outputs/spectrograms/demon/shipsear_clip30_ov0.5_d191918efe/train/1/Fishboat_76__23_07_13_H3_pesquero2_c8.png
Fishboat_76__23_07_13_H3_pesquero2,9,/datasets/audio/shipsear/train/Fishboat_76__23_07_13_H3_pesquero2.wav,135.0,165.0,1,train,Fishboat,shipsear,outputs/spectrograms/stft/shipsear_clip30_ov0.5_d191918efe/train/1/Fishboat_76__23_07_13_H3_pesquero2_c9.png,outputs/spectrograms/mel/shipsear_clip30_ov0.5_d191918efe/train/1/Fishboat_76__23_07_13_H3_pesquero2_c9.png,outputs/spectrograms/demon/shipsear_clip30_ov0.5_d191918efe/train/1/Fishboat_76__23_07_13_H3_pesquero2_c9.png
Fishboat_76__23_07_13_H3_pesquero2,10,/datasets/audio/shipsear/train/Fishboat_76__23_07_13_H3_pesquero2.wav,147.514241,177.514241,1,train,Fishboat,shipsear,outputs/spectrograms/stft/shipsear_clip30_ov0.5_d191918efe/train/1/Fishboat_76__23_07_13_H3_pesquero2_c10.png,outputs/spectrograms/mel/shipsear_clip30_ov0.5_d191918efe/train/1/Fishboat_76__23_07_13_H3_pesquero2_c10.png,outputs/spectrograms/demon/shipsear_clip30_ov0.5_d191918efe/train/1/Fishboat_76__23_07_13_H3_pesquero2_c10.png
Motorboat_27__19_07_13_Lancha2,0,/datasets/audio/shipsear/train/Motorboat_27__19_07_13_Lancha2.wav,0.0,30.0,2,train,Motorboat,shipsear,outputs/spectrograms/stft/shipsear_clip30_ov0.5_d191918efe/train/2/Motorboat_27__19_07_13_Lancha2_c0.png,outputs/spectrograms/mel/shipsear_clip30_ov0.5_d191918efe/train/2/Motorboat_27__19_07_13_Lancha2_c0.png,outputs/spectrograms/demon/shipsear_clip30_ov0.5_d191918efe/train/2/Motorboat_27__19_07_13_Lancha2_c0.png
Motorboat_27__19_07_13_Lancha2,1,/datasets/audio/shipsear/train/Motorboat_27__19_07_13_Lancha2.wav,0.691546,30.691546,2,train,Motorboat,shipsear,outputs/spectrograms/stft/shipsear_clip30_ov0.5_d191918efe/train/2/Motorboat_27__19_07_13_Lancha2_c1.png,outputs/spectrograms/mel/shipsear_clip30_ov0.5_d191918efe/train/2/Motorboat_27__19_07_13_Lancha2_c1.png,outputs/spectrograms/demon/shipsear_clip30_ov0.5_d191918efe/train/2/Motorboat_27__19_07_13_Lancha2_c1.png
Motorboat_33__19_07_13_lanchaDuda_Sale,0,/datasets/audio/shipsear/train/Motorboat_33__19_07_13_lanchaDuda_Sale.wav,0.0,30.0,2,train,Motorboat,shipsear,outputs/spectrograms/stft/shipsear_clip30_ov0.5_d191918efe/train/2/Motorboat_33__19_07_13_lanchaDuda_Sale_c0.png,outputs/spectrograms/mel/shipsear_clip30_ov0.5_d191918efe/train/2/Motorboat_33__19_07_13_lanchaDuda_Sale_c0.png,outputs/spectrograms/demon/shipsear_clip30_ov0.5_d191918efe/train/2/Motorboat_33__19_07_13_lanchaDuda_Sale_c0.png
Motorboat_33__19_07_13_lanchaDuda_Sale,1,/datasets/audio/shipsear/train/Motorboat_33__19_07_13_lanchaDuda_Sale.wav,7.415899,37.415899,2,train,Motorboat,shipsear,outputs/spectrograms/stft/shipsear_clip30_ov0.5_d191918efe/train/2/Motorboat_33__19_07_13_lanchaDuda_Sale_c1.png,outputs/spectrograms/mel/shipsear_clip30_ov0.5_d191918efe/train/2/Motorboat_33__19_07_13_lanchaDuda_Sale_c1.png,outputs/spectrograms/demon/shipsear_clip30_ov0.5_d191918efe/train/2/Motorboat_33__19_07_13_lanchaDuda_Sale_c1.png
Motorboat_39__19_07_13_lanchaMotora_Entra,0,/datasets/audio/shipsear/train/Motorboat_39__19_07_13_lanchaMotora_Entra.wav,0.0,30.0,2,train,Motorboat,shipsear,outputs/spectrograms/stft/shipsear_clip30_ov0.5_d191918efe/train/2/Motorboat_39__19_07_13_lanchaMotora_Entra_c0.png,outputs/spectrograms/mel/shipsear_clip30_ov0.5_d191918efe/train/2/Motorboat_39__19_07_13_lanchaMotora_Entra_c0.png,outputs/spectrograms/demon/shipsear_clip30_ov0.5_d191918efe/train/2/Motorboat_39__19_07_13_lanchaMotora_Entra_c0.png
Motorboat_39__19_07_13_lanchaMotora_Entra,1,/datasets/audio/shipsear/train/Motorboat_39__19_07_13_lanchaMotora_Entra.wav,15.0,45.0,2,train,Motorboat,shipsear,outputs/spectrograms/stft/shipsear_clip30_ov0.5_d191918efe/train/2/Motorboat_39__19_07_13_lanchaMotora_Entra_c1.png,outputs/spectrograms/mel/shipsear_clip30_ov0.5_d191918efe/train/2/Motorboat_39__19_07_13_lanchaMotora_Entra_c1.png,outputs/spectrograms/demon/shipsear_clip30_ov0.5_d191918efe/train/2/Motorboat_39__19_07_13_lanchaMotora_Entra_c1.png
Motorboat_39__19_07_13_lanchaMotora_Entra,2,/datasets/audio/shipsear/train/Motorboat_39__19_07_13_lanchaMotora_Entra.wav,30.0,60.0,2,train,Motorboat,shipsear,outputs/spectrograms/stft/shipsear_clip30_ov0.5_d191918efe/train/2/Motorboat_39__19_07_13_lanchaMotora_Entra_c2.png,outputs/spectrograms/mel/shipsear_clip30_ov0.5_d191918efe/train/2/Motorboat_39__19_07_13_lanchaMotora_Entra_c2.png,outputs/spectrograms/demon/shipsear_clip30_ov0.5_d191918efe/train/2/Motorboat_39__19_07_13_lanchaMotora_Entra_c2.png
Motorboat_39__19_07_13_lanchaMotora_Entra,3,/datasets/audio/shipsear/train/Motorboat_39__19_07_13_lanchaMotora_Entra.wav,43.957921,73.957921,2,train,Motorboat,shipsear,outputs/spectrograms/stft/shipsear_clip30_ov0.5_d191918efe/train/2/Motorboat_39__19_07_13_lanchaMotora_Entra_c3.png,outputs/spectrograms/mel/shipsear_clip30_ov0.5_d191918efe/train/2/Motorboat_39__19_07_13_lanchaMotora_Entra_c3.png,outputs/spectrograms/demon/shipsear_clip30_ov0.5_d191918efe/train/2/Motorboat_39__19_07_13_lanchaMotora_Entra_c3.png
Motorboat_45__19_07_13_yate_Sale,0,/datasets/audio/shipsear/train/Motorboat_45__19_07_13_yate_Sale.wav,0.0,30.0,2,train,Motorboat,shipsear,outputs/spectrograms/stft/shipsear_clip30_ov0.5_d191918efe/train/2/Motorboat_45__19_07_13_yate_Sale_c0.png,outputs/spectrograms/mel/shipsear_clip30_ov0.5_d191918efe/train/2/Motorboat_45__19_07_13_yate_Sale_c0.png,outputs/spectrograms/demon/shipsear_clip30_ov0.5_d191918efe/train/2/Motorboat_45__19_07_13_yate_Sale_c0.png
Motorboat_45__19_07_13_yate_Sale,1,/datasets/audio/shipsear/train/Motorboat_45__19_07_13_yate_Sale.wav,15.0,45.0,2,train,Motorboat,shipsear,outputs/spectrograms/stft/shipsear_clip30_ov0.5_d191918efe/train/2/Motorboat_45__19_07_13_yate_Sale_c1.png,outputs/spectrograms/mel/shipsear_clip30_ov0.5_d191918efe/train/2/Motorboat_45__19_07_13_yate_Sale_c1.png,outputs/spectrograms/demon/shipsear_clip30_ov0.5_d191918efe/train/2/Motorboat_45__19_07_13_yate_Sale_c1.png
Motorboat_45__19_07_13_yate_Sale,2,/datasets/audio/shipsear/train/Motorboat_45__19_07_13_yate_Sale.wav,30.0,60.0,2,train,Motorboat,shipsear,outputs/spectrograms/stft/shipsear_clip30_ov0.5_d191918efe/train/2/Motorboat_45__19_07_13_yate_Sale_c2.png,outputs/spectrograms/mel/shipsear_clip30_ov0.5_d191918efe/train/2/Motorboat_45__19_07_13_yate_Sale_c2.png,outputs/spectrograms/demon/shipsear_clip30_ov0.5_d191918efe/train/2/Motorboat_45__19_07_13_yate_Sale_c2.png
Motorboat_45__19_07_13_yate_Sale,3,/datasets/audio/shipsear/train/Motorboat_45__19_07_13_yate_Sale.wav,45.0,75.0,2,train,Motorboat,shipsear,outputs/spectrograms/stft/shipsear_clip30_ov0.5_d191918efe/train/2/Motorboat_45__19_07_13_yate_Sale_c3.png,outputs/spectrograms/mel/shipsear_clip30_ov0.5_d191918efe/train/2/Motorboat_45__19_07_13_yate_Sale_c3.png,outputs/spectrograms/demon/shipsear_clip30_ov0.5_d191918efe/train/2/Motorboat_45__19_07_13_yate_Sale_c3.png
Motorboat_45__19_07_13_yate_Sale,4,/datasets/audio/shipsear/train/Motorboat_45__19_07_13_yate_Sale.wav,60.0,90.0,2,train,Motorboat,shipsear,outputs/spectrograms/stft/shipsear_clip30_ov0.5_d191918efe/train/2/Motorboat_45__19_07_13_yate_Sale_c4.png,outputs/spectrograms/mel/shipsear_clip30_ov0.5_d191918efe/train/2/Motorboat_45__19_07_13_yate_Sale_c4.png,outputs/spectrograms/demon/shipsear_clip30_ov0.5_d191918efe/train/2/Motorboat_45__19_07_13_yate_Sale_c4.png
Motorboat_45__19_07_13_yate_Sale,5,/datasets/audio/shipsear/train/Motorboat_45__19_07_13_yate_Sale.wav,62.655137,92.655137,2,train,Motorboat,shipsear,outputs/spectrograms/stft/shipsear_clip30_ov0.5_d191918efe/train/2/Motorboat_45__19_07_13_yate_Sale_c5.png,outputs/spectrograms/mel/shipsear_clip30_ov0.5_d191918efe/train/2/Motorboat_45__19_07_13_yate_Sale_c5.png,outputs/spectrograms/demon/shipsear_clip30_ov0.5_d191918efe/train/2/Motorboat_45__19_07_13_yate_Sale_c5.png
Motorboat_50__23_07_13_H3_lancha1,0,/datasets/audio/shipsear/train/Motorboat_50__23_07_13_H3_lancha1.wav,0.0,30.0,2,train,Motorboat,shipsear,outputs/spectrograms/stft/shipsear_clip30_ov0.5_d191918efe/train/2/Motorboat_50__23_07_13_H3_lancha1_c0.png,outputs/spectrograms/mel/shipsear_clip30_ov0.5_d191918efe/train/2/Motorboat_50__23_07_13_H3_lancha1_c0.png,outputs/spectrograms/demon/shipsear_clip30_ov0.5_d191918efe/train/2/Motorboat_50__23_07_13_H3_lancha1_c0.png
Motorboat_50__23_07_13_H3_lancha1,1,/datasets/audio/shipsear/train/Motorboat_50__23_07_13_H3_lancha1.wav,15.0,45.0,2,train,Motorboat,shipsear,outputs/spectrograms/stft/shipsear_clip30_ov0.5_d191918efe/train/2/Motorboat_50__23_07_13_H3_lancha1_c1.png,outputs/spectrograms/mel/shipsear_clip30_ov0.5_d191918efe/train/2/Motorboat_50__23_07_13_H3_lancha1_c1.png,outputs/spectrograms/demon/shipsear_clip30_ov0.5_d191918efe/train/2/Motorboat_50__23_07_13_H3_lancha1_c1.png
Motorboat_50__23_07_13_H3_lancha1,2,/datasets/audio/shipsear/train/Motorboat_50__23_07_13_H3_lancha1.wav,30.0,60.0,2,train,Motorboat,shipsear,outputs/spectrograms/stft/shipsear_clip30_ov0.5_d191918efe/train/2/Motorboat_50__23_07_13_H3_lancha1_c2.png,outputs/spectrograms/mel/shipsear_clip30_ov0.5_d191918efe/train/2/Motorboat_50__23_07_13_H3_lancha1_c2.png,outputs/spectrograms/demon/shipsear_clip30_ov0.5_d191918efe/train/2/Motorboat_50__23_07_13_H3_lancha1_c2.png
Motorboat_50__23_07_13_H3_lancha1,3,/datasets/audio/shipsear/train/Motorboat_50__23_07_13_H3_lancha1.wav,34.0,64.0,2,train,Motorboat,shipsear,outputs/spectrograms/stft/shipsear_clip30_ov0.5_d191918efe/train/2/Motorboat_50__23_07_13_H3_lancha1_c3.png,outputs/spectrograms/mel/shipsear_clip30_ov0.5_d191918efe/train/2/Motorboat_50__23_07_13_H3_lancha1_c3.png,outputs/spectrograms/demon/shipsear_clip30_ov0.5_d191918efe/train/2/Motorboat_50__23_07_13_H3_lancha1_c3.png
Motorboat_52__23_07_13_H3_lancha3_interf,0,/datasets/audio/shipsear/train/Motorboat_52__23_07_13_H3_lancha3_interf.wav,0.0,30.0,2,train,Motorboat,shipsear,outputs/spectrograms/stft/shipsear_clip30_ov0.5_d191918efe/train/2/Motorboat_52__23_07_13_H3_lancha3_interf_c0.png,outputs/spectrograms/mel/shipsear_clip30_ov0.5_d191918efe/train/2/Motorboat_52__23_07_13_H3_lancha3_interf_c0.png,outputs/spectrograms/demon/shipsear_clip30_ov0.5_d191918efe/train/2/Motorboat_52__23_07_13_H3_lancha3_interf_c0.png
Motorboat_52__23_07_13_H3_lancha3_interf,1,/datasets/audio/shipsear/train/Motorboat_52__23_07_13_H3_lancha3_interf.wav,15.0,45.0,2,train,Motorboat,shipsear,outputs/spectrograms/stft/shipsear_clip30_ov0.5_d191918efe/train/2/Motorboat_52__23_07_13_H3_lancha3_interf_c1.png,outputs/spectrograms/mel/shipsear_clip30_ov0.5_d191918efe/train/2/Motorboat_52__23_07_13_H3_lancha3_interf_c1.png,outputs/spectrograms/demon/shipsear_clip30_ov0.5_d191918efe/train/2/Motorboat_52__23_07_13_H3_lancha3_interf_c1.png
Motorboat_52__23_07_13_H3_lancha3_interf,2,/datasets/audio/shipsear/train/Motorboat_52__23_07_13_H3_lancha3_interf.wav,30.0,60.0,2,train,Motorboat,shipsear,outputs/spectrograms/stft/shipsear_clip30_ov0.5_d191918efe/train/2/Motorboat_52__23_07_13_H3_lancha3_interf_c2.png,outputs/spectrograms/mel/shipsear_clip30_ov0.5_d191918efe/train/2/Motorboat_52__23_07_13_H3_lancha3_interf_c2.png,outputs/spectrograms/demon/shipsear_clip30_ov0.5_d191918efe/train/2/Motorboat_52__23_07_13_H3_lancha3_interf_c2.png
Motorboat_52__23_07_13_H3_lancha3_interf,3,/datasets/audio/shipsear/train/Motorboat_52__23_07_13_H3_lancha3_interf.wav,45.0,75.0,2,train,Motorboat,shipsear,outputs/spectrograms/stft/shipsear_clip30_ov0.5_d191918efe/train/2/Motorboat_52__23_07_13_H3_lancha3_interf_c3.png,outputs/spectrograms/mel/shipsear_clip30_ov0.5_d191918efe/train/2/Motorboat_52__23_07_13_H3_lancha3_interf_c3.png,outputs/spectrograms/demon/shipsear_clip30_ov0.5_d191918efe/train/2/Motorboat_52__23_07_13_H3_lancha3_interf_c3.png
Motorboat_52__23_07_13_H3_lancha3_interf,4,/datasets/audio/shipsear/train/Motorboat_52__23_07_13_H3_lancha3_interf.wav,60.0,90.0,2,train,Motorboat,shipsear,outputs/spectrograms/stft/shipsear_clip30_ov0.5_d191918efe/train/2/Motorboat_52__23_07_13_H3_lancha3_interf_c4.png,outputs/spectrograms/mel/shipsear_clip30_ov0.5_d191918efe/train/2/Motorboat_52__23_07_13_H3_lancha3_interf_c4.png,outputs/spectrograms/demon/shipsear_clip30_ov0.5_d191918efe/train/2/Motorboat_52__23_07_13_H3_lancha3_interf_c4.png
Motorboat_52__23_07_13_H3_lancha3_interf,5,/datasets/audio/shipsear/train/Motorboat_52__23_07_13_H3_lancha3_interf.wav,75.0,105.0,2,train,Motorboat,shipsear,outputs/spectrograms/stft/shipsear_clip30_ov0.5_d191918efe/train/2/Motorboat_52__23_07_13_H3_lancha3_interf_c5.png,outputs/spectrograms/mel/shipsear_clip30_ov0.5_d191918efe/train/2/Motorboat_52__23_07_13_H3_lancha3_interf_c5.png,outputs/spectrograms/demon/shipsear_clip30_ov0.5_d191918efe/train/2/Motorboat_52__23_07_13_H3_lancha3_interf_c5.png
Motorboat_52__23_07_13_H3_lancha3_interf,6,/datasets/audio/shipsear/train/Motorboat_52__23_07_13_H3_lancha3_interf.wav,90.0,120.0,2,train,Motorboat,shipsear,outputs/spectrograms/stft/shipsear_clip30_ov0.5_d191918efe/train/2/Motorboat_52__23_07_13_H3_lancha3_interf_c6.png,outputs/spectrograms/mel/shipsear_clip30_ov0.5_d191918efe/train/2/Motorboat_52__23_07_13_H3_lancha3_interf_c6.png,outputs/spectrograms/demon/shipsear_clip30_ov0.5_d191918efe/train/2/Motorboat_52__23_07_13_H3_lancha3_interf_c6.png
Motorboat_52__23_07_13_H3_lancha3_interf,7,/datasets/audio/shipsear/train/Motorboat_52__23_07_13_H3_lancha3_interf.wav,94.0,124.0,2,train,Motorboat,shipsear,outputs/spectrograms/stft/shipsear_clip30_ov0.5_d191918efe/train/2/Motorboat_52__23_07_13_H3_lancha3_interf_c7.png,outputs/spectrograms/mel/shipsear_clip30_ov0.5_d191918efe/train/2/Motorboat_52__23_07_13_H3_lancha3_interf_c7.png,outputs/spectrograms/demon/shipsear_clip30_ov0.5_d191918efe/train/2/Motorboat_52__23_07_13_H3_lancha3_interf_c7.png
Motorboat_70__23_07_13_H2_yatePeq,0,/datasets/audio/shipsear/train/Motorboat_70__23_07_13_H2_yatePeq.wav,0.0,30.0,2,train,Motorboat,shipsear,outputs/spectrograms/stft/shipsear_clip30_ov0.5_d191918efe/train/2/Motorboat_70__23_07_13_H2_yatePeq_c0.png,outputs/spectrograms/mel/shipsear_clip30_ov0.5_d191918efe/train/2/Motorboat_70__23_07_13_H2_yatePeq_c0.png,outputs/spectrograms/demon/shipsear_clip30_ov0.5_d191918efe/train/2/Motorboat_70__23_07_13_H2_yatePeq_c0.png
Motorboat_70__23_07_13_H2_yatePeq,1,/datasets/audio/shipsear/train/Motorboat_70__23_07_13_H2_yatePeq.wav,15.0,45.0,2,train,Motorboat,shipsear,outputs/spectrograms/stft/shipsear_clip30_ov0.5_d191918efe/train/2/Motorboat_70__23_07_13_H2_yatePeq_c1.png,outputs/spectrograms/mel/shipsear_clip30_ov0.5_d191918efe/train/2/Motorboat_70__23_07_13_H2_yatePeq_c1.png,outputs/spectrograms/demon/shipsear_clip30_ov0.5_d191918efe/train/2/Motorboat_70__23_07_13_H2_yatePeq_c1.png
Motorboat_70__23_07_13_H2_yatePeq,2,/datasets/audio/shipsear/train/Motorboat_70__23_07_13_H2_yatePeq.wav,30.0,60.0,2,train,Motorboat,shipsear,outputs/spectrograms/stft/shipsear_clip30_ov0.5_d191918efe/train/2/Motorboat_70__23_07_13_H2_yatePeq_c2.png,outputs/spectrograms/mel/shipsear_clip30_ov0.5_d191918efe/train/2/Motorboat_70__23_07_13_H2_yatePeq_c2.png,outputs/spectrograms/demon/shipsear_clip30_ov0.5_d191918efe/train/2/Motorboat_70__23_07_13_H2_yatePeq_c2.png
Motorboat_70__23_07_13_H2_yatePeq,3,/datasets/audio/shipsear/train/Motorboat_70__23_07_13_H2_yatePeq.wav,45.0,75.0,2,train,Motorboat,shipsear,outputs/spectrograms/stft/shipsear_clip30_ov0.5_d191918efe/train/2/Motorboat_70__23_07_13_H2_yatePeq_c3.png,outputs/spectrograms/mel/shipsear_clip30_ov0.5_d191918efe/train/2/Motorboat_70__23_07_13_H2_yatePeq_c3.png,outputs/spectrograms/demon/shipsear_clip30_ov0.5_d191918efe/train/2/Motorboat_70__23_07_13_H2_yatePeq_c3.png
Motorboat_70__23_07_13_H2_yatePeq,4,/datasets/audio/shipsear/train/Motorboat_70__23_07_13_H2_yatePeq.wav,60.0,90.0,2,train,Motorboat,shipsear,outputs/spectrograms/stft/shipsear_clip30_ov0.5_d191918efe/train/2/Motorboat_70__23_07_13_H2_yatePeq_c4.png,outputs/spectrograms/mel/shipsear_clip30_ov0.5_d191918efe/train/2/Motorboat_70__23_07_13_H2_yatePeq_c4.png,outputs/spectrograms/demon/shipsear_clip30_ov0.5_d191918efe/train/2/Motorboat_70__23_07_13_H2_yatePeq_c4.png
Motorboat_70__23_07_13_H2_yatePeq,5,/datasets/audio/shipsear/train/Motorboat_70__23_07_13_H2_yatePeq.wav,75.0,105.0,2,train,Motorboat,shipsear,outputs/spectrograms/stft/shipsear_clip30_ov0.5_d191918efe/train/2/Motorboat_70__23_07_13_H2_yatePeq_c5.png,outputs/spectrograms/mel/shipsear_clip30_ov0.5_d191918efe/train/2/Motorboat_70__23_07_13_H2_yatePeq_c5.png,outputs/spectrograms/demon/shipsear_clip30_ov0.5_d191918efe/train/2/Motorboat_70__23_07_13_H2_yatePeq_c5.png
Motorboat_70__23_07_13_H2_yatePeq,6,/datasets/audio/shipsear/train/Motorboat_70__23_07_13_H2_yatePeq.wav,84.398054,114.398054,2,train,Motorboat,shipsear,outputs/spectrograms/stft/shipsear_clip30_ov0.5_d191918efe/train/2/Motorboat_70__23_07_13_H2_yatePeq_c6.png,outputs/spectrograms/mel/shipsear_clip30_ov0.5_d191918efe/train/2/Motorboat_70__23_07_13_H2_yatePeq_c6.png,outputs/spectrograms/demon/shipsear_clip30_ov0.5_d191918efe/train/2/Motorboat_70__23_07_13_H2_yatePeq_c6.png
Motorboat_72__23_07_13_H3_lancha2,0,/datasets/audio/shipsear/train/Motorboat_72__23_07_13_H3_lancha2.wav,0.0,30.0,2,train,Motorboat,shipsear,outputs/spectrograms/stft/shipsear_clip30_ov0.5_d191918efe/train/2/Motorboat_72__23_07_13_H3_lancha2_c0.png,outputs/spectrograms/mel/shipsear_clip30_ov0.5_d191918efe/train/2/Motorboat_72__23_07_13_H3_lancha2_c0.png,outputs/spectrograms/demon/shipsear_clip30_ov0.5_d191918efe/train/2/Motorboat_72__23_07_13_H3_lancha2_c0.png
Motorboat_72__23_07_13_H3_lancha2,1,/datasets/audio/shipsear/train/Motorboat_72__23_07_13_H3_lancha2.wav,15.0,45.0,2,train,Motorboat,shipsear,outputs/spectrograms/stft/shipsear_clip30_ov0.5_d191918efe/train/2/Motorboat_72__23_07_13_H3_lancha2_c1.png,outputs/spectrograms/mel/shipsear_clip30_ov0.5_d191918efe/train/2/Motorboat_72__23_07_13_H3_lancha2_c1.png,outputs/spectrograms/demon/shipsear_clip30_ov0.5_d191918efe/train/2/Motorboat_72__23_07_13_H3_lancha2_c1.png
Motorboat_72__23_07_13_H3_lancha2,2,/datasets/audio/shipsear/train/Motorboat_72__23_07_13_H3_lancha2.wav,30.0,60.0,2,train,Motorboat,shipsear,outputs/spectrograms/stft/shipsear_clip30_ov0.5_d191918efe/train/2/Motorboat_72__23_07_13_H3_lancha2_c2.png,outputs/spectrograms/mel/shipsear_clip30_ov0.5_d191918efe/train/2/Motorboat_72__23_07_13_H3_lancha2_c2.png,outputs/spectrograms/demon/shipsear_clip30_ov0.5_d191918efe/train/2/Motorboat_72__23_07_13_H3_lancha2_c2.png
Motorboat_72__23_07_13_H3_lancha2,3,/datasets/audio/shipsear/train/Motorboat_72__23_07_13_H3_lancha2.wav,45.0,75.0,2,train,Motorboat,shipsear,outputs/spectrograms/stft/shipsear_clip30_ov0.5_d191918efe/train/2/Motorboat_72__23_07_13_H3_lancha2_c3.png,outputs/spectrograms/mel/shipsear_clip30_ov0.5_d191918efe/train/2/Motorboat_72__23_07_13_H3_lancha2_c3.png,outputs/spectrograms/demon/shipsear_clip30_ov0.5_d191918efe/train/2/Motorboat_72__23_07_13_H3_lancha2_c3.png
Motorboat_72__23_07_13_H3_lancha2,4,/datasets/audio/shipsear/train/Motorboat_72__23_07_13_H3_lancha2.wav,60.0,90.0,2,train,Motorboat,shipsear,outputs/spectrograms/stft/shipsear_clip30_ov0.5_d191918efe/train/2/Motorboat_72__23_07_13_H3_lancha2_c4.png,outputs/spectrograms/mel/shipsear_clip30_ov0.5_d191918efe/train/2/Motorboat_72__23_07_13_H3_lancha2_c4.png,outputs/spectrograms/demon/shipsear_clip30_ov0.5_d191918efe/train/2/Motorboat_72__23_07_13_H3_lancha2_c4.png
Motorboat_72__23_07_13_H3_lancha2,5,/datasets/audio/shipsear/train/Motorboat_72__23_07_13_H3_lancha2.wav,75.0,105.0,2,train,Motorboat,shipsear,outputs/spectrograms/stft/shipsear_clip30_ov0.5_d191918efe/train/2/Motorboat_72__23_07_13_H3_lancha2_c5.png,outputs/spectrograms/mel/shipsear_clip30_ov0.5_d191918efe/train/2/Motorboat_72__23_07_13_H3_lancha2_c5.png,outputs/spectrograms/demon/shipsear_clip30_ov0.5_d191918efe/train/2/Motorboat_72__23_07_13_H3_lancha2_c5.png
Motorboat_72__23_07_13_H3_lancha2,6,/datasets/audio/shipsear/train/Motorboat_72__23_07_13_H3_lancha2.wav,90.0,120.0,2,train,Motorboat,shipsear,outputs/spectrograms/stft/shipsear_clip30_ov0.5_d191918efe/train/2/Motorboat_72__23_07_13_H3_lancha2_c6.png,outputs/spectrograms/mel/shipsear_clip30_ov0.5_d191918efe/train/2/Motorboat_72__23_07_13_H3_lancha2_c6.png,outputs/spectrograms/demon/shipsear_clip30_ov0.5_d191918efe/train/2/Motorboat_72__23_07_13_H3_lancha2_c6.png
Motorboat_72__23_07_13_H3_lancha2,7,/datasets/audio/shipsear/train/Motorboat_72__23_07_13_H3_lancha2.wav,93.602496,123.602496,2,train,Motorboat,shipsear,outputs/spectrograms/stft/shipsear_clip30_ov0.5_d191918efe/train/2/Motorboat_72__23_07_13_H3_lancha2_c7.png,outputs/spectrograms/mel/shipsear_clip30_ov0.5_d191918efe/train/2/Motorboat_72__23_07_13_H3_lancha2_c7.png,outputs/spectrograms/demon/shipsear_clip30_ov0.5_d191918efe/train/2/Motorboat_72__23_07_13_H3_lancha2_c7.png
Motorboat_77__23_07_13_H3_Planeadora,0,/datasets/audio/shipsear/train/Motorboat_77__23_07_13_H3_Planeadora.wav,0.0,30.0,2,train,Motorboat,shipsear,outputs/spectrograms/stft/shipsear_clip30_ov0.5_d191918efe/train/2/Motorboat_77__23_07_13_H3_Planeadora_c0.png,outputs/spectrograms/mel/shipsear_clip30_ov0.5_d191918efe/train/2/Motorboat_77__23_07_13_H3_Planeadora_c0.png,outputs/spectrograms/demon/shipsear_clip30_ov0.5_d191918efe/train/2/Motorboat_77__23_07_13_H3_Planeadora_c0.png
Motorboat_77__23_07_13_H3_Planeadora,1,/datasets/audio/shipsear/train/Motorboat_77__23_07_13_H3_Planeadora.wav,15.0,45.0,2,train,Motorboat,shipsear,outputs/spectrograms/stft/shipsear_clip30_ov0.5_d191918efe/train/2/Motorboat_77__23_07_13_H3_Planeadora_c1.png,outputs/spectrograms/mel/shipsear_clip30_ov0.5_d191918efe/train/2/Motorboat_77__23_07_13_H3_Planeadora_c1.png,outputs/spectrograms/demon/shipsear_clip30_ov0.5_d191918efe/train/2/Motorboat_77__23_07_13_H3_Planeadora_c1.png
Motorboat_77__23_07_13_H3_Planeadora,2,/datasets/audio/shipsear/train/Motorboat_77__23_07_13_H3_Planeadora.wav,30.0,60.0,2,train,Motorboat,shipsear,outputs/spectrograms/stft/shipsear_clip30_ov0.5_d191918efe/train/2/Motorboat_77__23_07_13_H3_Planeadora_c2.png,outputs/spectrograms/mel/shipsear_clip30_ov0.5_d191918efe/train/2/Motorboat_77__23_07_13_H3_Planeadora_c2.png,outputs/spectrograms/demon/shipsear_clip30_ov0.5_d191918efe/train/2/Motorboat_77__23_07_13_H3_Planeadora_c2.png
Motorboat_77__23_07_13_H3_Planeadora,3,/datasets/audio/shipsear/train/Motorboat_77__23_07_13_H3_Planeadora.wav,45.0,75.0,2,train,Motorboat,shipsear,outputs/spectrograms/stft/shipsear_clip30_ov0.5_d191918efe/train/2/Motorboat_77__23_07_13_H3_Planeadora_c3.png,outputs/spectrograms/mel/shipsear_clip30_ov0.5_d191918efe/train/2/Motorboat_77__23_07_13_H3_Planeadora_c3.png,outputs/spectrograms/demon/shipsear_clip30_ov0.5_d191918efe/train/2/Motorboat_77__23_07_13_H3_Planeadora_c3.png
Motorboat_77__23_07_13_H3_Planeadora,4,/datasets/audio/shipsear/train/Motorboat_77__23_07_13_H3_Planeadora.wav,60.0,90.0,2,train,Motorboat,shipsear,outputs/spectrograms/stft/shipsear_clip30_ov0.5_d191918efe/train/2/Motorboat_77__23_07_13_H3_Planeadora_c4.png,outputs/spectrograms/mel/shipsear_clip30_ov0.5_d191918efe/train/2/Motorboat_77__23_07_13_H3_Planeadora_c4.png,outputs/spectrograms/demon/shipsear_clip30_ov0.5_d191918efe/train/2/Motorboat_77__23_07_13_H3_Planeadora_c4.png
Motorboat_77__23_07_13_H3_Planeadora,5,/datasets/audio/shipsear/train/Motorboat_77__23_07_13_H3_Planeadora.wav,62.044431,92.044431,2,train,Motorboat,shipsear,outputs/spectrograms/stft/shipsear_clip30_ov0.5_d191918efe/train/2/Motorboat_77__23_07_13_H3_Planeadora_c5.png,outputs/spectrograms/mel/shipsear_clip30_ov0.5_d191918efe/train/2/Motorboat_77__23_07_13_H3_Planeadora_c5.png,outputs/spectrograms/demon/shipsear_clip30_ov0.5_d191918efe/train/2/Motorboat_77__23_07_13_H3_Planeadora_c5.png
Motorboat_79__23_07_13_H3_zodiac,0,/datasets/audio/shipsear/train/Motorboat_79__23_07_13_H3_zodiac.wav,0.0,30.0,2,train,Motorboat,shipsear,outputs/spectrograms/stft/shipsear_clip30_ov0.5_d191918efe/train/2/Motorboat_79__23_07_13_H3_zodiac_c0.png,outputs/spectrograms/mel/shipsear_clip30_ov0.5_d191918efe/train/2/Motorboat_79__23_07_13_H3_zodiac_c0.png,outputs/spectrograms/demon/shipsear_clip30_ov0.5_d191918efe/train/2/Motorboat_79__23_07_13_H3_zodiac_c0.png
Motorboat_79__23_07_13_H3_zodiac,1,/datasets/audio/shipsear/train/Motorboat_79__23_07_13_H3_zodiac.wav,15.0,45.0,2,train,Motorboat,shipsear,outputs/spectrograms/stft/shipsear_clip30_ov0.5_d191918efe/train/2/Motorboat_79__23_07_13_H3_zodiac_c1.png,outputs/spectrograms/mel/shipsear_clip30_ov0.5_d191918efe/train/2/Motorboat_79__23_07_13_H3_zodiac_c1.png,outputs/spectrograms/demon/shipsear_clip30_ov0.5_d191918efe/train/2/Motorboat_79__23_07_13_H3_zodiac_c1.png
Motorboat_79__23_07_13_H3_zodiac,2,/datasets/audio/shipsear/train/Motorboat_79__23_07_13_H3_zodiac.wav,30.0,60.0,2,train,Motorboat,shipsear,outputs/spectrograms/stft/shipsear_clip30_ov0.5_d191918efe/train/2/Motorboat_79__23_07_13_H3_zodiac_c2.png,outputs/spectrograms/mel/shipsear_clip30_ov0.5_d191918efe/train/2/Motorboat_79__23_07_13_H3_zodiac_c2.png,outputs/spectrograms/demon/shipsear_clip30_ov0.5_d191918efe/train/2/Motorboat_79__23_07_13_H3_zodiac_c2.png
Motorboat_79__23_07_13_H3_zodiac,3,/datasets/audio/shipsear/train/Motorboat_79__23_07_13_H3_zodiac.wav,45.0,75.0,2,train,Motorboat,shipsear,outputs/spectrograms/stft/shipsear_clip30_ov0.5_d191918efe/train/2/Motorboat_79__23_07_13_H3_zodiac_c3.png,outputs/spectrograms/mel/shipsear_clip30_ov0.5_d191918efe/train/2/Motorboat_79__23_07_13_H3_zodiac_c3.png,outputs/spectrograms/demon/shipsear_clip30_ov0.5_d191918efe/train/2/Motorboat_79__23_07_13_H3_zodiac_c3.png
Motorboat_79__23_07_13_H3_zodiac,4,/datasets/audio/shipsear/train/Motorboat_79__23_07_13_H3_zodiac.wav,60.0,90.0,2,train,Motorboat,shipsear,outputs/spectrograms/stft/shipsear_clip30_ov0.5_d191918efe/train/2/Motorboat_79__23_07_13_H3_zodiac_c4.png,outputs/spectrograms/mel/shipsear_clip30_ov0.5_d191918efe/train/2/Motorboat_79__23_07_13_H3_zodiac_c4.png,outputs/spectrograms/demon/shipsear_clip30_ov0.5_d191918efe/train/2/Motorboat_79__23_07_13_H3_zodiac_c4.png
Motorboat_79__23_07_13_H3_zodiac,5,/datasets/audio/shipsear/train/Motorboat_79__23_07_13_H3_zodiac.wav,69.933933,99.933933,2,train,Motorboat,shipsear,outputs/spectrograms/stft/shipsear_clip30_ov0.5_d191918efe/train/2/Motorboat_79__23_07_13_H3_zodiac_c5.png,outputs/spectrograms/mel/shipsear_clip30_ov0.5_d191918efe/train/2/Motorboat_79__23_07_13_H3_zodiac_c5.png,outputs/spectrograms/demon/shipsear_clip30_ov0.5_d191918efe/train/2/Motorboat_79__23_07_13_H3_zodiac_c5.png
Musselboat_47__23_07_13_H2_bateero2,0,/datasets/audio/shipsear/train/Musselboat_47__23_07_13_H2_bateero2.wav,0.0,30.0,3,train,Mussel boat,shipsear,outputs/spectrograms/stft/shipsear_clip30_ov0.5_d191918efe/train/3/Musselboat_47__23_07_13_H2_bateero2_c0.png,outputs/spectrograms/mel/shipsear_clip30_ov0.5_d191918efe/train/3/Musselboat_47__23_07_13_H2_bateero2_c0.png,outputs/spectrograms/demon/shipsear_clip30_ov0.5_d191918efe/train/3/Musselboat_47__23_07_13_H2_bateero2_c0.png
Musselboat_47__23_07_13_H2_bateero2,1,/datasets/audio/shipsear/train/Musselboat_47__23_07_13_H2_bateero2.wav,15.0,45.0,3,train,Mussel boat,shipsear,outputs/spectrograms/stft/shipsear_clip30_ov0.5_d191918efe/train/3/Musselboat_47__23_07_13_H2_bateero2_c1.png,outputs/spectrograms/mel/shipsear_clip30_ov0.5_d191918efe/train/3/Musselboat_47__23_07_13_H2_bateero2_c1.png,outputs/spectrograms/demon/shipsear_clip30_ov0.5_d191918efe/train/3/Musselboat_47__23_07_13_H2_bateero2_c1.png
Musselboat_47__23_07_13_H2_bateero2,2,/datasets/audio/shipsear/train/Musselboat_47__23_07_13_H2_bateero2.wav,30.0,60.0,3,train,Mussel boat,shipsear,outputs/spectrograms/stft/shipsear_clip30_ov0.5_d191918efe/train/3/Musselboat_47__23_07_13_H2_bateero2_c2.png,outputs/spectrograms/mel/shipsear_clip30_ov0.5_d191918efe/train/3/Musselboat_47__23_07_13_H2_bateero2_c2.png,outputs/spectrograms/demon/shipsear_clip30_ov0.5_d191918efe/train/3/Musselboat_47__23_07_13_H2_bateero2_c2.png
Musselboat_47__23_07_13_H2_bateero2,3,/datasets/audio/shipsear/train/Musselboat_47__23_07_13_H2_bateero2.wav,45.0,75.0,3,train,Mussel boat,shipsear,outputs/spectrograms/stft/shipsear_clip30_ov0.5_d191918efe/train/3/Musselboat_47__23_07_13_H2_bateero2_c3.png,outputs/spectrograms/mel/shipsear_clip30_ov0.5_d191918efe/train/3/Musselboat_47__23_07_13_H2_bateero2_c3.png,outputs/spectrograms/demon/shipsear_clip30_ov0.5_d191918efe/train/3/Musselboat_47__23_07_13_H2_bateero2_c3.png
Musselboat_47__23_07_13_H2_bateero2,4,/datasets/audio/shipsear/train/Musselboat_47__23_07_13_H2_bateero2.wav,60.0,90.0,3,train,Mussel boat,shipsear,outputs/spectrograms/stft/shipsear_clip30_ov0.5_d191918efe/train/3/Musselboat_47__23_07_13_H2_bateero2_c4.png,outputs/spectrograms/mel/shipsear_clip30_ov0.5_d191918efe/train/3/Musselboat_47__23_07_13_H2_bateero2_c4.png,outputs/spectrograms/demon/shipsear_clip30_ov0.5_d191918efe/train/3/Musselboat_47__23_07_13_H2_bateero2_c4.png
Musselboat_47__23_07_13_H2_bateero2,5,/datasets/audio/shipsear/train/Musselboat_47__23_07_13_H2_bateero2.wav,75.0,105.0,3,train,Mussel boat,shipsear,outputs/spectrograms/stft/shipsear_clip30_ov0.5_d191918efe/train/3/Musselboat_47__23_07_13_H2_bateero2_c5.png,outputs/spectrograms/mel/shipsear_clip30_ov0.5_d191918efe/train/3/Musselboat_47__23_07_13_H2_bateero2_c5.png,outputs/spectrograms/demon/shipsear_clip30_ov0.5_d191918efe/train/3/Musselboat_47__23_07_13_H2_bateero2_c5.png
Musselboat_47__23_07_13_H2_bateero2,6,/datasets/audio/shipsear/train/Musselboat_47__23_07_13_H2_bateero2.wav,90.0,120.0,3,train,Mussel boat,shipsear,outputs/spectrograms/stft/shipsear_clip30_ov0.5_d191918efe/train/3/Musselboat_47__23_07_13_H2_bateero2_c6.png,outputs/spectrograms/mel/shipsear_clip30_ov0.5_d191918efe/train/3/Musselboat_47__23_07_13_H2_bateero2_c6.png,outputs/spectrograms/demon/shipsear_clip30_ov0.5_d191918efe/train/3/Musselboat_47__23_07_13_H2_bateero2_c6.png
Musselboat_47__23_07_13_H2_bateero2,7,/datasets/audio/shipsear/train/Musselboat_47__23_07_13_H2_bateero2.wav,105.0,135.0,3,train,Mussel boat,shipsear,outputs/spectrograms/stft/shipsear_clip30_ov0.5_d191918efe/train/3/Musselboat_47__23_07_13_H2_bateero2_c7.png,outputs/spectrograms/mel/shipsear_clip30_ov0.5_d191918efe/train/3/Musselboat_47__23_07_13_H2_bateero2_c7.png,outputs/spectrograms/demon/shipsear_clip30_ov0.5_d191918efe/train/3/Musselboat_47__23_07_13_H2_bateero2_c7.png
Musselboat_47__23_07_13_H2_bateero2,8,/datasets/audio/shipsear/train/Musselboat_47__23_07_13_H2_bateero2.wav,120.0,150.0,3,train,Mussel boat,shipsear,outputs/spectrograms/stft/shipsear_clip30_ov0.5_d191918efe/train/3/Musselboat_47__23_07_13_H2_bateero2_c8.png,outputs/spectrograms/mel/shipsear_clip30_ov0.5_d191918efe/train/3/Musselboat_47__23_07_13_H2_bateero2_c8.png,outputs/spectrograms/demon/shipsear_clip30_ov0.5_d191918efe/train/3/Musselboat_47__23_07_13_H2_bateero2_c8.png
Musselboat_47__23_07_13_H2_bateero2,9,/datasets/audio/shipsear/train/Musselboat_47__23_07_13_H2_bateero2.wav,135.0,165.0,3,train,Mussel boat,shipsear,outputs/spectrograms/stft/shipsear_clip30_ov0.5_d191918efe/train/3/Musselboat_47__23_07_13_H2_bateero2_c9.png,outputs/spectrograms/mel/shipsear_clip30_ov0.5_d191918efe/train/3/Musselboat_47__23_07_13_H2_bateero2_c9.png,outputs/spectrograms/demon/shipsear_clip30_ov0.5_d191918efe/train/3/Musselboat_47__23_07_13_H2_bateero2_c9.png
Musselboat_47__23_07_13_H2_bateero2,10,/datasets/audio/shipsear/train/Musselboat_47__23_07_13_H2_bateero2.wav,150.0,180.0,3,train,Mussel boat,shipsear,outputs/spectrograms/stft/shipsear_clip30_ov0.5_d191918efe/train/3/Musselboat_47__23_07_13_H2_bateero2_c10.png,outputs/spectrograms/mel/shipsear_clip30_ov0.5_d191918efe/train/3/Musselboat_47__23_07_13_H2_bateero2_c10.png,outputs/spectrograms/demon/shipsear_clip30_ov0.5_d191918efe/train/3/Musselboat_47__23_07_13_H2_bateero2_c10.png
Musselboat_47__23_07_13_H2_bateero2,11,/datasets/audio/shipsear/train/Musselboat_47__23_07_13_H2_bateero2.wav,165.0,195.0,3,train,Mussel boat,shipsear,outputs/spectrograms/stft/shipsear_clip30_ov0.5_d191918efe/train/3/Musselboat_47__23_07_13_H2_bateero2_c11.png,outputs/spectrograms/mel/shipsear_clip30_ov0.5_d191918efe/train/3/Musselboat_47__23_07_13_H2_bateero2_c11.png,outputs/spectrograms/demon/shipsear_clip30_ov0.5_d191918efe/train/3/Musselboat_47__23_07_13_H2_bateero2_c11.png
Musselboat_47__23_07_13_H2_bateero2,12,/datasets/audio/shipsear/train/Musselboat_47__23_07_13_H2_bateero2.wav,180.0,210.0,3,train,Mussel boat,shipsear,outputs/spectrograms/stft/shipsear_clip30_ov0.5_d191918efe/train/3/Musselboat_47__23_07_13_H2_bateero2_c12.png,outputs/spectrograms/mel/shipsear_clip30_ov0.5_d191918efe/train/3/Musselboat_47__23_07_13_H2_bateero2_c12.png,outputs/spectrograms/demon/shipsear_clip30_ov0.5_d191918efe/train/3/Musselboat_47__23_07_13_H2_bateero2_c12.png
Musselboat_47__23_07_13_H2_bateero2,13,/datasets/audio/shipsear/train/Musselboat_47__23_07_13_H2_bateero2.wav,195.0,225.0,3,train,Mussel boat,shipsear,outputs/spectrograms/stft/shipsear_clip30_ov0.5_d191918efe/train/3/Musselboat_47__23_07_13_H2_bateero2_c13.png,outputs/spectrograms/mel/shipsear_clip30_ov0.5_d191918efe/train/3/Musselboat_47__23_07_13_H2_bateero2_c13.png,outputs/spectrograms/demon/shipsear_clip30_ov0.5_d191918efe/train/3/Musselboat_47__23_07_13_H2_bateero2_c13.png
Musselboat_47__23_07_13_H2_bateero2,14,/datasets/audio/shipsear/train/Musselboat_47__23_07_13_H2_bateero2.wav,210.0,240.0,3,train,Mussel boat,shipsear,outputs/spectrograms/stft/shipsear_clip30_ov0.5_d191918efe/train/3/Musselboat_47__23_07_13_H2_bateero2_c14.png,outputs/spectrograms/mel/shipsear_clip30_ov0.5_d191918efe/train/3/Musselboat_47__23_07_13_H2_bateero2_c14.png,outputs/spectrograms/demon/shipsear_clip30_ov0.5_d191918efe/train/3/Musselboat_47__23_07_13_H2_bateero2_c14.png
Musselboat_47__23_07_13_H2_bateero2,15,/datasets/audio/shipsear/train/Musselboat_47__23_07_13_H2_bateero2.wav,225.0,255.0,3,train,Mussel boat,shipsear,outputs/spectrograms/stft/shipsear_clip30_ov0.5_d191918efe/train/3/Musselboat_47__23_07_13_H2_bateero2_c15.png,outputs/spectrograms/mel/shipsear_clip30_ov0.5_d191918efe/train/3/Musselboat_47__23_07_13_H2_bateero2_c15.png,outputs/spectrograms/demon/shipsear_clip30_ov0.5_d191918efe/train/3/Musselboat_47__23_07_13_H2_bateero2_c15.png
Musselboat_47__23_07_13_H2_bateero2,16,/datasets/audio/shipsear/train/Musselboat_47__23_07_13_H2_bateero2.wav,240.0,270.0,3,train,Mussel boat,shipsear,outputs/spectrograms/stft/shipsear_clip30_ov0.5_d191918efe/train/3/Musselboat_47__23_07_13_H2_bateero2_c16.png,outputs/spectrograms/mel/shipsear_clip30_ov0.5_d191918efe/train/3/Musselboat_47__23_07_13_H2_bateero2_c16.png,outputs/spectrograms/demon/shipsear_clip30_ov0.5_d191918efe/train/3/Musselboat_47__23_07_13_H2_bateero2_c16.png
Musselboat_47__23_07_13_H2_bateero2,17,/datasets/audio/shipsear/train/Musselboat_47__23_07_13_H2_bateero2.wav,255.0,285.0,3,train,Mussel boat,shipsear,outputs/spectrograms/stft/shipsear_clip30_ov0.5_d191918efe/train/3/Musselboat_47__23_07_13_H2_bateero2_c17.png,outputs/spectrograms/mel/shipsear_clip30_ov0.5_d191918efe/train/3/Musselboat_47__23_07_13_H2_bateero2_c17.png,outputs/spectrograms/demon/shipsear_clip30_ov0.5_d191918efe/train/3/Musselboat_47__23_07_13_H2_bateero2_c17.png
Musselboat_47__23_07_13_H2_bateero2,18,/datasets/audio/shipsear/train/Musselboat_47__23_07_13_H2_bateero2.wav,270.0,300.0,3,train,Mussel boat,shipsear,outputs/spectrograms/stft/shipsear_clip30_ov0.5_d191918efe/train/3/Musselboat_47__23_07_13_H2_bateero2_c18.png,outputs/spectrograms/mel/shipsear_clip30_ov0.5_d191918efe/train/3/Musselboat_47__23_07_13_H2_bateero2_c18.png,outputs/spectrograms/demon/shipsear_clip30_ov0.5_d191918efe/train/3/Musselboat_47__23_07_13_H2_bateero2_c18.png
Musselboat_47__23_07_13_H2_bateero2,19,/datasets/audio/shipsear/train/Musselboat_47__23_07_13_H2_bateero2.wav,284.079209,314.079209,3,train,Mussel boat,shipsear,outputs/spectrograms/stft/shipsear_clip30_ov0.5_d191918efe/train/3/Musselboat_47__23_07_13_H2_bateero2_c19.png,outputs/spectrograms/mel/shipsear_clip30_ov0.5_d191918efe/train/3/Musselboat_47__23_07_13_H2_bateero2_c19.png,outputs/spectrograms/demon/shipsear_clip30_ov0.5_d191918efe/train/3/Musselboat_47__23_07_13_H2_bateero2_c19.png
Musselboat_48__23_07_13_H3_bateero3_interf,0,/datasets/audio/shipsear/train/Musselboat_48__23_07_13_H3_bateero3_interf.wav,0.0,30.0,3,train,Mussel boat,shipsear,outputs/spectrograms/stft/shipsear_clip30_ov0.5_d191918efe/train/3/Musselboat_48__23_07_13_H3_bateero3_interf_c0.png,outputs/spectrograms/mel/shipsear_clip30_ov0.5_d191918efe/train/3/Musselboat_48__23_07_13_H3_bateero3_interf_c0.png,outputs/spectrograms/demon/shipsear_clip30_ov0.5_d191918efe/train/3/Musselboat_48__23_07_13_H3_bateero3_interf_c0.png
Musselboat_48__23_07_13_H3_bateero3_interf,1,/datasets/audio/shipsear/train/Musselboat_48__23_07_13_H3_bateero3_interf.wav,15.0,45.0,3,train,Mussel boat,shipsear,outputs/spectrograms/stft/shipsear_clip30_ov0.5_d191918efe/train/3/Musselboat_48__23_07_13_H3_bateero3_interf_c1.png,outputs/spectrograms/mel/shipsear_clip30_ov0.5_d191918efe/train/3/Musselboat_48__23_07_13_H3_bateero3_interf_c1.png,outputs/spectrograms/demon/shipsear_clip30_ov0.5_d191918efe/train/3/Musselboat_48__23_07_13_H3_bateero3_interf_c1.png
Musselboat_48__23_07_13_H3_bateero3_interf,2,/datasets/audio/shipsear/train/Musselboat_48__23_07_13_H3_bateero3_interf.wav,30.0,60.0,3,train,Mussel boat,shipsear,outputs/spectrograms/stft/shipsear_clip30_ov0.5_d191918efe/train/3/Musselboat_48__23_07_13_H3_bateero3_interf_c2.png,outputs/spectrograms/mel/shipsear_clip30_ov0.5_d191918efe/train/3/Musselboat_48__23_07_13_H3_bateero3_interf_c2.png,outputs/spectrograms/demon/shipsear_clip30_ov0.5_d191918efe/train/3/Musselboat_48__23_07_13_H3_bateero3_interf_c2.png
Musselboat_48__23_07_13_H3_bateero3_interf,3,/datasets/audio/shipsear/train/Musselboat_48__23_07_13_H3_bateero3_interf.wav,45.0,75.0,3,train,Mussel boat,shipsear,outputs/spectrograms/stft/shipsear_clip30_ov0.5_d191918efe/train/3/Musselboat_48__23_07_13_H3_bateero3_interf_c3.png,outputs/spectrograms/mel/shipsear_clip30_ov0.5_d191918efe/train/3/Musselboat_48__23_07_13_H3_bateero3_interf_c3.png,outputs/spectrograms/demon/shipsear_clip30_ov0.5_d191918efe/train/3/Musselboat_48__23_07_13_H3_bateero3_interf_c3.png
Musselboat_48__23_07_13_H3_bateero3_interf,4,/datasets/audio/shipsear/train/Musselboat_48__23_07_13_H3_bateero3_interf.wav,53.0,83.0,3,train,Mussel boat,shipsear,outputs/spectrograms/stft/shipsear_clip30_ov0.5_d191918efe/train/3/Musselboat_48__23_07_13_H3_bateero3_interf_c4.png,outputs/spectrograms/mel/shipsear_clip30_ov0.5_d191918efe/train/3/Musselboat_48__23_07_13_H3_bateero3_interf_c4.png,outputs/spectrograms/demon/shipsear_clip30_ov0.5_d191918efe/train/3/Musselboat_48__23_07_13_H3_bateero3_interf_c4.png
Musselboat_49__23_07_13_H1_bateero4,0,/datasets/audio/shipsear/train/Musselboat_49__23_07_13_H1_bateero4.wav,0.0,30.0,3,train,Mussel boat,shipsear,outputs/spectrograms/stft/shipsear_clip30_ov0.5_d191918efe/train/3/Musselboat_49__23_07_13_H1_bateero4_c0.png,outputs/spectrograms/mel/shipsear_clip30_ov0.5_d191918efe/train/3/Musselboat_49__23_07_13_H1_bateero4_c0.png,outputs/spectrograms/demon/shipsear_clip30_ov0.5_d191918efe/train/3/Musselboat_49__23_07_13_H1_bateero4_c0.png
Musselboat_49__23_07_13_H1_bateero4,1,/datasets/audio/shipsear/train/Musselboat_49__23_07_13_H1_bateero4.wav,15.0,45.0,3,train,Mussel boat,shipsear,outputs/spectrograms/stft/shipsear_clip30_ov0.5_d191918efe/train/3/Musselboat_49__23_07_13_H1_bateero4_c1.png,outputs/spectrograms/mel/shipsear_clip30_ov0.5_d191918efe/train/3/Musselboat_49__23_07_13_H1_bateero4_c1.png,outputs/spectrograms/demon/shipsear_clip30_ov0.5_d191918efe/train/3/Musselboat_49__23_07_13_H1_bateero4_c1.png
Musselboat_49__23_07_13_H1_bateero4,2,/datasets/audio/shipsear/train/Musselboat_49__23_07_13_H1_bateero4.wav,30.0,60.0,3,train,Mussel boat,shipsear,outputs/spectrograms/stft/shipsear_clip30_ov0.5_d191918efe/train/3/Musselboat_49__23_07_13_H1_bateero4_c2.png,outputs/spectrograms/mel/shipsear_clip30_ov0.5_d191918efe/train/3/Musselboat_49__23_07_13_H1_bateero4_c2.png,outputs/spectrograms/demon/shipsear_clip30_ov0.5_d191918efe/train/3/Musselboat_49__23_07_13_H1_bateero4_c2.png
Musselboat_49__23_07_13_H1_bateero4,3,/datasets/audio/shipsear/train/Musselboat_49__23_07_13_H1_bateero4.wav,45.0,75.0,3,train,Mussel boat,shipsear,outputs/spectrograms/stft/shipsear_clip30_ov0.5_d191918efe/train/3/Musselboat_49__23_07_13_H1_bateero4_c3.png,outputs/spectrograms/mel/shipsear_clip30_ov0.5_d191918efe/train/3/Musselboat_49__23_07_13_H1_bateero4_c3.png,outputs/spectrograms/demon/shipsear_clip30_ov0.5_d191918efe/train/3/Musselboat_49__23_07_13_H1_bateero4_c3.png
Musselboat_49__23_07_13_H1_bateero4,4,/datasets/audio/shipsear/train/Musselboat_49__23_07_13_H1_bateero4.wav,60.0,90.0,3,train,Mussel boat,shipsear,outputs/spectrograms/stft/shipsear_clip30_ov0.5_d191918efe/train/3/Musselboat_49__23_07_13_H1_bateero4_c4.png,outputs/spectrograms/mel/shipsear_clip30_ov0.5_d191918efe/train/3/Musselboat_49__23_07_13_H1_bateero4_c4.png,outputs/spectrograms/demon/shipsear_clip30_ov0.5_d191918efe/train/3/Musselboat_49__23_07_13_H1_bateero4_c4.png
Musselboat_49__23_07_13_H1_bateero4,5,/datasets/audio/shipsear/train/Musselboat_49__23_07_13_H1_bateero4.wav,75.0,105.0,3,train,Mussel boat,shipsear,outputs/spectrograms/stft/shipsear_clip30_ov0.5_d191918efe/train/3/Musselboat_49__23_07_13_H1_bateero4_c5.png,outputs/spectrograms/mel/shipsear_clip30_ov0.5_d191918efe/train/3/Musselboat_49__23_07_13_H1_bateero4_c5.png,outputs/spectrograms/demon/shipsear_clip30_ov0.5_d191918efe/train/3/Musselboat_49__23_07_13_H1_bateero4_c5.png
Musselboat_49__23_07_13_H1_bateero4,6,/datasets/audio/shipsear/train/Musselboat_49__23_07_13_H1_bateero4.wav,90.0,120.0,3,train,Mussel boat,shipsear,outputs/spectrograms/stft/shipsear_clip30_ov0.5_d191918efe/train/3/Musselboat_49__23_07_13_H1_bateero4_c6.png,outputs/spectrograms/mel/shipsear_clip30_ov0.5_d191918efe/train/3/Musselboat_49__23_07_13_H1_bateero4_c6.png,outputs/spectrograms/demon/shipsear_clip30_ov0.5_d191918efe/train/3/Musselboat_49__23_07_13_H1_bateero4_c6.png
Musselboat_49__23_07_13_H1_bateero4,7,/datasets/audio/shipsear/train/Musselboat_49__23_07_13_H1_bateero4.wav,105.0,135.0,3,train,Mussel boat,shipsear,outputs/spectrograms/stft/shipsear_clip30_ov0.5_d191918efe/train/3/Musselboat_49__23_07_13_H1_bateero4_c7.png,outputs/spectrograms/mel/shipsear_clip30_ov0.5_d191918efe/train/3/Musselboat_49__23_07_13_H1_bateero4_c7.png,outputs/spectrograms/demon/shipsear_clip30_ov0.5_d191918efe/train/3/Musselboat_49__23_07_13_H1_bateero4_c7.png
Musselboat_49__23_07_13_H1_bateero4,8,/datasets/audio/shipsear/train/Musselboat_49__23_07_13_H1_bateero4.wav,120.0,150.0,3,train,Mussel boat,shipsear,outputs/spectrograms/stft/shipsear_clip30_ov0.5_d191918efe/train/3/Musselboat_49__23_07_13_H1_bateero4_c8.png,outputs/spectrograms/mel/shipsear_clip30_ov0.5_d191918efe/train/3/Musselboat_49__23_07_13_H1_bateero4_c8.png,outputs/spectrograms/demon/shipsear_clip30_ov0.5_d191918efe/train/3/Musselboat_49__23_07_13_H1_bateero4_c8.png
Musselboat_49__23_07_13_H1_bateero4,9,/datasets/audio/shipsear/train/Musselboat_49__23_07_13_H1_bateero4.wav,135.0,165.0,3,train,Mussel boat,shipsear,outputs/spectrograms/stft/shipsear_clip30_ov0.5_d191918efe/train/3/Musselboat_49__23_07_13_H1_bateero4_c9.png,outputs/spectrograms/mel/shipsear_clip30_ov0.5_d191918efe/train/3/Musselboat_49__23_07_13_H1_bateero4_c9.png,outputs/spectrograms/demon/shipsear_clip30_ov0.5_d191918efe/train/3/Musselboat_49__23_07_13_H1_bateero4_c9.png
Musselboat_49__23_07_13_H1_bateero4,10,/datasets/audio/shipsear/train/Musselboat_49__23_07_13_H1_bateero4.wav,137.0,167.0,3,train,Mussel boat,shipsear,outputs/spectrograms/stft/shipsear_clip30_ov0.5_d191918efe/train/3/Musselboat_49__23_07_13_H1_bateero4_c10.png,outputs/spectrograms/mel/shipsear_clip30_ov0.5_d191918efe/train/3/Musselboat_49__23_07_13_H1_bateero4_c10.png,outputs/spectrograms/demon/shipsear_clip30_ov0.5_d191918efe/train/3/Musselboat_49__23_07_13_H1_bateero4_c10.png
Naturalambientnoise_81__25_09_13_H3_corriente,0,/datasets/audio/shipsear/train/Naturalambientnoise_81__25_09_13_H3_corriente.wav,0.0,30.0,4,train,Natural ambient noise,shipsear,outputs/spectrograms/stft/shipsear_clip30_ov0.5_d191918efe/train/4/Naturalambientnoise_81__25_09_13_H3_corriente_c0.png,outputs/spectrograms/mel/shipsear_clip30_ov0.5_d191918efe/train/4/Naturalambientnoise_81__25_09_13_H3_corriente_c0.png,outputs/spectrograms/demon/shipsear_clip30_ov0.5_d191918efe/train/4/Naturalambientnoise_81__25_09_13_H3_corriente_c0.png
Naturalambientnoise_81__25_09_13_H3_corriente,1,/datasets/audio/shipsear/train/Naturalambientnoise_81__25_09_13_H3_corriente.wav,15.0,45.0,4,train,Natural ambient noise,shipsear,outputs/spectrograms/stft/shipsear_clip30_ov0.5_d191918efe/train/4/Naturalambientnoise_81__25_09_13_H3_corriente_c1.png,outputs/spectrograms/mel/shipsear_clip30_ov0.5_d191918efe/train/4/Naturalambientnoise_81__25_09_13_H3_corriente_c1.png,outputs/spectrograms/demon/shipsear_clip30_ov0.5_d191918efe/train/4/Naturalambientnoise_81__25_09_13_H3_corriente_c1.png
Naturalambientnoise_81__25_09_13_H3_corriente,2,/datasets/audio/shipsear/train/Naturalambientnoise_81__25_09_13_H3_corriente.wav,30.0,60.0,4,train,Natural ambient noise,shipsear,outputs/spectrograms/stft/shipsear_clip30_ov0.5_d191918efe/train/4/Naturalambientnoise_81__25_09_13_H3_corriente_c2.png,outputs/spectrograms/mel/shipsear_clip30_ov0.5_d191918efe/train/4/Naturalambientnoise_81__25_09_13_H3_corriente_c2.png,outputs/spectrograms/demon/shipsear_clip30_ov0.5_d191918efe/train/4/Naturalambientnoise_81__25_09_13_H3_corriente_c2.png
Naturalambientnoise_81__25_09_13_H3_corriente,3,/datasets/audio/shipsear/train/Naturalambientnoise_81__25_09_13_H3_corriente.wav,45.0,75.0,4,train,Natural ambient noise,shipsear,outputs/spectrograms/stft/shipsear_clip30_ov0.5_d191918efe/train/4/Naturalambientnoise_81__25_09_13_H3_corriente_c3.png,outputs/spectrograms/mel/shipsear_clip30_ov0.5_d191918efe/train/4/Naturalambientnoise_81__25_09_13_H3_corriente_c3.png,outputs/spectrograms/demon/shipsear_clip30_ov0.5_d191918efe/train/4/Naturalambientnoise_81__25_09_13_H3_corriente_c3.png
Naturalambientnoise_81__25_09_13_H3_corriente,4,/datasets/audio/shipsear/train/Naturalambientnoise_81__25_09_13_H3_corriente.wav,60.0,90.0,4,train,Natural ambient noise,shipsear,outputs/spectrograms/stft/shipsear_clip30_ov0.5_d191918efe/train/4/Naturalambientnoise_81__25_09_13_H3_corriente_c4.png,outputs/spectrograms/mel/shipsear_clip30_ov0.5_d191918efe/train/4/Naturalambientnoise_81__25_09_13_H3_corriente_c4.png,outputs/spectrograms/demon/shipsear_clip30_ov0.5_d191918efe/train/4/Naturalambientnoise_81__25_09_13_H3_corriente_c4.png
Naturalambientnoise_81__25_09_13_H3_corriente,5,/datasets/audio/shipsear/train/Naturalambientnoise_81__25_09_13_H3_corriente.wav,75.0,105.0,4,train,Natural ambient noise,shipsear,outputs/spectrograms/stft/shipsear_clip30_ov0.5_d191918efe/train/4/Naturalambientnoise_81__25_09_13_H3_corriente_c5.png,outputs/spectrograms/mel/shipsear_clip30_ov0.5_d191918efe/train/4/Naturalambientnoise_81__25_09_13_H3_corriente_c5.png,outputs/spectrograms/demon/shipsear_clip30_ov0.5_d191918efe/train/4/Naturalambientnoise_81__25_09_13_H3_corriente_c5.png
Naturalambientnoise_81__25_09_13_H3_corriente,6,/datasets/audio/shipsear/train/Naturalambientnoise_81__25_09_13_H3_corriente.wav,90.0,120.0,4,train,Natural ambient noise,shipsear,outputs/spectrograms/stft/shipsear_clip30_ov0.5_d191918efe/train/4/Naturalambientnoise_81__25_09_13_H3_corriente_c6.png,outputs/spectrograms/mel/shipsear_clip30_ov0.5_d191918efe/train/4/Naturalambientnoise_81__25_09_13_H3_corriente_c6.png,outputs/spectrograms/demon/shipsear_clip30_ov0.5_d191918efe/train/4/Naturalambientnoise_81__25_09_13_H3_corriente_c6.png
Naturalambientnoise_81__25_09_13_H3_corriente,7,/datasets/audio/shipsear/train/Naturalambientnoise_81__25_09_13_H3_corriente.wav,90.004551,120.004551,4,train,Natural ambient noise,shipsear,outputs/spectrograms/stft/shipsear_clip30_ov0.5_d191918efe/train/4/Naturalambientnoise_81__25_09_13_H3_corriente_c7.png,outputs/spectrograms/mel/shipsear_clip30_ov0.5_d191918efe/train/4/Naturalambientnoise_81__25_09_13_H3_corriente_c7.png,outputs/spectrograms/demon/shipsear_clip30_ov0.5_d191918efe/train/4/Naturalambientnoise_81__25_09_13_H3_corriente_c7.png
Naturalambientnoise_85__E__1L,0,/datasets/audio/shipsear/train/Naturalambientnoise_85__E__1L.wav,0.0,30.0,4,train,Natural ambient noise,shipsear,outputs/spectrograms/stft/shipsear_clip30_ov0.5_d191918efe/train/4/Naturalambientnoise_85__E__1L_c0.png,outputs/spectrograms/mel/shipsear_clip30_ov0.5_d191918efe/train/4/Naturalambientnoise_85__E__1L_c0.png,outputs/spectrograms/demon/shipsear_clip30_ov0.5_d191918efe/train/4/Naturalambientnoise_85__E__1L_c0.png
Naturalambientnoise_85__E__1L,1,/datasets/audio/shipsear/train/Naturalambientnoise_85__E__1L.wav,15.0,45.0,4,train,Natural ambient noise,shipsear,outputs/spectrograms/stft/shipsear_clip30_ov0.5_d191918efe/train/4/Naturalambientnoise_85__E__1L_c1.png,outputs/spectrograms/mel/shipsear_clip30_ov0.5_d191918efe/train/4/Naturalambientnoise_85__E__1L_c1.png,outputs/spectrograms/demon/shipsear_clip30_ov0.5_d191918efe/train/4/Naturalambientnoise_85__E__1L_c1.png
Naturalambientnoise_85__E__1L,2,/datasets/audio/shipsear/train/Naturalambientnoise_85__E__1L.wav,30.0,60.0,4,train,Natural ambient noise,shipsear,outputs/spectrograms/stft/shipsear_clip30_ov0.5_d191918efe/train/4/Naturalambientnoise_85__E__1L_c2.png,outputs/spectrograms/mel/shipsear_clip30_ov0.5_d191918efe/train/4/Naturalambientnoise_85__E__1L_c2.png,outputs/spectrograms/demon/shipsear_clip30_ov0.5_d191918efe/train/4/Naturalambientnoise_85__E__1L_c2.png
Naturalambientnoise_85__E__1L,3,/datasets/audio/shipsear/train/Naturalambientnoise_85__E__1L.wav,45.0,75.0,4,train,Natural ambient noise,shipsear,outputs/spectrograms/stft/shipsear_clip30_ov0.5_d191918efe/train/4/Naturalambientnoise_85__E__1L_c3.png,outputs/spectrograms/mel/shipsear_clip30_ov0.5_d191918efe/train/4/Naturalambientnoise_85__E__1L_c3.png,outputs/spectrograms/demon/shipsear_clip30_ov0.5_d191918efe/train/4/Naturalambientnoise_85__E__1L_c3.png
Naturalambientnoise_85__E__1L,4,/datasets/audio/shipsear/train/Naturalambientnoise_85__E__1L.wav,55.091213,85.091213,4,train,Natural ambient noise,shipsear,outputs/spectrograms/stft/shipsear_clip30_ov0.5_d191918efe/train/4/Naturalambientnoise_85__E__1L_c4.png,outputs/spectrograms/mel/shipsear_clip30_ov0.5_d191918efe/train/4/Naturalambientnoise_85__E__1L_c4.png,outputs/spectrograms/demon/shipsear_clip30_ov0.5_d191918efe/train/4/Naturalambientnoise_85__E__1L_c4.png
Naturalambientnoise_88__E__4L,0,/datasets/audio/shipsear/train/Naturalambientnoise_88__E__4L.wav,0.0,30.0,4,train,Natural ambient noise,shipsear,outputs/spectrograms/stft/shipsear_clip30_ov0.5_d191918efe/train/4/Naturalambientnoise_88__E__4L_c0.png,outputs/spectrograms/mel/shipsear_clip30_ov0.5_d191918efe/train/4/Naturalambientnoise_88__E__4L_c0.png,outputs/spectrograms/demon/shipsear_clip30_ov0.5_d191918efe/train/4/Naturalambientnoise_88__E__4L_c0.png
Naturalambientnoise_88__E__4L,1,/datasets/audio/shipsear/train/Naturalambientnoise_88__E__4L.wav,15.0,45.0,4,train,Natural ambient noise,shipsear,outputs/spectrograms/stft/shipsear_clip30_ov0.5_d191918efe/train/4/Naturalambientnoise_88__E__4L_c1.png,outputs/spectrograms/mel/shipsear_clip30_ov0.5_d191918efe/train/4/Naturalambientnoise_88__E__4L_c1.png,outputs/spectrograms/demon/shipsear_clip30_ov0.5_d191918efe/train/4/Naturalambientnoise_88__E__4L_c1.png
Naturalambientnoise_88__E__4L,2,/datasets/audio/shipsear/train/Naturalambientnoise_88__E__4L.wav,30.0,60.0,4,train,Natural ambient noise,shipsear,outputs/spectrograms/stft/shipsear_clip30_ov0.5_d191918efe/train/4/Naturalambientnoise_88__E__4L_c2.png,outputs/spectrograms/mel/shipsear_clip30_ov0.5_d191918efe/train/4/Naturalambientnoise_88__E__4L_c2.png,outputs/spectrograms/demon/shipsear_clip30_ov0.5_d191918efe/train/4/Naturalambientnoise_88__E__4L_c2.png
Naturalambientnoise_88__E__4L,3,/datasets/audio/shipsear/train/Naturalambientnoise_88__E__4L.wav,45.0,75.0,4,train,Natural ambient noise,shipsear,outputs/spectrograms/stft/shipsear_clip30_ov0.5_d191918efe/train/4/Naturalambientnoise_88__E__4L_c3.png,outputs/spectrograms/mel/shipsear_clip30_ov0.5_d191918efe/train/4/Naturalambientnoise_88__E__4L_c3.png,outputs/spectrograms/demon/shipsear_clip30_ov0.5_d191918efe/train/4/Naturalambientnoise_88__E__4L_c3.png
Naturalambientnoise_88__E__4L,4,/datasets/audio/shipsear/train/Naturalambientnoise_88__E__4L.wav,60.0,90.0,4,train,Natural ambient noise,shipsear,outputs/spectrograms/stft/shipsear_clip30_ov0.5_d191918efe/train/4/Naturalambientnoise_88__E__4L_c4.png,outputs/spectrograms/mel/shipsear_clip30_ov0.5_d191918efe/train/4/Naturalambientnoise_88__E__4L_c4.png,outputs/spectrograms/demon/shipsear_clip30_ov0.5_d191918efe/train/4/Naturalambientnoise_88__E__4L_c4.png
Naturalambientnoise_88__E__4L,5,/datasets/audio/shipsear/train/Naturalambientnoise_88__E__4L.wav,63.943964,93.943964,4,train,Natural ambient noise,shipsear,outputs/spectrograms/stft/shipsear_clip30_ov0.5_d191918efe/train/4/Naturalambientnoise_88__E__4L_c5.png,outputs/spectrograms/mel/shipsear_clip30_ov0.5_d191918efe/train/4/Naturalambientnoise_88__E__4L_c5.png,outputs/spectrograms/demon/shipsear_clip30_ov0.5_d191918efe/train/4/Naturalambientnoise_88__E__4L_c5.png
Naturalambientnoise_91__E__7H_N,0,/datasets/audio/shipsear/train/Naturalambientnoise_91__E__7H_N.wav,0.0,30.0,4,train,Natural ambient noise,shipsear,outputs/spectrograms/stft/shipsear_clip30_ov0.5_d191918efe/train/4/Naturalambientnoise_91__E__7H_N_c0.png,outputs/spectrograms/mel/shipsear_clip30_ov0.5_d191918efe/train/4/Naturalambientnoise_91__E__7H_N_c0.png,outputs/spectrograms/demon/shipsear_clip30_ov0.5_d191918efe/train/4/Naturalambientnoise_91__E__7H_N_c0.png
Naturalambientnoise_91__E__7H_N,1,/datasets/audio/shipsear/train/Naturalambientnoise_91__E__7H_N.wav,4.785205,34.785205,4,train,Natural ambient noise,shipsear,outputs/spectrograms/stft/shipsear_clip30_ov0.5_d191918efe/train/4/Naturalambientnoise_91__E__7H_N_c1.png,outputs/spectrograms/mel/shipsear_clip30_ov0.5_d191918efe/train/4/Naturalambientnoise_91__E__7H_N_c1.png,outputs/spectrograms/demon/shipsear_clip30_ov0.5_d191918efe/train/4/Naturalambientnoise_91__E__7H_N_c1.png
Oceanliner_16__10_07_13_mscOpera_InicioSalida,0,/datasets/audio/shipsear/train/Oceanliner_16__10_07_13_mscOpera_InicioSalida.wav,0.0,30.0,5,train,Ocean liner,shipsear,outputs/spectrograms/stft/shipsear_clip30_ov0.5_d191918efe/train/5/Oceanliner_16__10_07_13_mscOpera_InicioSalida_c0.png,outputs/spectrograms/mel/shipsear_clip30_ov0.5_d191918efe/train/5/Oceanliner_16__10_07_13_mscOpera_InicioSalida_c0.png,outputs/spectrograms/demon/shipsear_clip30_ov0.5_d191918efe/train/5/Oceanliner_16__10_07_13_mscOpera_InicioSalida_c0.png
Oceanliner_16__10_07_13_mscOpera_InicioSalida,1,/datasets/audio/shipsear/train/Oceanliner_16__10_07_13_mscOpera_InicioSalida.wav,15.0,45.0,5,train,Ocean liner,shipsear,outputs/spectrograms/stft/shipsear_clip30_ov0.5_d191918efe/train/5/Oceanliner_16__10_07_13_mscOpera_InicioSalida_c1.png,outputs/spectrograms/mel/shipsear_clip30_ov0.5_d191918efe/train/5/Oceanliner_16__10_07_13_mscOpera_InicioSalida_c1.png,outputs/spectrograms/demon/shipsear_clip30_ov0.5_d191918efe/train/5/Oceanliner_16__10_07_13_mscOpera_InicioSalida_c1.png
Oceanliner_16__10_07_13_mscOpera_InicioSalida,2,/datasets/audio/shipsear/train/Oceanliner_16__10_07_13_mscOpera_InicioSalida.wav,30.0,60.0,5,train,Ocean liner,shipsear,outputs/spectrograms/stft/shipsear_clip30_ov0.5_d191918efe/train/5/Oceanliner_16__10_07_13_mscOpera_InicioSalida_c2.png,outputs/spectrograms/mel/shipsear_clip30_ov0.5_d191918efe/train/5/Oceanliner_16__10_07_13_mscOpera_InicioSalida_c2.png,outputs/spectrograms/demon/shipsear_clip30_ov0.5_d191918efe/train/5/Oceanliner_16__10_07_13_mscOpera_InicioSalida_c2.png
Oceanliner_16__10_07_13_mscOpera_InicioSalida,3,/datasets/audio/shipsear/train/Oceanliner_16__10_07_13_mscOpera_InicioSalida.wav,45.0,75.0,5,train,Ocean liner,shipsear,outputs/spectrograms/stft/shipsear_clip30_ov0.5_d191918efe/train/5/Oceanliner_16__10_07_13_mscOpera_InicioSalida_c3.png,outputs/spectrograms/mel/shipsear_clip30_ov0.5_d191918efe/train/5/Oceanliner_16__10_07_13_mscOpera_InicioSalida_c3.png,outputs/spectrograms/demon/shipsear_clip30_ov0.5_d191918efe/train/5/Oceanliner_16__10_07_13_mscOpera_InicioSalida_c3.png
Oceanliner_16__10_07_13_mscOpera_InicioSalida,4,/datasets/audio/shipsear/train/Oceanliner_16__10_07_13_mscOpera_InicioSalida.wav,60.0,90.0,5,train,Ocean liner,shipsear,outputs/spectrograms/stft/shipsear_clip30_ov0.5_d191918efe/train/5/Oceanliner_16__10_07_13_mscOpera_InicioSalida_c4.png,outputs/spectrograms/mel/shipsear_clip30_ov0.5_d191918efe/train/5/Oceanliner_16__10_07_13_mscOpera_InicioSalida_c4.png,outputs/spectrograms/demon/shipsear_clip30_ov0.5_d191918efe/train/5/Oceanliner_16__10_07_13_mscOpera_InicioSalida_c4.png
Oceanliner_16__10_07_13_mscOpera_InicioSalida,5,/datasets/audio/shipsear/train/Oceanliner_16__10_07_13_mscOpera_InicioSalida.wav,75.0,105.0,5,train,Ocean liner,shipsear,outputs/spectrograms/stft/shipsear_clip30_ov0.5_d191918efe/train/5/Oceanliner_16__10_07_13_mscOpera_InicioSalida_c5.png,outputs/spectrograms/mel/shipsear_clip30_ov0.5_d191918efe/train/5/Oceanliner_16__10_07_13_mscOpera_InicioSalida_c5.png,outputs/spectrograms/demon/shipsear_clip30_ov0.5_d191918efe/train/5/Oceanliner_16__10_07_13_mscOpera_InicioSalida_c5.png
Oceanliner_16__10_07_13_mscOpera_InicioSalida,6,/datasets/audio/shipsear/train/Oceanliner_16__10_07_13_mscOpera_InicioSalida.wav,90.0,120.0,5,train,Ocean liner,shipsear,outputs/spectrograms/stft/shipsear_clip30_ov0.5_d191918efe/train/5/Oceanliner_16__10_07_13_mscOpera_InicioSalida_c6.png,outputs/spectrograms/mel/shipsear_clip30_ov0.5_d191918efe/train/5/Oceanliner_16__10_07_13_mscOpera_InicioSalida_c6.png,outputs/spectrograms/demon/shipsear_clip30_ov0.5_d191918efe/train/5/Oceanliner_16__10_07_13_mscOpera_InicioSalida_c6.png
Oceanliner_16__10_07_13_mscOpera_InicioSalida,7,/datasets/audio/shipsear/train/Oceanliner_16__10_07_13_mscOpera_InicioSalida.wav,105.0,135.0,5,train,Ocean liner,shipsear,outputs/spectrograms/stft/shipsear_clip30_ov0.5_d191918efe/train/5/Oceanliner_16__10_07_13_mscOpera_InicioSalida_c7.png,outputs/spectrograms/mel/shipsear_clip30_ov0.5_d191918efe/train/5/Oceanliner_16__10_07_13_mscOpera_InicioSalida_c7.png,outputs/spectrograms/demon/shipsear_clip30_ov0.5_d191918efe/train/5/Oceanliner_16__10_07_13_mscOpera_InicioSalida_c7.png
Oceanliner_16__10_07_13_mscOpera_InicioSalida,8,/datasets/audio/shipsear/train/Oceanliner_16__10_07_13_mscOpera_InicioSalida.wav,120.0,150.0,5,train,Ocean liner,shipsear,outputs/spectrograms/stft/shipsear_clip30_ov0.5_d191918efe/train/5/Oceanliner_16__10_07_13_mscOpera_InicioSalida_c8.png,outputs/spectrograms/mel/shipsear_clip30_ov0.5_d191918efe/train/5/Oceanliner_16__10_07_13_mscOpera_InicioSalida_c8.png,outputs/spectrograms/demon/shipsear_clip30_ov0.5_d191918efe/train/5/Oceanliner_16__10_07_13_mscOpera_InicioSalida_c8.png
Oceanliner_16__10_07_13_mscOpera_InicioSalida,9,/datasets/audio/shipsear/train/Oceanliner_16__10_07_13_mscOpera_InicioSalida.wav,133.225604,163.225604,5,train,Ocean liner,shipsear,outputs/spectrograms/stft/shipsear_clip30_ov0.5_d191918efe/train/5/Oceanliner_16__10_07_13_mscOpera_InicioSalida_c9.png,outputs/spectrograms/mel/shipsear_clip30_ov0.5_d191918efe/train/5/Oceanliner_16__10_07_13_mscOpera_InicioSalida_c9.png,outputs/spectrograms/demon/shipsear_clip30_ov0.5_d191918efe/train/5/Oceanliner_16__10_07_13_mscOpera_InicioSalida_c9.png
Oceanliner_23__19_07_13_adventure_parado,0,/datasets/audio/shipsear/train/Oceanliner_23__19_07_13_adventure_parado.wav,0.0,30.0,5,train,Ocean liner,shipsear,outputs/spectrograms/stft/shipsear_clip30_ov0.5_d191918efe/train/5/Oceanliner_23__19_07_13_adventure_parado_c0.png,outputs/spectrograms/mel/shipsear_clip30_ov0.5_d191918efe/train/5/Oceanliner_23__19_07_13_adventure_parado_c0.png,outputs/spectrograms/demon/shipsear_clip30_ov0.5_d191918efe/train/5/Oceanliner_23__19_07_13_adventure_parado_c0.png
Oceanliner_24__19_07_13_adventureFrenando_duda,0,/datasets/audio/shipsear/train/Oceanliner_24__19_07_13_adventureFrenando_duda.wav,0.0,30.0,5,train,Ocean liner,shipsear,outputs/spectrograms/stft/shipsear_clip30_ov0.5_d191918efe/train/5/Oceanliner_24__19_07_13_adventureFrenando_duda_c0.png,outputs/spectrograms/mel/shipsear_clip30_ov0.5_d191918efe/train/5/Oceanliner_24__19_07_13_adventureFrenando_duda_c0.png,outputs/spectrograms/demon/shipsear_clip30_ov0.5_d191918efe/train/5/Oceanliner_24__19_07_13_adventureFrenando_duda_c0.png
Oceanliner_24__19_07_13_adventureFrenando_duda,1,/datasets/audio/shipsear/train/Oceanliner_24__19_07_13_adventureFrenando_duda.wav,12.701274,42.701274,5,train,Ocean liner,shipsear,outputs/spectrograms/stft/shipsear_clip30_ov0.5_d191918efe/train/5/Oceanliner_24__19_07_13_adventureFrenando_duda_c1.png,outputs/spectrograms/mel/shipsear_clip30_ov0.5_d191918efe/train/5/Oceanliner_24__19_07_13_adventureFrenando_duda_c1.png,outputs/spectrograms/demon/shipsear_clip30_ov0.5_d191918efe/train/5/Oceanliner_24__19_07_13_adventureFrenando_duda_c1.png
Oceanliner_25__19_07_13_adventureOfTheSea_llegando,0,/datasets/audio/shipsear/train/Oceanliner_25__19_07_13_adventureOfTheSea_llegando.wav,0.0,30.0,5,train,Ocean liner,shipsear,outputs/spectrograms/stft/shipsear_clip30_ov0.5_d191918efe/train/5/Oceanliner_25__19_07_13_adventureOfTheSea_llegando_c0.png,outputs/spectrograms/mel/shipsear_clip30_ov0.5_d191918efe/train/5/Oceanliner_25__19_07_13_adventureOfTheSea_llegando_c0.png,outputs/spectrograms/demon/shipsear_clip30_ov0.5_d191918efe/train/5/Oceanliner_25__19_07_13_adventureOfTheSea_llegando_c0.png
Oceanliner_25__19_07_13_adventureOfTheSea_llegando,1,/datasets/audio/shipsear/train/Oceanliner_25__19_07_13_adventureOfTheSea_llegando.wav,15.0,45.0,5,train,Ocean liner,shipsear,outputs/spectrograms/stft/shipsear_clip30_ov0.5_d191918efe/train/5/Oceanliner_25__19_07_13_adventureOfTheSea_llegando_c1.png,outputs/spectrograms/mel/shipsear_clip30_ov0.5_d191918efe/train/5/Oceanliner_25__19_07_13_adventureOfTheSea_llegando_c1.png,outputs/spectrograms/demon/shipsear_clip30_ov0.5_d191918efe/train/5/Oceanliner_25__19_07_13_adventureOfTheSea_llegando_c1.png
Oceanliner_25__19_07_13_adventureOfTheSea_llegando,2,/datasets/audio/shipsear/train/Oceanliner_25__19_07_13_adventureOfTheSea_llegando.wav,30.0,60.0,5,train,Ocean liner,shipsear,outputs/spectrograms/stft/shipsear_clip30_ov0.5_d191918efe/train/5/Oceanliner_25__19_07_13_adventureOfTheSea_llegando_c2.png,outputs/spectrograms/mel/shipsear_clip30_ov0.5_d191918efe/train/5/Oceanliner_25__19_07_13_adventureOfTheSea_llegando_c2.png,outputs/spectrograms/demon/shipsear_clip30_ov0.5_d191918efe/train/5/Oceanliner_25__19_07_13_adventureOfTheSea_llegando_c2.png
Oceanliner_25__19_07_13_adventureOfTheSea_llegando,3,/datasets/audio/shipsear/train/Oceanliner_25__19_07_13_adventureOfTheSea_llegando.wav,45.0,75.0,5,train,Ocean liner,shipsear,outputs/spectrograms/stft/shipsear_clip30_ov0.5_d191918efe/train/5/Oceanliner_25__19_07_13_adventureOfTheSea_llegando_c3.png,outputs/spectrograms/mel/shipsear_clip30_ov0.5_d191918efe/train/5/Oceanliner_25__19_07_13_adventureOfTheSea_llegando_c3.png,outputs/spectrograms/demon/shipsear_clip30_ov0.5_d191918efe/train/5/Oceanliner_25__19_07_13_adventureOfTheSea_llegando_c3.png
Oceanliner_25__19_07_13_adventureOfTheSea_llegando,4,/datasets/audio/shipsear/train/Oceanliner_25__19_07_13_adventureOfTheSea_llegando.wav,60.0,90.0,5,train,Ocean liner,shipsear,outputs/spectrograms/stft/shipsear_clip30_ov0.5_d191918efe/train/5/Oceanliner_25__19_07_13_adventureOfTheSea_llegando_c4.png,outputs/spectrograms/mel/shipsear_clip30_ov0.5_d191918efe/train/5/Oceanliner_25__19_07_13_adventureOfTheSea_llegando_c4.png,outputs/spectrograms/demon/shipsear_clip30_ov0.5_d191918efe/train/5/Oceanliner_25__19_07_13_adventureOfTheSea_llegando_c4.png
Oceanliner_25__19_07_13_adventureOfTheSea_llegando,5,/datasets/audio/shipsear/train/Oceanliner_25__19_07_13_adventureOfTheSea_llegando.wav,75.0,105.0,5,train,Ocean liner,shipsear,outputs/spectrograms/stft/shipsear_clip30_ov0.5_d191918efe/train/5/Oceanliner_25__19_07_13_adventureOfTheSea_llegando_c5.png,outputs/spectrograms/mel/shipsear_clip30_ov0.5_d191918efe/train/5/Oceanliner_25__19_07_13_adventureOfTheSea_llegando_c5.png,outputs/spectrograms/demon/shipsear_clip30_ov0.5_d191918efe/train/5/Oceanliner_25__19_07_13_adventureOfTheSea_llegando_c5.png
Oceanliner_25__19_07_13_adventureOfTheSea_llegando,6,/datasets/audio/shipsear/train/Oceanliner_25__19_07_13_adventureOfTheSea_llegando.wav,90.0,120.0,5,train,Ocean liner,shipsear,outputs/spectrograms/stft/shipsear_clip30_ov0.5_d191918efe/train/5/Oceanliner_25__19_07_13_adventureOfTheSea_llegando_c6.png,outputs/spectrograms/mel/shipsear_clip30_ov0.5_d191918efe/train/5/Oceanliner_25__19_07_13_adventureOfTheSea_llegando_c6.png,outputs/spectrograms/demon/shipsear_clip30_ov0.5_d191918efe/train/5/Oceanliner_25__19_07_13_adventureOfTheSea_llegando_c6.png
Oceanliner_25__19_07_13_adventureOfTheSea_llegando,7,/datasets/audio/shipsear/train/Oceanliner_25__19_07_13_adventureOfTheSea_llegando.wav,105.0,135.0,5,train,Ocean liner,shipsear,outputs/spectrograms/stft/shipsear_clip30_ov0.5_d191918efe/train/5/Oceanliner_25__19_07_13_adventureOfTheSea_llegando_c7.png,outputs/spectrograms/mel/shipsear_clip30_ov0.5_d191918efe/train/5/Oceanliner_25__19_07_13_adventureOfTheSea_llegando_c7.png,outputs/spectrograms/demon/shipsear_clip30_ov0.5_d191918efe/train/5/Oceanliner_25__19_07_13_adventureOfTheSea_llegando_c7.png
Oceanliner_25__19_07_13_adventureOfTheSea_llegando,8,/datasets/audio/shipsear/train/Oceanliner_25__19_07_13_adventureOfTheSea_llegando.wav,110.647305,140.647305,5,train,Ocean liner,shipsear,outputs/spectrograms/stft/shipsear_clip30_ov0.5_d191918efe/train/5/Oceanliner_25__19_07_13_adventureOfTheSea_llegando_c8.png,outputs/spectrograms/mel/shipsear_clip30_ov0.5_d191918efe/train/5/Oceanliner_25__19_07_13_adventureOfTheSea_llegando_c8.png,outputs/spectrograms/demon/shipsear_clip30_ov0.5_d191918efe/train/5/Oceanliner_25__19_07_13_adventureOfTheSea_llegando_c8.png
Oceanliner_69__23_07_13_H2_costaVoyager,0,/datasets/audio/shipsear/train/Oceanliner_69__23_07_13_H2_costaVoyager.wav,0.0,30.0,5,train,Ocean liner,shipsear,outputs/spectrograms/stft/shipsear_clip30_ov0.5_d191918efe/train/5/Oceanliner_69__23_07_13_H2_costaVoyager_c0.png,outputs/spectrograms/mel/shipsear_clip30_ov0.5_d191918efe/train/5/Oceanliner_69__23_07_13_H2_costaVoyager_c0.png,outputs/spectrograms/demon/shipsear_clip30_ov0.5_d191918efe/train/5/Oceanliner_69__23_07_13_H2_costaVoyager_c0.png
Oceanliner_69__23_07_13_H2_costaVoyager,1,/datasets/audio/shipsear/train/Oceanliner_69__23_07_13_H2_costaVoyager.wav,15.0,45.0,5,train,Ocean liner,shipsear,outputs/spectrograms/stft/shipsear_clip30_ov0.5_d191918efe/train/5/Oceanliner_69__23_07_13_H2_costaVoyager_c1.png,outputs/spectrograms/mel/shipsear_clip30_ov0.5_d191918efe/train/5/Oceanliner_69__23_07_13_H2_costaVoyager_c1.png,outputs/spectrograms/demon/shipsear_clip30_ov0.5_d191918efe/train/5/Oceanliner_69__23_07_13_H2_costaVoyager_c1.png
Oceanliner_69__23_07_13_H2_costaVoyager,2,/datasets/audio/shipsear/train/Oceanliner_69__23_07_13_H2_costaVoyager.wav,30.0,60.0,5,train,Ocean liner,shipsear,outputs/spectrograms/stft/shipsear_clip30_ov0.5_d191918efe/train/5/Oceanliner_69__23_07_13_H2_costaVoyager_c2.png,outputs/spectrograms/mel/shipsear_clip30_ov0.5_d191918efe/train/5/Oceanliner_69__23_07_13_H2_costaVoyager_c2.png,outputs/spectrograms/demon/shipsear_clip30_ov0.5_d191918efe/train/5/Oceanliner_69__23_07_13_H2_costaVoyager_c2.png
Oceanliner_69__23_07_13_H2_costaVoyager,3,/datasets/audio/shipsear/train/Oceanliner_69__23_07_13_H2_costaVoyager.wav,45.0,75.0,5,train,Ocean liner,shipsear,outputs/spectrograms/stft/shipsear_clip30_ov0.5_d191918efe/train/5/Oceanliner_69__23_07_13_H2_costaVoyager_c3.png,outputs/spectrograms/mel/shipsear_clip30_ov0.5_d191918efe/train/5/Oceanliner_69__23_07_13_H2_costaVoyager_c3.png,outputs/spectrograms/demon/shipsear_clip30_ov0.5_d191918efe/train/5/Oceanliner_69__23_07_13_H2_costaVoyager_c3.png
Oceanliner_69__23_07_13_H2_costaVoyager,4,/datasets/audio/shipsear/train/Oceanliner_69__23_07_13_H2_costaVoyager.wav,60.0,90.0,5,train,Ocean liner,shipsear,outputs/spectrograms/stft/shipsear_clip30_ov0.5_d191918efe/train/5/Oceanliner_69__23_07_13_H2_costaVoyager_c4.png,outputs/spectrograms/mel/shipsear_clip30_ov0.5_d191918efe/train/5/Oceanliner_69__23_07_13_H2_costaVoyager_c4.png,outputs/spectrograms/demon/shipsear_clip30_ov0.5_d191918efe/train/5/Oceanliner_69__23_07_13_H2_costaVoyager_c4.png
Oceanliner_69__23_07_13_H2_costaVoyager,5,/datasets/audio/shipsear/train/Oceanliner_69__23_07_13_H2_costaVoyager.wav,75.0,105.0,5,train,Ocean liner,shipsear,outputs/spectrograms/stft/shipsear_clip30_ov0.5_d191918efe/train/5/Oceanliner_69__23_07_13_H2_costaVoyager_c5.png,outputs/spectrograms/mel/shipsear_clip30_ov0.5_d191918efe/train/5/Oceanliner_69__23_07_13_H2_costaVoyager_c5.png,outputs/spectrograms/demon/shipsear_clip30_ov0.5_d191918efe/train/5/Oceanliner_69__23_07_13_H2_costaVoyager_c5.png
Oceanliner_69__23_07_13_H2_costaVoyager,6,/datasets/audio/shipsear/train/Oceanliner_69__23_07_13_H2_costaVoyager.wav,90.0,120.0,5,train,Ocean liner,shipsear,outputs/spectrograms/stft/shipsear_clip30_ov0.5_d191918efe/train/5/Oceanliner_69__23_07_13_H2_costaVoyager_c6.png,outputs/spectrograms/mel/shipsear_clip30_ov0.5_d191918efe/train/5/Oceanliner_69__23_07_13_H2_costaVoyager_c6.png,outputs/spectrograms/demon/shipsear_clip30_ov0.5_d191918efe/train/5/Oceanliner_69__23_07_13_H2_costaVoyager_c6.png
Oceanliner_69__23_07_13_H2_costaVoyager,7,/datasets/audio/shipsear/train/Oceanliner_69__23_07_13_H2_costaVoyager.wav,105.0,135.0,5,train,Ocean liner,shipsear,outputs/spectrograms/stft/shipsear_clip30_ov0.5_d191918efe/train/5/Oceanliner_69__23_07_13_H2_costaVoyager_c7.png,outputs/spectrograms/mel/shipsear_clip30_ov0.5_d191918efe/train/5/Oceanliner_69__23_07_13_H2_costaVoyager_c7.png,outputs/spectrograms/demon/shipsear_clip30_ov0.5_d191918efe/train/5/Oceanliner_69__23_07_13_H2_costaVoyager_c7.png
Oceanliner_69__23_07_13_H2_costaVoyager,8,/datasets/audio/shipsear/train/Oceanliner_69__23_07_13_H2_costaVoyager.wav,120.0,150.0,5,train,Ocean liner,shipsear,outputs/spectrograms/stft/shipsear_clip30_ov0.5_d191918efe/train/5/Oceanliner_69__23_07_13_H2_costaVoyager_c8.png,outputs/spectrograms/mel/shipsear_clip30_ov0.5_d191918efe/train/5/Oceanliner_69__23_07_13_H2_costaVoyager_c8.png,outputs/spectrograms/demon/shipsear_clip30_ov0.5_d191918efe/train/5/Oceanliner_69__23_07_13_H2_costaVoyager_c8.png
Oceanliner_69__23_07_13_H2_costaVoyager,9,/datasets/audio/shipsear/train/Oceanliner_69__23_07_13_H2_costaVoyager.wav,135.0,165.0,5,train,Ocean liner,shipsear,outputs/spectrograms/stft/shipsear_clip30_ov0.5_d191918efe/train/5/Oceanliner_69__23_07_13_H2_costaVoyager_c9.png,outputs/spectrograms/mel/shipsear_clip30_ov0.5_d191918efe/train/5/Oceanliner_69__23_07_13_H2_costaVoyager_c9.png,outputs/spectrograms/demon/shipsear_clip30_ov0.5_d191918efe/train/5/Oceanliner_69__23_07_13_H2_costaVoyager_c9.png
Oceanliner_69__23_07_13_H2_costaVoyager,10,/datasets/audio/shipsear/train/Oceanliner_69__23_07_13_H2_costaVoyager.wav,150.0,180.0,5,train,Ocean liner,shipsear,outputs/spectrograms/stft/shipsear_clip30_ov0.5_d191918efe/train/5/Oceanliner_69__23_07_13_H2_costaVoyager_c10.png,outputs/spectrograms/mel/shipsear_clip30_ov0.5_d191918efe/train/5/Oceanliner_69__23_07_13_H2_costaVoyager_c10.png,outputs/spectrograms/demon/shipsear_clip30_ov0.5_d191918efe/train/5/Oceanliner_69__23_07_13_H2_costaVoyager_c10.png
Oceanliner_69__23_07_13_H2_costaVoyager,11,/datasets/audio/shipsear/train/Oceanliner_69__23_07_13_H2_costaVoyager.wav,165.0,195.0,5,train,Ocean liner,shipsear,outputs/spectrograms/stft/shipsear_clip30_ov0.5_d191918efe/train/5/Oceanliner_69__23_07_13_H2_costaVoyager_c11.png,outputs/spectrograms/mel/shipsear_clip30_ov0.5_d191918efe/train/5/Oceanliner_69__23_07_13_H2_costaVoyager_c11.png,outputs/spectrograms/demon/shipsear_clip30_ov0.5_d191918efe/train/5/Oceanliner_69__23_07_13_H2_costaVoyager_c11.png
Oceanliner_69__23_07_13_H2_costaVoyager,12,/datasets/audio/shipsear/train/Oceanliner_69__23_07_13_H2_costaVoyager.wav,180.0,210.0,5,train,Ocean liner,shipsear,outputs/spectrograms/stft/shipsear_clip30_ov0.5_d191918efe/train/5/Oceanliner_69__23_07_13_H2_costaVoyager_c12.png,outputs/spectrograms/mel/shipsear_clip30_ov0.5_d191918efe/train/5/Oceanliner_69__23_07_13_H2_costaVoyager_c12.png,outputs/spectrograms/demon/shipsear_clip30_ov0.5_d191918efe/train/5/Oceanliner_69__23_07_13_H2_costaVoyager_c12.png
Oceanliner_69__23_07_13_H2_costaVoyager,13,/datasets/audio/shipsear/train/Oceanliner_69__23_07_13_H2_costaVoyager.wav,195.0,225.0,5,train,Ocean liner,shipsear,outputs/spectrograms/stft/shipsear_clip30_ov0.5_d191918efe/train/5/Oceanliner_69__23_07_13_H2_costaVoyager_c13.png,outputs/spectrograms/mel/shipsear_clip30_ov0.5_d191918efe/train/5/Oceanliner_69__23_07_13_H2_costaVoyager_c13.png,outputs/spectrograms/demon/shipsear_clip30_ov0.5_d191918efe/train/5/Oceanliner_69__23_07_13_H2_costaVoyager_c13.png
Oceanliner_69__23_07_13_H2_costaVoyager,14,/datasets/audio/shipsear/train/Oceanliner_69__23_07_13_H2_costaVoyager.wav,210.0,240.0,5,train,Ocean liner,shipsear,outputs/spectrograms/stft/shipsear_clip30_ov0.5_d191918efe/train/5/Oceanliner_69__23_07_13_H2_costaVoyager_c14.png,outputs/spectrograms/mel/shipsear_clip30_ov0.5_d191918efe/train/5/Oceanliner_69__23_07_13_H2_costaVoyager_c14.png,outputs/spectrograms/demon/shipsear_clip30_ov0.5_d191918efe/train/5/Oceanliner_69__23_07_13_H2_costaVoyager_c14.png
Oceanliner_69__23_07_13_H2_costaVoyager,15,/datasets/audio/shipsear/train/Oceanliner_69__23_07_13_H2_costaVoyager.wav,225.0,255.0,5,train,Ocean liner,shipsear,outputs/spectrograms/stft/shipsear_clip30_ov0.5_d191918efe/train/5/Oceanliner_69__23_07_13_H2_costaVoyager_c15.png,outputs/spectrograms/mel/shipsear_clip30_ov0.5_d191918efe/train/5/Oceanliner_69__23_07_13_H2_costaVoyager_c15.png,outputs/spectrograms/demon/shipsear_clip30_ov0.5_d191918efe/train/5/Oceanliner_69__23_07_13_H2_costaVoyager_c15.png
Oceanliner_69__23_07_13_H2_costaVoyager,16,/datasets/audio/shipsear/train/Oceanliner_69__23_07_13_H2_costaVoyager.wav,240.0,270.0,5,train,Ocean liner,shipsear,outputs/spectrograms/stft/shipsear_clip30_ov0.5_d191918efe/train/5/Oceanliner_69__23_07_13_H2_costaVoyager_c16.png,outputs/spectrograms/mel/shipsear_clip30_ov0.5_d191918efe/train/5/Oceanliner_69__23_07_13_H2_costaVoyager_c16.png,outputs/spectrograms/demon/shipsear_clip30_ov0.5_d191918efe/train/5/Oceanliner_69__23_07_13_H2_costaVoyager_c16.png
Oceanliner_69__23_07_13_H2_costaVoyager,17,/datasets/audio/shipsear/train/Oceanliner_69__23_07_13_H2_costaVoyager.wav,255.0,285.0,5,train,Ocean liner,shipsear,outputs/spectrograms/stft/shipsear_clip30_ov0.5_d191918efe/train/5/Oceanliner_69__23_07_13_H2_costaVoyager_c17.png,outputs/spectrograms/mel/shipsear_clip30_ov0.5_d191918efe/train/5/Oceanliner_69__23_07_13_H2_costaVoyager_c17.png,outputs/spectrograms/demon/shipsear_clip30_ov0.5_d191918efe/train/5/Oceanliner_69__23_07_13_H2_costaVoyager_c17.png
Oceanliner_69__23_07_13_H2_costaVoyager,18,/datasets/audio/shipsear/train/Oceanliner_69__23_07_13_H2_costaVoyager.wav,270.0,300.0,5,train,Ocean liner,shipsear,outputs/spectrograms/stft/shipsear_clip30_ov0.5_d191918efe/train/5/Oceanliner_69__23_07_13_H2_costaVoyager_c18.png,outputs/spectrograms/mel/shipsear_clip30_ov0.5_d191918efe/train/5/Oceanliner_69__23_07_13_H2_costaVoyager_c18.png,outputs/spectrograms/demon/shipsear_clip30_ov0.5_d191918efe/train/5/Oceanliner_69__23_07_13_H2_costaVoyager_c18.png
Oceanliner_69__23_07_13_H2_costaVoyager,19,/datasets/audio/shipsear/train/Oceanliner_69__23_07_13_H2_costaVoyager.wav,285.0,315.0,5,train,Ocean liner,shipsear,outputs/spectrograms/stft/shipsear_clip30_ov0.5_d191918efe/train/5/Oceanliner_69__23_07_13_H2_costaVoyager_c19.png,outputs/spectrograms/mel/shipsear_clip30_ov0.5_d191918efe/train/5/Oceanliner_69__23_07_13_H2_costaVoyager_c19.png,outputs/spectrograms/demon/shipsear_clip30_ov0.5_d191918efe/train/5/Oceanliner_69__23_07_13_H2_costaVoyager_c19.png
Oceanliner_69__23_07_13_H2_costaVoyager,20,/datasets/audio/shipsear/train/Oceanliner_69__23_07_13_H2_costaVoyager.wav,300.0,330.0,5,train,Ocean liner,shipsear,outputs/spectrograms/stft/shipsear_clip30_ov0.5_d191918efe/train/5/Oceanliner_69__23_07_13_H2_costaVoyager_c20.png,outputs/spectrograms/mel/shipsear_clip30_ov0.5_d191918efe/train/5/Oceanliner_69__23_07_13_H2_costaVoyager_c20.png,outputs/spectrograms/demon/shipsear_clip30_ov0.5_d191918efe/train/5/Oceanliner_69__23_07_13_H2_costaVoyager_c20.png
Oceanliner_69__23_07_13_H2_costaVoyager,21,/datasets/audio/shipsear/train/Oceanliner_69__23_07_13_H2_costaVoyager.wav,315.0,345.0,5,train,Ocean liner,shipsear,outputs/spectrograms/stft/shipsear_clip30_ov0.5_d191918efe/train/5/Oceanliner_69__23_07_13_H2_costaVoyager_c21.png,outputs/spectrograms/mel/shipsear_clip30_ov0.5_d191918efe/train/5/Oceanliner_69__23_07_13_H2_costaVoyager_c21.png,outputs/spectrograms/demon/shipsear_clip30_ov0.5_d191918efe/train/5/Oceanliner_69__23_07_13_H2_costaVoyager_c21.png
Oceanliner_69__23_07_13_H2_costaVoyager,22,/datasets/audio/shipsear/train/Oceanliner_69__23_07_13_H2_costaVoyager.wav,330.0,360.0,5,train,Ocean liner,shipsear,outputs/spectrograms/stft/shipsear_clip30_ov0.5_d191918efe/train/5/Oceanliner_69__23_07_13_H2_costaVoyager_c22.png,outputs/spectrograms/mel/shipsear_clip30_ov0.5_d191918efe/train/5/Oceanliner_69__23_07_13_H2_costaVoyager_c22.png,outputs/spectrograms/demon/shipsear_clip30_ov0.5_d191918efe/train/5/Oceanliner_69__23_07_13_H2_costaVoyager_c22.png
Oceanliner_69__23_07_13_H2_costaVoyager,23,/datasets/audio/shipsear/train/Oceanliner_69__23_07_13_H2_costaVoyager.wav,345.0,375.0,5,train,Ocean liner,shipsear,outputs/spectrograms/stft/shipsear_clip30_ov0.5_d191918efe/train/5/Oceanliner_69__23_07_13_H2_costaVoyager_c23.png,outputs/spectrograms/mel/shipsear_clip30_ov0.5_d191918efe/train/5/Oceanliner_69__23_07_13_H2_costaVoyager_c23.png,outputs/spectrograms/demon/shipsear_clip30_ov0.5_d191918efe/train/5/Oceanliner_69__23_07_13_H2_costaVoyager_c23.png
Oceanliner_69__23_07_13_H2_costaVoyager,24,/datasets/audio/shipsear/train/Oceanliner_69__23_07_13_H2_costaVoyager.wav,360.0,390.0,5,train,Ocean liner,shipsear,outputs/spectrograms/stft/shipsear_clip30_ov0.5_d191918efe/train/5/Oceanliner_69__23_07_13_H2_costaVoyager_c24.png,outputs/spectrograms/mel/shipsear_clip30_ov0.5_d191918efe/train/5/Oceanliner_69__23_07_13_H2_costaVoyager_c24.png,outputs/spectrograms/demon/shipsear_clip30_ov0.5_d191918efe/train/5/Oceanliner_69__23_07_13_H2_costaVoyager_c24.png
Oceanliner_69__23_07_13_H2_costaVoyager,25,/datasets/audio/shipsear/train/Oceanliner_69__23_07_13_H2_costaVoyager.wav,370.674157,400.674157,5,train,Ocean liner,shipsear,outputs/spectrograms/stft/shipsear_clip30_ov0.5_d191918efe/train/5/Oceanliner_69__23_07_13_H2_costaVoyager_c25.png,outputs/spectrograms/mel/shipsear_clip30_ov0.5_d191918efe/train/5/Oceanliner_69__23_07_13_H2_costaVoyager_c25.png,outputs/spectrograms/demon/shipsear_clip30_ov0.5_d191918efe/train/5/Oceanliner_69__23_07_13_H2_costaVoyager_c25.png
Oceanliner_71__23_07_13_H3_Discovery_UK_DUDA,0,/datasets/audio/shipsear/train/Oceanliner_71__23_07_13_H3_Discovery_UK_DUDA.wav,0.0,30.0,5,train,Ocean liner,shipsear,outputs/spectrograms/stft/shipsear_clip30_ov0.5_d191918efe/train/5/Oceanliner_71__23_07_13_H3_Discovery_UK_DUDA_c0.png,outputs/spectrograms/mel/shipsear_clip30_ov0.5_d191918efe/train/5/Oceanliner_71__23_07_13_H3_Discovery_UK_DUDA_c0.png,outputs/spectrograms/demon/shipsear_clip30_ov0.5_d191918efe/train/5/Oceanliner_71__23_07_13_H3_Discovery_UK_DUDA_c0.png
Oceanliner_71__23_07_13_H3_Discovery_UK_DUDA,1,/datasets/audio/shipsear/train/Oceanliner_71__23_07_13_H3_Discovery_UK_DUDA.wav,15.0,45.0,5,train,Ocean liner,shipsear,outputs/spectrograms/stft/shipsear_clip30_ov0.5_d191918efe/train/5/Oceanliner_71__23_07_13_H3_Discovery_UK_DUDA_c1.png,outputs/spectrograms/mel/shipsear_clip30_ov0.5_d191918efe/train/5/Oceanliner_71__23_07_13_H3_Discovery_UK_DUDA_c1.png,outputs/spectrograms/demon/shipsear_clip30_ov0.5_d191918efe/train/5/Oceanliner_71__23_07_13_H3_Discovery_UK_DUDA_c1.png
Oceanliner_71__23_07_13_H3_Discovery_UK_DUDA,2,/datasets/audio/shipsear/train/Oceanliner_71__23_07_13_H3_Discovery_UK_DUDA.wav,30.0,60.0,5,train,Ocean liner,shipsear,outputs/spectrograms/stft/shipsear_clip30_ov0.5_d191918efe/train/5/Oceanliner_71__23_07_13_H3_Discovery_UK_DUDA_c2.png,outputs/spectrograms/mel/shipsear_clip30_ov0.5_d191918efe/train/5/Oceanliner_71__23_07_13_H3_Discovery_UK_DUDA_c2.png,outputs/spectrograms/demon/shipsear_clip30_ov0.5_d191918efe/train/5/Oceanliner_71__23_07_13_H3_Discovery_UK_DUDA_c2.png
Oceanliner_71__23_07_13_H3_Discovery_UK_DUDA,3,/datasets/audio/shipsear/train/Oceanliner_71__23_07_13_H3_Discovery_UK_DUDA.wav,45.0,75.0,5,train,Ocean liner,shipsear,outputs/spectrograms/stft/shipsear_clip30_ov0.5_d191918efe/train/5/Oceanliner_71__23_07_13_H3_Discovery_UK_DUDA_c3.png,outputs/spectrograms/mel/shipsear_clip30_ov0.5_d191918efe/train/5/Oceanliner_71__23_07_13_H3_Discovery_UK_DUDA_c3.png,outputs/spectrograms/demon/shipsear_clip30_ov0.5_d191918efe/train/5/Oceanliner_71__23_07_13_H3_Discovery_UK_DUDA_c3.png
Oceanliner_71__23_07_13_H3_Discovery_UK_DUDA,4,/datasets/audio/shipsear/train/Oceanliner_71__23_07_13_H3_Discovery_UK_DUDA.wav,60.0,90.0,5,train,Ocean liner,shipsear,outputs/spectrograms/stft/shipsear_clip30_ov0.5_d191918efe/train/5/Oceanliner_71__23_07_13_H3_Discovery_UK_DUDA_c4.png,outputs/spectrograms/mel/shipsear_clip30_ov0.5_d191918efe/train/5/Oceanliner_71__23_07_13_H3_Discovery_UK_DUDA_c4.png,outputs/spectrograms/demon/shipsear_clip30_ov0.5_d191918efe/train/5/Oceanliner_71__23_07_13_H3_Discovery_UK_DUDA_c4.png
Oceanliner_71__23_07_13_H3_Discovery_UK_DUDA,5,/datasets/audio/shipsear/train/Oceanliner_71__23_07_13_H3_Discovery_UK_DUDA.wav,75.0,105.0,5,train,Ocean liner,shipsear,outputs/spectrograms/stft/shipsear_clip30_ov0.5_d191918efe/train/5/Oceanliner_71__23_07_13_H3_Discovery_UK_DUDA_c5.png,outputs/spectrograms/mel/shipsear_clip30_ov0.5_d191918efe/train/5/Oceanliner_71__23_07_13_H3_Discovery_UK_DUDA_c5.png,outputs/spectrograms/demon/shipsear_clip30_ov0.5_d191918efe/train/5/Oceanliner_71__23_07_13_H3_Discovery_UK_DUDA_c5.png
Oceanliner_71__23_07_13_H3_Discovery_UK_DUDA,6,/datasets/audio/shipsear/train/Oceanliner_71__23_07_13_H3_Discovery_UK_DUDA.wav,90.0,120.0,5,train,Ocean liner,shipsear,outputs/spectrograms/stft/shipsear_clip30_ov0.5_d191918efe/train/5/Oceanliner_71__23_07_13_H3_Discovery_UK_DUDA_c6.png,outputs/spectrograms/mel/shipsear_clip30_ov0.5_d191918efe/train/5/Oceanliner_71__23_07_13_H3_Discovery_UK_DUDA_c6.png,outputs/spectrograms/demon/shipsear_clip30_ov0.5_d191918efe/train/5/Oceanliner_71__23_07_13_H3_Discovery_UK_DUDA_c6.png
Oceanliner_71__23_07_13_H3_Discovery_UK_DUDA,7,/datasets/audio/shipsear/train/Oceanliner_71__23_07_13_H3_Discovery_UK_DUDA.wav,105.0,135.0,5,train,Ocean liner,shipsear,outputs/spectrograms/stft/shipsear_clip30_ov0.5_d191918efe/train/5/Oceanliner_71__23_07_13_H3_Discovery_UK_DUDA_c7.png,outputs/spectrograms/mel/shipsear_clip30_ov0.5_d191918efe/train/5/Oceanliner_71__23_07_13_H3_Discovery_UK_DUDA_c7.png,outputs/spectrograms/demon/shipsear_clip30_ov0.5_d191918efe/train/5/Oceanliner_71__23_07_13_H3_Discovery_UK_DUDA_c7.png
Oceanliner_71__23_07_13_H3_Discovery_UK_DUDA,8,/datasets/audio/shipsear/train/Oceanliner_71__23_07_13_H3_Discovery_UK_DUDA.wav,105.436777,135.436777,5,train,Ocean liner,shipsear,outputs/spectrograms/stft/shipsear_clip30_ov0.5_d191918efe/train/5/Oceanliner_71__23_07_13_H3_Discovery_UK_DUDA_c8.png,outputs/spectrograms/mel/shipsear_clip30_ov0.5_d191918efe/train/5/Oceanliner_71__23_07_13_H3_Discovery_UK_DUDA_c8.png,outputs/spectrograms/demon/shipsear_clip30_ov0.5_d191918efe/train/5/Oceanliner_71__23_07_13_H3_Discovery_UK_DUDA_c8.png
Passengers_10__10_07_13_marDeOnza_Sale,0,/datasets/audio/shipsear/train/Passengers_10__10_07_13_marDeOnza_Sale.wav,0.0,30.0,6,train,Passengers,shipsear,outputs/spectrograms/stft/shipsear_clip30_ov0.5_d191918efe/train/6/Passengers_10__10_07_13_marDeOnza_Sale_c0.png,outputs/spectrograms/mel/shipsear_clip30_ov0.5_d191918efe/train/6/Passengers_10__10_07_13_marDeOnza_Sale_c0.png,outputs/spectrograms/demon/shipsear_clip30_ov0.5_d191918efe/train/6/Passengers_10__10_07_13_marDeOnza_Sale_c0.png
Passengers_10__10_07_13_marDeOnza_Sale,1,/datasets/audio/shipsear/train/Passengers_10__10_07_13_marDeOnza_Sale.wav,15.0,45.0,6,train,Passengers,shipsear,outputs/spectrograms/stft/shipsear_clip30_ov0.5_d191918efe/train/6/Passengers_10__10_07_13_marDeOnza_Sale_c1.png,outputs/spectrograms/mel/shipsear_clip30_ov0.5_d191918efe/train/6/Passengers_10__10_07_13_marDeOnza_Sale_c1.png,outputs/spectrograms/demon/shipsear_clip30_ov0.5_d191918efe/train/6/Passengers_10__10_07_13_marDeOnza_Sale_c1.png
Passengers_10__10_07_13_marDeOnza_Sale,2,/datasets/audio/shipsear/train/Passengers_10__10_07_13_marDeOnza_Sale.wav,30.0,60.0,6,train,Passengers,shipsear,outputs/spectrograms/stft/shipsear_clip30_ov0.5_d191918efe/train/6/Passengers_10__10_07_13_marDeOnza_Sale_c2.png,outputs/spectrograms/mel/shipsear_clip30_ov0.5_d191918efe/train/6/Passengers_10__10_07_13_marDeOnza_Sale_c2.png,outputs/spectrograms/demon/shipsear_clip30_ov0.5_d191918efe/train/6/Passengers_10__10_07_13_marDeOnza_Sale_c2.png
Passengers_10__10_07_13_marDeOnza_Sale,3,/datasets/audio/shipsear/train/Passengers_10__10_07_13_marDeOnza_Sale.wav,45.0,75.0,6,train,Passengers,shipsear,outputs/spectrograms/stft/shipsear_clip30_ov0.5_d191918efe/train/6/Passengers_10__10_07_13_marDeOnza_Sale_c3.png,outputs/spectrograms/mel/shipsear_clip30_ov0.5_d191918efe/train/6/Passengers_10__10_07_13_marDeOnza_Sale_c3.png,outputs/spectrograms/demon/shipsear_clip30_ov0.5_d191918efe/train/6/Passengers_10__10_07_13_marDeOnza_Sale_c3.png
Passengers_10__10_07_13_marDeOnza_Sale,4,/datasets/audio/shipsear/train/Passengers_10__10_07_13_marDeOnza_Sale.wav,60.0,90.0,6,train,Passengers,shipsear,outputs/spectrograms/stft/shipsear_clip30_ov0.5_d191918efe/train/6/Passengers_10__10_07_13_marDeOnza_Sale_c4.png,outputs/spectrograms/mel/shipsear_clip30_ov0.5_d191918efe/train/6/Passengers_10__10_07_13_marDeOnza_Sale_c4.png,outputs/spectrograms/demon/shipsear_clip30_ov0.5_d191918efe/train/6/Passengers_10__10_07_13_marDeOnza_Sale_c4.png
Passengers_10__10_07_13_marDeOnza_Sale,5,/datasets/audio/shipsear/train/Passengers_10__10_07_13_marDeOnza_Sale.wav,75.0,105.0,6,train,Passengers,shipsear,outputs/spectrograms/stft/shipsear_clip30_ov0.5_d191918efe/train/6/Passengers_10__10_07_13_marDeOnza_Sale_c5.png,outputs/spectrograms/mel/shipsear_clip30_ov0.5_d191918efe/train/6/Passengers_10__10_07_13_marDeOnza_Sale_c5.png,outputs/spectrograms/demon/shipsear_clip30_ov0.5_d191918efe/train/6/Passengers_10__10_07_13_marDeOnza_Sale_c5.png
Passengers_10__10_07_13_marDeOnza_Sale,6,/datasets/audio/shipsear/train/Passengers_10__10_07_13_marDeOnza_Sale.wav,90.0,120.0,6,train,Passengers,shipsear,outputs/spectrograms/stft/shipsear_clip30_ov0.5_d191918efe/train/6/Passengers_10__10_07_13_marDeOnza_Sale_c6.png,outputs/spectrograms/mel/shipsear_clip30_ov0.5_d191918efe/train/6/Passengers_10__10_07_13_marDeOnza_Sale_c6.png,outputs/spectrograms/demon/shipsear_clip30_ov0.5_d191918efe/train/6/Passengers_10__10_07_13_marDeOnza_Sale_c6.png
Passengers_10__10_07_13_marDeOnza_Sale,7,/datasets/audio/shipsear/train/Passengers_10__10_07_13_marDeOnza_Sale.wav,105.0,135.0,6,train,Passengers,shipsear,outputs/spectrograms/stft/shipsear_clip30_ov0.5_d191918efe/train/6/Passengers_10__10_07_13_marDeOnza_Sale_c7.png,outputs/spectrograms/mel/shipsear_clip30_ov0.5_d191918efe/train/6/Passengers_10__10_07_13_marDeOnza_Sale_c7.png,outputs/spectrograms/demon/shipsear_clip30_ov0.5_d191918efe/train/6/Passengers_10__10_07_13_marDeOnza_Sale_c7.png
Passengers_10__10_07_13_marDeOnza_Sale,8,/datasets/audio/shipsear/train/Passengers_10__10_07_13_marDeOnza_Sale.wav,120.0,150.0,6,train,Passengers,shipsear,outputs/spectrograms/stft/shipsear_clip30_ov0.5_d191918efe/train/6/Passengers_10__10_07_13_marDeOnza_Sale_c8.png,outputs/spectrograms/mel/shipsear_clip30_ov0.5_d191918efe/train/6/Passengers_10__10_07_13_marDeOnza_Sale_c8.png,outputs/spectrograms/demon/shipsear_clip30_ov0.5_d191918efe/train/6/Passengers_10__10_07_13_marDeOnza_Sale_c8.png
Passengers_10__10_07_13_marDeOnza_Sale,9,/datasets/audio/shipsear/train/Passengers_10__10_07_13_marDeOnza_Sale.wav,124.861987,154.861987,6,train,Passengers,shipsear,outputs/spectrograms/stft/shipsear_clip30_ov0.5_d191918efe/train/6/Passengers_10__10_07_13_marDeOnza_Sale_c9.png,outputs/spectrograms/mel/shipsear_clip30_ov0.5_d191918efe/train/6/Passengers_10__10_07_13_marDeOnza_Sale_c9.png,outputs/spectrograms/demon/shipsear_clip30_ov0.5_d191918efe/train/6/Passengers_10__10_07_13_marDeOnza_Sale_c9.png
Passengers_11__10_07_13_minhoUno_Entra,0,/datasets/audio/shipsear/train/Passengers_11__10_07_13_minhoUno_Entra.wav,0.0,30.0,6,train,Passengers,shipsear,outputs/spectrograms/stft/shipsear_clip30_ov0.5_d191918efe/train/6/Passengers_11__10_07_13_minhoUno_Entra_c0.png,outputs/spectrograms/mel/shipsear_clip30_ov0.5_d191918efe/train/6/Passengers_11__10_07_13_minhoUno_Entra_c0.png,outputs/spectrograms/demon/shipsear_clip30_ov0.5_d191918efe/train/6/Passengers_11__10_07_13_minhoUno_Entra_c0.png
Passengers_11__10_07_13_minhoUno_Entra,1,/datasets/audio/shipsear/train/Passengers_11__10_07_13_minhoUno_Entra.wav,15.0,45.0,6,train,Passengers,shipsear,outputs/spectrograms/stft/shipsear_clip30_ov0.5_d191918efe/train/6/Passengers_11__10_07_13_minhoUno_Entra_c1.png,outputs/spectrograms/mel/shipsear_clip30_ov0.5_d191918efe/train/6/Passengers_11__10_07_13_minhoUno_Entra_c1.png,outputs/spectrograms/demon/shipsear_clip30_ov0.5_d191918efe/train/6/Passengers_11__10_07_13_minhoUno_Entra_c1.png
Passengers_11__10_07_13_minhoUno_Entra,2,/datasets/audio/shipsear/train/Passengers_11__10_07_13_minhoUno_Entra.wav,30.0,60.0,6,train,Passengers,shipsear,outputs/spectrograms/stft/shipsear_clip30_ov0.5_d191918efe/train/6/Passengers_11__10_07_13_minhoUno_Entra_c2.png,outputs/spectrograms/mel/shipsear_clip30_ov0.5_d191918efe/train/6/Passengers_11__10_07_13_minhoUno_Entra_c2.png,outputs/spectrograms/demon/shipsear_clip30_ov0.5_d191918efe/train/6/Passengers_11__10_07_13_minhoUno_Entra_c2.png
Passengers_11__10_07_13_minhoUno_Entra,3,/datasets/audio/shipsear/train/Passengers_11__10_07_13_minhoUno_Entra.wav,45.0,75.0,6,train,Passengers,shipsear,outputs/spectrograms/stft/shipsear_clip30_ov0.5_d191918efe/train/6/Passengers_11__10_07_13_minhoUno_Entra_c3.png,outputs/spectrograms/mel/shipsear_clip30_ov0.5_d191918efe/train/6/Passengers_11__10_07_13_minhoUno_Entra_c3.png,outputs/spectrograms/demon/shipsear_clip30_ov0.5_d191918efe/train/6/Passengers_11__10_07_13_minhoUno_Entra_c3.png
Passengers_11__10_07_13_minhoUno_Entra,4,/datasets/audio/shipsear/train/Passengers_11__10_07_13_minhoUno_Entra.wav,52.017484,82.017484,6,train,Passengers,shipsear,outputs/spectrograms/stft/shipsear_clip30_ov0.5_d191918efe/train/6/Passengers_11__10_07_13_minhoUno_Entra_c4.png,outputs/spectrograms/mel/shipsear_clip30_ov0.5_d191918efe/train/6/Passengers_11__10_07_13_minhoUno_Entra_c4.png,outputs/spectrograms/demon/shipsear_clip30_ov0.5_d191918efe/train/6/Passengers_11__10_07_13_minhoUno_Entra_c4.png
Passengers_12__10_07_13_minhoUno_Sale,0,/datasets/audio/shipsear/train/Passengers_12__10_07_13_minhoUno_Sale.wav,0.0,30.0,6,train,Passengers,shipsear,outputs/spectrograms/stft/shipsear_clip30_ov0.5_d191918efe/train/6/Passengers_12__10_07_13_minhoUno_Sale_c0.png,outputs/spectrograms/mel/shipsear_clip30_ov0.5_d191918efe/train/6/Passengers_12__10_07_13_minhoUno_Sale_c0.png,outputs/spectrograms/demon/shipsear_clip30_ov0.5_d191918efe/train/6/Passengers_12__10_07_13_minhoUno_Sale_c0.png
Passengers_12__10_07_13_minhoUno_Sale,1,/datasets/audio/shipsear/train/Passengers_12__10_07_13_minhoUno_Sale.wav,15.0,45.0,6,train,Passengers,shipsear,outputs/spectrograms/stft/shipsear_clip30_ov0.5_d191918efe/train/6/Passengers_12__10_07_13_minhoUno_Sale_c1.png,outputs/spectrograms/mel/shipsear_clip30_ov0.5_d191918efe/train/6/Passengers_12__10_07_13_minhoUno_Sale_c1.png,outputs/spectrograms/demon/shipsear_clip30_ov0.5_d191918efe/train/6/Passengers_12__10_07_13_minhoUno_Sale_c1.png
Passengers_12__10_07_13_minhoUno_Sale,2,/datasets/audio/shipsear/train/Passengers_12__10_07_13_minhoUno_Sale.wav,30.0,60.0,6,train,Passengers,shipsear,outputs/spectrograms/stft/shipsear_clip30_ov0.5_d191918efe/train/6/Passengers_12__10_07_13_minhoUno_Sale_c2.png,outputs/spectrograms/mel/shipsear_clip30_ov0.5_d191918efe/train/6/Passengers_12__10_07_13_minhoUno_Sale_c2.png,outputs/spectrograms/demon/shipsear_clip30_ov0.5_d191918efe/train/6/Passengers_12__10_07_13_minhoUno_Sale_c2.png
Passengers_12__10_07_13_minhoUno_Sale,3,/datasets/audio/shipsear/train/Passengers_12__10_07_13_minhoUno_Sale.wav,45.0,75.0,6,train,Passengers,shipsear,outputs/spectrograms/stft/shipsear_clip30_ov0.5_d191918efe/train/6/Passengers_12__10_07_13_minhoUno_Sale_c3.png,outputs/spectrograms/mel/shipsear_clip30_ov0.5_d191918efe/train/6/Passengers_12__10_07_13_minhoUno_Sale_c3.png,outputs/spectrograms/demon/shipsear_clip30_ov0.5_d191918efe/train/6/Passengers_12__10_07_13_minhoUno_Sale_c3.png
Passengers_12__10_07_13_minhoUno_Sale,4,/datasets/audio/shipsear/train/Passengers_12__10_07_13_minhoUno_Sale.wav,60.0,90.0,6,train,Passengers,shipsear,outputs/spectrograms/stft/shipsear_clip30_ov0.5_d191918efe/train/6/Passengers_12__10_07_13_minhoUno_Sale_c4.png,outputs/spectrograms/mel/shipsear_clip30_ov0.5_d191918efe/train/6/Passengers_12__10_07_13_minhoUno_Sale_c4.png,outputs/spectrograms/demon/shipsear_clip30_ov0.5_d191918efe/train/6/Passengers_12__10_07_13_minhoUno_Sale_c4.png
Passengers_12__10_07_13_minhoUno_Sale,5,/datasets/audio/shipsear/train/Passengers_12__10_07_13_minhoUno_Sale.wav,75.0,105.0,6,train,Passengers,shipsear,outputs/spectrograms/stft/shipsear_clip30_ov0.5_d191918efe/train/6/Passengers_12__10_07_13_minhoUno_Sale_c5.png,outputs/spectrograms/mel/shipsear_clip30_ov0.5_d191918efe/train/6/Passengers_12__10_07_13_minhoUno_Sale_c5.png,outputs/spectrograms/demon/shipsear_clip30_ov0.5_d191918efe/train/6/Passengers_12__10_07_13_minhoUno_Sale_c5.png
Passengers_12__10_07_13_minhoUno_Sale,6,/datasets/audio/shipsear/train/Passengers_12__10_07_13_minhoUno_Sale.wav,90.0,120.0,6,train,Passengers,shipsear,outputs/spectrograms/stft/shipsear_clip30_ov0.5_d191918efe/train/6/Passengers_12__10_07_13_minhoUno_Sale_c6.png,outputs/spectrograms/mel/shipsear_clip30_ov0.5_d191918efe/train/6/Passengers_12__10_07_13_minhoUno_Sale_c6.png,outputs/spectrograms/demon/shipsear_clip30_ov0.5_d191918efe/train/6/Passengers_12__10_07_13_minhoUno_Sale_c6.png
Passengers_12__10_07_13_minhoUno_Sale,7,/datasets/audio/shipsear/train/Passengers_12__10_07_13_minhoUno_Sale.wav,91.407498,121.407498,6,train,Passengers,shipsear,outputs/spectrograms/stft/shipsear_clip30_ov0.5_d191918efe/train/6/Passengers_12__10_07_13_minhoUno_Sale_c7.png,outputs/spectrograms/mel/shipsear_clip30_ov0.5_d191918efe/train/6/Passengers_12__10_07_13_minhoUno_Sale_c7.png,outputs/spectrograms/demon/shipsear_clip30_ov0.5_d191918efe/train/6/Passengers_12__10_07_13_minhoUno_Sale_c7.png
Passengers_13__10_07_13_piraCies_Entra,0,/datasets/audio/shipsear/train/Passengers_13__10_07_13_piraCies_Entra.wav,0.0,30.0,6,train,Passengers,shipsear,outputs/spectrograms/stft/shipsear_clip30_ov0.5_d191918efe/train/6/Passengers_13__10_07_13_piraCies_Entra_c0.png,outputs/spectrograms/mel/shipsear_clip30_ov0.5_d191918efe/train/6/Passengers_13__10_07_13_piraCies_Entra_c0.png,outputs/spectrograms/demon/shipsear_clip30_ov0.5_d191918efe/train/6/Passengers_13__10_07_13_piraCies_Entra_c0.png
Passengers_13__10_07_13_piraCies_Entra,1,/datasets/audio/shipsear/train/Passengers_13__10_07_13_piraCies_Entra.wav,15.0,45.0,6,train,Passengers,shipsear,outputs/spectrograms/stft/shipsear_clip30_ov0.5_d191918efe/train/6/Passengers_13__10_07_13_piraCies_Entra_c1.png,outputs/spectrograms/mel/shipsear_clip30_ov0.5_d191918efe/train/6/Passengers_13__10_07_13_piraCies_Entra_c1.png,outputs/spectrograms/demon/shipsear_clip30_ov0.5_d191918efe/train/6/Passengers_13__10_07_13_piraCies_Entra_c1.png
Passengers_13__10_07_13_piraCies_Entra,2,/datasets/audio/shipsear/train/Passengers_13__10_07_13_piraCies_Entra.wav,30.0,60.0,6,train,Passengers,shipsear,outputs/spectrograms/stft/shipsear_clip30_ov0.5_d191918efe/train/6/Passengers_13__10_07_13_piraCies_Entra_c2.png,outputs/spectrograms/mel/shipsear_clip30_ov0.5_d191918efe/train/6/Passengers_13__10_07_13_piraCies_Entra_c2.png,outputs/spectrograms/demon/shipsear_clip30_ov0.5_d191918efe/train/6/Passengers_13__10_07_13_piraCies_Entra_c2.png
Passengers_13__10_07_13_piraCies_Entra,3,/datasets/audio/shipsear/train/Passengers_13__10_07_13_piraCies_Entra.wav,45.0,75.0,6,train,Passengers,shipsear,outputs/spectrograms/stft/shipsear_clip30_ov0.5_d191918efe/train/6/Passengers_13__10_07_13_piraCies_Entra_c3.png,outputs/spectrograms/mel/shipsear_clip30_ov0.5_d191918efe/train/6/Passengers_13__10_07_13_piraCies_Entra_c3.png,outputs/spectrograms/demon/shipsear_clip30_ov0.5_d191918efe/train/6/Passengers_13__10_07_13_piraCies_Entra_c3.png
Passengers_13__10_07_13_piraCies_Entra,4,/datasets/audio/shipsear/train/Passengers_13__10_07_13_piraCies_Entra.wav,60.0,90.0,6,train,Passengers,shipsear,outputs/spectrograms/stft/shipsear_clip30_ov0.5_d191918efe/train/6/Passengers_13__10_07_13_piraCies_Entra_c4.png,outputs/spectrograms/mel/shipsear_clip30_ov0.5_d191918efe/train/6/Passengers_13__10_07_13_piraCies_Entra_c4.png,outputs/spectrograms/demon/shipsear_clip30_ov0.5_d191918efe/train/6/Passengers_13__10_07_13_piraCies_Entra_c4.png
Passengers_13__10_07_13_piraCies_Entra,5,/datasets/audio/shipsear/train/Passengers_13__10_07_13_piraCies_Entra.wav,75.0,105.0,6,train,Passengers,shipsear,outputs/spectrograms/stft/shipsear_clip30_ov0.5_d191918efe/train/6/Passengers_13__10_07_13_piraCies_Entra_c5.png,outputs/spectrograms/mel/shipsear_clip30_ov0.5_d191918efe/train/6/Passengers_13__10_07_13_piraCies_Entra_c5.png,outputs/spectrograms/demon/shipsear_clip30_ov0.5_d191918efe/train/6/Passengers_13__10_07_13_piraCies_Entra_c5.png
Passengers_13__10_07_13_piraCies_Entra,6,/datasets/audio/shipsear/train/Passengers_13__10_07_13_piraCies_Entra.wav,90.0,120.0,6,train,Passengers,shipsear,outputs/spectrograms/stft/shipsear_clip30_ov0.5_d191918efe/train/6/Passengers_13__10_07_13_piraCies_Entra_c6.png,outputs/spectrograms/mel/shipsear_clip30_ov0.5_d191918efe/train/6/Passengers_13__10_07_13_piraCies_Entra_c6.png,outputs/spectrograms/demon/shipsear_clip30_ov0.5_d191918efe/train/6/Passengers_13__10_07_13_piraCies_Entra_c6.png
Passengers_13__10_07_13_piraCies_Entra,7,/datasets/audio/shipsear/train/Passengers_13__10_07_13_piraCies_Entra.wav,105.0,135.0,6,train,Passengers,shipsear,outputs/spectrograms/stft/shipsear_clip30_ov0.5_d191918efe/train/6/Passengers_13__10_07_13_piraCies_Entra_c7.png,outputs/spectrograms/mel/shipsear_clip30_ov0.5_d191918efe/train/6/Passengers_13__10_07_13_piraCies_Entra_c7.png,outputs/spectrograms/demon/shipsear_clip30_ov0.5_d191918efe/train/6/Passengers_13__10_07_13_piraCies_Entra_c7.png
Passengers_13__10_07_13_piraCies_Entra,8,/datasets/audio/shipsear/train/Passengers_13__10_07_13_piraCies_Entra.wav,120.0,150.0,6,train,Passengers,shipsear,outputs/spectrograms/stft/shipsear_clip30_ov0.5_d191918efe/train/6/Passengers_13__10_07_13_piraCies_Entra_c8.png,outputs/spectrograms/mel/shipsear_clip30_ov0.5_d191918efe/train/6/Passengers_13__10_07_13_piraCies_Entra_c8.png,outputs/spectrograms/demon/shipsear_clip30_ov0.5_d191918efe/train/6/Passengers_13__10_07_13_piraCies_Entra_c8.png
Passengers_13__10_07_13_piraCies_Entra,9,/datasets/audio/shipsear/train/Passengers_13__10_07_13_piraCies_Entra.wav,135.0,165.0,6,train,Passengers,shipsear,outputs/spectrograms/stft/shipsear_clip30_ov0.5_d191918efe/train/6/Passengers_13__10_07_13_piraCies_Entra_c9.png,outputs/spectrograms/mel/shipsear_clip30_ov0.5_d191918efe/train/6/Passengers_13__10_07_13_piraCies_Entra_c9.png,outputs/spectrograms/demon/shipsear_clip30_ov0.5_d191918efe/train/6/Passengers_13__10_07_13_piraCies_Entra_c9.png
Passengers_13__10_07_13_piraCies_Entra,10,/datasets/audio/shipsear/train/Passengers_13__10_07_13_piraCies_Entra.wav,150.0,180.0,6,train,Passengers,shipsear,outputs/spectrograms/stft/shipsear_clip30_ov0.5_d191918efe/train/6/Passengers_13__10_07_13_piraCies_Entra_c10.png,outputs/spectrograms/mel/shipsear_clip30_ov0.5_d191918efe/train/6/Passengers_13__10_07_13_piraCies_Entra_c10.png,outputs/spectrograms/demon/shipsear_clip30_ov0.5_d191918efe/train/6/Passengers_13__10_07_13_piraCies_Entra_c10.png
Passengers_13__10_07_13_piraCies_Entra,11,/datasets/audio/shipsear/train/Passengers_13__10_07_13_piraCies_Entra.wav,165.0,195.0,6,train,Passengers,shipsear,outputs/spectrograms/stft/shipsear_clip30_ov0.5_d191918efe/train/6/Passengers_13__10_07_13_piraCies_Entra_c11.png,outputs/spectrograms/mel/shipsear_clip30_ov0.5_d191918efe/train/6/Passengers_13__10_07_13_piraCies_Entra_c11.png,outputs/spectrograms/demon/shipsear_clip30_ov0.5_d191918efe/train/6/Passengers_13__10_07_13_piraCies_Entra_c11.png
Passengers_13__10_07_13_piraCies_Entra,12,/datasets/audio/shipsear/train/Passengers_13__10_07_13_piraCies_Entra.wav,177.471897,207.471897,6,train,Passengers,shipsear,outputs/spectrograms/stft/shipsear_clip30_ov0.5_d191918efe/train/6/Passengers_13__10_07_13_piraCies_Entra_c12.png,outputs/spectrograms/mel/shipsear_clip30_ov0.5_d191918efe/train/6/Passengers_13__10_07_13_piraCies_Entra_c12.png,outputs/spectrograms/demon/shipsear_clip30_ov0.5_d191918efe/train/6/Passengers_13__10_07_13_piraCies_Entra_c12.png
Passengers_17__10_07_13_visionSub_Entra,0,/datasets/audio/shipsear/train/Passengers_17__10_07_13_visionSub_Entra.wav,0.0,30.0,6,train,Passengers,shipsear,outputs/spectrograms/stft/shipsear_clip30_ov0.5_d191918efe/train/6/Passengers_17__10_07_13_visionSub_Entra_c0.png,outputs/spectrograms/mel/shipsear_clip30_ov0.5_d191918efe/train/6/Passengers_17__10_07_13_visionSub_Entra_c0.png,outputs/spectrograms/demon/shipsear_clip30_ov0.5_d191918efe/train/6/Passengers_17__10_07_13_visionSub_Entra_c0.png
Passengers_17__10_07_13_visionSub_Entra,1,/datasets/audio/shipsear/train/Passengers_17__10_07_13_visionSub_Entra.wav,15.0,45.0,6,train,Passengers,shipsear,outputs/spectrograms/stft/shipsear_clip30_ov0.5_d191918efe/train/6/Passengers_17__10_07_13_visionSub_Entra_c1.png,outputs/spectrograms/mel/shipsear_clip30_ov0.5_d191918efe/train/6/Passengers_17__10_07_13_visionSub_Entra_c1.png,outputs/spectrograms/demon/shipsear_clip30_ov0.5_d191918efe/train/6/Passengers_17__10_07_13_visionSub_Entra_c1.png
Passengers_17__10_07_13_visionSub_Entra,2,/datasets/audio/shipsear/train/Passengers_17__10_07_13_visionSub_Entra.wav,30.0,60.0,6,train,Passengers,shipsear,outputs/spectrograms/stft/shipsear_clip30_ov0.5_d191918efe/train/6/Passengers_17__10_07_13_visionSub_Entra_c2.png,outputs/spectrograms/mel/shipsear_clip30_ov0.5_d191918efe/train/6/Passengers_17__10_07_13_visionSub_Entra_c2.png,outputs/spectrograms/demon/shipsear_clip30_ov0.5_d191918efe/train/6/Passengers_17__10_07_13_visionSub_Entra_c2.png
Passengers_17__10_07_13_visionSub_Entra,3,/datasets/audio/shipsear/train/Passengers_17__10_07_13_visionSub_Entra.wav,45.0,75.0,6,train,Passengers,shipsear,outputs/spectrograms/stft/shipsear_clip30_ov0.5_d191918efe/train/6/Passengers_17__10_07_13_visionSub_Entra_c3.png,outputs/spectrograms/mel/shipsear_clip30_ov0.5_d191918efe/train/6/Passengers_17__10_07_13_visionSub_Entra_c3.png,outputs/spectrograms/demon/shipsear_clip30_ov0.5_d191918efe/train/6/Passengers_17__10_07_13_visionSub_Entra_c3.png
Passengers_17__10_07_13_visionSub_Entra,4,/datasets/audio/shipsear/train/Passengers_17__10_07_13_visionSub_Entra.wav,46.891398,76.891398,6,train,Passengers,shipsear,outputs/spectrograms/stft/shipsear_clip30_ov0.5_d191918efe/train/6/Passengers_17__10_07_13_visionSub_Entra_c4.png,outputs/spectrograms/mel/shipsear_clip30_ov0.5_d191918efe/train/6/Passengers_17__10_07_13_visionSub_Entra_c4.png,outputs/spectrograms/demon/shipsear_clip30_ov0.5_d191918efe/train/6/Passengers_17__10_07_13_visionSub_Entra_c4.png
Passengers_32__19_07_13_Arroios_llega,0,/datasets/audio/shipsear/train/Passengers_32__19_07_13_Arroios_llega.wav,0.0,30.0,6,train,Passengers,shipsear,outputs/spectrograms/stft/shipsear_clip30_ov0.5_d191918efe/train/6/Passengers_32__19_07_13_Arroios_llega_c0.png,outputs/spectrograms/mel/shipsear_clip30_ov0.5_d191918efe/train/6/Passengers_32__19_07_13_Arroios_llega_c0.png,outputs/spectrograms/demon/shipsear_clip30_ov0.5_d191918efe/train/6/Passengers_32__19_07_13_Arroios_llega_c0.png
Passengers_32__19_07_13_Arroios_llega,1,/datasets/audio/shipsear/train/Passengers_32__19_07_13_Arroios_llega.wav,15.0,45.0,6,train,Passengers,shipsear,outputs/spectrograms/stft/shipsear_clip30_ov0.5_d191918efe/train/6/Passengers_32__19_07_13_Arroios_llega_c1.png,outputs/spectrograms/mel/shipsear_clip30_ov0.5_d191918efe/train/6/Passengers_32__19_07_13_Arroios_llega_c1.png,outputs/spectrograms/demon/shipsear_clip30_ov0.5_d191918efe/train/6/Passengers_32__19_07_13_Arroios_llega_c1.png
Passengers_32__19_07_13_Arroios_llega,2,/datasets/audio/shipsear/train/Passengers_32__19_07_13_Arroios_llega.wav,30.0,60.0,6,train,Passengers,shipsear,outputs/spectrograms/stft/shipsear_clip30_ov0.5_d191918efe/train/6/Passengers_32__19_07_13_Arroios_llega_c2.png,outputs/spectrograms/mel/shipsear_clip30_ov0.5_d191918efe/train/6/Passengers_32__19_07_13_Arroios_llega_c2.png,outputs/spectrograms/demon/shipsear_clip30_ov0.5_d191918efe/train/6/Passengers_32__19_07_13_Arroios_llega_c2.png
Passengers_32__19_07_13_Arroios_llega,3,/datasets/audio/shipsear/train/Passengers_32__19_07_13_Arroios_llega.wav,45.0,75.0,6,train,Passengers,shipsear,outputs/spectrograms/stft/shipsear_clip30_ov0.5_d191918efe/train/6/Passengers_32__19_07_13_Arroios_llega_c3.png,outputs/spectrograms/mel/shipsear_clip30_ov0.5_d191918efe/train/6/Passengers_32__19_07_13_Arroios_llega_c3.png,outputs/spectrograms/demon/shipsear_clip30_ov0.5_d191918efe/train/6/Passengers_32__19_07_13_Arroios_llega_c3.png
Passengers_32__19_07_13_Arroios_llega,4,/datasets/audio/shipsear/train/Passengers_32__19_07_13_Arroios_llega.wav,60.0,90.0,6,train,Passengers,shipsear,outputs/spectrograms/stft/shipsear_clip30_ov0.5_d191918efe/train/6/Passengers_32__19_07_13_Arroios_llega_c4.png,outputs/spectrograms/mel/shipsear_clip30_ov0.5_d191918efe/train/6/Passengers_32__19_07_13_Arroios_llega_c4.png,outputs/spectrograms/demon/shipsear_clip30_ov0.5_d191918efe/train/6/Passengers_32__19_07_13_Arroios_llega_c4.png
Passengers_32__19_07_13_Arroios_llega,5,/datasets/audio/shipsear/train/Passengers_32__19_07_13_Arroios_llega.wav,75.0,105.0,6,train,Passengers,shipsear,outputs/spectrograms/stft/shipsear_clip30_ov0.5_d191918efe/train/6/Passengers_32__19_07_13_Arroios_llega_c5.png,outputs/spectrograms/mel/shipsear_clip30_ov0.5_d191918efe/train/6/Passengers_32__19_07_13_Arroios_llega_c5.png,outputs/spectrograms/demon/shipsear_clip30_ov0.5_d191918efe/train/6/Passengers_32__19_07_13_Arroios_llega_c5.png
Passengers_32__19_07_13_Arroios_llega,6,/datasets/audio/shipsear/train/Passengers_32__19_07_13_Arroios_llega.wav,90.0,120.0,6,train,Passengers,shipsear,outputs/spectrograms/stft/shipsear_clip30_ov0.5_d191918efe/train/6/Passengers_32__19_07_13_Arroios_llega_c6.png,outputs/spectrograms/mel/shipsear_clip30_ov0.5_d191918efe/train/6/Passengers_32__19_07_13_Arroios_llega_c6.png,outputs/spectrograms/demon/shipsear_clip30_ov0.5_d191918efe/train/6/Passengers_32__19_07_13_Arroios_llega_c6.png
Passengers_32__19_07_13_Arroios_llega,7,/datasets/audio/shipsear/train/Passengers_32__19_07_13_Arroios_llega.wav,105.0,135.0,6,train,Passengers,shipsear,outputs/spectrograms/stft/shipsear_clip30_ov0.5_d191918efe/train/6/Passengers_32__19_07_13_Arroios_llega_c7.png,outputs/spectrograms/mel/shipsear_clip30_ov0.5_d191918efe/train/6/Passengers_32__19_07_13_Arroios_llega_c7.png,outputs/spectrograms/demon/shipsear_clip30_ov0.5_d191918efe/train/6/Passengers_32__19_07_13_Arroios_llega_c7.png
Passengers_32__19_07_13_Arroios_llega,8,/datasets/audio/shipsear/train/Passengers_32__19_07_13_Arroios_llega.wav,120.0,150.0,6,train,Passengers,shipsear,outputs/spectrograms/stft/shipsear_clip30_ov0.5_d191918efe/train/6/Passengers_32__19_07_13_Arroios_llega_c8.png,outputs/spectrograms/mel/shipsear_clip30_ov0.5_d191918efe/train/6/Passengers_32__19_07_13_Arroios_llega_c8.png,outputs/spectrograms/demon/shipsear_clip30_ov0.5_d191918efe/train/6/Passengers_32__19_07_13_Arroios_llega_c8.png
Passengers_32__19_07_13_Arroios_llega,9,/datasets/audio/shipsear/train/Passengers_32__19_07_13_Arroios_llega.wav,135.0,165.0,6,train,Passengers,shipsear,outputs/spectrograms/stft/shipsear_clip30_ov0.5_d191918efe/train/6/Passengers_32__19_07_13_Arroios_llega_c9.png,outputs/spectrograms/mel/shipsear_clip30_ov0.5_d191918efe/train/6/Passengers_32__19_07_13_Arroios_llega_c9.png,outputs/spectrograms/demon/shipsear_clip30_ov0.5_d191918efe/train/6/Passengers_32__19_07_13_Arroios_llega_c9.png
Passengers_32__19_07_13_Arroios_llega,10,/datasets/audio/shipsear/train/Passengers_32__19_07_13_Arroios_llega.wav,150.0,180.0,6,train,Passengers,shipsear,outputs/spectrograms/stft/shipsear_clip30_ov0.5_d191918efe/train/6/Passengers_32__19_07_13_Arroios_llega_c10.png,outputs/spectrograms/mel/shipsear_clip30_ov0.5_d191918efe/train/6/Passengers_32__19_07_13_Arroios_llega_c10.png,outputs/spectrograms/demon/shipsear_clip30_ov0.5_d191918efe/train/6/Passengers_32__19_07_13_Arroios_llega_c10.png
Passengers_32__19_07_13_Arroios_llega,11,/datasets/audio/shipsear/train/Passengers_32__19_07_13_Arroios_llega.wav,165.0,195.0,6,train,Passengers,shipsear,outputs/spectrograms/stft/shipsear_clip30_ov0.5_d191918efe/train/6/Passengers_32__19_07_13_Arroios_llega_c11.png,outputs/spectrograms/mel/shipsear_clip30_ov0.5_d191918efe/train/6/Passengers_32__19_07_13_Arroios_llega_c11.png,outputs/spectrograms/demon/shipsear_clip30_ov0.5_d191918efe/train/6/Passengers_32__19_07_13_Arroios_llega_c11.png
Passengers_32__19_07_13_Arroios_llega,12,/datasets/audio/shipsear/train/Passengers_32__19_07_13_Arroios_llega.wav,180.0,210.0,6,train,Passengers,shipsear,outputs/spectrograms/stft/shipsear_clip30_ov0.5_d191918efe/train/6/Passengers_32__19_07_13_Arroios_llega_c12.png,outputs/spectrograms/mel/shipsear_clip30_ov0.5_d191918efe/train/6/Passengers_32__19_07_13_Arroios_llega_c12.png,outputs/spectrograms/demon/shipsear_clip30_ov0.5_d191918efe/train/6/Passengers_32__19_07_13_Arroios_llega_c12.png
Passengers_32__19_07_13_Arroios_llega,13,/datasets/audio/shipsear/train/Passengers_32__19_07_13_Arroios_llega.wav,186.397884,216.397884,6,train,Passengers,shipsear,outputs/spectrograms/stft/shipsear_clip30_ov0.5_d191918efe/train/6/Passengers_32__19_07_13_Arroios_llega_c13.png,outputs/spectrograms/mel/shipsear_clip30_ov0.5_d191918efe/train/6/Passengers_32__19_07_13_Arroios_llega_c13.png,outputs/spectrograms/demon/shipsear_clip30_ov0.5_d191918efe/train/6/Passengers_32__19_07_13_Arroios_llega_c13.png
Passengers_34__19_07_13_MarDeOnza_Llega,0,/datasets/audio/shipsear/train/Passengers_34__19_07_13_MarDeOnza_Llega.wav,0.0,30.0,6,train,Passengers,shipsear,outputs/spectrograms/stft/shipsear_clip30_ov0.5_d191918efe/train/6/Passengers_34__19_07_13_MarDeOnza_Llega_c0.png,outputs/spectrograms/mel/shipsear_clip30_ov0.5_d191918efe/train/6/Passengers_34__19_07_13_MarDeOnza_Llega_c0.png,outputs/spectrograms/demon/shipsear_clip30_ov0.5_d191918efe/train/6/Passengers_34__19_07_13_MarDeOnza_Llega_c0.png
Passengers_34__19_07_13_MarDeOnza_Llega,1,/datasets/audio/shipsear/train/Passengers_34__19_07_13_MarDeOnza_Llega.wav,15.0,45.0,6,train,Passengers,shipsear,outputs/spectrograms/stft/shipsear_clip30_ov0.5_d191918efe/train/6/Passengers_34__19_07_13_MarDeOnza_Llega_c1.png,outputs/spectrograms/mel/shipsear_clip30_ov0.5_d191918efe/train/6/Passengers_34__19_07_13_MarDeOnza_Llega_c1.png,outputs/spectrograms/demon/shipsear_clip30_ov0.5_d191918efe/train/6/Passengers_34__19_07_13_MarDeOnza_Llega_c1.png
Passengers_34__19_07_13_MarDeOnza_Llega,2,/datasets/audio/shipsear/train/Passengers_34__19_07_13_MarDeOnza_Llega.wav,30.0,60.0,6,train,Passengers,shipsear,outputs/spectrograms/stft/shipsear_clip30_ov0.5_d191918efe/train/6/Passengers_34__19_07_13_MarDeOnza_Llega_c2.png,outputs/spectrograms/mel/shipsear_clip30_ov0.5_d191918efe/train/6/Passengers_34__19_07_13_MarDeOnza_Llega_c2.png,outputs/spectrograms/demon/shipsear_clip30_ov0.5_d191918efe/train/6/Passengers_34__19_07_13_MarDeOnza_Llega_c2.png
Passengers_34__19_07_13_MarDeOnza_Llega,3,/datasets/audio/shipsear/train/Passengers_34__19_07_13_MarDeOnza_Llega.wav,45.0,75.0,6,train,Passengers,shipsear,outputs/spectrograms/stft/shipsear_clip30_ov0.5_d191918efe/train/6/Passengers_34__19_07_13_MarDeOnza_Llega_c3.png,outputs/spectrograms/mel/shipsear_clip30_ov0.5_d191918efe/train/6/Passengers_34__19_07_13_MarDeOnza_Llega_c3.png,outputs/spectrograms/demon/shipsear_clip30_ov0.5_d191918efe/train/6/Passengers_34__19_07_13_MarDeOnza_Llega_c3.png
Passengers_34__19_07_13_MarDeOnza_Llega,4,/datasets/audio/shipsear/train/Passengers_34__19_07_13_MarDeOnza_Llega.wav,60.0,90.0,6,train,Passengers,shipsear,outputs/spectrograms/stft/shipsear_clip30_ov0.5_d191918efe/train/6/Passengers_34__19_07_13_MarDeOnza_Llega_c4.png,outputs/spectrograms/mel/shipsear_clip30_ov0.5_d191918efe/train/6/Passengers_34__19_07_13_MarDeOnza_Llega_c4.png,outputs/spectrograms/demon/shipsear_clip30_ov0.5_d191918efe/train/6/Passengers_34__19_07_13_MarDeOnza_Llega_c4.png
Passengers_34__19_07_13_MarDeOnza_Llega,5,/datasets/audio/shipsear/train/Passengers_34__19_07_13_MarDeOnza_Llega.wav,75.0,105.0,6,train,Passengers,shipsear,outputs/spectrograms/stft/shipsear_clip30_ov0.5_d191918efe/train/6/Passengers_34__19_07_13_MarDeOnza_Llega_c5.png,outputs/spectrograms/mel/shipsear_clip30_ov0.5_d191918efe/train/6/Passengers_34__19_07_13_MarDeOnza_Llega_c5.png,outputs/spectrograms/demon/shipsear_clip30_ov0.5_d191918efe/train/6/Passengers_34__19_07_13_MarDeOnza_Llega_c5.png
Passengers_34__19_07_13_MarDeOnza_Llega,6,/datasets/audio/shipsear/train/Passengers_34__19_07_13_MarDeOnza_Llega.wav,90.0,120.0,6,train,Passengers,shipsear,outputs/spectrograms/stft/shipsear_clip30_ov0.5_d191918efe/train/6/Passengers_34__19_07_13_MarDeOnza_Llega_c6.png,outputs/spectrograms/mel/shipsear_clip30_ov0.5_d191918efe/train/6/Passengers_34__19_07_13_MarDeOnza_Llega_c6.png,outputs/spectrograms/demon/shipsear_clip30_ov0.5_d191918efe/train/6/Passengers_34__19_07_13_MarDeOnza_Llega_c6.png
Passengers_34__19_07_13_MarDeOnza_Llega,7,/datasets/audio/shipsear/train/Passengers_34__19_07_13_MarDeOnza_Llega.wav,93.695813,123.695813,6,train,Passengers,shipsear,outputs/spectrograms/stft/shipsear_clip30_ov0.5_d191918efe/train/6/Passengers_34__19_07_13_MarDeOnza_Llega_c7.png,outputs/spectrograms/mel/shipsear_clip30_ov0.5_d191918efe/train/6/Passengers_34__19_07_13_MarDeOnza_Llega_c7.png,outputs/spectrograms/demon/shipsear_clip30_ov0.5_d191918efe/train/6/Passengers_34__19_07_13_MarDeOnza_Llega_c7.png
Passengers_36__19_07_13_MinoUno_Sale,0,/datasets/audio/shipsear/train/Passengers_36__19_07_13_MinoUno_Sale.wav,0.0,30.0,6,train,Passengers,shipsear,outputs/spectrograms/stft/shipsear_clip30_ov0.5_d191918efe/train/6/Passengers_36__19_07_13_MinoUno_Sale_c0.png,outputs/spectrograms/mel/shipsear_clip30_ov0.5_d191918efe/train/6/Passengers_36__19_07_13_MinoUno_Sale_c0.png,outputs/spectrograms/demon/shipsear_clip30_ov0.5_d191918efe/train/6/Passengers_36__19_07_13_MinoUno_Sale_c0.png
Passengers_36__19_07_13_MinoUno_Sale,1,/datasets/audio/shipsear/train/Passengers_36__19_07_13_MinoUno_Sale.wav,15.0,45.0,6,train,Passengers,shipsear,outputs/spectrograms/stft/shipsear_clip30_ov0.5_d191918efe/train/6/Passengers_36__19_07_13_MinoUno_Sale_c1.png,outputs/spectrograms/mel/shipsear_clip30_ov0.5_d191918efe/train/6/Passengers_36__19_07_13_MinoUno_Sale_c1.png,outputs/spectrograms/demon/shipsear_clip30_ov0.5_d191918efe/train/6/Passengers_36__19_07_13_MinoUno_Sale_c1.png
Passengers_36__19_07_13_MinoUno_Sale,2,/datasets/audio/shipsear/train/Passengers_36__19_07_13_MinoUno_Sale.wav,30.0,60.0,6,train,Passengers,shipsear,outputs/spectrograms/stft/shipsear_clip30_ov0.5_d191918efe/train/6/Passengers_36__19_07_13_MinoUno_Sale_c2.png,outputs/spectrograms/mel/shipsear_clip30_ov0.5_d191918efe/train/6/Passengers_36__19_07_13_MinoUno_Sale_c2.png,outputs/spectrograms/demon/shipsear_clip30_ov0.5_d191918efe/train/6/Passengers_36__19_07_13_MinoUno_Sale_c2.png
Passengers_36__19_07_13_MinoUno_Sale,3,/datasets/audio/shipsear/train/Passengers_36__19_07_13_MinoUno_Sale.wav,45.0,75.0,6,train,Passengers,shipsear,outputs/spectrograms/stft/shipsear_clip30_ov0.5_d191918efe/train/6/Passengers_36__19_07_13_MinoUno_Sale_c3.png,outputs/spectrograms/mel/shipsear_clip30_ov0.5_d191918efe/train/6/Passengers_36__19_07_13_MinoUno_Sale_c3.png,outputs/spectrograms/demon/shipsear_clip30_ov0.5_d191918efe/train/6/Passengers_36__19_07_13_MinoUno_Sale_c3.png
Passengers_36__19_07_13_MinoUno_Sale,4,/datasets/audio/shipsear/train/Passengers_36__19_07_13_MinoUno_Sale.wav,60.0,90.0,6,train,Passengers,shipsear,outputs/spectrograms/stft/shipsear_clip30_ov0.5_d191918efe/train/6/Passengers_36__19_07_13_MinoUno_Sale_c4.png,outputs/spectrograms/mel/shipsear_clip30_ov0.5_d191918efe/train/6/Passengers_36__19_07_13_MinoUno_Sale_c4.png,outputs/spectrograms/demon/shipsear_clip30_ov0.5_d191918efe/train/6/Passengers_36__19_07_13_MinoUno_Sale_c4.png
Passengers_36__19_07_13_MinoUno_Sale,5,/datasets/audio/shipsear/train/Passengers_36__19_07_13_MinoUno_Sale.wav,71.776804,101.776804,6,train,Passengers,shipsear,outputs/spectrograms/stft/shipsear_clip30_ov0.5_d191918efe/train/6/Passengers_36__19_07_13_MinoUno_Sale_c5.png,outputs/spectrograms/mel/shipsear_clip30_ov0.5_d191918efe/train/6/Passengers_36__19_07_13_MinoUno_Sale_c5.png,outputs/spectrograms/demon/shipsear_clip30_ov0.5_d191918efe/train/6/Passengers_36__19_07_13_MinoUno_Sale_c5.png
Passengers_38__19_07_13_Arroios_Sale_2entran,0,/datasets/audio/shipsear/train/Passengers_38__19_07_13_Arroios_Sale_2entran.wav,0.0,30.0,6,train,Passengers,shipsear,outputs/spectrograms/stft/shipsear_clip30_ov0.5_d191918efe/train/6/Passengers_38__19_07_13_Arroios_Sale_2entran_c0.png,outputs/spectrograms/mel/shipsear_clip30_ov0.5_d191918efe/train/6/Passengers_38__19_07_13_Arroios_Sale_2entran_c0.png,outputs/spectrograms/demon/shipsear_clip30_ov0.5_d191918efe/train/6/Passengers_38__19_07_13_Arroios_Sale_2entran_c0.png
Passengers_38__19_07_13_Arroios_Sale_2entran,1,/datasets/audio/shipsear/train/Passengers_38__19_07_13_Arroios_Sale_2entran.wav,15.0,45.0,6,train,Passengers,shipsear,outputs/spectrograms/stft/shipsear_clip30_ov0.5_d191918efe/train/6/Passengers_38__19_07_13_Arroios_Sale_2entran_c1.png,outputs/spectrograms/mel/shipsear_clip30_ov0.5_d191918efe/train/6/Passengers_38__19_07_13_Arroios_Sale_2entran_c1.png,outputs/spectrograms/demon/shipsear_clip30_ov0.5_d191918efe/train/6/Passengers_38__19_07_13_Arroios_Sale_2entran_c1.png
Passengers_38__19_07_13_Arroios_Sale_2entran,2,/datasets/audio/shipsear/train/Passengers_38__19_07_13_Arroios_Sale_2entran.wav,30.0,60.0,6,train,Passengers,shipsear,outputs/spectrograms/stft/shipsear_clip30_ov0.5_d191918efe/train/6/Passengers_38__19_07_13_Arroios_Sale_2entran_c2.png,outputs/spectrograms/mel/shipsear_clip30_ov0.5_d191918efe/train/6/Passengers_38__19_07_13_Arroios_Sale_2entran_c2.png,outputs/spectrograms/demon/shipsear_clip30_ov0.5_d191918efe/train/6/Passengers_38__19_07_13_Arroios_Sale_2entran_c2.png
Passengers_38__19_07_13_Arroios_Sale_2entran,3,/datasets/audio/shipsear/train/Passengers_38__19_07_13_Arroios_Sale_2entran.wav,45.0,75.0,6,train,Passengers,shipsear,outputs/spectrograms/stft/shipsear_clip30_ov0.5_d191918efe/train/6/Passengers_38__19_07_13_Arroios_Sale_2entran_c3.png,outputs/spectrograms/mel/shipsear_clip30_ov0.5_d191918efe/train/6/Passengers_38__19_07_13_Arroios_Sale_2entran_c3.png,outputs/spectrograms/demon/shipsear_clip30_ov0.5_d191918efe/train/6/Passengers_38__19_07_13_Arroios_Sale_2entran_c3.png
Passengers_38__19_07_13_Arroios_Sale_2entran,4,/datasets/audio/shipsear/train/Passengers_38__19_07_13_Arroios_Sale_2entran.wav,60.0,90.0,6,train,Passengers,shipsear,outputs/spectrograms/stft/shipsear_clip30_ov0.5_d191918efe/train/6/Passengers_38__19_07_13_Arroios_Sale_2entran_c4.png,outputs/spectrograms/mel/shipsear_clip30_ov0.5_d191918efe/train/6/Passengers_38__19_07_13_Arroios_Sale_2entran_c4.png,outputs/spectrograms/demon/shipsear_clip30_ov0.5_d191918efe/train/6/Passengers_38__19_07_13_Arroios_Sale_2entran_c4.png
Passengers_38__19_07_13_Arroios_Sale_2entran,5,/datasets/audio/shipsear/train/Passengers_38__19_07_13_Arroios_Sale_2entran.wav,75.0,105.0,6,train,Passengers,shipsear,outputs/spectrograms/stft/shipsear_clip30_ov0.5_d191918efe/train/6/Passengers_38__19_07_13_Arroios_Sale_2entran_c5.png,outputs/spectrograms/mel/shipsear_clip30_ov0.5_d191918efe/train/6/Passengers_38__19_07_13_Arroios_Sale_2entran_c5.png,outputs/spectrograms/demon/shipsear_clip30_ov0.5_d191918efe/train/6/Passengers_38__19_07_13_Arroios_Sale_2entran_c5.png
Passengers_38__19_07_13_Arroios_Sale_2entran,6,/datasets/audio/shipsear/train/Passengers_38__19_07_13_Arroios_Sale_2entran.wav,76.920412,106.920412,6,train,Passengers,shipsear,outputs/spectrograms/stft/shipsear_clip30_ov0.5_d191918efe/train/6/Passengers_38__19_07_13_Arroios_Sale_2entran_c6.png,outputs/spectrograms/mel/shipsear_clip30_ov0.5_d191918efe/train/6/Passengers_38__19_07_13_Arroios_Sale_2entran_c6.png,outputs/spectrograms/demon/shipsear_clip30_ov0.5_d191918efe/train/6/Passengers_38__19_07_13_Arroios_Sale_2entran_c6.png
Passengers_41__19_07_13_MinoUno_Entra,0,/datasets/audio/shipsear/train/Passengers_41__19_07_13_MinoUno_Entra.wav,0.0,30.0,6,train,Passengers,shipsear,outputs/spectrograms/stft/shipsear_clip30_ov0.5_d191918efe/train/6/Passengers_41__19_07_13_MinoUno_Entra_c0.png,outputs/spectrograms/mel/shipsear_clip30_ov0.5_d191918efe/train/6/Passengers_41__19_07_13_MinoUno_Entra_c0.png,outputs/spectrograms/demon/shipsear_clip30_ov0.5_d191918efe/train/6/Passengers_41__19_07_13_MinoUno_Entra_c0.png
Passengers_41__19_07_13_MinoUno_Entra,1,/datasets/audio/shipsear/train/Passengers_41__19_07_13_MinoUno_Entra.wav,15.0,45.0,6,train,Passengers,shipsear,outputs/spectrograms/stft/shipsear_clip30_ov0.5_d191918efe/train/6/Passengers_41__19_07_13_MinoUno_Entra_c1.png,outputs/spectrograms/mel/shipsear_clip30_ov0.5_d191918efe/train/6/Passengers_41__19_07_13_MinoUno_Entra_c1.png,outputs/spectrograms/demon/shipsear_clip30_ov0.5_d191918efe/train/6/Passengers_41__19_07_13_MinoUno_Entra_c1.png
Passengers_41__19_07_13_MinoUno_Entra,2,/datasets/audio/shipsear/train/Passengers_41__19_07_13_MinoUno_Entra.wav,22.906246,52.906246,6,train,Passengers,shipsear,outputs/spectrograms/stft/shipsear_clip30_ov0.5_d191918efe/train/6/Passengers_41__19_07_13_MinoUno_Entra_c2.png,outputs/spectrograms/mel/shipsear_clip30_ov0.5_d191918efe/train/6/Passengers_41__19_07_13_MinoUno_Entra_c2.png,outputs/spectrograms/demon/shipsear_clip30_ov0.5_d191918efe/train/6/Passengers_41__19_07_13_MinoUno_Entra_c2.png
Passengers_42__19_07_13_PirataCies_Sale,0,/datasets/audio/shipsear/train/Passengers_42__19_07_13_PirataCies_Sale.wav,0.0,30.0,6,train,Passengers,shipsear,outputs/spectrograms/stft/shipsear_clip30_ov0.5_d191918efe/train/6/Passengers_42__19_07_13_PirataCies_Sale_c0.png,outputs/spectrograms/mel/shipsear_clip30_ov0.5_d191918efe/train/6/Passengers_42__19_07_13_PirataCies_Sale_c0.png,outputs/spectrograms/demon/shipsear_clip30_ov0.5_d191918efe/train/6/Passengers_42__19_07_13_PirataCies_Sale_c0.png
Passengers_42__19_07_13_PirataCies_Sale,1,/datasets/audio/shipsear/train/Passengers_42__19_07_13_PirataCies_Sale.wav,15.0,45.0,6,train,Passengers,shipsear,outputs/spectrograms/stft/shipsear_clip30_ov0.5_d191918efe/train/6/Passengers_42__19_07_13_PirataCies_Sale_c1.png,outputs/spectrograms/mel/shipsear_clip30_ov0.5_d191918efe/train/6/Passengers_42__19_07_13_PirataCies_Sale_c1.png,outputs/spectrograms/demon/shipsear_clip30_ov0.5_d191918efe/train/6/Passengers_42__19_07_13_PirataCies_Sale_c1.png
Passengers_42__19_07_13_PirataCies_Sale,2,/datasets/audio/shipsear/train/Passengers_42__19_07_13_PirataCies_Sale.wav,28.16917,58.16917,6,train,Passengers,shipsear,outputs/spectrograms/stft/shipsear_clip30_ov0.5_d191918efe/train/6/Passengers_42__19_07_13_PirataCies_Sale_c2.png,outputs/spectrograms/mel/shipsear_clip30_ov0.5_d191918efe/train/6/Passengers_42__19_07_13_PirataCies_Sale_c2.png,outputs/spectrograms/demon/shipsear_clip30_ov0.5_d191918efe/train/6/Passengers_42__19_07_13_PirataCies_Sale_c2.png
Passengers_53__23_07_13_H3_PirataSalvora_Llega1,0,/datasets/audio/shipsear/train/Passengers_53__23_07_13_H3_PirataSalvora_Llega1.wav,0.0,30.0,6,train,Passengers,shipsear,outputs/spectrograms/stft/shipsear_clip30_ov0.5_d191918efe/train/6/Passengers_53__23_07_13_H3_PirataSalvora_Llega1_c0.png,outputs/spectrograms/mel/shipsear_clip30_ov0.5_d191918efe/train/6/Passengers_53__23_07_13_H3_PirataSalvora_Llega1_c0.png,outputs/spectrograms/demon/shipsear_clip30_ov0.5_d191918efe/train/6/Passengers_53__23_07_13_H3_PirataSalvora_Llega1_c0.png
Passengers_53__23_07_13_H3_PirataSalvora_Llega1,1,/datasets/audio/shipsear/train/Passengers_53__23_07_13_H3_PirataSalvora_Llega1.wav,15.0,45.0,6,train,Passengers,shipsear,outputs/spectrograms/stft/shipsear_clip30_ov0.5_d191918efe/train/6/Passengers_53__23_07_13_H3_PirataSalvora_Llega1_c1.png,outputs/spectrograms/mel/shipsear_clip30_ov0.5_d191918efe/train/6/Passengers_53__23_07_13_H3_PirataSalvora_Llega1_c1.png,outputs/spectrograms/demon/shipsear_clip30_ov0.5_d191918efe/train/6/Passengers_53__23_07_13_H3_PirataSalvora_Llega1_c1.png
Passengers_53__23_07_13_H3_PirataSalvora_Llega1,2,/datasets/audio/shipsear/train/Passengers_53__23_07_13_H3_PirataSalvora_Llega1.wav,30.0,60.0,6,train,Passengers,shipsear,outputs/spectrograms/stft/shipsear_clip30_ov0.5_d191918efe/train/6/Passengers_53__23_07_13_H3_PirataSalvora_Llega1_c2.png,outputs/spectrograms/mel/shipsear_clip30_ov0.5_d191918efe/train/6/Passengers_53__23_07_13_H3_PirataSalvora_Llega1_c2.png,outputs/spectrograms/demon/shipsear_clip30_ov0.5_d191918efe/train/6/Passengers_53__23_07_13_H3_PirataSalvora_Llega1_c2.png
Passengers_53__23_07_13_H3_PirataSalvora_Llega1,3,/datasets/audio/shipsear/train/Passengers_53__23_07_13_H3_PirataSalvora_Llega1.wav,45.0,75.0,6,train,Passengers,shipsear,outputs/spectrograms/stft/shipsear_clip30_ov0.5_d191918efe/train/6/Passengers_53__23_07_13_H3_PirataSalvora_Llega1_c3.png,outputs/spectrograms/mel/shipsear_clip30_ov0.5_d191918efe/train/6/Passengers_53__23_07_13_H3_PirataSalvora_Llega1_c3.png,outputs/spectrograms/demon/shipsear_clip30_ov0.5_d191918efe/train/6/Passengers_53__23_07_13_H3_PirataSalvora_Llega1_c3.png
Passengers_53__23_07_13_H3_PirataSalvora_Llega1,4,/datasets/audio/shipsear/train/Passengers_53__23_07_13_H3_PirataSalvora_Llega1.wav,60.0,90.0,6,train,Passengers,shipsear,outputs/spectrograms/stft/shipsear_clip30_ov0.5_d191918efe/train/6/Passengers_53__23_07_13_H3_PirataSalvora_Llega1_c4.png,outputs/spectrograms/mel/shipsear_clip30_ov0.5_d191918efe/train/6/Passengers_53__23_07_13_H3_PirataSalvora_Llega1_c4.png,outputs/spectrograms/demon/shipsear_clip30_ov0.5_d191918efe/train/6/Passengers_53__23_07_13_H3_PirataSalvora_Llega1_c4.png
Passengers_53__23_07_13_H3_PirataSalvora_Llega1,5,/datasets/audio/shipsear/train/Passengers_53__23_07_13_H3_PirataSalvora_Llega1.wav,75.0,105.0,6,train,Passengers,shipsear,outputs/spectrograms/stft/shipsear_clip30_ov0.5_d191918efe/train/6/Passengers_53__23_07_13_H3_PirataSalvora_Llega1_c5.png,outputs/spectrograms/mel/shipsear_clip30_ov0.5_d191918efe/train/6/Passengers_53__23_07_13_H3_PirataSalvora_Llega1_c5.png,outputs/spectrograms/demon/shipsear_clip30_ov0.5_d191918efe/train/6/Passengers_53__23_07_13_H3_PirataSalvora_Llega1_c5.png
Passengers_53__23_07_13_H3_PirataSalvora_Llega1,6,/datasets/audio/shipsear/train/Passengers_53__23_07_13_H3_PirataSalvora_Llega1.wav,90.0,120.0,6,train,Passengers,shipsear,outputs/spectrograms/stft/shipsear_clip30_ov0.5_d191918efe/train/6/Passengers_53__23_07_13_H3_PirataSalvora_Llega1_c6.png,outputs/spectrograms/mel/shipsear_clip30_ov0.5_d191918efe/train/6/Passengers_53__23_07_13_H3_PirataSalvora_Llega1_c6.png,outputs/spectrograms/demon/shipsear_clip30_ov0.5_d191918efe/train/6/Passengers_53__23_07_13_H3_PirataSalvora_Llega1_c6.png
Passengers_53__23_07_13_H3_PirataSalvora_Llega1,7,/datasets/audio/shipsear/train/Passengers_53__23_07_13_H3_PirataSalvora_Llega1.wav,105.0,135.0,6,train,Passengers,shipsear,outputs/spectrograms/stft/shipsear_clip30_ov0.5_d191918efe/train/6/Passengers_53__23_07_13_H3_PirataSalvora_Llega1_c7.png,outputs/spectrograms/mel/shipsear_clip30_ov0.5_d191918efe/train/6/Passengers_53__23_07_13_H3_PirataSalvora_Llega1_c7.png,outputs/spectrograms/demon/shipsear_clip30_ov0.5_d191918efe/train/6/Passengers_53__23_07_13_H3_PirataSalvora_Llega1_c7.png
Passengers_53__23_07_13_H3_PirataSalvora_Llega1,8,/datasets/audio/shipsear/train/Passengers_53__23_07_13_H3_PirataSalvora_Llega1.wav,120.0,150.0,6,train,Passengers,shipsear,outputs/spectrograms/stft/shipsear_clip30_ov0.5_d191918efe/train/6/Passengers_53__23_07_13_H3_PirataSalvora_Llega1_c8.png,outputs/spectrograms/mel/shipsear_clip30_ov0.5_d191918efe/train/6/Passengers_53__23_07_13_H3_PirataSalvora_Llega1_c8.png,outputs/spectrograms/demon/shipsear_clip30_ov0.5_d191918efe/train/6/Passengers_53__23_07_13_H3_PirataSalvora_Llega1_c8.png
Passengers_53__23_07_13_H3_PirataSalvora_Llega1,9,/datasets/audio/shipsear/train/Passengers_53__23_07_13_H3_PirataSalvora_Llega1.wav,131.0,161.0,6,train,Passengers,shipsear,outputs/spectrograms/stft/shipsear_clip30_ov0.5_d191918efe/train/6/Passengers_53__23_07_13_H3_PirataSalvora_Llega1_c9.png,outputs/spectrograms/mel/shipsear_clip30_ov0.5_d191918efe/train/6/Passengers_53__23_07_13_H3_PirataSalvora_Llega1_c9.png,outputs/spectrograms/demon/shipsear_clip30_ov0.5_d191918efe/train/6/Passengers_53__23_07_13_H3_PirataSalvora_Llega1_c9.png
Passengers_55__23_07_13_H3_PirataSalvora_SALE2,0,/datasets/audio/shipsear/train/Passengers_55__23_07_13_H3_PirataSalvora_SALE2.wav,0.0,30.0,6,train,Passengers,shipsear,outputs/spectrograms/stft/shipsear_clip30_ov0.5_d191918efe/train/6/Passengers_55__23_07_13_H3_PirataSalvora_SALE2_c0.png,outputs/spectrograms/mel/shipsear_clip30_ov0.5_d191918efe/train/6/Passengers_55__23_07_13_H3_PirataSalvora_SALE2_c0.png,outputs/spectrograms/demon/shipsear_clip30_ov0.5_d191918efe/train/6/Passengers_55__23_07_13_H3_PirataSalvora_SALE2_c0.png
Passengers_55__23_07_13_H3_PirataSalvora_SALE2,1,/datasets/audio/shipsear/train/Passengers_55__23_07_13_H3_PirataSalvora_SALE2.wav,15.0,45.0,6,train,Passengers,shipsear,outputs/spectrograms/stft/shipsear_clip30_ov0.5_d191918efe/train/6/Passengers_55__23_07_13_H3_PirataSalvora_SALE2_c1.png,outputs/spectrograms/mel/shipsear_clip30_ov0.5_d191918efe/train/6/Passengers_55__23_07_13_H3_PirataSalvora_SALE2_c1.png,outputs/spectrograms/demon/shipsear_clip30_ov0.5_d191918efe/train/6/Passengers_55__23_07_13_H3_PirataSalvora_SALE2_c1.png
Passengers_55__23_07_13_H3_PirataSalvora_SALE2,2,/datasets/audio/shipsear/train/Passengers_55__23_07_13_H3_PirataSalvora_SALE2.wav,30.0,60.0,6,train,Passengers,shipsear,outputs/spectrograms/stft/shipsear_clip30_ov0.5_d191918efe/train/6/Passengers_55__23_07_13_H3_PirataSalvora_SALE2_c2.png,outputs/spectrograms/mel/shipsear_clip30_ov0.5_d191918efe/train/6/Passengers_55__23_07_13_H3_PirataSalvora_SALE2_c2.png,outputs/spectrograms/demon/shipsear_clip30_ov0.5_d191918efe/train/6/Passengers_55__23_07_13_H3_PirataSalvora_SALE2_c2.png
Passengers_55__23_07_13_H3_PirataSalvora_SALE2,3,/datasets/audio/shipsear/train/Passengers_55__23_07_13_H3_PirataSalvora_SALE2.wav,45.0,75.0,6,train,Passengers,shipsear,outputs/spectrograms/stft/shipsear_clip30_ov0.5_d191918efe/train/6/Passengers_55__23_07_13_H3_PirataSalvora_SALE2_c3.png,outputs/spectrograms/mel/shipsear_clip30_ov0.5_d191918efe/train/6/Passengers_55__23_07_13_H3_PirataSalvora_SALE2_c3.png,outputs/spectrograms/demon/shipsear_clip30_ov0.5_d191918efe/train/6/Passengers_55__23_07_13_H3_PirataSalvora_SALE2_c3.png
Passengers_55__23_07_13_H3_PirataSalvora_SALE2,4,/datasets/audio/shipsear/train/Passengers_55__23_07_13_H3_PirataSalvora_SALE2.wav,60.0,90.0,6,train,Passengers,shipsear,outputs/spectrograms/stft/shipsear_clip30_ov0.5_d191918efe/train/6/Passengers_55__23_07_13_H3_PirataSalvora_SALE2_c4.png,outputs/spectrograms/mel/shipsear_clip30_ov0.5_d191918efe/train/6/Passengers_55__23_07_13_H3_PirataSalvora_SALE2_c4.png,outputs/spectrograms/demon/shipsear_clip30_ov0.5_d191918efe/train/6/Passengers_55__23_07_13_H3_PirataSalvora_SALE2_c4.png
Passengers_55__23_07_13_H3_PirataSalvora_SALE2,5,/datasets/audio/shipsear/train/Passengers_55__23_07_13_H3_PirataSalvora_SALE2.wav,75.0,105.0,6,train,Passengers,shipsear,outputs/spectrograms/stft/shipsear_clip30_ov0.5_d191918efe/train/6/Passengers_55__23_07_13_H3_PirataSalvora_SALE2_c5.png,outputs/spectrograms/mel/shipsear_clip30_ov0.5_d191918efe/train/6/Passengers_55__23_07_13_H3_PirataSalvora_SALE2_c5.png,outputs/spectrograms/demon/shipsear_clip30_ov0.5_d191918efe/train/6/Passengers_55__23_07_13_H3_PirataSalvora_SALE2_c5.png
Passengers_55__23_07_13_H3_PirataSalvora_SALE2,6,/datasets/audio/shipsear/train/Passengers_55__23_07_13_H3_PirataSalvora_SALE2.wav,90.0,120.0,6,train,Passengers,shipsear,outputs/spectrograms/stft/shipsear_clip30_ov0.5_d191918efe/train/6/Passengers_55__23_07_13_H3_PirataSalvora_SALE2_c6.png,outputs/spectrograms/mel/shipsear_clip30_ov0.5_d191918efe/train/6/Passengers_55__23_07_13_H3_PirataSalvora_SALE2_c6.png,outputs/spectrograms/demon/shipsear_clip30_ov0.5_d191918efe/train/6/Passengers_55__23_07_13_H3_PirataSalvora_SALE2_c6.png
Passengers_55__23_07_13_H3_PirataSalvora_SALE2,7,/datasets/audio/shipsear/train/Passengers_55__23_07_13_H3_PirataSalvora_SALE2.wav,105.0,135.0,6,train,Passengers,shipsear,outputs/spectrograms/stft/shipsear_clip30_ov0.5_d191918efe/train/6/Passengers_55__23_07_13_H3_PirataSalvora_SALE2_c7.png,outputs/spectrograms/mel/shipsear_clip30_ov0.5_d191918efe/train/6/Passengers_55__23_07_13_H3_PirataSalvora_SALE2_c7.png,outputs/spectrograms/demon/shipsear_clip30_ov0.5_d191918efe/train/6/Passengers_55__23_07_13_H3_PirataSalvora_SALE2_c7.png
Passengers_55__23_07_13_H3_PirataSalvora_SALE2,8,/datasets/audio/shipsear/train/Passengers_55__23_07_13_H3_PirataSalvora_SALE2.wav,120.0,150.0,6,train,Passengers,shipsear,outputs/spectrograms/stft/shipsear_clip30_ov0.5_d191918efe/train/6/Passengers_55__23_07_13_H3_PirataSalvora_SALE2_c8.png,outputs/spectrograms/mel/shipsear_clip30_ov0.5_d191918efe/train/6/Passengers_55__23_07_13_H3_PirataSalvora_SALE2_c8.png,outputs/spectrograms/demon/shipsear_clip30_ov0.5_d191918efe/train/6/Passengers_55__23_07_13_H3_PirataSalvora_SALE2_c8.png
Passengers_55__23_07_13_H3_PirataSalvora_SALE2,9,/datasets/audio/shipsear/train/Passengers_55__23_07_13_H3_PirataSalvora_SALE2.wav,135.0,165.0,6,train,Passengers,shipsear,outputs/spectrograms/stft/shipsear_clip30_ov0.5_d191918efe/train/6/Passengers_55__23_07_13_H3_PirataSalvora_SALE2_c9.png,outputs/spectrograms/mel/shipsear_clip30_ov0.5_d191918efe/train/6/Passengers_55__23_07_13_H3_PirataSalvora_SALE2_c9.png,outputs/spectrograms/demon/shipsear_clip30_ov0.5_d191918efe/train/6/Passengers_55__23_07_13_H3_PirataSalvora_SALE2_c9.png
Passengers_55__23_07_13_H3_PirataSalvora_SALE2,10,/datasets/audio/shipsear/train/Passengers_55__23_07_13_H3_PirataSalvora_SALE2.wav,145.0,175.0,6,train,Passengers,shipsear,outputs/spectrograms/stft/shipsear_clip30_ov0.5_d191918efe/train/6/Passengers_55__23_07_13_H3_PirataSalvora_SALE2_c10.png,outputs/spectrograms/mel/shipsear_clip30_ov0.5_d191918efe/train/6/Passengers_55__23_07_13_H3_PirataSalvora_SALE2_c10.png,outputs/spectrograms/demon/shipsear_clip30_ov0.5_d191918efe/train/6/Passengers_55__23_07_13_H3_PirataSalvora_SALE2_c10.png
Passengers_59__23_07_13_H2_MarDeMouro,0,/datasets/audio/shipsear/train/Passengers_59__23_07_13_H2_MarDeMouro.wav,0.0,30.0,6,train,Passengers,shipsear,outputs/spectrograms/stft/shipsear_clip30_ov0.5_d191918efe/train/6/Passengers_59__23_07_13_H2_MarDeMouro_c0.png,outputs/spectrograms/mel/shipsear_clip30_ov0.5_d191918efe/train/6/Passengers_59__23_07_13_H2_MarDeMouro_c0.png,outputs/spectrograms/demon/shipsear_clip30_ov0.5_d191918efe/train/6/Passengers_59__23_07_13_H2_MarDeMouro_c0.png
Passengers_59__23_07_13_H2_MarDeMouro,1,/datasets/audio/shipsear/train/Passengers_59__23_07_13_H2_MarDeMouro.wav,15.0,45.0,6,train,Passengers,shipsear,outputs/spectrograms/stft/shipsear_clip30_ov0.5_d191918efe/train/6/Passengers_59__23_07_13_H2_MarDeMouro_c1.png,outputs/spectrograms/mel/shipsear_clip30_ov0.5_d191918efe/train/6/Passengers_59__23_07_13_H2_MarDeMouro_c1.png,outputs/spectrograms/demon/shipsear_clip30_ov0.5_d191918efe/train/6/Passengers_59__23_07_13_H2_MarDeMouro_c1.png
Passengers_59__23_07_13_H2_MarDeMouro,2,/datasets/audio/shipsear/train/Passengers_59__23_07_13_H2_MarDeMouro.wav,30.0,60.0,6,train,Passengers,shipsear,outputs/spectrograms/stft/shipsear_clip30_ov0.5_d191918efe/train/6/Passengers_59__23_07_13_H2_MarDeMouro_c2.png,outputs/spectrograms/mel/shipsear_clip30_ov0.5_d191918efe/train/6/Passengers_59__23_07_13_H2_MarDeMouro_c2.png,outputs/spectrograms/demon/shipsear_clip30_ov0.5_d191918efe/train/6/Passengers_59__23_07_13_H2_MarDeMouro_c2.png
Passengers_59__23_07_13_H2_MarDeMouro,3,/datasets/audio/shipsear/train/Passengers_59__23_07_13_H2_MarDeMouro.wav,45.0,75.0,6,train,Passengers,shipsear,outputs/spectrograms/stft/shipsear_clip30_ov0.5_d191918efe/train/6/Passengers_59__23_07_13_H2_MarDeMouro_c3.png,outputs/spectrograms/mel/shipsear_clip30_ov0.5_d191918efe/train/6/Passengers_59__23_07_13_H2_MarDeMouro_c3.png,outputs/spectrograms/demon/shipsear_clip30_ov0.5_d191918efe/train/6/Passengers_59__23_07_13_H2_MarDeMouro_c3.png
Passengers_59__23_07_13_H2_MarDeMouro,4,/datasets/audio/shipsear/train/Passengers_59__23_07_13_H2_MarDeMouro.wav,60.0,90.0,6,train,Passengers,shipsear,outputs/spectrograms/stft/shipsear_clip30_ov0.5_d191918efe/train/6/Passengers_59__23_07_13_H2_MarDeMouro_c4.png,outputs/spectrograms/mel/shipsear_clip30_ov0.5_d191918efe/train/6/Passengers_59__23_07_13_H2_MarDeMouro_c4.png,outputs/spectrograms/demon/shipsear_clip30_ov0.5_d191918efe/train/6/Passengers_59__23_07_13_H2_MarDeMouro_c4.png
Passengers_59__23_07_13_H2_MarDeMouro,5,/datasets/audio/shipsear/train/Passengers_59__23_07_13_H2_MarDeMouro.wav,75.0,105.0,6,train,Passengers,shipsear,outputs/spectrograms/stft/shipsear_clip30_ov0.5_d191918efe/train/6/Passengers_59__23_07_13_H2_MarDeMouro_c5.png,outputs/spectrograms/mel/shipsear_clip30_ov0.5_d191918efe/train/6/Passengers_59__23_07_13_H2_MarDeMouro_c5.png,outputs/spectrograms/demon/shipsear_clip30_ov0.5_d191918efe/train/6/Passengers_59__23_07_13_H2_MarDeMouro_c5.png
Passengers_59__23_07_13_H2_MarDeMouro,6,/datasets/audio/shipsear/train/Passengers_59__23_07_13_H2_MarDeMouro.wav,90.0,120.0,6,train,Passengers,shipsear,outputs/spectrograms/stft/shipsear_clip30_ov0.5_d191918efe/train/6/Passengers_59__23_07_13_H2_MarDeMouro_c6.png,outputs/spectrograms/mel/shipsear_clip30_ov0.5_d191918efe/train/6/Passengers_59__23_07_13_H2_MarDeMouro_c6.png,outputs/spectrograms/demon/shipsear_clip30_ov0.5_d191918efe/train/6/Passengers_59__23_07_13_H2_MarDeMouro_c6.png
Passengers_59__23_07_13_H2_MarDeMouro,7,/datasets/audio/shipsear/train/Passengers_59__23_07_13_H2_MarDeMouro.wav,105.0,135.0,6,train,Passengers,shipsear,outputs/spectrograms/stft/shipsear_clip30_ov0.5_d191918efe/train/6/Passengers_59__23_07_13_H2_MarDeMouro_c7.png,outputs/spectrograms/mel/shipsear_clip30_ov0.5_d191918efe/train/6/Passengers_59__23_07_13_H2_MarDeMouro_c7.png,outputs/spectrograms/demon/shipsear_clip30_ov0.5_d191918efe/train/6/Passengers_59__23_07_13_H2_MarDeMouro_c7.png
Passengers_59__23_07_13_H2_MarDeMouro,8,/datasets/audio/shipsear/train/Passengers_59__23_07_13_H2_MarDeMouro.wav,120.0,150.0,6,train,Passengers,shipsear,outputs/spectrograms/stft/shipsear_clip30_ov0.5_d191918efe/train/6/Passengers_59__23_07_13_H2_MarDeMouro_c8.png,outputs/spectrograms/mel/shipsear_clip30_ov0.5_d191918efe/train/6/Passengers_59__23_07_13_H2_MarDeMouro_c8.png,outputs/spectrograms/demon/shipsear_clip30_ov0.5_d191918efe/train/6/Passengers_59__23_07_13_H2_MarDeMouro_c8.png
Passengers_59__23_07_13_H2_MarDeMouro,9,/datasets/audio/shipsear/train/Passengers_59__23_07_13_H2_MarDeMouro.wav,135.0,165.0,6,train,Passengers,shipsear,outputs/spectrograms/stft/shipsear_clip30_ov0.5_d191918efe/train/6/Passengers_59__23_07_13_H2_MarDeMouro_c9.png,outputs/spectrograms/mel/shipsear_clip30_ov0.5_d191918efe/train/6/Passengers_59__23_07_13_H2_MarDeMouro_c9.png,outputs/spectrograms/demon/shipsear_clip30_ov0.5_d191918efe/train/6/Passengers_59__23_07_13_H2_MarDeMouro_c9.png
Passengers_59__23_07_13_H2_MarDeMouro,10,/datasets/audio/shipsear/train/Passengers_59__23_07_13_H2_MarDeMouro.wav,150.0,180.0,6,train,Passengers,shipsear,outputs/spectrograms/stft/shipsear_clip30_ov0.5_d191918efe/train/6/Passengers_59__23_07_13_H2_MarDeMouro_c10.png,outputs/spectrograms/mel/shipsear_clip30_ov0.5_d191918efe/train/6/Passengers_59__23_07_13_H2_MarDeMouro_c10.png,outputs/spectrograms/demon/shipsear_clip30_ov0.5_d191918efe/train/6/Passengers_59__23_07_13_H2_MarDeMouro_c10.png
Passengers_59__23_07_13_H2_MarDeMouro,11,/datasets/audio/shipsear/train/Passengers_59__23_07_13_H2_MarDeMouro.wav,165.0,195.0,6,train,Passengers,shipsear,outputs/spectrograms/stft/shipsear_clip30_ov0.5_d191918efe/train/6/Passengers_59__23_07_13_H2_MarDeMouro_c11.png,outputs/spectrograms/mel/shipsear_clip30_ov0.5_d191918efe/train/6/Passengers_59__23_07_13_H2_MarDeMouro_c11.png,outputs/spectrograms/demon/shipsear_clip30_ov0.5_d191918efe/train/6/Passengers_59__23_07_13_H2_MarDeMouro_c11.png
Passengers_59__23_07_13_H2_MarDeMouro,12,/datasets/audio/shipsear/train/Passengers_59__23_07_13_H2_MarDeMouro.wav,180.0,210.0,6,train,Passengers,shipsear,outputs/spectrograms/stft/shipsear_clip30_ov0.5_d191918efe/train/6/Passengers_59__23_07_13_H2_MarDeMouro_c12.png,outputs/spectrograms/mel/shipsear_clip30_ov0.5_d191918efe/train/6/Passengers_59__23_07_13_H2_MarDeMouro_c12.png,outputs/spectrograms/demon/shipsear_clip30_ov0.5_d191918efe/train/6/Passengers_59__23_07_13_H2_MarDeMouro_c12.png
Passengers_59__23_07_13_H2_MarDeMouro,13,/datasets/audio/shipsear/train/Passengers_59__23_07_13_H2_MarDeMouro.wav,195.0,225.0,6,train,Passengers,shipsear,outputs/spectrograms/stft/shipsear_clip30_ov0.5_d191918efe/train/6/Passengers_59__23_07_13_H2_MarDeMouro_c13.png,outputs/spectrograms/mel/shipsear_clip30_ov0.5_d191918efe/train/6/Passengers_59__23_07_13_H2_MarDeMouro_c13.png,outputs/spectrograms/demon/shipsear_clip30_ov0.5_d191918efe/train/6/Passengers_59__23_07_13_H2_MarDeMouro_c13.png
Passengers_59__23_07_13_H2_MarDeMouro,14,/datasets/audio/shipsear/train/Passengers_59__23_07_13_H2_MarDeMouro.wav,210.0,240.0,6,train,Passengers,shipsear,outputs/spectrograms/stft/shipsear_clip30_ov0.5_d191918efe/train/6/Passengers_59__23_07_13_H2_MarDeMouro_c14.png,outputs/spectrograms/mel/shipsear_clip30_ov0.5_d191918efe/train/6/Passengers_59__23_07_13_H2_MarDeMouro_c14.png,outputs/spectrograms/demon/shipsear_clip30_ov0.5_d191918efe/train/6/Passengers_59__23_07_13_H2_MarDeMouro_c14.png
Passengers_59__23_07_13_H2_MarDeMouro,15,/datasets/audio/shipsear/train/Passengers_59__23_07_13_H2_MarDeMouro.wav,220.0,250.0,6,train,Passengers,shipsear,outputs/spectrograms/stft/shipsear_clip30_ov0.5_d191918efe/train/6/Passengers_59__23_07_13_H2_MarDeMouro_c15.png,outputs/spectrograms/mel/shipsear_clip30_ov0.5_d191918efe/train/6/Passengers_59__23_07_13_H2_MarDeMouro_c15.png,outputs/spectrograms/demon/shipsear_clip30_ov0.5_d191918efe/train/6/Passengers_59__23_07_13_H2_MarDeMouro_c15.png
Passengers_60__23_07_13_H3_MarDeCangas_LLEGA,0,/datasets/audio/shipsear/train/Passengers_60__23_07_13_H3_MarDeCangas_LLEGA.wav,0.0,30.0,6,train,Passengers,shipsear,outputs/spectrograms/stft/shipsear_clip30_ov0.5_d191918efe/train/6/Passengers_60__23_07_13_H3_MarDeCangas_LLEGA_c0.png,outputs/spectrograms/mel/shipsear_clip30_ov0.5_d191918efe/train/6/Passengers_60__23_07_13_H3_MarDeCangas_LLEGA_c0.png,outputs/spectrograms/demon/shipsear_clip30_ov0.5_d191918efe/train/6/Passengers_60__23_07_13_H3_MarDeCangas_LLEGA_c0.png
Passengers_60__23_07_13_H3_MarDeCangas_LLEGA,1,/datasets/audio/shipsear/train/Passengers_60__23_07_13_H3_MarDeCangas_LLEGA.wav,15.0,45.0,6,train,Passengers,shipsear,outputs/spectrograms/stft/shipsear_clip30_ov0.5_d191918efe/train/6/Passengers_60__23_07_13_H3_MarDeCangas_LLEGA_c1.png,outputs/spectrograms/mel/shipsear_clip30_ov0.5_d191918efe/train/6/Passengers_60__23_07_13_H3_MarDeCangas_LLEGA_c1.png,outputs/spectrograms/demon/shipsear_clip30_ov0.5_d191918efe/train/6/Passengers_60__23_07_13_H3_MarDeCangas_LLEGA_c1.png
Passengers_60__23_07_13_H3_MarDeCangas_LLEGA,2,/datasets/audio/shipsear/train/Passengers_60__23_07_13_H3_MarDeCangas_LLEGA.wav,30.0,60.0,6,train,Passengers,shipsear,outputs/spectrograms/stft/shipsear_clip30_ov0.5_d191918efe/train/6/Passengers_60__23_07_13_H3_MarDeCangas_LLEGA_c2.png,outputs/spectrograms/mel/shipsear_clip30_ov0.5_d191918efe/train/6/Passengers_60__23_07_13_H3_MarDeCangas_LLEGA_c2.png,outputs/spectrograms/demon/shipsear_clip30_ov0.5_d191918efe/train/6/Passengers_60__23_07_13_H3_MarDeCangas_LLEGA_c2.png
Passengers_60__23_07_13_H3_MarDeCangas_LLEGA,3,/datasets/audio/shipsear/train/Passengers_60__23_07_13_H3_MarDeCangas_LLEGA.wav,45.0,75.0,6,train,Passengers,shipsear,outputs/spectrograms/stft/shipsear_clip30_ov0.5_d191918efe/train/6/Passengers_60__23_07_13_H3_MarDeCangas_LLEGA_c3.png,outputs/spectrograms/mel/shipsear_clip30_ov0.5_d191918efe/train/6/Passengers_60__23_07_13_H3_MarDeCangas_LLEGA_c3.png,outputs/spectrograms/demon/shipsear_clip30_ov0.5_d191918efe/train/6/Passengers_60__23_07_13_H3_MarDeCangas_LLEGA_c3.png
Passengers_60__23_07_13_H3_MarDeCangas_LLEGA,4,/datasets/audio/shipsear/train/Passengers_60__23_07_13_H3_MarDeCangas_LLEGA.wav,60.0,90.0,6,train,Passengers,shipsear,outputs/spectrograms/stft/shipsear_clip30_ov0.5_d191918efe/train/6/Passengers_60__23_07_13_H3_MarDeCangas_LLEGA_c4.png,outputs/spectrograms/mel/shipsear_clip30_ov0.5_d191918efe/train/6/Passengers_60__23_07_13_H3_MarDeCangas_LLEGA_c4.png,outputs/spectrograms/demon/shipsear_clip30_ov0.5_d191918efe/train/6/Passengers_60__23_07_13_H3_MarDeCangas_LLEGA_c4.png
Passengers_60__23_07_13_H3_MarDeCangas_LLEGA,5,/datasets/audio/shipsear/train/Passengers_60__23_07_13_H3_MarDeCangas_LLEGA.wav,75.0,105.0,6,train,Passengers,shipsear,outputs/spectrograms/stft/shipsear_clip30_ov0.5_d191918efe/train/6/Passengers_60__23_07_13_H3_MarDeCangas_LLEGA_c5.png,outputs/spectrograms/mel/shipsear_clip30_ov0.5_d191918efe/train/6/Passengers_60__23_07_13_H3_MarDeCangas_LLEGA_c5.png,outputs/spectrograms/demon/shipsear_clip30_ov0.5_d191918efe/train/6/Passengers_60__23_07_13_H3_MarDeCangas_LLEGA_c5.png
Passengers_60__23_07_13_H3_MarDeCangas_LLEGA,6,/datasets/audio/shipsear/train/Passengers_60__23_07_13_H3_MarDeCangas_LLEGA.wav,90.0,120.0,6,train,Passengers,shipsear,outputs/spectrograms/stft/shipsear_clip30_ov0.5_d191918efe/train/6/Passengers_60__23_07_13_H3_MarDeCangas_LLEGA_c6.png,outputs/spectrograms/mel/shipsear_clip30_ov0.5_d191918efe/train/6/Passengers_60__23_07_13_H3_MarDeCangas_LLEGA_c6.png,outputs/spectrograms/demon/shipsear_clip30_ov0.5_d191918efe/train/6/Passengers_60__23_07_13_H3_MarDeCangas_LLEGA_c6.png
Passengers_60__23_07_13_H3_MarDeCangas_LLEGA,7,/datasets/audio/shipsear/train/Passengers_60__23_07_13_H3_MarDeCangas_LLEGA.wav,105.0,135.0,6,train,Passengers,shipsear,outputs/spectrograms/stft/shipsear_clip30_ov0.5_d191918efe/train/6/Passengers_60__23_07_13_H3_MarDeCangas_LLEGA_c7.png,outputs/spectrograms/mel/shipsear_clip30_ov0.5_d191918efe/train/6/Passengers_60__23_07_13_H3_MarDeCangas_LLEGA_c7.png,outputs/spectrograms/demon/shipsear_clip30_ov0.5_d191918efe/train/6/Passengers_60__23_07_13_H3_MarDeCangas_LLEGA_c7.png
Passengers_60__23_07_13_H3_MarDeCangas_LLEGA,8,/datasets/audio/shipsear/train/Passengers_60__23_07_13_H3_MarDeCangas_LLEGA.wav,120.0,150.0,6,train,Passengers,shipsear,outputs/spectrograms/stft/shipsear_clip30_ov0.5_d191918efe/train/6/Passengers_60__23_07_13_H3_MarDeCangas_LLEGA_c8.png,outputs/spectrograms/mel/shipsear_clip30_ov0.5_d191918efe/train/6/Passengers_60__23_07_13_H3_MarDeCangas_LLEGA_c8.png,outputs/spectrograms/demon/shipsear_clip30_ov0.5_d191918efe/train/6/Passengers_60__23_07_13_H3_MarDeCangas_LLEGA_c8.png
Passengers_60__23_07_13_H3_MarDeCangas_LLEGA,9,/datasets/audio/shipsear/train/Passengers_60__23_07_13_H3_MarDeCangas_LLEGA.wav,135.0,165.0,6,train,Passengers,shipsear,outputs/spectrograms/stft/shipsear_clip30_ov0.5_d191918efe/train/6/Passengers_60__23_07_13_H3_MarDeCangas_LLEGA_c9.png,outputs/spectrograms/mel/shipsear_clip30_ov0.5_d191918efe/train/6/Passengers_60__23_07_13_H3_MarDeCangas_LLEGA_c9.png,outputs/spectrograms/demon/shipsear_clip30_ov0.5_d191918efe/train/6/Passengers_60__23_07_13_H3_MarDeCangas_LLEGA_c9.png
Passengers_60__23_07_13_H3_MarDeCangas_LLEGA,10,/datasets/audio/shipsear/train/Passengers_60__23_07_13_H3_MarDeCangas_LLEGA.wav,150.0,180.0,6,train,Passengers,shipsear,outputs/spectrograms/stft/shipsear_clip30_ov0.5_d191918efe/train/6/Passengers_60__23_07_13_H3_MarDeCangas_LLEGA_c10.png,outputs/spectrograms/mel/shipsear_clip30_ov0.5_d191918efe/train/6/Passengers_60__23_07_13_H3_MarDeCangas_LLEGA_c10.png,outputs/spectrograms/demon/shipsear_clip30_ov0.5_d191918efe/train/6/Passengers_60__23_07_13_H3_MarDeCangas_LLEGA_c10.png
Passengers_60__23_07_13_H3_MarDeCangas_LLEGA,11,/datasets/audio/shipsear/train/Passengers_60__23_07_13_H3_MarDeCangas_LLEGA.wav,165.0,195.0,6,train,Passengers,shipsear,outputs/spectrograms/stft/shipsear_clip30_ov0.5_d191918efe/train/6/Passengers_60__23_07_13_H3_MarDeCangas_LLEGA_c11.png,outputs/spectrograms/mel/shipsear_clip30_ov0.5_d191918efe/train/6/Passengers_60__23_07_13_H3_MarDeCangas_LLEGA_c11.png,outputs/spectrograms/demon/shipsear_clip30_ov0.5_d191918efe/train/6/Passengers_60__23_07_13_H3_MarDeCangas_LLEGA_c11.png
Passengers_60__23_07_13_H3_MarDeCangas_LLEGA,12,/datasets/audio/shipsear/train/Passengers_60__23_07_13_H3_MarDeCangas_LLEGA.wav,180.0,210.0,6,train,Passengers,shipsear,outputs/spectrograms/stft/shipsear_clip30_ov0.5_d191918efe/train/6/Passengers_60__23_07_13_H3_MarDeCangas_LLEGA_c12.png,outputs/spectrograms/mel/shipsear_clip30_ov0.5_d191918efe/train/6/Passengers_60__23_07_13_H3_MarDeCangas_LLEGA_c12.png,outputs/spectrograms/demon/shipsear_clip30_ov0.5_d191918efe/train/6/Passengers_60__23_07_13_H3_MarDeCangas_LLEGA_c12.png
Passengers_60__23_07_13_H3_MarDeCangas_LLEGA,13,/datasets/audio/shipsear/train/Passengers_60__23_07_13_H3_MarDeCangas_LLEGA.wav,195.0,225.0,6,train,Passengers,shipsear,outputs/spectrograms/stft/shipsear_clip30_ov0.5_d191918efe/train/6/Passengers_60__23_07_13_H3_MarDeCangas_LLEGA_c13.png,outputs/spectrograms/mel/shipsear_clip30_ov0.5_d191918efe/train/6/Passengers_60__23_07_13_H3_MarDeCangas_LLEGA_c13.png,outputs/spectrograms/demon/shipsear_clip30_ov0.5_d191918efe/train/6/Passengers_60__23_07_13_H3_MarDeCangas_LLEGA_c13.png
Passengers_60__23_07_13_H3_MarDeCangas_LLEGA,14,/datasets/audio/shipsear/train/Passengers_60__23_07_13_H3_MarDeCangas_LLEGA.wav,210.0,240.0,6,train,Passengers,shipsear,outputs/spectrograms/stft/shipsear_clip30_ov0.5_d191918efe/train/6/Passengers_60__23_07_13_H3_MarDeCangas_LLEGA_c14.png,outputs/spectrograms/mel/shipsear_clip30_ov0.5_d191918efe/train/6/Passengers_60__23_07_13_H3_MarDeCangas_LLEGA_c14.png,outputs/spectrograms/demon/shipsear_clip30_ov0.5_d191918efe/train/6/Passengers_60__23_07_13_H3_MarDeCangas_LLEGA_c14.png
Passengers_60__23_07_13_H3_MarDeCangas_LLEGA,15,/datasets/audio/shipsear/train/Passengers_60__23_07_13_H3_MarDeCangas_LLEGA.wav,225.0,255.0,6,train,Passengers,shipsear,outputs/spectrograms/stft/shipsear_clip30_ov0.5_d191918efe/train/6/Passengers_60__23_07_13_H3_MarDeCangas_LLEGA_c15.png,outputs/spectrograms/mel/shipsear_clip30_ov0.5_d191918efe/train/6/Passengers_60__23_07_13_H3_MarDeCangas_LLEGA_c15.png,outputs/spectrograms/demon/shipsear_clip30_ov0.5_d191918efe/train/6/Passengers_60__23_07_13_H3_MarDeCangas_LLEGA_c15.png
Passengers_60__23_07_13_H3_MarDeCangas_LLEGA,16,/datasets/audio/shipsear/train/Passengers_60__23_07_13_H3_MarDeCangas_LLEGA.wav,240.0,270.0,6,train,Passengers,shipsear,outputs/spectrograms/stft/shipsear_clip30_ov0.5_d191918efe/train/6/Passengers_60__23_07_13_H3_MarDeCangas_LLEGA_c16.png,outputs/spectrograms/mel/shipsear_clip30_ov0.5_d191918efe/train/6/Passengers_60__23_07_13_H3_MarDeCangas_LLEGA_c16.png,outputs/spectrograms/demon/shipsear_clip30_ov0.5_d191918efe/train/6/Passengers_60__23_07_13_H3_MarDeCangas_LLEGA_c16.png
Passengers_60__23_07_13_H3_MarDeCangas_LLEGA,17,/datasets/audio/shipsear/train/Passengers_60__23_07_13_H3_MarDeCangas_LLEGA.wav,255.0,285.0,6,train,Passengers,shipsear,outputs/spectrograms/stft/shipsear_clip30_ov0.5_d191918efe/train/6/Passengers_60__23_07_13_H3_MarDeCangas_LLEGA_c17.png,outputs/spectrograms/mel/shipsear_clip30_ov0.5_d191918efe/train/6/Passengers_60__23_07_13_H3_MarDeCangas_LLEGA_c17.png,outputs/spectrograms/demon/shipsear_clip30_ov0.5_d191918efe/train/6/Passengers_60__23_07_13_H3_MarDeCangas_LLEGA_c17.png
Passengers_60__23_07_13_H3_MarDeCangas_LLEGA,18,/datasets/audio/shipsear/train/Passengers_60__23_07_13_H3_MarDeCangas_LLEGA.wav,270.0,300.0,6,train,Passengers,shipsear,outputs/spectrograms/stft/shipsear_clip30_ov0.5_d191918efe/train/6/Passengers_60__23_07_13_H3_MarDeCangas_LLEGA_c18.png,outputs/spectrograms/mel/shipsear_clip30_ov0.5_d191918efe/train/6/Passengers_60__23_07_13_H3_MarDeCangas_LLEGA_c18.png,outputs/spectrograms/demon/shipsear_clip30_ov0.5_d191918efe/train/6/Passengers_60__23_07_13_H3_MarDeCangas_LLEGA_c18.png
Passengers_60__23_07_13_H3_MarDeCangas_LLEGA,19,/datasets/audio/shipsear/train/Passengers_60__23_07_13_H3_MarDeCangas_LLEGA.wav,285.0,315.0,6,train,Passengers,shipsear,outputs/spectrograms/stft/shipsear_clip30_ov0.5_d191918efe/train/6/Passengers_60__23_07_13_H3_MarDeCangas_LLEGA_c19.png,outputs/spectrograms/mel/shipsear_clip30_ov0.5_d191918efe/train/6/Passengers_60__23_07_13_H3_MarDeCangas_LLEGA_c19.png,outputs/spectrograms/demon/shipsear_clip30_ov0.5_d191918efe/train/6/Passengers_60__23_07_13_H3_MarDeCangas_LLEGA_c19.png
Passengers_60__23_07_13_H3_MarDeCangas_LLEGA,20,/datasets/audio/shipsear/train/Passengers_60__23_07_13_H3_MarDeCangas_LLEGA.wav,300.0,330.0,6,train,Passengers,shipsear,outputs/spectrograms/stft/shipsear_clip30_ov0.5_d191918efe/train/6/Passengers_60__23_07_13_H3_MarDeCangas_LLEGA_c20.png,outputs/spectrograms/mel/shipsear_clip30_ov0.5_d191918efe/train/6/Passengers_60__23_07_13_H3_MarDeCangas_LLEGA_c20.png,outputs/spectrograms/demon/shipsear_clip30_ov0.5_d191918efe/train/6/Passengers_60__23_07_13_H3_MarDeCangas_LLEGA_c20.png
Passengers_60__23_07_13_H3_MarDeCangas_LLEGA,21,/datasets/audio/shipsear/train/Passengers_60__23_07_13_H3_MarDeCangas_LLEGA.wav,315.0,345.0,6,train,Passengers,shipsear,outputs/spectrograms/stft/shipsear_clip30_ov0.5_d191918efe/train/6/Passengers_60__23_07_13_H3_MarDeCangas_LLEGA_c21.png,outputs/spectrograms/mel/shipsear_clip30_ov0.5_d191918efe/train/6/Passengers_60__23_07_13_H3_MarDeCangas_LLEGA_c21.png,outputs/spectrograms/demon/shipsear_clip30_ov0.5_d191918efe/train/6/Passengers_60__23_07_13_H3_MarDeCangas_LLEGA_c21.png
Passengers_60__23_07_13_H3_MarDeCangas_LLEGA,22,/datasets/audio/shipsear/train/Passengers_60__23_07_13_H3_MarDeCangas_LLEGA.wav,319.0,349.0,6,train,Passengers,shipsear,outputs/spectrograms/stft/shipsear_clip30_ov0.5_d191918efe/train/6/Passengers_60__23_07_13_H3_MarDeCangas_LLEGA_c22.png,outputs/spectrograms/mel/shipsear_clip30_ov0.5_d191918efe/train/6/Passengers_60__23_07_13_H3_MarDeCangas_LLEGA_c22.png,outputs/spectrograms/demon/shipsear_clip30_ov0.5_d191918efe/train/6/Passengers_60__23_07_13_H3_MarDeCangas_LLEGA_c22.png
Passengers_62__23_07_13_H3_MarDeCangas_SALE,0,/datasets/audio/shipsear/train/Passengers_62__23_07_13_H3_MarDeCangas_SALE.wav,0.0,30.0,6,train,Passengers,shipsear,outputs/spectrograms/stft/shipsear_clip30_ov0.5_d191918efe/train/6/Passengers_62__23_07_13_H3_MarDeCangas_SALE_c0.png,outputs/spectrograms/mel/shipsear_clip30_ov0.5_d191918efe/train/6/Passengers_62__23_07_13_H3_MarDeCangas_SALE_c0.png,outputs/spectrograms/demon/shipsear_clip30_ov0.5_d191918efe/train/6/Passengers_62__23_07_13_H3_MarDeCangas_SALE_c0.png
Passengers_62__23_07_13_H3_MarDeCangas_SALE,1,/datasets/audio/shipsear/train/Passengers_62__23_07_13_H3_MarDeCangas_SALE.wav,15.0,45.0,6,train,Passengers,shipsear,outputs/spectrograms/stft/shipsear_clip30_ov0.5_d191918efe/train/6/Passengers_62__23_07_13_H3_MarDeCangas_SALE_c1.png,outputs/spectrograms/mel/shipsear_clip30_ov0.5_d191918efe/train/6/Passengers_62__23_07_13_H3_MarDeCangas_SALE_c1.png,outputs/spectrograms/demon/shipsear_clip30_ov0.5_d191918efe/train/6/Passengers_62__23_07_13_H3_MarDeCangas_SALE_c1.png
Passengers_62__23_07_13_H3_MarDeCangas_SALE,2,/datasets/audio/shipsear/train/Passengers_62__23_07_13_H3_MarDeCangas_SALE.wav,30.0,60.0,6,train,Passengers,shipsear,outputs/spectrograms/stft/shipsear_clip30_ov0.5_d191918efe/train/6/Passengers_62__23_07_13_H3_MarDeCangas_SALE_c2.png,outputs/spectrograms/mel/shipsear_clip30_ov0.5_d191918efe/train/6/Passengers_62__23_07_13_H3_MarDeCangas_SALE_c2.png,outputs/spectrograms/demon/shipsear_clip30_ov0.5_d191918efe/train/6/Passengers_62__23_07_13_H3_MarDeCangas_SALE_c2.png
Passengers_62__23_07_13_H3_MarDeCangas_SALE,3,/datasets/audio/shipsear/train/Passengers_62__23_07_13_H3_MarDeCangas_SALE.wav,45.0,75.0,6,train,Passengers,shipsear,outputs/spectrograms/stft/shipsear_clip30_ov0.5_d191918efe/train/6/Passengers_62__23_07_13_H3_MarDeCangas_SALE_c3.png,outputs/spectrograms/mel/shipsear_clip30_ov0.5_d191918efe/train/6/Passengers_62__23_07_13_H3_MarDeCangas_SALE_c3.png,outputs/spectrograms/demon/shipsear_clip30_ov0.5_d191918efe/train/6/Passengers_62__23_07_13_H3_MarDeCangas_SALE_c3.png
Passengers_62__23_07_13_H3_MarDeCangas_SALE,4,/datasets/audio/shipsear/train/Passengers_62__23_07_13_H3_MarDeCangas_SALE.wav,60.0,90.0,6,train,Passengers,shipsear,outputs/spectrograms/stft/shipsear_clip30_ov0.5_d191918efe/train/6/Passengers_62__23_07_13_H3_MarDeCangas_SALE_c4.png,outputs/spectrograms/mel/shipsear_clip30_ov0.5_d191918efe/train/6/Passengers_62__23_07_13_H3_MarDeCangas_SALE_c4.png,outputs/spectrograms/demon/shipsear_clip30_ov0.5_d191918efe/train/6/Passengers_62__23_07_13_H3_MarDeCangas_SALE_c4.png
Passengers_62__23_07_13_H3_MarDeCangas_SALE,5,/datasets/audio/shipsear/train/Passengers_62__23_07_13_H3_MarDeCangas_SALE.wav,75.0,105.0,6,train,Passengers,shipsear,outputs/spectrograms/stft/shipsear_clip30_ov0.5_d191918efe/train/6/Passengers_62__23_07_13_H3_MarDeCangas_SALE_c5.png,outputs/spectrograms/mel/shipsear_clip30_ov0.5_d191918efe/train/6/Passengers_62__23_07_13_H3_MarDeCangas_SALE_c5.png,outputs/spectrograms/demon/shipsear_clip30_ov0.5_d191918efe/train/6/Passengers_62__23_07_13_H3_MarDeCangas_SALE_c5.png
Passengers_62__23_07_13_H3_MarDeCangas_SALE,6,/datasets/audio/shipsear/train/Passengers_62__23_07_13_H3_MarDeCangas_SALE.wav,90.0,120.0,6,train,Passengers,shipsear,outputs/spectrograms/stft/shipsear_clip30_ov0.5_d191918efe/train/6/Passengers_62__23_07_13_H3_MarDeCangas_SALE_c6.png,outputs/spectrograms/mel/shipsear_clip30_ov0.5_d191918efe/train/6/Passengers_62__23_07_13_H3_MarDeCangas_SALE_c6.png,outputs/spectrograms/demon/shipsear_clip30_ov0.5_d191918efe/train/6/Passengers_62__23_07_13_H3_MarDeCangas_SALE_c6.png
Passengers_62__23_07_13_H3_MarDeCangas_SALE,7,/datasets/audio/shipsear/train/Passengers_62__23_07_13_H3_MarDeCangas_SALE.wav,105.0,135.0,6,train,Passengers,shipsear,outputs/spectrograms/stft/shipsear_clip30_ov0.5_d191918efe/train/6/Passengers_62__23_07_13_H3_MarDeCangas_SALE_c7.png,outputs/spectrograms/mel/shipsear_clip30_ov0.5_d191918efe/train/6/Passengers_62__23_07_13_H3_MarDeCangas_SALE_c7.png,outputs/spectrograms/demon/shipsear_clip30_ov0.5_d191918efe/train/6/Passengers_62__23_07_13_H3_MarDeCangas_SALE_c7.png
Passengers_62__23_07_13_H3_MarDeCangas_SALE,8,/datasets/audio/shipsear/train/Passengers_62__23_07_13_H3_MarDeCangas_SALE.wav,120.0,150.0,6,train,Passengers,shipsear,outputs/spectrograms/stft/shipsear_clip30_ov0.5_d191918efe/train/6/Passengers_62__23_07_13_H3_MarDeCangas_SALE_c8.png,outputs/spectrograms/mel/shipsear_clip30_ov0.5_d191918efe/train/6/Passengers_62__23_07_13_H3_MarDeCangas_SALE_c8.png,outputs/spectrograms/demon/shipsear_clip30_ov0.5_d191918efe/train/6/Passengers_62__23_07_13_H3_MarDeCangas_SALE_c8.png
Passengers_62__23_07_13_H3_MarDeCangas_SALE,9,/datasets/audio/shipsear/train/Passengers_62__23_07_13_H3_MarDeCangas_SALE.wav,135.0,165.0,6,train,Passengers,shipsear,outputs/spectrograms/stft/shipsear_clip30_ov0.5_d191918efe/train/6/Passengers_62__23_07_13_H3_MarDeCangas_SALE_c9.png,outputs/spectrograms/mel/shipsear_clip30_ov0.5_d191918efe/train/6/Passengers_62__23_07_13_H3_MarDeCangas_SALE_c9.png,outputs/spectrograms/demon/shipsear_clip30_ov0.5_d191918efe/train/6/Passengers_62__23_07_13_H3_MarDeCangas_SALE_c9.png
Passengers_62__23_07_13_H3_MarDeCangas_SALE,10,/datasets/audio/shipsear/train/Passengers_62__23_07_13_H3_MarDeCangas_SALE.wav,150.0,180.0,6,train,Passengers,shipsear,outputs/spectrograms/stft/shipsear_clip30_ov0.5_d191918efe/train/6/Passengers_62__23_07_13_H3_MarDeCangas_SALE_c10.png,outputs/spectrograms/mel/shipsear_clip30_ov0.5_d191918efe/train/6/Passengers_62__23_07_13_H3_MarDeCangas_SALE_c10.png,outputs/spectrograms/demon/shipsear_clip30_ov0.5_d191918efe/train/6/Passengers_62__23_07_13_H3_MarDeCangas_SALE_c10.png
Passengers_62__23_07_13_H3_MarDeCangas_SALE,11,/datasets/audio/shipsear/train/Passengers_62__23_07_13_H3_MarDeCangas_SALE.wav,165.0,195.0,6,train,Passengers,shipsear,outputs/spectrograms/stft/shipsear_clip30_ov0.5_d191918efe/train/6/Passengers_62__23_07_13_H3_MarDeCangas_SALE_c11.png,outputs/spectrograms/mel/shipsear_clip30_ov0.5_d191918efe/train/6/Passengers_62__23_07_13_H3_MarDeCangas_SALE_c11.png,outputs/spectrograms/demon/shipsear_clip30_ov0.5_d191918efe/train/6/Passengers_62__23_07_13_H3_MarDeCangas_SALE_c11.png
Passengers_62__23_07_13_H3_MarDeCangas_SALE,12,/datasets/audio/shipsear/train/Passengers_62__23_07_13_H3_MarDeCangas_SALE.wav,180.0,210.0,6,train,Passengers,shipsear,outputs/spectrograms/stft/shipsear_clip30_ov0.5_d191918efe/train/6/Passengers_62__23_07_13_H3_MarDeCangas_SALE_c12.png,outputs/spectrograms/mel/shipsear_clip30_ov0.5_d191918efe/train/6/Passengers_62__23_07_13_H3_MarDeCangas_SALE_c12.png,outputs/spectrograms/demon/shipsear_clip30_ov0.5_d191918efe/train/6/Passengers_62__23_07_13_H3_MarDeCangas_SALE_c12.png
Passengers_62__23_07_13_H3_MarDeCangas_SALE,13,/datasets/audio/shipsear/train/Passengers_62__23_07_13_H3_MarDeCangas_SALE.wav,195.0,225.0,6,train,Passengers,shipsear,outputs/spectrograms/stft/shipsear_clip30_ov0.5_d191918efe/train/6/Passengers_62__23_07_13_H3_MarDeCangas_SALE_c13.png,outputs/spectrograms/mel/shipsear_clip30_ov0.5_d191918efe/train/6/Passengers_62__23_07_13_H3_MarDeCangas_SALE_c13.png,outputs/spectrograms/demon/shipsear_clip30_ov0.5_d191918efe/train/6/Passengers_62__23_07_13_H3_MarDeCangas_SALE_c13.png
Passengers_62__23_07_13_H3_MarDeCangas_SALE,14,/datasets/audio/shipsear/train/Passengers_62__23_07_13_H3_MarDeCangas_SALE.wav,210.0,240.0,6,train,Passengers,shipsear,outputs/spectrograms/stft/shipsear_clip30_ov0.5_d191918efe/train/6/Passengers_62__23_07_13_H3_MarDeCangas_SALE_c14.png,outputs/spectrograms/mel/shipsear_clip30_ov0.5_d191918efe/train/6/Passengers_62__23_07_13_H3_MarDeCangas_SALE_c14.png,outputs/spectrograms/demon/shipsear_clip30_ov0.5_d191918efe/train/6/Passengers_62__23_07_13_H3_MarDeCangas_SALE_c14.png
Passengers_62__23_07_13_H3_MarDeCangas_SALE,15,/datasets/audio/shipsear/train/Passengers_62__23_07_13_H3_MarDeCangas_SALE.wav,225.0,255.0,6,train,Passengers,shipsear,outputs/spectrograms/stft/shipsear_clip30_ov0.5_d191918efe/train/6/Passengers_62__23_07_13_H3_MarDeCangas_SALE_c15.png,outputs/spectrograms/mel/shipsear_clip30_ov0.5_d191918efe/train/6/Passengers_62__23_07_13_H3_MarDeCangas_SALE_c15.png,outputs/spectrograms/demon/shipsear_clip30_ov0.5_d191918efe/train/6/Passengers_62__23_07_13_H3_MarDeCangas_SALE_c15.png
Passengers_62__23_07_13_H3_MarDeCangas_SALE,16,/datasets/audio/shipsear/train/Passengers_62__23_07_13_H3_MarDeCangas_SALE.wav,240.0,270.0,6,train,Passengers,shipsear,outputs/spectrograms/stft/shipsear_clip30_ov0.5_d191918efe/train/6/Passengers_62__23_07_13_H3_MarDeCangas_SALE_c16.png,outputs/spectrograms/mel/shipsear_clip30_ov0.5_d191918efe/train/6/Passengers_62__23_07_13_H3_MarDeCangas_SALE_c16.png,outputs/spectrograms/demon/shipsear_clip30_ov0.5_d191918efe/train/6/Passengers_62__23_07_13_H3_MarDeCangas_SALE_c16.png
Passengers_62__23_07_13_H3_MarDeCangas_SALE,17,/datasets/audio/shipsear/train/Passengers_62__23_07_13_H3_MarDeCangas_SALE.wav,255.0,285.0,6,train,Passengers,shipsear,outputs/spectrograms/stft/shipsear_clip30_ov0.5_d191918efe/train/6/Passengers_62__23_07_13_H3_MarDeCangas_SALE_c17.png,outputs/spectrograms/mel/shipsear_clip30_ov0.5_d191918efe/train/6/Passengers_62__23_07_13_H3_MarDeCangas_SALE_c17.png,outputs/spectrograms/demon/shipsear_clip30_ov0.5_d191918efe/train/6/Passengers_62__23_07_13_H3_MarDeCangas_SALE_c17.png
Passengers_62__23_07_13_H3_MarDeCangas_SALE,18,/datasets/audio/shipsear/train/Passengers_62__23_07_13_H3_MarDeCangas_SALE.wav,270.0,300.0,6,train,Passengers,shipsear,outputs/spectrograms/stft/shipsear_clip30_ov0.5_d191918efe/train/6/Passengers_62__23_07_13_H3_MarDeCangas_SALE_c18.png,outputs/spectrograms/mel/shipsear_clip30_ov0.5_d191918efe/train/6/Passengers_62__23_07_13_H3_MarDeCangas_SALE_c18.png,outputs/spectrograms/demon/shipsear_clip30_ov0.5_d191918efe/train/6/Passengers_62__23_07_13_H3_MarDeCangas_SALE_c18.png
Passengers_62__23_07_13_H3_MarDeCangas_SALE,19,/datasets/audio/shipsear/train/Passengers_62__23_07_13_H3_MarDeCangas_SALE.wav,284.0,314.0,6,train,Passengers,shipsear,outputs/spectrograms/stft/shipsear_clip30_ov0.5_d191918efe/train/6/Passengers_62__23_07_13_H3_MarDeCangas_SALE_c19.png,outputs/spectrograms/mel/shipsear_clip30_ov0.5_d191918efe/train/6/Passengers_62__23_07_13_H3_MarDeCangas_SALE_c19.png,outputs/spectrograms/demon/shipsear_clip30_ov0.5_d191918efe/train/6/Passengers_62__23_07_13_H3_MarDeCangas_SALE_c19.png
Passengers_63__23_07_13_H3_MarDeOnza_LLEGA,0,/datasets/audio/shipsear/train/Passengers_63__23_07_13_H3_MarDeOnza_LLEGA.wav,0.0,30.0,6,train,Passengers,shipsear,outputs/spectrograms/stft/shipsear_clip30_ov0.5_d191918efe/train/6/Passengers_63__23_07_13_H3_MarDeOnza_LLEGA_c0.png,outputs/spectrograms/mel/shipsear_clip30_ov0.5_d191918efe/train/6/Passengers_63__23_07_13_H3_MarDeOnza_LLEGA_c0.png,outputs/spectrograms/demon/shipsear_clip30_ov0.5_d191918efe/train/6/Passengers_63__23_07_13_H3_MarDeOnza_LLEGA_c0.png
Passengers_63__23_07_13_H3_MarDeOnza_LLEGA,1,/datasets/audio/shipsear/train/Passengers_63__23_07_13_H3_MarDeOnza_LLEGA.wav,15.0,45.0,6,train,Passengers,shipsear,outputs/spectrograms/stft/shipsear_clip30_ov0.5_d191918efe/train/6/Passengers_63__23_07_13_H3_MarDeOnza_LLEGA_c1.png,outputs/spectrograms/mel/shipsear_clip30_ov0.5_d191918efe/train/6/Passengers_63__23_07_13_H3_MarDeOnza_LLEGA_c1.png,outputs/spectrograms/demon/shipsear_clip30_ov0.5_d191918efe/train/6/Passengers_63__23_07_13_H3_MarDeOnza_LLEGA_c1.png
Passengers_63__23_07_13_H3_MarDeOnza_LLEGA,2,/datasets/audio/shipsear/train/Passengers_63__23_07_13_H3_MarDeOnza_LLEGA.wav,30.0,60.0,6,train,Passengers,shipsear,outputs/spectrograms/stft/shipsear_clip30_ov0.5_d191918efe/train/6/Passengers_63__23_07_13_H3_MarDeOnza_LLEGA_c2.png,outputs/spectrograms/mel/shipsear_clip30_ov0.5_d191918efe/train/6/Passengers_63__23_07_13_H3_MarDeOnza_LLEGA_c2.png,outputs/spectrograms/demon/shipsear_clip30_ov0.5_d191918efe/train/6/Passengers_63__23_07_13_H3_MarDeOnza_LLEGA_c2.png
Passengers_63__23_07_13_H3_MarDeOnza_LLEGA,3,/datasets/audio/shipsear/train/Passengers_63__23_07_13_H3_MarDeOnza_LLEGA.wav,45.0,75.0,6,train,Passengers,shipsear,outputs/spectrograms/stft/shipsear_clip30_ov0.5_d191918efe/train/6/Passengers_63__23_07_13_H3_MarDeOnza_LLEGA_c3.png,outputs/spectrograms/mel/shipsear_clip30_ov0.5_d191918efe/train/6/Passengers_63__23_07_13_H3_MarDeOnza_LLEGA_c3.png,outputs/spectrograms/demon/shipsear_clip30_ov0.5_d191918efe/train/6/Passengers_63__23_07_13_H3_MarDeOnza_LLEGA_c3.png
Passengers_63__23_07_13_H3_MarDeOnza_LLEGA,4,/datasets/audio/shipsear/train/Passengers_63__23_07_13_H3_MarDeOnza_LLEGA.wav,60.0,90.0,6,train,Passengers,shipsear,outputs/spectrograms/stft/shipsear_clip30_ov0.5_d191918efe/train/6/Passengers_63__23_07_13_H3_MarDeOnza_LLEGA_c4.png,outputs/spectrograms/mel/shipsear_clip30_ov0.5_d191918efe/train/6/Passengers_63__23_07_13_H3_MarDeOnza_LLEGA_c4.png,outputs/spectrograms/demon/shipsear_clip30_ov0.5_d191918efe/train/6/Passengers_63__23_07_13_H3_MarDeOnza_LLEGA_c4.png
Passengers_63__23_07_13_H3_MarDeOnza_LLEGA,5,/datasets/audio/shipsear/train/Passengers_63__23_07_13_H3_MarDeOnza_LLEGA.wav,75.0,105.0,6,train,Passengers,shipsear,outputs/spectrograms/stft/shipsear_clip30_ov0.5_d191918efe/train/6/Passengers_63__23_07_13_H3_MarDeOnza_LLEGA_c5.png,outputs/spectrograms/mel/shipsear_clip30_ov0.5_d191918efe/train/6/Passengers_63__23_07_13_H3_MarDeOnza_LLEGA_c5.png,outputs/spectrograms/demon/shipsear_clip30_ov0.5_d191918efe/train/6/Passengers_63__23_07_13_H3_MarDeOnza_LLEGA_c5.png
Passengers_63__23_07_13_H3_MarDeOnza_LLEGA,6,/datasets/audio/shipsear/train/Passengers_63__23_07_13_H3_MarDeOnza_LLEGA.wav,90.0,120.0,6,train,Passengers,shipsear,outputs/spectrograms/stft/shipsear_clip30_ov0.5_d191918efe/train/6/Passengers_63__23_07_13_H3_MarDeOnza_LLEGA_c6.png,outputs/spectrograms/mel/shipsear_clip30_ov0.5_d191918efe/train/6/Passengers_63__23_07_13_H3_MarDeOnza_LLEGA_c6.png,outputs/spectrograms/demon/shipsear_clip30_ov0.5_d191918efe/train/6/Passengers_63__23_07_13_H3_MarDeOnza_LLEGA_c6.png
Passengers_63__23_07_13_H3_MarDeOnza_LLEGA,7,/datasets/audio/shipsear/train/Passengers_63__23_07_13_H3_MarDeOnza_LLEGA.wav,105.0,135.0,6,train,Passengers,shipsear,outputs/spectrograms/stft/shipsear_clip30_ov0.5_d191918efe/train/6/Passengers_63__23_07_13_H3_MarDeOnza_LLEGA_c7.png,outputs/spectrograms/mel/shipsear_clip30_ov0.5_d191918efe/train/6/Passengers_63__23_07_13_H3_MarDeOnza_LLEGA_c7.png,outputs/spectrograms/demon/shipsear_clip30_ov0.5_d191918efe/train/6/Passengers_63__23_07_13_H3_MarDeOnza_LLEGA_c7.png
Passengers_63__23_07_13_H3_MarDeOnza_LLEGA,8,/datasets/audio/shipsear/train/Passengers_63__23_07_13_H3_MarDeOnza_LLEGA.wav,120.0,150.0,6,train,Passengers,shipsear,outputs/spectrograms/stft/shipsear_clip30_ov0.5_d191918efe/train/6/Passengers_63__23_07_13_H3_MarDeOnza_LLEGA_c8.png,outputs/spectrograms/mel/shipsear_clip30_ov0.5_d191918efe/train/6/Passengers_63__23_07_13_H3_MarDeOnza_LLEGA_c8.png,outputs/spectrograms/demon/shipsear_clip30_ov0.5_d191918efe/train/6/Passengers_63__23_07_13_H3_MarDeOnza_LLEGA_c8.png
Passengers_63__23_07_13_H3_MarDeOnza_LLEGA,9,/datasets/audio/shipsear/train/Passengers_63__23_07_13_H3_MarDeOnza_LLEGA.wav,135.0,165.0,6,train,Passengers,shipsear,outputs/spectrograms/stft/shipsear_clip30_ov0.5_d191918efe/train/6/Passengers_63__23_07_13_H3_MarDeOnza_LLEGA_c9.png,outputs/spectrograms/mel/shipsear_clip30_ov0.5_d191918efe/train/6/Passengers_63__23_07_13_H3_MarDeOnza_LLEGA_c9.png,outputs/spectrograms/demon/shipsear_clip30_ov0.5_d191918efe/train/6/Passengers_63__23_07_13_H3_MarDeOnza_LLEGA_c9.png
Passengers_63__23_07_13_H3_MarDeOnza_LLEGA,10,/datasets/audio/shipsear/train/Passengers_63__23_07_13_H3_MarDeOnza_LLEGA.wav,150.0,180.0,6,train,Passengers,shipsear,outputs/spectrograms/stft/shipsear_clip30_ov0.5_d191918efe/train/6/Passengers_63__23_07_13_H3_MarDeOnza_LLEGA_c10.png,outputs/spectrograms/mel/shipsear_clip30_ov0.5_d191918efe/train/6/Passengers_63__23_07_13_H3_MarDeOnza_LLEGA_c10.png,outputs/spectrograms/demon/shipsear_clip30_ov0.5_d191918efe/train/6/Passengers_63__23_07_13_H3_MarDeOnza_LLEGA_c10.png
Passengers_63__23_07_13_H3_MarDeOnza_LLEGA,11,/datasets/audio/shipsear/train/Passengers_63__23_07_13_H3_MarDeOnza_LLEGA.wav,165.0,195.0,6,train,Passengers,shipsear,outputs/spectrograms/stft/shipsear_clip30_ov0.5_d191918efe/train/6/Passengers_63__23_07_13_H3_MarDeOnza_LLEGA_c11.png,outputs/spectrograms/mel/shipsear_clip30_ov0.5_d191918efe/train/6/Passengers_63__23_07_13_H3_MarDeOnza_LLEGA_c11.png,outputs/spectrograms/demon/shipsear_clip30_ov0.5_d191918efe/train/6/Passengers_63__23_07_13_H3_MarDeOnza_LLEGA_c11.png
Passengers_63__23_07_13_H3_MarDeOnza_LLEGA,12,/datasets/audio/shipsear/train/Passengers_63__23_07_13_H3_MarDeOnza_LLEGA.wav,166.0,196.0,6,train,Passengers,shipsear,outputs/spectrograms/stft/shipsear_clip30_ov0.5_d191918efe/train/6/Passengers_63__23_07_13_H3_MarDeOnza_LLEGA_c12.png,outputs/spectrograms/mel/shipsear_clip30_ov0.5_d191918efe/train/6/Passengers_63__23_07_13_H3_MarDeOnza_LLEGA_c12.png,outputs/spectrograms/demon/shipsear_clip30_ov0.5_d191918efe/train/6/Passengers_63__23_07_13_H3_MarDeOnza_LLEGA_c12.png
Passengers_64__23_07_13_H3_MarDeOnza_SALE,0,/datasets/audio/shipsear/train/Passengers_64__23_07_13_H3_MarDeOnza_SALE.wav,0.0,30.0,6,train,Passengers,shipsear,outputs/spectrograms/stft/shipsear_clip30_ov0.5_d191918efe/train/6/Passengers_64__23_07_13_H3_MarDeOnza_SALE_c0.png,outputs/spectrograms/mel/shipsear_clip30_ov0.5_d191918efe/train/6/Passengers_64__23_07_13_H3_MarDeOnza_SALE_c0.png,outputs/spectrograms/demon/shipsear_clip30_ov0.5_d191918efe/train/6/Passengers_64__23_07_13_H3_MarDeOnza_SALE_c0.png
Passengers_64__23_07_13_H3_MarDeOnza_SALE,1,/datasets/audio/shipsear/train/Passengers_64__23_07_13_H3_MarDeOnza_SALE.wav,15.0,45.0,6,train,Passengers,shipsear,outputs/spectrograms/stft/shipsear_clip30_ov0.5_d191918efe/train/6/Passengers_64__23_07_13_H3_MarDeOnza_SALE_c1.png,outputs/spectrograms/mel/shipsear_clip30_ov0.5_d191918efe/train/6/Passengers_64__23_07_13_H3_MarDeOnza_SALE_c1.png,outputs/spectrograms/demon/shipsear_clip30_ov0.5_d191918efe/train/6/Passengers_64__23_07_13_H3_MarDeOnza_SALE_c1.png
Passengers_64__23_07_13_H3_MarDeOnza_SALE,2,/datasets/audio/shipsear/train/Passengers_64__23_07_13_H3_MarDeOnza_SALE.wav,30.0,60.0,6,train,Passengers,shipsear,outputs/spectrograms/stft/shipsear_clip30_ov0.5_d191918efe/train/6/Passengers_64__23_07_13_H3_MarDeOnza_SALE_c2.png,outputs/spectrograms/mel/shipsear_clip30_ov0.5_d191918efe/train/6/Passengers_64__23_07_13_H3_MarDeOnza_SALE_c2.png,outputs/spectrograms/demon/shipsear_clip30_ov0.5_d191918efe/train/6/Passengers_64__23_07_13_H3_MarDeOnza_SALE_c2.png
Passengers_64__23_07_13_H3_MarDeOnza_SALE,3,/datasets/audio/shipsear/train/Passengers_64__23_07_13_H3_MarDeOnza_SALE.wav,45.0,75.0,6,train,Passengers,shipsear,outputs/spectrograms/stft/shipsear_clip30_ov0.5_d191918efe/train/6/Passengers_64__23_07_13_H3_MarDeOnza_SALE_c3.png,outputs/spectrograms/mel/shipsear_clip30_ov0.5_d191918efe/train/6/Passengers_64__23_07_13_H3_MarDeOnza_SALE_c3.png,outputs/spectrograms/demon/shipsear_clip30_ov0.5_d191918efe/train/6/Passengers_64__23_07_13_H3_MarDeOnza_SALE_c3.png
Passengers_64__23_07_13_H3_MarDeOnza_SALE,4,/datasets/audio/shipsear/train/Passengers_64__23_07_13_H3_MarDeOnza_SALE.wav,60.0,90.0,6,train,Passengers,shipsear,outputs/spectrograms/stft/shipsear_clip30_ov0.5_d191918efe/train/6/Passengers_64__23_07_13_H3_MarDeOnza_SALE_c4.png,outputs/spectrograms/mel/shipsear_clip30_ov0.5_d191918efe/train/6/Passengers_64__23_07_13_H3_MarDeOnza_SALE_c4.png,outputs/spectrograms/demon/shipsear_clip30_ov0.5_d191918efe/train/6/Passengers_64__23_07_13_H3_MarDeOnza_SALE_c4.png
Passengers_64__23_07_13_H3_MarDeOnza_SALE,5,/datasets/audio/shipsear/train/Passengers_64__23_07_13_H3_MarDeOnza_SALE.wav,75.0,105.0,6,train,Passengers,shipsear,outputs/spectrograms/stft/shipsear_clip30_ov0.5_d191918efe/train/6/Passengers_64__23_07_13_H3_MarDeOnza_SALE_c5.png,outputs/spectrograms/mel/shipsear_clip30_ov0.5_d191918efe/train/6/Passengers_64__23_07_13_H3_MarDeOnza_SALE_c5.png,outputs/spectrograms/demon/shipsear_clip30_ov0.5_d191918efe/train/6/Passengers_64__23_07_13_H3_MarDeOnza_SALE_c5.png
Passengers_64__23_07_13_H3_MarDeOnza_SALE,6,/datasets/audio/shipsear/train/Passengers_64__23_07_13_H3_MarDeOnza_SALE.wav,90.0,120.0,6,train,Passengers,shipsear,outputs/spectrograms/stft/shipsear_clip30_ov0.5_d191918efe/train/6/Passengers_64__23_07_13_H3_MarDeOnza_SALE_c6.png,outputs/spectrograms/mel/shipsear_clip30_ov0.5_d191918efe/train/6/Passengers_64__23_07_13_H3_MarDeOnza_SALE_c6.png,outputs/spectrograms/demon/shipsear_clip30_ov0.5_d191918efe/train/6/Passengers_64__23_07_13_H3_MarDeOnza_SALE_c6.png
Passengers_64__23_07_13_H3_MarDeOnza_SALE,7,/datasets/audio/shipsear/train/Passengers_64__23_07_13_H3_MarDeOnza_SALE.wav,103.0,133.0,6,train,Passengers,shipsear,outputs/spectrograms/stft/shipsear_clip30_ov0.5_d191918efe/train/6/Passengers_64__23_07_13_H3_MarDeOnza_SALE_c7.png,outputs/spectrograms/mel/shipsear_clip30_ov0.5_d191918efe/train/6/Passengers_64__23_07_13_H3_MarDeOnza_SALE_c7.png,outputs/spectrograms/demon/shipsear_clip30_ov0.5_d191918efe/train/6/Passengers_64__23_07_13_H3_MarDeOnza_SALE_c7.png
Passengers_65__23_07_13_H3_MinhoUno_LLEGA,0,/datasets/audio/shipsear/train/Passengers_65__23_07_13_H3_MinhoUno_LLEGA.wav,0.0,30.0,6,train,Passengers,shipsear,outputs/spectrograms/stft/shipsear_clip30_ov0.5_d191918efe/train/6/Passengers_65__23_07_13_H3_MinhoUno_LLEGA_c0.png,outputs/spectrograms/mel/shipsear_clip30_ov0.5_d191918efe/train/6/Passengers_65__23_07_13_H3_MinhoUno_LLEGA_c0.png,outputs/spectrograms/demon/shipsear_clip30_ov0.5_d191918efe/train/6/Passengers_65__23_07_13_H3_MinhoUno_LLEGA_c0.png
Passengers_65__23_07_13_H3_MinhoUno_LLEGA,1,/datasets/audio/shipsear/train/Passengers_65__23_07_13_H3_MinhoUno_LLEGA.wav,15.0,45.0,6,train,Passengers,shipsear,outputs/spectrograms/stft/shipsear_clip30_ov0.5_d191918efe/train/6/Passengers_65__23_07_13_H3_MinhoUno_LLEGA_c1.png,outputs/spectrograms/mel/shipsear_clip30_ov0.5_d191918efe/train/6/Passengers_65__23_07_13_H3_MinhoUno_LLEGA_c1.png,outputs/spectrograms/demon/shipsear_clip30_ov0.5_d191918efe/train/6/Passengers_65__23_07_13_H3_MinhoUno_LLEGA_c1.png
Passengers_65__23_07_13_H3_MinhoUno_LLEGA,2,/datasets/audio/shipsear/train/Passengers_65__23_07_13_H3_MinhoUno_LLEGA.wav,30.0,60.0,6,train,Passengers,shipsear,outputs/spectrograms/stft/shipsear_clip30_ov0.5_d191918efe/train/6/Passengers_65__23_07_13_H3_MinhoUno_LLEGA_c2.png,outputs/spectrograms/mel/shipsear_clip30_ov0.5_d191918efe/train/6/Passengers_65__23_07_13_H3_MinhoUno_LLEGA_c2.png,outputs/spectrograms/demon/shipsear_clip30_ov0.5_d191918efe/train/6/Passengers_65__23_07_13_H3_MinhoUno_LLEGA_c2.png
Passengers_65__23_07_13_H3_MinhoUno_LLEGA,3,/datasets/audio/shipsear/train/Passengers_65__23_07_13_H3_MinhoUno_LLEGA.wav,45.0,75.0,6,train,Passengers,shipsear,outputs/spectrograms/stft/shipsear_clip30_ov0.5_d191918efe/train/6/Passengers_65__23_07_13_H3_MinhoUno_LLEGA_c3.png,outputs/spectrograms/mel/shipsear_clip30_ov0.5_d191918efe/train/6/Passengers_65__23_07_13_H3_MinhoUno_LLEGA_c3.png,outputs/spectrograms/demon/shipsear_clip30_ov0.5_d191918efe/train/6/Passengers_65__23_07_13_H3_MinhoUno_LLEGA_c3.png
Passengers_65__23_07_13_H3_MinhoUno_LLEGA,4,/datasets/audio/shipsear/train/Passengers_65__23_07_13_H3_MinhoUno_LLEGA.wav,60.0,90.0,6,train,Passengers,shipsear,outputs/spectrograms/stft/shipsear_clip30_ov0.5_d191918efe/train/6/Passengers_65__23_07_13_H3_MinhoUno_LLEGA_c4.png,outputs/spectrograms/mel/shipsear_clip30_ov0.5_d191918efe/train/6/Passengers_65__23_07_13_H3_MinhoUno_LLEGA_c4.png,outputs/spectrograms/demon/shipsear_clip30_ov0.5_d191918efe/train/6/Passengers_65__23_07_13_H3_MinhoUno_LLEGA_c4.png
Passengers_65__23_07_13_H3_MinhoUno_LLEGA,5,/datasets/audio/shipsear/train/Passengers_65__23_07_13_H3_MinhoUno_LLEGA.wav,75.0,105.0,6,train,Passengers,shipsear,outputs/spectrograms/stft/shipsear_clip30_ov0.5_d191918efe/train/6/Passengers_65__23_07_13_H3_MinhoUno_LLEGA_c5.png,outputs/spectrograms/mel/shipsear_clip30_ov0.5_d191918efe/train/6/Passengers_65__23_07_13_H3_MinhoUno_LLEGA_c5.png,outputs/spectrograms/demon/shipsear_clip30_ov0.5_d191918efe/train/6/Passengers_65__23_07_13_H3_MinhoUno_LLEGA_c5.png
Passengers_65__23_07_13_H3_MinhoUno_LLEGA,6,/datasets/audio/shipsear/train/Passengers_65__23_07_13_H3_MinhoUno_LLEGA.wav,90.0,120.0,6,train,Passengers,shipsear,outputs/spectrograms/stft/shipsear_clip30_ov0.5_d191918efe/train/6/Passengers_65__23_07_13_H3_MinhoUno_LLEGA_c6.png,outputs/spectrograms/mel/shipsear_clip30_ov0.5_d191918efe/train/6/Passengers_65__23_07_13_H3_MinhoUno_LLEGA_c6.png,outputs/spectrograms/demon/shipsear_clip30_ov0.5_d191918efe/train/6/Passengers_65__23_07_13_H3_MinhoUno_LLEGA_c6.png
Passengers_65__23_07_13_H3_MinhoUno_LLEGA,7,/datasets/audio/shipsear/train/Passengers_65__23_07_13_H3_MinhoUno_LLEGA.wav,105.0,135.0,6,train,Passengers,shipsear,outputs/spectrograms/stft/shipsear_clip30_ov0.5_d191918efe/train/6/Passengers_65__23_07_13_H3_MinhoUno_LLEGA_c7.png,outputs/spectrograms/mel/shipsear_clip30_ov0.5_d191918efe/train/6/Passengers_65__23_07_13_H3_MinhoUno_LLEGA_c7.png,outputs/spectrograms/demon/shipsear_clip30_ov0.5_d191918efe/train/6/Passengers_65__23_07_13_H3_MinhoUno_LLEGA_c7.png
Passengers_65__23_07_13_H3_MinhoUno_LLEGA,8,/datasets/audio/shipsear/train/Passengers_65__23_07_13_H3_MinhoUno_LLEGA.wav,120.0,150.0,6,train,Passengers,shipsear,outputs/spectrograms/stft/shipsear_clip30_ov0.5_d191918efe/train/6/Passengers_65__23_07_13_H3_MinhoUno_LLEGA_c8.png,outputs/spectrograms/mel/shipsear_clip30_ov0.5_d191918efe/train/6/Passengers_65__23_07_13_H3_MinhoUno_LLEGA_c8.png,outputs/spectrograms/demon/shipsear_clip30_ov0.5_d191918efe/train/6/Passengers_65__23_07_13_H3_MinhoUno_LLEGA_c8.png
Passengers_65__23_07_13_H3_MinhoUno_LLEGA,9,/datasets/audio/shipsear/train/Passengers_65__23_07_13_H3_MinhoUno_LLEGA.wav,133.0,163.0,6,train,Passengers,shipsear,outputs/spectrograms/stft/shipsear_clip30_ov0.5_d191918efe/train/6/Passengers_65__23_07_13_H3_MinhoUno_LLEGA_c9.png,outputs/spectrograms/mel/shipsear_clip30_ov0.5_d191918efe/train/6/Passengers_65__23_07_13_H3_MinhoUno_LLEGA_c9.png,outputs/spectrograms/demon/shipsear_clip30_ov0.5_d191918efe/train/6/Passengers_65__23_07_13_H3_MinhoUno_LLEGA_c9.png
Passengers_67__23_07_13_H3_PirataCiesSale,0,/datasets/audio/shipsear/train/Passengers_67__23_07_13_H3_PirataCiesSale.wav,0.0,30.0,6,train,Passengers,shipsear,outputs/spectrograms/stft/shipsear_clip30_ov0.5_d191918efe/train/6/Passengers_67__23_07_13_H3_PirataCiesSale_c0.png,outputs/spectrograms/mel/shipsear_clip30_ov0.5_d191918efe/train/6/Passengers_67__23_07_13_H3_PirataCiesSale_c0.png,outputs/spectrograms/demon/shipsear_clip30_ov0.5_d191918efe/train/6/Passengers_67__23_07_13_H3_PirataCiesSale_c0.png
Passengers_67__23_07_13_H3_PirataCiesSale,1,/datasets/audio/shipsear/train/Passengers_67__23_07_13_H3_PirataCiesSale.wav,15.0,45.0,6,train,Passengers,shipsear,outputs/spectrograms/stft/shipsear_clip30_ov0.5_d191918efe/train/6/Passengers_67__23_07_13_H3_PirataCiesSale_c1.png,outputs/spectrograms/mel/shipsear_clip30_ov0.5_d191918efe/train/6/Passengers_67__23_07_13_H3_PirataCiesSale_c1.png,outputs/spectrograms/demon/shipsear_clip30_ov0.5_d191918efe/train/6/Passengers_67__23_07_13_H3_PirataCiesSale_c1.png
Passengers_67__23_07_13_H3_PirataCiesSale,2,/datasets/audio/shipsear/train/Passengers_67__23_07_13_H3_PirataCiesSale.wav,30.0,60.0,6,train,Passengers,shipsear,outputs/spectrograms/stft/shipsear_clip30_ov0.5_d191918efe/train/6/Passengers_67__23_07_13_H3_PirataCiesSale_c2.png,outputs/spectrograms/mel/shipsear_clip30_ov0.5_d191918efe/train/6/Passengers_67__23_07_13_H3_PirataCiesSale_c2.png,outputs/spectrograms/demon/shipsear_clip30_ov0.5_d191918efe/train/6/Passengers_67__23_07_13_H3_PirataCiesSale_c2.png
Passengers_67__23_07_13_H3_PirataCiesSale,3,/datasets/audio/shipsear/train/Passengers_67__23_07_13_H3_PirataCiesSale.wav,45.0,75.0,6,train,Passengers,shipsear,outputs/spectrograms/stft/shipsear_clip30_ov0.5_d191918efe/train/6/Passengers_67__23_07_13_H3_PirataCiesSale_c3.png,outputs/spectrograms/mel/shipsear_clip30_ov0.5_d191918efe/train/6/Passengers_67__23_07_13_H3_PirataCiesSale_c3.png,outputs/spectrograms/demon/shipsear_clip30_ov0.5_d191918efe/train/6/Passengers_67__23_07_13_H3_PirataCiesSale_c3.png
Passengers_67__23_07_13_H3_PirataCiesSale,4,/datasets/audio/shipsear/train/Passengers_67__23_07_13_H3_PirataCiesSale.wav,60.0,90.0,6,train,Passengers,shipsear,outputs/spectrograms/stft/shipsear_clip30_ov0.5_d191918efe/train/6/Passengers_67__23_07_13_H3_PirataCiesSale_c4.png,outputs/spectrograms/mel/shipsear_clip30_ov0.5_d191918efe/train/6/Passengers_67__23_07_13_H3_PirataCiesSale_c4.png,outputs/spectrograms/demon/shipsear_clip30_ov0.5_d191918efe/train/6/Passengers_67__23_07_13_H3_PirataCiesSale_c4.png
Passengers_67__23_07_13_H3_PirataCiesSale,5,/datasets/audio/shipsear/train/Passengers_67__23_07_13_H3_PirataCiesSale.wav,75.0,105.0,6,train,Passengers,shipsear,outputs/spectrograms/stft/shipsear_clip30_ov0.5_d191918efe/train/6/Passengers_67__23_07_13_H3_PirataCiesSale_c5.png,outputs/spectrograms/mel/shipsear_clip30_ov0.5_d191918efe/train/6/Passengers_67__23_07_13_H3_PirataCiesSale_c5.png,outputs/spectrograms/demon/shipsear_clip30_ov0.5_d191918efe/train/6/Passengers_67__23_07_13_H3_PirataCiesSale_c5.png
Passengers_67__23_07_13_H3_PirataCiesSale,6,/datasets/audio/shipsear/train/Passengers_67__23_07_13_H3_PirataCiesSale.wav,90.0,120.0,6,train,Passengers,shipsear,outputs/spectrograms/stft/shipsear_clip30_ov0.5_d191918efe/train/6/Passengers_67__23_07_13_H3_PirataCiesSale_c6.png,outputs/spectrograms/mel/shipsear_clip30_ov0.5_d191918efe/train/6/Passengers_67__23_07_13_H3_PirataCiesSale_c6.png,outputs/spectrograms/demon/shipsear_clip30_ov0.5_d191918efe/train/6/Passengers_67__23_07_13_H3_PirataCiesSale_c6.png
Passengers_67__23_07_13_H3_PirataCiesSale,7,/datasets/audio/shipsear/train/Passengers_67__23_07_13_H3_PirataCiesSale.wav,105.0,135.0,6,train,Passengers,shipsear,outputs/spectrograms/stft/shipsear_clip30_ov0.5_d191918efe/train/6/Passengers_67__23_07_13_H3_PirataCiesSale_c7.png,outputs/spectrograms/mel/shipsear_clip30_ov0.5_d191918efe/train/6/Passengers_67__23_07_13_H3_PirataCiesSale_c7.png,outputs/spectrograms/demon/shipsear_clip30_ov0.5_d191918efe/train/6/Passengers_67__23_07_13_H3_PirataCiesSale_c7.png
Passengers_67__23_07_13_H3_PirataCiesSale,8,/datasets/audio/shipsear/train/Passengers_67__23_07_13_H3_PirataCiesSale.wav,120.0,150.0,6,train,Passengers,shipsear,outputs/spectrograms/stft/shipsear_clip30_ov0.5_d191918efe/train/6/Passengers_67__23_07_13_H3_PirataCiesSale_c8.png,outputs/spectrograms/mel/shipsear_clip30_ov0.5_d191918efe/train/6/Passengers_67__23_07_13_H3_PirataCiesSale_c8.png,outputs/spectrograms/demon/shipsear_clip30_ov0.5_d191918efe/train/6/Passengers_67__23_07_13_H3_PirataCiesSale_c8.png
Passengers_67__23_07_13_H3_PirataCiesSale,9,/datasets/audio/shipsear/train/Passengers_67__23_07_13_H3_PirataCiesSale.wav,135.0,165.0,6,train,Passengers,shipsear,outputs/spectrograms/stft/shipsear_clip30_ov0.5_d191918efe/train/6/Passengers_67__23_07_13_H3_PirataCiesSale_c9.png,outputs/spectrograms/mel/shipsear_clip30_ov0.5_d191918efe/train/6/Passengers_67__23_07_13_H3_PirataCiesSale_c9.png,outputs/spectrograms/demon/shipsear_clip30_ov0.5_d191918efe/train/6/Passengers_67__23_07_13_H3_PirataCiesSale_c9.png
Passengers_67__23_07_13_H3_PirataCiesSale,10,/datasets/audio/shipsear/train/Passengers_67__23_07_13_H3_PirataCiesSale.wav,150.0,180.0,6,train,Passengers,shipsear,outputs/spectrograms/stft/shipsear_clip30_ov0.5_d191918efe/train/6/Passengers_67__23_07_13_H3_PirataCiesSale_c10.png,outputs/spectrograms/mel/shipsear_clip30_ov0.5_d191918efe/train/6/Passengers_67__23_07_13_H3_PirataCiesSale_c10.png,outputs/spectrograms/demon/shipsear_clip30_ov0.5_d191918efe/train/6/Passengers_67__23_07_13_H3_PirataCiesSale_c10.png
Passengers_67__23_07_13_H3_PirataCiesSale,11,/datasets/audio/shipsear/train/Passengers_67__23_07_13_H3_PirataCiesSale.wav,165.0,195.0,6,train,Passengers,shipsear,outputs/spectrograms/stft/shipsear_clip30_ov0.5_d191918efe/train/6/Passengers_67__23_07_13_H3_PirataCiesSale_c11.png,outputs/spectrograms/mel/shipsear_clip30_ov0.5_d191918efe/train/6/Passengers_67__23_07_13_H3_PirataCiesSale_c11.png,outputs/spectrograms/demon/shipsear_clip30_ov0.5_d191918efe/train/6/Passengers_67__23_07_13_H3_PirataCiesSale_c11.png
Passengers_67__23_07_13_H3_PirataCiesSale,12,/datasets/audio/shipsear/train/Passengers_67__23_07_13_H3_PirataCiesSale.wav,180.0,210.0,6,train,Passengers,shipsear,outputs/spectrograms/stft/shipsear_clip30_ov0.5_d191918efe/train/6/Passengers_67__23_07_13_H3_PirataCiesSale_c12.png,outputs/spectrograms/mel/shipsear_clip30_ov0.5_d191918efe/train/6/Passengers_67__23_07_13_H3_PirataCiesSale_c12.png,outputs/spectrograms/demon/shipsear_clip30_ov0.5_d191918efe/train/6/Passengers_67__23_07_13_H3_PirataCiesSale_c12.png
Passengers_67__23_07_13_H3_PirataCiesSale,13,/datasets/audio/shipsear/train/Passengers_67__23_07_13_H3_PirataCiesSale.wav,195.0,225.0,6,train,Passengers,shipsear,outputs/spectrograms/stft/shipsear_clip30_ov0.5_d191918efe/train/6/Passengers_67__23_07_13_H3_PirataCiesSale_c13.png,outputs/spectrograms/mel/shipsear_clip30_ov0.5_d191918efe/train/6/Passengers_67__23_07_13_H3_PirataCiesSale_c13.png,outputs/spectrograms/demon/shipsear_clip30_ov0.5_d191918efe/train/6/Passengers_67__23_07_13_H3_PirataCiesSale_c13.png
Passengers_67__23_07_13_H3_PirataCiesSale,14,/datasets/audio/shipsear/train/Passengers_67__23_07_13_H3_PirataCiesSale.wav,210.0,240.0,6,train,Passengers,shipsear,outputs/spectrograms/stft/shipsear_clip30_ov0.5_d191918efe/train/6/Passengers_67__23_07_13_H3_PirataCiesSale_c14.png,outputs/spectrograms/mel/shipsear_clip30_ov0.5_d191918efe/train/6/Passengers_67__23_07_13_H3_PirataCiesSale_c14.png,outputs/spectrograms/demon/shipsear_clip30_ov0.5_d191918efe/train/6/Passengers_67__23_07_13_H3_PirataCiesSale_c14.png
Passengers_67__23_07_13_H3_PirataCiesSale,15,/datasets/audio/shipsear/train/Passengers_67__23_07_13_H3_PirataCiesSale.wav,225.0,255.0,6,train,Passengers,shipsear,outputs/spectrograms/stft/shipsear_clip30_ov0.5_d191918efe/train/6/Passengers_67__23_07_13_H3_PirataCiesSale_c15.png,outputs/spectrograms/mel/shipsear_clip30_ov0.5_d191918efe/train/6/Passengers_67__23_07_13_H3_PirataCiesSale_c15.png,outputs/spectrograms/demon/shipsear_clip30_ov0.5_d191918efe/train/6/Passengers_67__23_07_13_H3_PirataCiesSale_c15.png
Passengers_67__23_07_13_H3_PirataCiesSale,16,/datasets/audio/shipsear/train/Passengers_67__23_07_13_H3_PirataCiesSale.wav,226.0,256.0,6,train,Passengers,shipsear,outputs/spectrograms/stft/shipsear_clip30_ov0.5_d191918efe/train/6/Passengers_67__23_07_13_H3_PirataCiesSale_c16.png,outputs/spectrograms/mel/shipsear_clip30_ov0.5_d191918efe/train/6/Passengers_67__23_07_13_H3_PirataCiesSale_c16.png,outputs/spectrograms/demon/shipsear_clip30_ov0.5_d191918efe/train/6/Passengers_67__23_07_13_H3_PirataCiesSale_c16.png
Passengers_6__10_07_13_marDeCangas_Entra,0,/datasets/audio/shipsear/train/Passengers_6__10_07_13_marDeCangas_Entra.wav,0.0,30.0,6,train,Passengers,shipsear,outputs/spectrograms/stft/shipsear_clip30_ov0.5_d191918efe/train/6/Passengers_6__10_07_13_marDeCangas_Entra_c0.png,outputs/spectrograms/mel/shipsear_clip30_ov0.5_d191918efe/train/6/Passengers_6__10_07_13_marDeCangas_Entra_c0.png,outputs/spectrograms/demon/shipsear_clip30_ov0.5_d191918efe/train/6/Passengers_6__10_07_13_marDeCangas_Entra_c0.png
Passengers_6__10_07_13_marDeCangas_Entra,1,/datasets/audio/shipsear/train/Passengers_6__10_07_13_marDeCangas_Entra.wav,15.0,45.0,6,train,Passengers,shipsear,outputs/spectrograms/stft/shipsear_clip30_ov0.5_d191918efe/train/6/Passengers_6__10_07_13_marDeCangas_Entra_c1.png,outputs/spectrograms/mel/shipsear_clip30_ov0.5_d191918efe/train/6/Passengers_6__10_07_13_marDeCangas_Entra_c1.png,outputs/spectrograms/demon/shipsear_clip30_ov0.5_d191918efe/train/6/Passengers_6__10_07_13_marDeCangas_Entra_c1.png
Passengers_6__10_07_13_marDeCangas_Entra,2,/datasets/audio/shipsear/train/Passengers_6__10_07_13_marDeCangas_Entra.wav,30.0,60.0,6,train,Passengers,shipsear,outputs/spectrograms/stft/shipsear_clip30_ov0.5_d191918efe/train/6/Passengers_6__10_07_13_marDeCangas_Entra_c2.png,outputs/spectrograms/mel/shipsear_clip30_ov0.5_d191918efe/train/6/Passengers_6__10_07_13_marDeCangas_Entra_c2.png,outputs/spectrograms/demon/shipsear_clip30_ov0.5_d191918efe/train/6/Passengers_6__10_07_13_marDeCangas_Entra_c2.png
Passengers_6__10_07_13_marDeCangas_Entra,3,/datasets/audio/shipsear/train/Passengers_6__10_07_13_marDeCangas_Entra.wav,45.0,75.0,6,train,Passengers,shipsear,outputs/spectrograms/stft/shipsear_clip30_ov0.5_d191918efe/train/6/Passengers_6__10_07_13_marDeCangas_Entra_c3.png,outputs/spectrograms/mel/shipsear_clip30_ov0.5_d191918efe/train/6/Passengers_6__10_07_13_marDeCangas_Entra_c3.png,outputs/spectrograms/demon/shipsear_clip30_ov0.5_d191918efe/train/6/Passengers_6__10_07_13_marDeCangas_Entra_c3.png
Passengers_6__10_07_13_marDeCangas_Entra,4,/datasets/audio/shipsear/train/Passengers_6__10_07_13_marDeCangas_Entra.wav,60.0,90.0,6,train,Passengers,shipsear,outputs/spectrograms/stft/shipsear_clip30_ov0.5_d191918efe/train/6/Passengers_6__10_07_13_marDeCangas_Entra_c4.png,outputs/spectrograms/mel/shipsear_clip30_ov0.5_d191918efe/train/6/Passengers_6__10_07_13_marDeCangas_Entra_c4.png,outputs/spectrograms/demon/shipsear_clip30_ov0.5_d191918efe/train/6/Passengers_6__10_07_13_marDeCangas_Entra_c4.png
Passengers_6__10_07_13_marDeCangas_Entra,5,/datasets/audio/shipsear/train/Passengers_6__10_07_13_marDeCangas_Entra.wav,75.0,105.0,6,train,Passengers,shipsear,outputs/spectrograms/stft/shipsear_clip30_ov0.5_d191918efe/train/6/Passengers_6__10_07_13_marDeCangas_Entra_c5.png,outputs/spectrograms/mel/shipsear_clip30_ov0.5_d191918efe/train/6/Passengers_6__10_07_13_marDeCangas_Entra_c5.png,outputs/spectrograms/demon/shipsear_clip30_ov0.5_d191918efe/train/6/Passengers_6__10_07_13_marDeCangas_Entra_c5.png
Passengers_6__10_07_13_marDeCangas_Entra,6,/datasets/audio/shipsear/train/Passengers_6__10_07_13_marDeCangas_Entra.wav,90.0,120.0,6,train,Passengers,shipsear,outputs/spectrograms/stft/shipsear_clip30_ov0.5_d191918efe/train/6/Passengers_6__10_07_13_marDeCangas_Entra_c6.png,outputs/spectrograms/mel/shipsear_clip30_ov0.5_d191918efe/train/6/Passengers_6__10_07_13_marDeCangas_Entra_c6.png,outputs/spectrograms/demon/shipsear_clip30_ov0.5_d191918efe/train/6/Passengers_6__10_07_13_marDeCangas_Entra_c6.png
Passengers_6__10_07_13_marDeCangas_Entra,7,/datasets/audio/shipsear/train/Passengers_6__10_07_13_marDeCangas_Entra.wav,105.0,135.0,6,train,Passengers,shipsear,outputs/spectrograms/stft/shipsear_clip30_ov0.5_d191918efe/train/6/Passengers_6__10_07_13_marDeCangas_Entra_c7.png,outputs/spectrograms/mel/shipsear_clip30_ov0.5_d191918efe/train/6/Passengers_6__10_07_13_marDeCangas_Entra_c7.png,outputs/spectrograms/demon/shipsear_clip30_ov0.5_d191918efe/train/6/Passengers_6__10_07_13_marDeCangas_Entra_c7.png
Passengers_6__10_07_13_marDeCangas_Entra,8,/datasets/audio/shipsear/train/Passengers_6__10_07_13_marDeCangas_Entra.wav,120.0,150.0,6,train,Passengers,shipsear,outputs/spectrograms/stft/shipsear_clip30_ov0.5_d191918efe/train/6/Passengers_6__10_07_13_marDeCangas_Entra_c8.png,outputs/spectrograms/mel/shipsear_clip30_ov0.5_d191918efe/train/6/Passengers_6__10_07_13_marDeCangas_Entra_c8.png,outputs/spectrograms/demon/shipsear_clip30_ov0.5_d191918efe/train/6/Passengers_6__10_07_13_marDeCangas_Entra_c8.png
Passengers_6__10_07_13_marDeCangas_Entra,9,/datasets/audio/shipsear/train/Passengers_6__10_07_13_marDeCangas_Entra.wav,135.0,165.0,6,train,Passengers,shipsear,outputs/spectrograms/stft/shipsear_clip30_ov0.5_d191918efe/train/6/Passengers_6__10_07_13_marDeCangas_Entra_c9.png,outputs/spectrograms/mel/shipsear_clip30_ov0.5_d191918efe/train/6/Passengers_6__10_07_13_marDeCangas_Entra_c9.png,outputs/spectrograms/demon/shipsear_clip30_ov0.5_d191918efe/train/6/Passengers_6__10_07_13_marDeCangas_Entra_c9.png
Passengers_6__10_07_13_marDeCangas_Entra,10,/datasets/audio/shipsear/train/Passengers_6__10_07_13_marDeCangas_Entra.wav,150.0,180.0,6,train,Passengers,shipsear,outputs/spectrograms/stft/shipsear_clip30_ov0.5_d191918efe/train/6/Passengers_6__10_07_13_marDeCangas_Entra_c10.png,outputs/spectrograms/mel/shipsear_clip30_ov0.5_d191918efe/train/6/Passengers_6__10_07_13_marDeCangas_Entra_c10.png,outputs/spectrograms/demon/shipsear_clip30_ov0.5_d191918efe/train/6/Passengers_6__10_07_13_marDeCangas_Entra_c10.png
Passengers_6__10_07_13_marDeCangas_Entra,11,/datasets/audio/shipsear/train/Passengers_6__10_07_13_marDeCangas_Entra.wav,165.0,195.0,6,train,Passengers,shipsear,outputs/spectrograms/stft/shipsear_clip30_ov0.5_d191918efe/train/6/Passengers_6__10_07_13_marDeCangas_Entra_c11.png,outputs/spectrograms/mel/shipsear_clip30_ov0.5_d191918efe/train/6/Passengers_6__10_07_13_marDeCangas_Entra_c11.png,outputs/spectrograms/demon/shipsear_clip30_ov0.5_d191918efe/train/6/Passengers_6__10_07_13_marDeCangas_Entra_c11.png
Passengers_6__10_07_13_marDeCangas_Entra,12,/datasets/audio/shipsear/train/Passengers_6__10_07_13_marDeCangas_Entra.wav,180.0,210.0,6,train,Passengers,shipsear,outputs/spectrograms/stft/shipsear_clip30_ov0.5_d191918efe/train/6/Passengers_6__10_07_13_marDeCangas_Entra_c12.png,outputs/spectrograms/mel/shipsear_clip30_ov0.5_d191918efe/train/6/Passengers_6__10_07_13_marDeCangas_Entra_c12.png,outputs/spectrograms/demon/shipsear_clip30_ov0.5_d191918efe/train/6/Passengers_6__10_07_13_marDeCangas_Entra_c12.png
Passengers_6__10_07_13_marDeCangas_Entra,13,/datasets/audio/shipsear/train/Passengers_6__10_07_13_marDeCangas_Entra.wav,195.0,225.0,6,train,Passengers,shipsear,outputs/spectrograms/stft/shipsear_clip30_ov0.5_d191918efe/train/6/Passengers_6__10_07_13_marDeCangas_Entra_c13.png,outputs/spectrograms/mel/shipsear_clip30_ov0.5_d191918efe/train/6/Passengers_6__10_07_13_marDeCangas_Entra_c13.png,outputs/spectrograms/demon/shipsear_clip30_ov0.5_d191918efe/train/6/Passengers_6__10_07_13_marDeCangas_Entra_c13.png
Passengers_6__10_07_13_marDeCangas_Entra,14,/datasets/audio/shipsear/train/Passengers_6__10_07_13_marDeCangas_Entra.wav,210.0,240.0,6,train,Passengers,shipsear,outputs/spectrograms/stft/shipsear_clip30_ov0.5_d191918efe/train/6/Passengers_6__10_07_13_marDeCangas_Entra_c14.png,outputs/spectrograms/mel/shipsear_clip30_ov0.5_d191918efe/train/6/Passengers_6__10_07_13_marDeCangas_Entra_c14.png,outputs/spectrograms/demon/shipsear_clip30_ov0.5_d191918efe/train/6/Passengers_6__10_07_13_marDeCangas_Entra_c14.png
Passengers_6__10_07_13_marDeCangas_Entra,15,/datasets/audio/shipsear/train/Passengers_6__10_07_13_marDeCangas_Entra.wav,225.0,255.0,6,train,Passengers,shipsear,outputs/spectrograms/stft/shipsear_clip30_ov0.5_d191918efe/train/6/Passengers_6__10_07_13_marDeCangas_Entra_c15.png,outputs/spectrograms/mel/shipsear_clip30_ov0.5_d191918efe/train/6/Passengers_6__10_07_13_marDeCangas_Entra_c15.png,outputs/spectrograms/demon/shipsear_clip30_ov0.5_d191918efe/train/6/Passengers_6__10_07_13_marDeCangas_Entra_c15.png
Passengers_6__10_07_13_marDeCangas_Entra,16,/datasets/audio/shipsear/train/Passengers_6__10_07_13_marDeCangas_Entra.wav,240.0,270.0,6,train,Passengers,shipsear,outputs/spectrograms/stft/shipsear_clip30_ov0.5_d191918efe/train/6/Passengers_6__10_07_13_marDeCangas_Entra_c16.png,outputs/spectrograms/mel/shipsear_clip30_ov0.5_d191918efe/train/6/Passengers_6__10_07_13_marDeCangas_Entra_c16.png,outputs/spectrograms/demon/shipsear_clip30_ov0.5_d191918efe/train/6/Passengers_6__10_07_13_marDeCangas_Entra_c16.png
Passengers_6__10_07_13_marDeCangas_Entra,17,/datasets/audio/shipsear/train/Passengers_6__10_07_13_marDeCangas_Entra.wav,255.0,285.0,6,train,Passengers,shipsear,outputs/spectrograms/stft/shipsear_clip30_ov0.5_d191918efe/train/6/Passengers_6__10_07_13_marDeCangas_Entra_c17.png,outputs/spectrograms/mel/shipsear_clip30_ov0.5_d191918efe/train/6/Passengers_6__10_07_13_marDeCangas_Entra_c17.png,outputs/spectrograms/demon/shipsear_clip30_ov0.5_d191918efe/train/6/Passengers_6__10_07_13_marDeCangas_Entra_c17.png
Passengers_6__10_07_13_marDeCangas_Entra,18,/datasets/audio/shipsear/train/Passengers_6__10_07_13_marDeCangas_Entra.wav,270.0,300.0,6,train,Passengers,shipsear,outputs/spectrograms/stft/shipsear_clip30_ov0.5_d191918efe/train/6/Passengers_6__10_07_13_marDeCangas_Entra_c18.png,outputs/spectrograms/mel/shipsear_clip30_ov0.5_d191918efe/train/6/Passengers_6__10_07_13_marDeCangas_Entra_c18.png,outputs/spectrograms/demon/shipsear_clip30_ov0.5_d191918efe/train/6/Passengers_6__10_07_13_marDeCangas_Entra_c18.png
Passengers_6__10_07_13_marDeCangas_Entra,19,/datasets/audio/shipsear/train/Passengers_6__10_07_13_marDeCangas_Entra.wav,271.360356,301.360356,6,train,Passengers,shipsear,outputs/spectrograms/stft/shipsear_clip30_ov0.5_d191918efe/train/6/Passengers_6__10_07_13_marDeCangas_Entra_c19.png,outputs/spectrograms/mel/shipsear_clip30_ov0.5_d191918efe/train/6/Passengers_6__10_07_13_marDeCangas_Entra_c19.png,outputs/spectrograms/demon/shipsear_clip30_ov0.5_d191918efe/train/6/Passengers_6__10_07_13_marDeCangas_Entra_c19.png
Passengers_8__10_07_13_marDeOnza_Entra,0,/datasets/audio/shipsear/train/Passengers_8__10_07_13_marDeOnza_Entra.wav,0.0,30.0,6,train,Passengers,shipsear,outputs/spectrograms/stft/shipsear_clip30_ov0.5_d191918efe/train/6/Passengers_8__10_07_13_marDeOnza_Entra_c0.png,outputs/spectrograms/mel/shipsear_clip30_ov0.5_d191918efe/train/6/Passengers_8__10_07_13_marDeOnza_Entra_c0.png,outputs/spectrograms/demon/shipsear_clip30_ov0.5_d191918efe/train/6/Passengers_8__10_07_13_marDeOnza_Entra_c0.png
Passengers_8__10_07_13_marDeOnza_Entra,1,/datasets/audio/shipsear/train/Passengers_8__10_07_13_marDeOnza_Entra.wav,15.0,45.0,6,train,Passengers,shipsear,outputs/spectrograms/stft/shipsear_clip30_ov0.5_d191918efe/train/6/Passengers_8__10_07_13_marDeOnza_Entra_c1.png,outputs/spectrograms/mel/shipsear_clip30_ov0.5_d191918efe/train/6/Passengers_8__10_07_13_marDeOnza_Entra_c1.png,outputs/spectrograms/demon/shipsear_clip30_ov0.5_d191918efe/train/6/Passengers_8__10_07_13_marDeOnza_Entra_c1.png
Passengers_8__10_07_13_marDeOnza_Entra,2,/datasets/audio/shipsear/train/Passengers_8__10_07_13_marDeOnza_Entra.wav,30.0,60.0,6,train,Passengers,shipsear,outputs/spectrograms/stft/shipsear_clip30_ov0.5_d191918efe/train/6/Passengers_8__10_07_13_marDeOnza_Entra_c2.png,outputs/spectrograms/mel/shipsear_clip30_ov0.5_d191918efe/train/6/Passengers_8__10_07_13_marDeOnza_Entra_c2.png,outputs/spectrograms/demon/shipsear_clip30_ov0.5_d191918efe/train/6/Passengers_8__10_07_13_marDeOnza_Entra_c2.png
Passengers_8__10_07_13_marDeOnza_Entra,3,/datasets/audio/shipsear/train/Passengers_8__10_07_13_marDeOnza_Entra.wav,45.0,75.0,6,train,Passengers,shipsear,outputs/spectrograms/stft/shipsear_clip30_ov0.5_d191918efe/train/6/Passengers_8__10_07_13_marDeOnza_Entra_c3.png,outputs/spectrograms/mel/shipsear_clip30_ov0.5_d191918efe/train/6/Passengers_8__10_07_13_marDeOnza_Entra_c3.png,outputs/spectrograms/demon/shipsear_clip30_ov0.5_d191918efe/train/6/Passengers_8__10_07_13_marDeOnza_Entra_c3.png
Passengers_8__10_07_13_marDeOnza_Entra,4,/datasets/audio/shipsear/train/Passengers_8__10_07_13_marDeOnza_Entra.wav,60.0,90.0,6,train,Passengers,shipsear,outputs/spectrograms/stft/shipsear_clip30_ov0.5_d191918efe/train/6/Passengers_8__10_07_13_marDeOnza_Entra_c4.png,outputs/spectrograms/mel/shipsear_clip30_ov0.5_d191918efe/train/6/Passengers_8__10_07_13_marDeOnza_Entra_c4.png,outputs/spectrograms/demon/shipsear_clip30_ov0.5_d191918efe/train/6/Passengers_8__10_07_13_marDeOnza_Entra_c4.png
Passengers_8__10_07_13_marDeOnza_Entra,5,/datasets/audio/shipsear/train/Passengers_8__10_07_13_marDeOnza_Entra.wav,63.079076,93.079076,6,train,Passengers,shipsear,outputs/spectrograms/stft/shipsear_clip30_ov0.5_d191918efe/train/6/Passengers_8__10_07_13_marDeOnza_Entra_c5.png,outputs/spectrograms/mel/shipsear_clip30_ov0.5_d191918efe/train/6/Passengers_8__10_07_13_marDeOnza_Entra_c5.png,outputs/spectrograms/demon/shipsear_clip30_ov0.5_d191918efe/train/6/Passengers_8__10_07_13_marDeOnza_Entra_c5.png
Passengers_9__10_07_13_marDeOnza_Espera,0,/datasets/audio/shipsear/train/Passengers_9__10_07_13_marDeOnza_Espera.wav,0.0,30.0,6,train,Passengers,shipsear,outputs/spectrograms/stft/shipsear_clip30_ov0.5_d191918efe/train/6/Passengers_9__10_07_13_marDeOnza_Espera_c0.png,outputs/spectrograms/mel/shipsear_clip30_ov0.5_d191918efe/train/6/Passengers_9__10_07_13_marDeOnza_Espera_c0.png,outputs/spectrograms/demon/shipsear_clip30_ov0.5_d191918efe/train/6/Passengers_9__10_07_13_marDeOnza_Espera_c0.png
Passengers_9__10_07_13_marDeOnza_Espera,1,/datasets/audio/shipsear/train/Passengers_9__10_07_13_marDeOnza_Espera.wav,15.0,45.0,6,train,Passengers,shipsear,outputs/spectrograms/stft/shipsear_clip30_ov0.5_d191918efe/train/6/Passengers_9__10_07_13_marDeOnza_Espera_c1.png,outputs/spectrograms/mel/shipsear_clip30_ov0.5_d191918efe/train/6/Passengers_9__10_07_13_marDeOnza_Espera_c1.png,outputs/spectrograms/demon/shipsear_clip30_ov0.5_d191918efe/train/6/Passengers_9__10_07_13_marDeOnza_Espera_c1.png
Passengers_9__10_07_13_marDeOnza_Espera,2,/datasets/audio/shipsear/train/Passengers_9__10_07_13_marDeOnza_Espera.wav,30.0,60.0,6,train,Passengers,shipsear,outputs/spectrograms/stft/shipsear_clip30_ov0.5_d191918efe/train/6/Passengers_9__10_07_13_marDeOnza_Espera_c2.png,outputs/spectrograms/mel/shipsear_clip30_ov0.5_d191918efe/train/6/Passengers_9__10_07_13_marDeOnza_Espera_c2.png,outputs/spectrograms/demon/shipsear_clip30_ov0.5_d191918efe/train/6/Passengers_9__10_07_13_marDeOnza_Espera_c2.png
Pilotship_29__19_07_13_practico,0,/datasets/audio/shipsear/train/Pilotship_29__19_07_13_practico.wav,0.0,30.0,7,train,Pilot ship,shipsear,outputs/spectrograms/stft/shipsear_clip30_ov0.5_d191918efe/train/7/Pilotship_29__19_07_13_practico_c0.png,outputs/spectrograms/mel/shipsear_clip30_ov0.5_d191918efe/train/7/Pilotship_29__19_07_13_practico_c0.png,outputs/spectrograms/demon/shipsear_clip30_ov0.5_d191918efe/train/7/Pilotship_29__19_07_13_practico_c0.png
Pilotship_29__19_07_13_practico,1,/datasets/audio/shipsear/train/Pilotship_29__19_07_13_practico.wav,15.0,45.0,7,train,Pilot ship,shipsear,outputs/spectrograms/stft/shipsear_clip30_ov0.5_d191918efe/train/7/Pilotship_29__19_07_13_practico_c1.png,outputs/spectrograms/mel/shipsear_clip30_ov0.5_d191918efe/train/7/Pilotship_29__19_07_13_practico_c1.png,outputs/spectrograms/demon/shipsear_clip30_ov0.5_d191918efe/train/7/Pilotship_29__19_07_13_practico_c1.png
Pilotship_29__19_07_13_practico,2,/datasets/audio/shipsear/train/Pilotship_29__19_07_13_practico.wav,30.0,60.0,7,train,Pilot ship,shipsear,outputs/spectrograms/stft/shipsear_clip30_ov0.5_d191918efe/train/7/Pilotship_29__19_07_13_practico_c2.png,outputs/spectrograms/mel/shipsear_clip30_ov0.5_d191918efe/train/7/Pilotship_29__19_07_13_practico_c2.png,outputs/spectrograms/demon/shipsear_clip30_ov0.5_d191918efe/train/7/Pilotship_29__19_07_13_practico_c2.png
Pilotship_29__19_07_13_practico,3,/datasets/audio/shipsear/train/Pilotship_29__19_07_13_practico.wav,45.0,75.0,7,train,Pilot ship,shipsear,outputs/spectrograms/stft/shipsear_clip30_ov0.5_d191918efe/train/7/Pilotship_29__19_07_13_practico_c3.png,outputs/spectrograms/mel/shipsear_clip30_ov0.5_d191918efe/train/7/Pilotship_29__19_07_13_practico_c3.png,outputs/spectrograms/demon/shipsear_clip30_ov0.5_d191918efe/train/7/Pilotship_29__19_07_13_practico_c3.png
Pilotship_29__19_07_13_practico,4,/datasets/audio/shipsear/train/Pilotship_29__19_07_13_practico.wav,60.0,90.0,7,train,Pilot ship,shipsear,outputs/spectrograms/stft/shipsear_clip30_ov0.5_d191918efe/train/7/Pilotship_29__19_07_13_practico_c4.png,outputs/spectrograms/mel/shipsear_clip30_ov0.5_d191918efe/train/7/Pilotship_29__19_07_13_practico_c4.png,outputs/spectrograms/demon/shipsear_clip30_ov0.5_d191918efe/train/7/Pilotship_29__19_07_13_practico_c4.png
Pilotship_29__19_07_13_practico,5,/datasets/audio/shipsear/train/Pilotship_29__19_07_13_practico.wav,64.209675,94.209675,7,train,Pilot ship,shipsear,outputs/spectrograms/stft/shipsear_clip30_ov0.5_d191918efe/train/7/Pilotship_29__19_07_13_practico_c5.png,outputs/spectrograms/mel/shipsear_clip30_ov0.5_d191918efe/train/7/Pilotship_29__19_07_13_practico_c5.png,outputs/spectrograms/demon/shipsear_clip30_ov0.5_d191918efe/train/7/Pilotship_29__19_07_13_practico_c5.png
RORO_18__18_07_13_AutoPrideEntra,0,/datasets/audio/shipsear/train/RORO_18__18_07_13_AutoPrideEntra.wav,0.0,30.0,8,train,RORO,shipsear,outputs/spectrograms/stft/shipsear_clip30_ov0.5_d191918efe/train/8/RORO_18__18_07_13_AutoPrideEntra_c0.png,outputs/spectrograms/mel/shipsear_clip30_ov0.5_d191918efe/train/8/RORO_18__18_07_13_AutoPrideEntra_c0.png,outputs/spectrograms/demon/shipsear_clip30_ov0.5_d191918efe/train/8/RORO_18__18_07_13_AutoPrideEntra_c0.png
RORO_18__18_07_13_AutoPrideEntra,1,/datasets/audio/shipsear/train/RORO_18__18_07_13_AutoPrideEntra.wav,15.0,45.0,8,train,RORO,shipsear,outputs/spectrograms/stft/shipsear_clip30_ov0.5_d191918efe/train/8/RORO_18__18_07_13_AutoPrideEntra_c1.png,outputs/spectrograms/mel/shipsear_clip30_ov0.5_d191918efe/train/8/RORO_18__18_07_13_AutoPrideEntra_c1.png,outputs/spectrograms/demon/shipsear_clip30_ov0.5_d191918efe/train/8/RORO_18__18_07_13_AutoPrideEntra_c1.png
RORO_18__18_07_13_AutoPrideEntra,2,/datasets/audio/shipsear/train/RORO_18__18_07_13_AutoPrideEntra.wav,30.0,60.0,8,train,RORO,shipsear,outputs/spectrograms/stft/shipsear_clip30_ov0.5_d191918efe/train/8/RORO_18__18_07_13_AutoPrideEntra_c2.png,outputs/spectrograms/mel/shipsear_clip30_ov0.5_d191918efe/train/8/RORO_18__18_07_13_AutoPrideEntra_c2.png,outputs/spectrograms/demon/shipsear_clip30_ov0.5_d191918efe/train/8/RORO_18__18_07_13_AutoPrideEntra_c2.png
RORO_18__18_07_13_AutoPrideEntra,3,/datasets/audio/shipsear/train/RORO_18__18_07_13_AutoPrideEntra.wav,45.0,75.0,8,train,RORO,shipsear,outputs/spectrograms/stft/shipsear_clip30_ov0.5_d191918efe/train/8/RORO_18__18_07_13_AutoPrideEntra_c3.png,outputs/spectrograms/mel/shipsear_clip30_ov0.5_d191918efe/train/8/RORO_18__18_07_13_AutoPrideEntra_c3.png,outputs/spectrograms/demon/shipsear_clip30_ov0.5_d191918efe/train/8/RORO_18__18_07_13_AutoPrideEntra_c3.png
RORO_18__18_07_13_AutoPrideEntra,4,/datasets/audio/shipsear/train/RORO_18__18_07_13_AutoPrideEntra.wav,60.0,90.0,8,train,RORO,shipsear,outputs/spectrograms/stft/shipsear_clip30_ov0.5_d191918efe/train/8/RORO_18__18_07_13_AutoPrideEntra_c4.png,outputs/spectrograms/mel/shipsear_clip30_ov0.5_d191918efe/train/8/RORO_18__18_07_13_AutoPrideEntra_c4.png,outputs/spectrograms/demon/shipsear_clip30_ov0.5_d191918efe/train/8/RORO_18__18_07_13_AutoPrideEntra_c4.png
RORO_18__18_07_13_AutoPrideEntra,5,/datasets/audio/shipsear/train/RORO_18__18_07_13_AutoPrideEntra.wav,75.0,105.0,8,train,RORO,shipsear,outputs/spectrograms/stft/shipsear_clip30_ov0.5_d191918efe/train/8/RORO_18__18_07_13_AutoPrideEntra_c5.png,outputs/spectrograms/mel/shipsear_clip30_ov0.5_d191918efe/train/8/RORO_18__18_07_13_AutoPrideEntra_c5.png,outputs/spectrograms/demon/shipsear_clip30_ov0.5_d191918efe/train/8/RORO_18__18_07_13_AutoPrideEntra_c5.png
RORO_18__18_07_13_AutoPrideEntra,6,/datasets/audio/shipsear/train/RORO_18__18_07_13_AutoPrideEntra.wav,90.0,120.0,8,train,RORO,shipsear,outputs/spectrograms/stft/shipsear_clip30_ov0.5_d191918efe/train/8/RORO_18__18_07_13_AutoPrideEntra_c6.png,outputs/spectrograms/mel/shipsear_clip30_ov0.5_d191918efe/train/8/RORO_18__18_07_13_AutoPrideEntra_c6.png,outputs/spectrograms/demon/shipsear_clip30_ov0.5_d191918efe/train/8/RORO_18__18_07_13_AutoPrideEntra_c6.png
RORO_18__18_07_13_AutoPrideEntra,7,/datasets/audio/shipsear/train/RORO_18__18_07_13_AutoPrideEntra.wav,105.0,135.0,8,train,RORO,shipsear,outputs/spectrograms/stft/shipsear_clip30_ov0.5_d191918efe/train/8/RORO_18__18_07_13_AutoPrideEntra_c7.png,outputs/spectrograms/mel/shipsear_clip30_ov0.5_d191918efe/train/8/RORO_18__18_07_13_AutoPrideEntra_c7.png,outputs/spectrograms/demon/shipsear_clip30_ov0.5_d191918efe/train/8/RORO_18__18_07_13_AutoPrideEntra_c7.png
RORO_18__18_07_13_AutoPrideEntra,8,/datasets/audio/shipsear/train/RORO_18__18_07_13_AutoPrideEntra.wav,120.0,150.0,8,train,RORO,shipsear,outputs/spectrograms/stft/shipsear_clip30_ov0.5_d191918efe/train/8/RORO_18__18_07_13_AutoPrideEntra_c8.png,outputs/spectrograms/mel/shipsear_clip30_ov0.5_d191918efe/train/8/RORO_18__18_07_13_AutoPrideEntra_c8.png,outputs/spectrograms/demon/shipsear_clip30_ov0.5_d191918efe/train/8/RORO_18__18_07_13_AutoPrideEntra_c8.png
RORO_18__18_07_13_AutoPrideEntra,9,/datasets/audio/shipsear/train/RORO_18__18_07_13_AutoPrideEntra.wav,135.0,165.0,8,train,RORO,shipsear,outputs/spectrograms/stft/shipsear_clip30_ov0.5_d191918efe/train/8/RORO_18__18_07_13_AutoPrideEntra_c9.png,outputs/spectrograms/mel/shipsear_clip30_ov0.5_d191918efe/train/8/RORO_18__18_07_13_AutoPrideEntra_c9.png,outputs/spectrograms/demon/shipsear_clip30_ov0.5_d191918efe/train/8/RORO_18__18_07_13_AutoPrideEntra_c9.png
RORO_18__18_07_13_AutoPrideEntra,10,/datasets/audio/shipsear/train/RORO_18__18_07_13_AutoPrideEntra.wav,150.0,180.0,8,train,RORO,shipsear,outputs/spectrograms/stft/shipsear_clip30_ov0.5_d191918efe/train/8/RORO_18__18_07_13_AutoPrideEntra_c10.png,outputs/spectrograms/mel/shipsear_clip30_ov0.5_d191918efe/train/8/RORO_18__18_07_13_AutoPrideEntra_c10.png,outputs/spectrograms/demon/shipsear_clip30_ov0.5_d191918efe/train/8/RORO_18__18_07_13_AutoPrideEntra_c10.png
RORO_18__18_07_13_AutoPrideEntra,11,/datasets/audio/shipsear/train/RORO_18__18_07_13_AutoPrideEntra.wav,165.0,195.0,8,train,RORO,shipsear,outputs/spectrograms/stft/shipsear_clip30_ov0.5_d191918efe/train/8/RORO_18__18_07_13_AutoPrideEntra_c11.png,outputs/spectrograms/mel/shipsear_clip30_ov0.5_d191918efe/train/8/RORO_18__18_07_13_AutoPrideEntra_c11.png,outputs/spectrograms/demon/shipsear_clip30_ov0.5_d191918efe/train/8/RORO_18__18_07_13_AutoPrideEntra_c11.png
RORO_18__18_07_13_AutoPrideEntra,12,/datasets/audio/shipsear/train/RORO_18__18_07_13_AutoPrideEntra.wav,180.0,210.0,8,train,RORO,shipsear,outputs/spectrograms/stft/shipsear_clip30_ov0.5_d191918efe/train/8/RORO_18__18_07_13_AutoPrideEntra_c12.png,outputs/spectrograms/mel/shipsear_clip30_ov0.5_d191918efe/train/8/RORO_18__18_07_13_AutoPrideEntra_c12.png,outputs/spectrograms/demon/shipsear_clip30_ov0.5_d191918efe/train/8/RORO_18__18_07_13_AutoPrideEntra_c12.png
RORO_18__18_07_13_AutoPrideEntra,13,/datasets/audio/shipsear/train/RORO_18__18_07_13_AutoPrideEntra.wav,195.0,225.0,8,train,RORO,shipsear,outputs/spectrograms/stft/shipsear_clip30_ov0.5_d191918efe/train/8/RORO_18__18_07_13_AutoPrideEntra_c13.png,outputs/spectrograms/mel/shipsear_clip30_ov0.5_d191918efe/train/8/RORO_18__18_07_13_AutoPrideEntra_c13.png,outputs/spectrograms/demon/shipsear_clip30_ov0.5_d191918efe/train/8/RORO_18__18_07_13_AutoPrideEntra_c13.png
RORO_18__18_07_13_AutoPrideEntra,14,/datasets/audio/shipsear/train/RORO_18__18_07_13_AutoPrideEntra.wav,210.0,240.0,8,train,RORO,shipsear,outputs/spectrograms/stft/shipsear_clip30_ov0.5_d191918efe/train/8/RORO_18__18_07_13_AutoPrideEntra_c14.png,outputs/spectrograms/mel/shipsear_clip30_ov0.5_d191918efe/train/8/RORO_18__18_07_13_AutoPrideEntra_c14.png,outputs/spectrograms/demon/shipsear_clip30_ov0.5_d191918efe/train/8/RORO_18__18_07_13_AutoPrideEntra_c14.png
RORO_18__18_07_13_AutoPrideEntra,15,/datasets/audio/shipsear/train/RORO_18__18_07_13_AutoPrideEntra.wav,225.0,255.0,8,train,RORO,shipsear,outputs/spectrograms/stft/shipsear_clip30_ov0.5_d191918efe/train/8/RORO_18__18_07_13_AutoPrideEntra_c15.png,outputs/spectrograms/mel/shipsear_clip30_ov0.5_d191918efe/train/8/RORO_18__18_07_13_AutoPrideEntra_c15.png,outputs/spectrograms/demon/shipsear_clip30_ov0.5_d191918efe/train/8/RORO_18__18_07_13_AutoPrideEntra_c15.png
RORO_18__18_07_13_AutoPrideEntra,16,/datasets/audio/shipsear/train/RORO_18__18_07_13_AutoPrideEntra.wav,240.0,270.0,8,train,RORO,shipsear,outputs/spectrograms/stft/shipsear_clip30_ov0.5_d191918efe/train/8/RORO_18__18_07_13_AutoPrideEntra_c16.png,outputs/spectrograms/mel/shipsear_clip30_ov0.5_d191918efe/train/8/RORO_18__18_07_13_AutoPrideEntra_c16.png,outputs/spectrograms/demon/shipsear_clip30_ov0.5_d191918efe/train/8/RORO_18__18_07_13_AutoPrideEntra_c16.png
RORO_18__18_07_13_AutoPrideEntra,17,/datasets/audio/shipsear/train/RORO_18__18_07_13_AutoPrideEntra.wav,255.0,285.0,8,train,RORO,shipsear,outputs/spectrograms/stft/shipsear_clip30_ov0.5_d191918efe/train/8/RORO_18__18_07_13_AutoPrideEntra_c17.png,outputs/spectrograms/mel/shipsear_clip30_ov0.5_d191918efe/train/8/RORO_18__18_07_13_AutoPrideEntra_c17.png,outputs/spectrograms/demon/shipsear_clip30_ov0.5_d191918efe/train/8/RORO_18__18_07_13_AutoPrideEntra_c17.png
RORO_18__18_07_13_AutoPrideEntra,18,/datasets/audio/shipsear/train/RORO_18__18_07_13_AutoPrideEntra.wav,270.0,300.0,8,train,RORO,shipsear,outputs/spectrograms/stft/shipsear_clip30_ov0.5_d191918efe/train/8/RORO_18__18_07_13_AutoPrideEntra_c18.png,outputs/spectrograms/mel/shipsear_clip30_ov0.5_d191918efe/train/8/RORO_18__18_07_13_AutoPrideEntra_c18.png,outputs/spectrograms/demon/shipsear_clip30_ov0.5_d191918efe/train/8/RORO_18__18_07_13_AutoPrideEntra_c18.png
RORO_18__18_07_13_AutoPrideEntra,19,/datasets/audio/shipsear/train/RORO_18__18_07_13_AutoPrideEntra.wav,285.0,315.0,8,train,RORO,shipsear,outputs/spectrograms/stft/shipsear_clip30_ov0.5_d191918efe/train/8/RORO_18__18_07_13_AutoPrideEntra_c19.png,outputs/spectrograms/mel/shipsear_clip30_ov0.5_d191918efe/train/8/RORO_18__18_07_13_AutoPrideEntra_c19.png,outputs/spectrograms/demon/shipsear_clip30_ov0.5_d191918efe/train/8/RORO_18__18_07_13_AutoPrideEntra_c19.png
RORO_18__18_07_13_AutoPrideEntra,20,/datasets/audio/shipsear/train/RORO_18__18_07_13_AutoPrideEntra.wav,300.0,330.0,8,train,RORO,shipsear,outputs/spectrograms/stft/shipsear_clip30_ov0.5_d191918efe/train/8/RORO_18__18_07_13_AutoPrideEntra_c20.png,outputs/spectrograms/mel/shipsear_clip30_ov0.5_d191918efe/train/8/RORO_18__18_07_13_AutoPrideEntra_c20.png,outputs/spectrograms/demon/shipsear_clip30_ov0.5_d191918efe/train/8/RORO_18__18_07_13_AutoPrideEntra_c20.png
RORO_18__18_07_13_AutoPrideEntra,21,/datasets/audio/shipsear/train/RORO_18__18_07_13_AutoPrideEntra.wav,315.0,345.0,8,train,RORO,shipsear,outputs/spectrograms/stft/shipsear_clip30_ov0.5_d191918efe/train/8/RORO_18__18_07_13_AutoPrideEntra_c21.png,outputs/spectrograms/mel/shipsear_clip30_ov0.5_d191918efe/train/8/RORO_18__18_07_13_AutoPrideEntra_c21.png,outputs/spectrograms/demon/shipsear_clip30_ov0.5_d191918efe/train/8/RORO_18__18_07_13_AutoPrideEntra_c21.png
RORO_18__18_07_13_AutoPrideEntra,22,/datasets/audio/shipsear/train/RORO_18__18_07_13_AutoPrideEntra.wav,330.0,360.0,8,train,RORO,shipsear,outputs/spectrograms/stft/shipsear_clip30_ov0.5_d191918efe/train/8/RORO_18__18_07_13_AutoPrideEntra_c22.png,outputs/spectrograms/mel/shipsear_clip30_ov0.5_d191918efe/train/8/RORO_18__18_07_13_AutoPrideEntra_c22.png,outputs/spectrograms/demon/shipsear_clip30_ov0.5_d191918efe/train/8/RORO_18__18_07_13_AutoPrideEntra_c22.png
RORO_18__18_07_13_AutoPrideEntra,23,/datasets/audio/shipsear/train/RORO_18__18_07_13_AutoPrideEntra.wav,345.0,375.0,8,train,RORO,shipsear,outputs/spectrograms/stft/shipsear_clip30_ov0.5_d191918efe/train/8/RORO_18__18_07_13_AutoPrideEntra_c23.png,outputs/spectrograms/mel/shipsear_clip30_ov0.5_d191918efe/train/8/RORO_18__18_07_13_AutoPrideEntra_c23.png,outputs/spectrograms/demon/shipsear_clip30_ov0.5_d191918efe/train/8/RORO_18__18_07_13_AutoPrideEntra_c23.png
RORO_18__18_07_13_AutoPrideEntra,24,/datasets/audio/shipsear/train/RORO_18__18_07_13_AutoPrideEntra.wav,360.0,390.0,8,train,RORO,shipsear,outputs/spectrograms/stft/shipsear_clip30_ov0.5_d191918efe/train/8/RORO_18__18_07_13_AutoPrideEntra_c24.png,outputs/spectrograms/mel/shipsear_clip30_ov0.5_d191918efe/train/8/RORO_18__18_07_13_AutoPrideEntra_c24.png,outputs/spectrograms/demon/shipsear_clip30_ov0.5_d191918efe/train/8/RORO_18__18_07_13_AutoPrideEntra_c24.png
RORO_18__18_07_13_AutoPrideEntra,25,/datasets/audio/shipsear/train/RORO_18__18_07_13_AutoPrideEntra.wav,375.0,405.0,8,train,RORO,shipsear,outputs/spectrograms/stft/shipsear_clip30_ov0.5_d191918efe/train/8/RORO_18__18_07_13_AutoPrideEntra_c25.png,outputs/spectrograms/mel/shipsear_clip30_ov0.5_d191918efe/train/8/RORO_18__18_07_13_AutoPrideEntra_c25.png,outputs/spectrograms/demon/shipsear_clip30_ov0.5_d191918efe/train/8/RORO_18__18_07_13_AutoPrideEntra_c25.png
RORO_18__18_07_13_AutoPrideEntra,26,/datasets/audio/shipsear/train/RORO_18__18_07_13_AutoPrideEntra.wav,390.0,420.0,8,train,RORO,shipsear,outputs/spectrograms/stft/shipsear_clip30_ov0.5_d191918efe/train/8/RORO_18__18_07_13_AutoPrideEntra_c26.png,outputs/spectrograms/mel/shipsear_clip30_ov0.5_d191918efe/train/8/RORO_18__18_07_13_AutoPrideEntra_c26.png,outputs/spectrograms/demon/shipsear_clip30_ov0.5_d191918efe/train/8/RORO_18__18_07_13_AutoPrideEntra_c26.png
RORO_18__18_07_13_AutoPrideEntra,27,/datasets/audio/shipsear/train/RORO_18__18_07_13_AutoPrideEntra.wav,405.0,435.0,8,train,RORO,shipsear,outputs/spectrograms/stft/shipsear_clip30_ov0.5_d191918efe/train/8/RORO_18__18_07_13_AutoPrideEntra_c27.png,outputs/spectrograms/mel/shipsear_clip30_ov0.5_d191918efe/train/8/RORO_18__18_07_13_AutoPrideEntra_c27.png,outputs/spectrograms/demon/shipsear_clip30_ov0.5_d191918efe/train/8/RORO_18__18_07_13_AutoPrideEntra_c27.png
RORO_18__18_07_13_AutoPrideEntra,28,/datasets/audio/shipsear/train/RORO_18__18_07_13_AutoPrideEntra.wav,420.0,450.0,8,train,RORO,shipsear,outputs/spectrograms/stft/shipsear_clip30_ov0.5_d191918efe/train/8/RORO_18__18_07_13_AutoPrideEntra_c28.png,outputs/spectrograms/mel/shipsear_clip30_ov0.5_d191918efe/train/8/RORO_18__18_07_13_AutoPrideEntra_c28.png,outputs/spectrograms/demon/shipsear_clip30_ov0.5_d191918efe/train/8/RORO_18__18_07_13_AutoPrideEntra_c28.png
RORO_18__18_07_13_AutoPrideEntra,29,/datasets/audio/shipsear/train/RORO_18__18_07_13_AutoPrideEntra.wav,435.0,465.0,8,train,RORO,shipsear,outputs/spectrograms/stft/shipsear_clip30_ov0.5_d191918efe/train/8/RORO_18__18_07_13_AutoPrideEntra_c29.png,outputs/spectrograms/mel/shipsear_clip30_ov0.5_d191918efe/train/8/RORO_18__18_07_13_AutoPrideEntra_c29.png,outputs/spectrograms/demon/shipsear_clip30_ov0.5_d191918efe/train/8/RORO_18__18_07_13_AutoPrideEntra_c29.png
RORO_18__18_07_13_AutoPrideEntra,30,/datasets/audio/shipsear/train/RORO_18__18_07_13_AutoPrideEntra.wav,450.0,480.0,8,train,RORO,shipsear,outputs/spectrograms/stft/shipsear_clip30_ov0.5_d191918efe/train/8/RORO_18__18_07_13_AutoPrideEntra_c30.png,outputs/spectrograms/mel/shipsear_clip30_ov0.5_d191918efe/train/8/RORO_18__18_07_13_AutoPrideEntra_c30.png,outputs/spectrograms/demon/shipsear_clip30_ov0.5_d191918efe/train/8/RORO_18__18_07_13_AutoPrideEntra_c30.png
RORO_18__18_07_13_AutoPrideEntra,31,/datasets/audio/shipsear/train/RORO_18__18_07_13_AutoPrideEntra.wav,465.0,495.0,8,train,RORO,shipsear,outputs/spectrograms/stft/shipsear_clip30_ov0.5_d191918efe/train/8/RORO_18__18_07_13_AutoPrideEntra_c31.png,outputs/spectrograms/mel/shipsear_clip30_ov0.5_d191918efe/train/8/RORO_18__18_07_13_AutoPrideEntra_c31.png,outputs/spectrograms/demon/shipsear_clip30_ov0.5_d191918efe/train/8/RORO_18__18_07_13_AutoPrideEntra_c31.png
RORO_18__18_07_13_AutoPrideEntra,32,/datasets/audio/shipsear/train/RORO_18__18_07_13_AutoPrideEntra.wav,480.0,510.0,8,train,RORO,shipsear,outputs/spectrograms/stft/shipsear_clip30_ov0.5_d191918efe/train/8/RORO_18__18_07_13_AutoPrideEntra_c32.png,outputs/spectrograms/mel/shipsear_clip30_ov0.5_d191918efe/train/8/RORO_18__18_07_13_AutoPrideEntra_c32.png,outputs/spectrograms/demon/shipsear_clip30_ov0.5_d191918efe/train/8/RORO_18__18_07_13_AutoPrideEntra_c32.png
RORO_18__18_07_13_AutoPrideEntra,33,/datasets/audio/shipsear/train/RORO_18__18_07_13_AutoPrideEntra.wav,495.0,525.0,8,train,RORO,shipsear,outputs/spectrograms/stft/shipsear_clip30_ov0.5_d191918efe/train/8/RORO_18__18_07_13_AutoPrideEntra_c33.png,outputs/spectrograms/mel/shipsear_clip30_ov0.5_d191918efe/train/8/RORO_18__18_07_13_AutoPrideEntra_c33.png,outputs/spectrograms/demon/shipsear_clip30_ov0.5_d191918efe/train/8/RORO_18__18_07_13_AutoPrideEntra_c33.png
RORO_18__18_07_13_AutoPrideEntra,34,/datasets/audio/shipsear/train/RORO_18__18_07_13_AutoPrideEntra.wav,510.0,540.0,8,train,RORO,shipsear,outputs/spectrograms/stft/shipsear_clip30_ov0.5_d191918efe/train/8/RORO_18__18_07_13_AutoPrideEntra_c34.png,outputs/spectrograms/mel/shipsear_clip30_ov0.5_d191918efe/train/8/RORO_18__18_07_13_AutoPrideEntra_c34.png,outputs/spectrograms/demon/shipsear_clip30_ov0.5_d191918efe/train/8/RORO_18__18_07_13_AutoPrideEntra_c34.png
RORO_18__18_07_13_AutoPrideEntra,35,/datasets/audio/shipsear/train/RORO_18__18_07_13_AutoPrideEntra.wav,525.0,555.0,8,train,RORO,shipsear,outputs/spectrograms/stft/shipsear_clip30_ov0.5_d191918efe/train/8/RORO_18__18_07_13_AutoPrideEntra_c35.png,outputs/spectrograms/mel/shipsear_clip30_ov0.5_d191918efe/train/8/RORO_18__18_07_13_AutoPrideEntra_c35.png,outputs/spectrograms/demon/shipsear_clip30_ov0.5_d191918efe/train/8/RORO_18__18_07_13_AutoPrideEntra_c35.png
RORO_18__18_07_13_AutoPrideEntra,36,/datasets/audio/shipsear/train/RORO_18__18_07_13_AutoPrideEntra.wav,540.0,570.0,8,train,RORO,shipsear,outputs/spectrograms/stft/shipsear_clip30_ov0.5_d191918efe/train/8/RORO_18__18_07_13_AutoPrideEntra_c36.png,outputs/spectrograms/mel/shipsear_clip30_ov0.5_d191918efe/train/8/RORO_18__18_07_13_AutoPrideEntra_c36.png,outputs/spectrograms/demon/shipsear_clip30_ov0.5_d191918efe/train/8/RORO_18__18_07_13_AutoPrideEntra_c36.png
RORO_18__18_07_13_AutoPrideEntra,37,/datasets/audio/shipsear/train/RORO_18__18_07_13_AutoPrideEntra.wav,555.0,585.0,8,train,RORO,shipsear,outputs/spectrograms/stft/shipsear_clip30_ov0.5_d191918efe/train/8/RORO_18__18_07_13_AutoPrideEntra_c37.png,outputs/spectrograms/mel/shipsear_clip30_ov0.5_d191918efe/train/8/RORO_18__18_07_13_AutoPrideEntra_c37.png,outputs/spectrograms/demon/shipsear_clip30_ov0.5_d191918efe/train/8/RORO_18__18_07_13_AutoPrideEntra_c37.png
RORO_18__18_07_13_AutoPrideEntra,38,/datasets/audio/shipsear/train/RORO_18__18_07_13_AutoPrideEntra.wav,570.0,600.0,8,train,RORO,shipsear,outputs/spectrograms/stft/shipsear_clip30_ov0.5_d191918efe/train/8/RORO_18__18_07_13_AutoPrideEntra_c38.png,outputs/spectrograms/mel/shipsear_clip30_ov0.5_d191918efe/train/8/RORO_18__18_07_13_AutoPrideEntra_c38.png,outputs/spectrograms/demon/shipsear_clip30_ov0.5_d191918efe/train/8/RORO_18__18_07_13_AutoPrideEntra_c38.png
RORO_18__18_07_13_AutoPrideEntra,39,/datasets/audio/shipsear/train/RORO_18__18_07_13_AutoPrideEntra.wav,585.0,615.0,8,train,RORO,shipsear,outputs/spectrograms/stft/shipsear_clip30_ov0.5_d191918efe/train/8/RORO_18__18_07_13_AutoPrideEntra_c39.png,outputs/spectrograms/mel/shipsear_clip30_ov0.5_d191918efe/train/8/RORO_18__18_07_13_AutoPrideEntra_c39.png,outputs/spectrograms/demon/shipsear_clip30_ov0.5_d191918efe/train/8/RORO_18__18_07_13_AutoPrideEntra_c39.png
RORO_18__18_07_13_AutoPrideEntra,40,/datasets/audio/shipsear/train/RORO_18__18_07_13_AutoPrideEntra.wav,600.0,630.0,8,train,RORO,shipsear,outputs/spectrograms/stft/shipsear_clip30_ov0.5_d191918efe/train/8/RORO_18__18_07_13_AutoPrideEntra_c40.png,outputs/spectrograms/mel/shipsear_clip30_ov0.5_d191918efe/train/8/RORO_18__18_07_13_AutoPrideEntra_c40.png,outputs/spectrograms/demon/shipsear_clip30_ov0.5_d191918efe/train/8/RORO_18__18_07_13_AutoPrideEntra_c40.png
RORO_18__18_07_13_AutoPrideEntra,41,/datasets/audio/shipsear/train/RORO_18__18_07_13_AutoPrideEntra.wav,615.0,645.0,8,train,RORO,shipsear,outputs/spectrograms/stft/shipsear_clip30_ov0.5_d191918efe/train/8/RORO_18__18_07_13_AutoPrideEntra_c41.png,outputs/spectrograms/mel/shipsear_clip30_ov0.5_d191918efe/train/8/RORO_18__18_07_13_AutoPrideEntra_c41.png,outputs/spectrograms/demon/shipsear_clip30_ov0.5_d191918efe/train/8/RORO_18__18_07_13_AutoPrideEntra_c41.png
RORO_18__18_07_13_AutoPrideEntra,42,/datasets/audio/shipsear/train/RORO_18__18_07_13_AutoPrideEntra.wav,630.0,660.0,8,train,RORO,shipsear,outputs/spectrograms/stft/shipsear_clip30_ov0.5_d191918efe/train/8/RORO_18__18_07_13_AutoPrideEntra_c42.png,outputs/spectrograms/mel/shipsear_clip30_ov0.5_d191918efe/train/8/RORO_18__18_07_13_AutoPrideEntra_c42.png,outputs/spectrograms/demon/shipsear_clip30_ov0.5_d191918efe/train/8/RORO_18__18_07_13_AutoPrideEntra_c42.png
RORO_18__18_07_13_AutoPrideEntra,43,/datasets/audio/shipsear/train/RORO_18__18_07_13_AutoPrideEntra.wav,645.0,675.0,8,train,RORO,shipsear,outputs/spectrograms/stft/shipsear_clip30_ov0.5_d191918efe/train/8/RORO_18__18_07_13_AutoPrideEntra_c43.png,outputs/spectrograms/mel/shipsear_clip30_ov0.5_d191918efe/train/8/RORO_18__18_07_13_AutoPrideEntra_c43.png,outputs/spectrograms/demon/shipsear_clip30_ov0.5_d191918efe/train/8/RORO_18__18_07_13_AutoPrideEntra_c43.png
RORO_18__18_07_13_AutoPrideEntra,44,/datasets/audio/shipsear/train/RORO_18__18_07_13_AutoPrideEntra.wav,652.579835,682.579835,8,train,RORO,shipsear,outputs/spectrograms/stft/shipsear_clip30_ov0.5_d191918efe/train/8/RORO_18__18_07_13_AutoPrideEntra_c44.png,outputs/spectrograms/mel/shipsear_clip30_ov0.5_d191918efe/train/8/RORO_18__18_07_13_AutoPrideEntra_c44.png,outputs/spectrograms/demon/shipsear_clip30_ov0.5_d191918efe/train/8/RORO_18__18_07_13_AutoPrideEntra_c44.png
RORO_19__18_07_13_AutoprideMarchaAtras,0,/datasets/audio/shipsear/train/RORO_19__18_07_13_AutoprideMarchaAtras.wav,0.0,30.0,8,train,RORO,shipsear,outputs/spectrograms/stft/shipsear_clip30_ov0.5_d191918efe/train/8/RORO_19__18_07_13_AutoprideMarchaAtras_c0.png,outputs/spectrograms/mel/shipsear_clip30_ov0.5_d191918efe/train/8/RORO_19__18_07_13_AutoprideMarchaAtras_c0.png,outputs/spectrograms/demon/shipsear_clip30_ov0.5_d191918efe/train/8/RORO_19__18_07_13_AutoprideMarchaAtras_c0.png
RORO_19__18_07_13_AutoprideMarchaAtras,1,/datasets/audio/shipsear/train/RORO_19__18_07_13_AutoprideMarchaAtras.wav,15.0,45.0,8,train,RORO,shipsear,outputs/spectrograms/stft/shipsear_clip30_ov0.5_d191918efe/train/8/RORO_19__18_07_13_AutoprideMarchaAtras_c1.png,outputs/spectrograms/mel/shipsear_clip30_ov0.5_d191918efe/train/8/RORO_19__18_07_13_AutoprideMarchaAtras_c1.png,outputs/spectrograms/demon/shipsear_clip30_ov0.5_d191918efe/train/8/RORO_19__18_07_13_AutoprideMarchaAtras_c1.png
RORO_19__18_07_13_AutoprideMarchaAtras,2,/datasets/audio/shipsear/train/RORO_19__18_07_13_AutoprideMarchaAtras.wav,30.0,60.0,8,train,RORO,shipsear,outputs/spectrograms/stft/shipsear_clip30_ov0.5_d191918efe/train/8/RORO_19__18_07_13_AutoprideMarchaAtras_c2.png,outputs/spectrograms/mel/shipsear_clip30_ov0.5_d191918efe/train/8/RORO_19__18_07_13_AutoprideMarchaAtras_c2.png,outputs/spectrograms/demon/shipsear_clip30_ov0.5_d191918efe/train/8/RORO_19__18_07_13_AutoprideMarchaAtras_c2.png
RORO_19__18_07_13_AutoprideMarchaAtras,3,/datasets/audio/shipsear/train/RORO_19__18_07_13_AutoprideMarchaAtras.wav,45.0,75.0,8,train,RORO,shipsear,outputs/spectrograms/stft/shipsear_clip30_ov0.5_d191918efe/train/8/RORO_19__18_07_13_AutoprideMarchaAtras_c3.png,outputs/spectrograms/mel/shipsear_clip30_ov0.5_d191918efe/train/8/RORO_19__18_07_13_AutoprideMarchaAtras_c3.png,outputs/spectrograms/demon/shipsear_clip30_ov0.5_d191918efe/train/8/RORO_19__18_07_13_AutoprideMarchaAtras_c3.png
RORO_19__18_07_13_AutoprideMarchaAtras,4,/datasets/audio/shipsear/train/RORO_19__18_07_13_AutoprideMarchaAtras.wav,60.0,90.0,8,train,RORO,shipsear,outputs/spectrograms/stft/shipsear_clip30_ov0.5_d191918efe/train/8/RORO_19__18_07_13_AutoprideMarchaAtras_c4.png,outputs/spectrograms/mel/shipsear_clip30_ov0.5_d191918efe/train/8/RORO_19__18_07_13_AutoprideMarchaAtras_c4.png,outputs/spectrograms/demon/shipsear_clip30_ov0.5_d191918efe/train/8/RORO_19__18_07_13_AutoprideMarchaAtras_c4.png
RORO_19__18_07_13_AutoprideMarchaAtras,5,/datasets/audio/shipsear/train/RORO_19__18_07_13_AutoprideMarchaAtras.wav,75.0,105.0,8,train,RORO,shipsear,outputs/spectrograms/stft/shipsear_clip30_ov0.5_d191918efe/train/8/RORO_19__18_07_13_AutoprideMarchaAtras_c5.png,outputs/spectrograms/mel/shipsear_clip30_ov0.5_d191918efe/train/8/RORO_19__18_07_13_AutoprideMarchaAtras_c5.png,outputs/spectrograms/demon/shipsear_clip30_ov0.5_d191918efe/train/8/RORO_19__18_07_13_AutoprideMarchaAtras_c5.png
RORO_19__18_07_13_AutoprideMarchaAtras,6,/datasets/audio/shipsear/train/RORO_19__18_07_13_AutoprideMarchaAtras.wav,90.0,120.0,8,train,RORO,shipsear,outputs/spectrograms/stft/shipsear_clip30_ov0.5_d191918efe/train/8/RORO_19__18_07_13_AutoprideMarchaAtras_c6.png,outputs/spectrograms/mel/shipsear_clip30_ov0.5_d191918efe/train/8/RORO_19__18_07_13_AutoprideMarchaAtras_c6.png,outputs/spectrograms/demon/shipsear_clip30_ov0.5_d191918efe/train/8/RORO_19__18_07_13_AutoprideMarchaAtras_c6.png
RORO_19__18_07_13_AutoprideMarchaAtras,7,/datasets/audio/shipsear/train/RORO_19__18_07_13_AutoprideMarchaAtras.wav,105.0,135.0,8,train,RORO,shipsear,outputs/spectrograms/stft/shipsear_clip30_ov0.5_d191918efe/train/8/RORO_19__18_07_13_AutoprideMarchaAtras_c7.png,outputs/spectrograms/mel/shipsear_clip30_ov0.5_d191918efe/train/8/RORO_19__18_07_13_AutoprideMarchaAtras_c7.png,outputs/spectrograms/demon/shipsear_clip30_ov0.5_d191918efe/train/8/RORO_19__18_07_13_AutoprideMarchaAtras_c7.png
RORO_19__18_07_13_AutoprideMarchaAtras,8,/datasets/audio/shipsear/train/RORO_19__18_07_13_AutoprideMarchaAtras.wav,120.0,150.0,8,train,RORO,shipsear,outputs/spectrograms/stft/shipsear_clip30_ov0.5_d191918efe/train/8/RORO_19__18_07_13_AutoprideMarchaAtras_c8.png,outputs/spectrograms/mel/shipsear_clip30_ov0.5_d191918efe/train/8/RORO_19__18_07_13_AutoprideMarchaAtras_c8.png,outputs/spectrograms/demon/shipsear_clip30_ov0.5_d191918efe/train/8/RORO_19__18_07_13_AutoprideMarchaAtras_c8.png
RORO_19__18_07_13_AutoprideMarchaAtras,9,/datasets/audio/shipsear/train/RORO_19__18_07_13_AutoprideMarchaAtras.wav,135.0,165.0,8,train,RORO,shipsear,outputs/spectrograms/stft/shipsear_clip30_ov0.5_d191918efe/train/8/RORO_19__18_07_13_AutoprideMarchaAtras_c9.png,outputs/spectrograms/mel/shipsear_clip30_ov0.5_d191918efe/train/8/RORO_19__18_07_13_AutoprideMarchaAtras_c9.png,outputs/spectrograms/demon/shipsear_clip30_ov0.5_d191918efe/train/8/RORO_19__18_07_13_AutoprideMarchaAtras_c9.png
RORO_19__18_07_13_AutoprideMarchaAtras,10,/datasets/audio/shipsear/train/RORO_19__18_07_13_AutoprideMarchaAtras.wav,150.0,180.0,8,train,RORO,shipsear,outputs/spectrograms/stft/shipsear_clip30_ov0.5_d191918efe/train/8/RORO_19__18_07_13_AutoprideMarchaAtras_c10.png,outputs/spectrograms/mel/shipsear_clip30_ov0.5_d191918efe/train/8/RORO_19__18_07_13_AutoprideMarchaAtras_c10.png,outputs/spectrograms/demon/shipsear_clip30_ov0.5_d191918efe/train/8/RORO_19__18_07_13_AutoprideMarchaAtras_c10.png
RORO_19__18_07_13_AutoprideMarchaAtras,11,/datasets/audio/shipsear/train/RORO_19__18_07_13_AutoprideMarchaAtras.wav,165.0,195.0,8,train,RORO,shipsear,outputs/spectrograms/stft/shipsear_clip30_ov0.5_d191918efe/train/8/RORO_19__18_07_13_AutoprideMarchaAtras_c11.png,outputs/spectrograms/mel/shipsear_clip30_ov0.5_d191918efe/train/8/RORO_19__18_07_13_AutoprideMarchaAtras_c11.png,outputs/spectrograms/demon/shipsear_clip30_ov0.5_d191918efe/train/8/RORO_19__18_07_13_AutoprideMarchaAtras_c11.png
RORO_19__18_07_13_AutoprideMarchaAtras,12,/datasets/audio/shipsear/train/RORO_19__18_07_13_AutoprideMarchaAtras.wav,180.0,210.0,8,train,RORO,shipsear,outputs/spectrograms/stft/shipsear_clip30_ov0.5_d191918efe/train/8/RORO_19__18_07_13_AutoprideMarchaAtras_c12.png,outputs/spectrograms/mel/shipsear_clip30_ov0.5_d191918efe/train/8/RORO_19__18_07_13_AutoprideMarchaAtras_c12.png,outputs/spectrograms/demon/shipsear_clip30_ov0.5_d191918efe/train/8/RORO_19__18_07_13_AutoprideMarchaAtras_c12.png
RORO_19__18_07_13_AutoprideMarchaAtras,13,/datasets/audio/shipsear/train/RORO_19__18_07_13_AutoprideMarchaAtras.wav,195.0,225.0,8,train,RORO,shipsear,outputs/spectrograms/stft/shipsear_clip30_ov0.5_d191918efe/train/8/RORO_19__18_07_13_AutoprideMarchaAtras_c13.png,outputs/spectrograms/mel/shipsear_clip30_ov0.5_d191918efe/train/8/RORO_19__18_07_13_AutoprideMarchaAtras_c13.png,outputs/spectrograms/demon/shipsear_clip30_ov0.5_d191918efe/train/8/RORO_19__18_07_13_AutoprideMarchaAtras_c13.png
RORO_19__18_07_13_AutoprideMarchaAtras,14,/datasets/audio/shipsear/train/RORO_19__18_07_13_AutoprideMarchaAtras.wav,210.0,240.0,8,train,RORO,shipsear,outputs/spectrograms/stft/shipsear_clip30_ov0.5_d191918efe/train/8/RORO_19__18_07_13_AutoprideMarchaAtras_c14.png,outputs/spectrograms/mel/shipsear_clip30_ov0.5_d191918efe/train/8/RORO_19__18_07_13_AutoprideMarchaAtras_c14.png,outputs/spectrograms/demon/shipsear_clip30_ov0.5_d191918efe/train/8/RORO_19__18_07_13_AutoprideMarchaAtras_c14.png
RORO_19__18_07_13_AutoprideMarchaAtras,15,/datasets/audio/shipsear/train/RORO_19__18_07_13_AutoprideMarchaAtras.wav,225.0,255.0,8,train,RORO,shipsear,outputs/spectrograms/stft/shipsear_clip30_ov0.5_d191918efe/train/8/RORO_19__18_07_13_AutoprideMarchaAtras_c15.png,outputs/spectrograms/mel/shipsear_clip30_ov0.5_d191918efe/train/8/RORO_19__18_07_13_AutoprideMarchaAtras_c15.png,outputs/spectrograms/demon/shipsear_clip30_ov0.5_d191918efe/train/8/RORO_19__18_07_13_AutoprideMarchaAtras_c15.png
RORO_19__18_07_13_AutoprideMarchaAtras,16,/datasets/audio/shipsear/train/RORO_19__18_07_13_AutoprideMarchaAtras.wav,240.0,270.0,8,train,RORO,shipsear,outputs/spectrograms/stft/shipsear_clip30_ov0.5_d191918efe/train/8/RORO_19__18_07_13_AutoprideMarchaAtras_c16.png,outputs/spectrograms/mel/shipsear_clip30_ov0.5_d191918efe/train/8/RORO_19__18_07_13_AutoprideMarchaAtras_c16.png,outputs/spectrograms/demon/shipsear_clip30_ov0.5_d191918efe/train/8/RORO_19__18_07_13_AutoprideMarchaAtras_c16.png
RORO_19__18_07_13_AutoprideMarchaAtras,17,/datasets/audio/shipsear/train/RORO_19__18_07_13_AutoprideMarchaAtras.wav,255.0,285.0,8,train,RORO,shipsear,outputs/spectrograms/stft/shipsear_clip30_ov0.5_d191918efe/train/8/RORO_19__18_07_13_AutoprideMarchaAtras_c17.png,outputs/spectrograms/mel/shipsear_clip30_ov0.5_d191918efe/train/8/RORO_19__18_07_13_AutoprideMarchaAtras_c17.png,outputs/spectrograms/demon/shipsear_clip30_ov0.5_d191918efe/train/8/RORO_19__18_07_13_AutoprideMarchaAtras_c17.png
RORO_19__18_07_13_AutoprideMarchaAtras,18,/datasets/audio/shipsear/train/RORO_19__18_07_13_AutoprideMarchaAtras.wav,270.0,300.0,8,train,RORO,shipsear,outputs/spectrograms/stft/shipsear_clip30_ov0.5_d191918efe/train/8/RORO_19__18_07_13_AutoprideMarchaAtras_c18.png,outputs/spectrograms/mel/shipsear_clip30_ov0.5_d191918efe/train/8/RORO_19__18_07_13_AutoprideMarchaAtras_c18.png,outputs/spectrograms/demon/shipsear_clip30_ov0.5_d191918efe/train/8/RORO_19__18_07_13_AutoprideMarchaAtras_c18.png
RORO_19__18_07_13_AutoprideMarchaAtras,19,/datasets/audio/shipsear/train/RORO_19__18_07_13_AutoprideMarchaAtras.wav,285.0,315.0,8,train,RORO,shipsear,outputs/spectrograms/stft/shipsear_clip30_ov0.5_d191918efe/train/8/RORO_19__18_07_13_AutoprideMarchaAtras_c19.png,outputs/spectrograms/mel/shipsear_clip30_ov0.5_d191918efe/train/8/RORO_19__18_07_13_AutoprideMarchaAtras_c19.png,outputs/spectrograms/demon/shipsear_clip30_ov0.5_d191918efe/train/8/RORO_19__18_07_13_AutoprideMarchaAtras_c19.png
RORO_19__18_07_13_AutoprideMarchaAtras,20,/datasets/audio/shipsear/train/RORO_19__18_07_13_AutoprideMarchaAtras.wav,300.0,330.0,8,train,RORO,shipsear,outputs/spectrograms/stft/shipsear_clip30_ov0.5_d191918efe/train/8/RORO_19__18_07_13_AutoprideMarchaAtras_c20.png,outputs/spectrograms/mel/shipsear_clip30_ov0.5_d191918efe/train/8/RORO_19__18_07_13_AutoprideMarchaAtras_c20.png,outputs/spectrograms/demon/shipsear_clip30_ov0.5_d191918efe/train/8/RORO_19__18_07_13_AutoprideMarchaAtras_c20.png
RORO_19__18_07_13_AutoprideMarchaAtras,21,/datasets/audio/shipsear/train/RORO_19__18_07_13_AutoprideMarchaAtras.wav,315.0,345.0,8,train,RORO,shipsear,outputs/spectrograms/stft/shipsear_clip30_ov0.5_d191918efe/train/8/RORO_19__18_07_13_AutoprideMarchaAtras_c21.png,outputs/spectrograms/mel/shipsear_clip30_ov0.5_d191918efe/train/8/RORO_19__18_07_13_AutoprideMarchaAtras_c21.png,outputs/spectrograms/demon/shipsear_clip30_ov0.5_d191918efe/train/8/RORO_19__18_07_13_AutoprideMarchaAtras_c21.png
RORO_19__18_07_13_AutoprideMarchaAtras,22,/datasets/audio/shipsear/train/RORO_19__18_07_13_AutoprideMarchaAtras.wav,330.0,360.0,8,train,RORO,shipsear,outputs/spectrograms/stft/shipsear_clip30_ov0.5_d191918efe/train/8/RORO_19__18_07_13_AutoprideMarchaAtras_c22.png,outputs/spectrograms/mel/shipsear_clip30_ov0.5_d191918efe/train/8/RORO_19__18_07_13_AutoprideMarchaAtras_c22.png,outputs/spectrograms/demon/shipsear_clip30_ov0.5_d191918efe/train/8/RORO_19__18_07_13_AutoprideMarchaAtras_c22.png
RORO_19__18_07_13_AutoprideMarchaAtras,23,/datasets/audio/shipsear/train/RORO_19__18_07_13_AutoprideMarchaAtras.wav,344.474646,374.474646,8,train,RORO,shipsear,outputs/spectrograms/stft/shipsear_clip30_ov0.5_d191918efe/train/8/RORO_19__18_07_13_AutoprideMarchaAtras_c23.png,outputs/spectrograms/mel/shipsear_clip30_ov0.5_d191918efe/train/8/RORO_19__18_07_13_AutoprideMarchaAtras_c23.png,outputs/spectrograms/demon/shipsear_clip30_ov0.5_d191918efe/train/8/RORO_19__18_07_13_AutoprideMarchaAtras_c23.png
RORO_20__18_07_13_AutopridePrepManiobra,0,/datasets/audio/shipsear/train/RORO_20__18_07_13_AutopridePrepManiobra.wav,0.0,30.0,8,train,RORO,shipsear,outputs/spectrograms/stft/shipsear_clip30_ov0.5_d191918efe/train/8/RORO_20__18_07_13_AutopridePrepManiobra_c0.png,outputs/spectrograms/mel/shipsear_clip30_ov0.5_d191918efe/train/8/RORO_20__18_07_13_AutopridePrepManiobra_c0.png,outputs/spectrograms/demon/shipsear_clip30_ov0.5_d191918efe/train/8/RORO_20__18_07_13_AutopridePrepManiobra_c0.png
RORO_20__18_07_13_AutopridePrepManiobra,1,/datasets/audio/shipsear/train/RORO_20__18_07_13_AutopridePrepManiobra.wav,0.216976,30.216976,8,train,RORO,shipsear,outputs/spectrograms/stft/shipsear_clip30_ov0.5_d191918efe/train/8/RORO_20__18_07_13_AutopridePrepManiobra_c1.png,outputs/spectrograms/mel/shipsear_clip30_ov0.5_d191918efe/train/8/RORO_20__18_07_13_AutopridePrepManiobra_c1.png,outputs/spectrograms/demon/shipsear_clip30_ov0.5_d191918efe/train/8/RORO_20__18_07_13_AutopridePrepManiobra_c1.png
RORO_58__23_07_13_H2_EimskipReefer_Pesquerito1,0,/datasets/audio/shipsear/train/RORO_58__23_07_13_H2_EimskipReefer_Pesquerito1.wav,0.0,30.0,8,train,RORO,shipsear,outputs/spectrograms/stft/shipsear_clip30_ov0.5_d191918efe/train/8/RORO_58__23_07_13_H2_EimskipReefer_Pesquerito1_c0.png,outputs/spectrograms/mel/shipsear_clip30_ov0.5_d191918efe/train/8/RORO_58__23_07_13_H2_EimskipReefer_Pesquerito1_c0.png,outputs/spectrograms/demon/shipsear_clip30_ov0.5_d191918efe/train/8/RORO_58__23_07_13_H2_EimskipReefer_Pesquerito1_c0.png
RORO_58__23_07_13_H2_EimskipReefer_Pesquerito1,1,/datasets/audio/shipsear/train/RORO_58__23_07_13_H2_EimskipReefer_Pesquerito1.wav,15.0,45.0,8,train,RORO,shipsear,outputs/spectrograms/stft/shipsear_clip30_ov0.5_d191918efe/train/8/RORO_58__23_07_13_H2_EimskipReefer_Pesquerito1_c1.png,outputs/spectrograms/mel/shipsear_clip30_ov0.5_d191918efe/train/8/RORO_58__23_07_13_H2_EimskipReefer_Pesquerito1_c1.png,outputs/spectrograms/demon/shipsear_clip30_ov0.5_d191918efe/train/8/RORO_58__23_07_13_H2_EimskipReefer_Pesquerito1_c1.png
RORO_58__23_07_13_H2_EimskipReefer_Pesquerito1,2,/datasets/audio/shipsear/train/RORO_58__23_07_13_H2_EimskipReefer_Pesquerito1.wav,30.0,60.0,8,train,RORO,shipsear,outputs/spectrograms/stft/shipsear_clip30_ov0.5_d191918efe/train/8/RORO_58__23_07_13_H2_EimskipReefer_Pesquerito1_c2.png,outputs/spectrograms/mel/shipsear_clip30_ov0.5_d191918efe/train/8/RORO_58__23_07_13_H2_EimskipReefer_Pesquerito1_c2.png,outputs/spectrograms/demon/shipsear_clip30_ov0.5_d191918efe/train/8/RORO_58__23_07_13_H2_EimskipReefer_Pesquerito1_c2.png
RORO_58__23_07_13_H2_EimskipReefer_Pesquerito1,3,/datasets/audio/shipsear/train/RORO_58__23_07_13_H2_EimskipReefer_Pesquerito1.wav,45.0,75.0,8,train,RORO,shipsear,outputs/spectrograms/stft/shipsear_clip30_ov0.5_d191918efe/train/8/RORO_58__23_07_13_H2_EimskipReefer_Pesquerito1_c3.png,outputs/spectrograms/mel/shipsear_clip30_ov0.5_d191918efe/train/8/RORO_58__23_07_13_H2_EimskipReefer_Pesquerito1_c3.png,outputs/spectrograms/demon/shipsear_clip30_ov0.5_d191918efe/train/8/RORO_58__23_07_13_H2_EimskipReefer_Pesquerito1_c3.png
RORO_58__23_07_13_H2_EimskipReefer_Pesquerito1,4,/datasets/audio/shipsear/train/RORO_58__23_07_13_H2_EimskipReefer_Pesquerito1.wav,60.0,90.0,8,train,RORO,shipsear,outputs/spectrograms/stft/shipsear_clip30_ov0.5_d191918efe/train/8/RORO_58__23_07_13_H2_EimskipReefer_Pesquerito1_c4.png,outputs/spectrograms/mel/shipsear_clip30_ov0.5_d191918efe/train/8/RORO_58__23_07_13_H2_EimskipReefer_Pesquerito1_c4.png,outputs/spectrograms/demon/shipsear_clip30_ov0.5_d191918efe/train/8/RORO_58__23_07_13_H2_EimskipReefer_Pesquerito1_c4.png
RORO_58__23_07_13_H2_EimskipReefer_Pesquerito1,5,/datasets/audio/shipsear/train/RORO_58__23_07_13_H2_EimskipReefer_Pesquerito1.wav,75.0,105.0,8,train,RORO,shipsear,outputs/spectrograms/stft/shipsear_clip30_ov0.5_d191918efe/train/8/RORO_58__23_07_13_H2_EimskipReefer_Pesquerito1_c5.png,outputs/spectrograms/mel/shipsear_clip30_ov0.5_d191918efe/train/8/RORO_58__23_07_13_H2_EimskipReefer_Pesquerito1_c5.png,outputs/spectrograms/demon/shipsear_clip30_ov0.5_d191918efe/train/8/RORO_58__23_07_13_H2_EimskipReefer_Pesquerito1_c5.png
RORO_58__23_07_13_H2_EimskipReefer_Pesquerito1,6,/datasets/audio/shipsear/train/RORO_58__23_07_13_H2_EimskipReefer_Pesquerito1.wav,90.0,120.0,8,train,RORO,shipsear,outputs/spectrograms/stft/shipsear_clip30_ov0.5_d191918efe/train/8/RORO_58__23_07_13_H2_EimskipReefer_Pesquerito1_c6.png,outputs/spectrograms/mel/shipsear_clip30_ov0.5_d191918efe/train/8/RORO_58__23_07_13_H2_EimskipReefer_Pesquerito1_c6.png,outputs/spectrograms/demon/shipsear_clip30_ov0.5_d191918efe/train/8/RORO_58__23_07_13_H2_EimskipReefer_Pesquerito1_c6.png
RORO_58__23_07_13_H2_EimskipReefer_Pesquerito1,7,/datasets/audio/shipsear/train/RORO_58__23_07_13_H2_EimskipReefer_Pesquerito1.wav,105.0,135.0,8,train,RORO,shipsear,outputs/spectrograms/stft/shipsear_clip30_ov0.5_d191918efe/train/8/RORO_58__23_07_13_H2_EimskipReefer_Pesquerito1_c7.png,outputs/spectrograms/mel/shipsear_clip30_ov0.5_d191918efe/train/8/RORO_58__23_07_13_H2_EimskipReefer_Pesquerito1_c7.png,outputs/spectrograms/demon/shipsear_clip30_ov0.5_d191918efe/train/8/RORO_58__23_07_13_H2_EimskipReefer_Pesquerito1_c7.png
RORO_58__23_07_13_H2_EimskipReefer_Pesquerito1,8,/datasets/audio/shipsear/train/RORO_58__23_07_13_H2_EimskipReefer_Pesquerito1.wav,120.0,150.0,8,train,RORO,shipsear,outputs/spectrograms/stft/shipsear_clip30_ov0.5_d191918efe/train/8/RORO_58__23_07_13_H2_EimskipReefer_Pesquerito1_c8.png,outputs/spectrograms/mel/shipsear_clip30_ov0.5_d191918efe/train/8/RORO_58__23_07_13_H2_EimskipReefer_Pesquerito1_c8.png,outputs/spectrograms/demon/shipsear_clip30_ov0.5_d191918efe/train/8/RORO_58__23_07_13_H2_EimskipReefer_Pesquerito1_c8.png
RORO_58__23_07_13_H2_EimskipReefer_Pesquerito1,9,/datasets/audio/shipsear/train/RORO_58__23_07_13_H2_EimskipReefer_Pesquerito1.wav,135.0,165.0,8,train,RORO,shipsear,outputs/spectrograms/stft/shipsear_clip30_ov0.5_d191918efe/train/8/RORO_58__23_07_13_H2_EimskipReefer_Pesquerito1_c9.png,outputs/spectrograms/mel/shipsear_clip30_ov0.5_d191918efe/train/8/RORO_58__23_07_13_H2_EimskipReefer_Pesquerito1_c9.png,outputs/spectrograms/demon/shipsear_clip30_ov0.5_d191918efe/train/8/RORO_58__23_07_13_H2_EimskipReefer_Pesquerito1_c9.png
RORO_58__23_07_13_H2_EimskipReefer_Pesquerito1,10,/datasets/audio/shipsear/train/RORO_58__23_07_13_H2_EimskipReefer_Pesquerito1.wav,150.0,180.0,8,train,RORO,shipsear,outputs/spectrograms/stft/shipsear_clip30_ov0.5_d191918efe/train/8/RORO_58__23_07_13_H2_EimskipReefer_Pesquerito1_c10.png,outputs/spectrograms/mel/shipsear_clip30_ov0.5_d191918efe/train/8/RORO_58__23_07_13_H2_EimskipReefer_Pesquerito1_c10.png,outputs/spectrograms/demon/shipsear_clip30_ov0.5_d191918efe/train/8/RORO_58__23_07_13_H2_EimskipReefer_Pesquerito1_c10.png
RORO_58__23_07_13_H2_EimskipReefer_Pesquerito1,11,/datasets/audio/shipsear/train/RORO_58__23_07_13_H2_EimskipReefer_Pesquerito1.wav,165.0,195.0,8,train,RORO,shipsear,outputs/spectrograms/stft/shipsear_clip30_ov0.5_d191918efe/train/8/RORO_58__23_07_13_H2_EimskipReefer_Pesquerito1_c11.png,outputs/spectrograms/mel/shipsear_clip30_ov0.5_d191918efe/train/8/RORO_58__23_07_13_H2_EimskipReefer_Pesquerito1_c11.png,outputs/spectrograms/demon/shipsear_clip30_ov0.5_d191918efe/train/8/RORO_58__23_07_13_H2_EimskipReefer_Pesquerito1_c11.png
RORO_58__23_07_13_H2_EimskipReefer_Pesquerito1,12,/datasets/audio/shipsear/train/RORO_58__23_07_13_H2_EimskipReefer_Pesquerito1.wav,180.0,210.0,8,train,RORO,shipsear,outputs/spectrograms/stft/shipsear_clip30_ov0.5_d191918efe/train/8/RORO_58__23_07_13_H2_EimskipReefer_Pesquerito1_c12.png,outputs/spectrograms/mel/shipsear_clip30_ov0.5_d191918efe/train/8/RORO_58__23_07_13_H2_EimskipReefer_Pesquerito1_c12.png,outputs/spectrograms/demon/shipsear_clip30_ov0.5_d191918efe/train/8/RORO_58__23_07_13_H2_EimskipReefer_Pesquerito1_c12.png
RORO_58__23_07_13_H2_EimskipReefer_Pesquerito1,13,/datasets/audio/shipsear/train/RORO_58__23_07_13_H2_EimskipReefer_Pesquerito1.wav,195.0,225.0,8,train,RORO,shipsear,outputs/spectrograms/stft/shipsear_clip30_ov0.5_d191918efe/train/8/RORO_58__23_07_13_H2_EimskipReefer_Pesquerito1_c13.png,outputs/spectrograms/mel/shipsear_clip30_ov0.5_d191918efe/train/8/RORO_58__23_07_13_H2_EimskipReefer_Pesquerito1_c13.png,outputs/spectrograms/demon/shipsear_clip30_ov0.5_d191918efe/train/8/RORO_58__23_07_13_H2_EimskipReefer_Pesquerito1_c13.png
RORO_58__23_07_13_H2_EimskipReefer_Pesquerito1,14,/datasets/audio/shipsear/train/RORO_58__23_07_13_H2_EimskipReefer_Pesquerito1.wav,209.0,239.0,8,train,RORO,shipsear,outputs/spectrograms/stft/shipsear_clip30_ov0.5_d191918efe/train/8/RORO_58__23_07_13_H2_EimskipReefer_Pesquerito1_c14.png,outputs/spectrograms/mel/shipsear_clip30_ov0.5_d191918efe/train/8/RORO_58__23_07_13_H2_EimskipReefer_Pesquerito1_c14.png,outputs/spectrograms/demon/shipsear_clip30_ov0.5_d191918efe/train/8/RORO_58__23_07_13_H2_EimskipReefer_Pesquerito1_c14.png
Sailboat_37__19_07_13_Velero_Sale,0,/datasets/audio/shipsear/train/Sailboat_37__19_07_13_Velero_Sale.wav,0.0,30.0,9,train,Sailboat,shipsear,outputs/spectrograms/stft/shipsear_clip30_ov0.5_d191918efe/train/9/Sailboat_37__19_07_13_Velero_Sale_c0.png,outputs/spectrograms/mel/shipsear_clip30_ov0.5_d191918efe/train/9/Sailboat_37__19_07_13_Velero_Sale_c0.png,outputs/spectrograms/demon/shipsear_clip30_ov0.5_d191918efe/train/9/Sailboat_37__19_07_13_Velero_Sale_c0.png
Sailboat_37__19_07_13_Velero_Sale,1,/datasets/audio/shipsear/train/Sailboat_37__19_07_13_Velero_Sale.wav,13.977624,43.977624,9,train,Sailboat,shipsear,outputs/spectrograms/stft/shipsear_clip30_ov0.5_d191918efe/train/9/Sailboat_37__19_07_13_Velero_Sale_c1.png,outputs/spectrograms/mel/shipsear_clip30_ov0.5_d191918efe/train/9/Sailboat_37__19_07_13_Velero_Sale_c1.png,outputs/spectrograms/demon/shipsear_clip30_ov0.5_d191918efe/train/9/Sailboat_37__19_07_13_Velero_Sale_c1.png
Sailboat_57__23_07_13_H3_velero2,0,/datasets/audio/shipsear/train/Sailboat_57__23_07_13_H3_velero2.wav,0.0,30.0,9,train,Sailboat,shipsear,outputs/spectrograms/stft/shipsear_clip30_ov0.5_d191918efe/train/9/Sailboat_57__23_07_13_H3_velero2_c0.png,outputs/spectrograms/mel/shipsear_clip30_ov0.5_d191918efe/train/9/Sailboat_57__23_07_13_H3_velero2_c0.png,outputs/spectrograms/demon/shipsear_clip30_ov0.5_d191918efe/train/9/Sailboat_57__23_07_13_H3_velero2_c0.png
Sailboat_68__23_07_13_H3_veleroMarisol,0,/datasets/audio/shipsear/train/Sailboat_68__23_07_13_H3_veleroMarisol.wav,0.0,30.0,9,train,Sailboat,shipsear,outputs/spectrograms/stft/shipsear_clip30_ov0.5_d191918efe/train/9/Sailboat_68__23_07_13_H3_veleroMarisol_c0.png,outputs/spectrograms/mel/shipsear_clip30_ov0.5_d191918efe/train/9/Sailboat_68__23_07_13_H3_veleroMarisol_c0.png,outputs/spectrograms/demon/shipsear_clip30_ov0.5_d191918efe/train/9/Sailboat_68__23_07_13_H3_veleroMarisol_c0.png
Sailboat_68__23_07_13_H3_veleroMarisol,1,/datasets/audio/shipsear/train/Sailboat_68__23_07_13_H3_veleroMarisol.wav,15.0,45.0,9,train,Sailboat,shipsear,outputs/spectrograms/stft/shipsear_clip30_ov0.5_d191918efe/train/9/Sailboat_68__23_07_13_H3_veleroMarisol_c1.png,outputs/spectrograms/mel/shipsear_clip30_ov0.5_d191918efe/train/9/Sailboat_68__23_07_13_H3_veleroMarisol_c1.png,outputs/spectrograms/demon/shipsear_clip30_ov0.5_d191918efe/train/9/Sailboat_68__23_07_13_H3_veleroMarisol_c1.png
Sailboat_68__23_07_13_H3_veleroMarisol,2,/datasets/audio/shipsear/train/Sailboat_68__23_07_13_H3_veleroMarisol.wav,30.0,60.0,9,train,Sailboat,shipsear,outputs/spectrograms/stft/shipsear_clip30_ov0.5_d191918efe/train/9/Sailboat_68__23_07_13_H3_veleroMarisol_c2.png,outputs/spectrograms/mel/shipsear_clip30_ov0.5_d191918efe/train/9/Sailboat_68__23_07_13_H3_veleroMarisol_c2.png,outputs/spectrograms/demon/shipsear_clip30_ov0.5_d191918efe/train/9/Sailboat_68__23_07_13_H3_veleroMarisol_c2.png
Sailboat_68__23_07_13_H3_veleroMarisol,3,/datasets/audio/shipsear/train/Sailboat_68__23_07_13_H3_veleroMarisol.wav,45.0,75.0,9,train,Sailboat,shipsear,outputs/spectrograms/stft/shipsear_clip30_ov0.5_d191918efe/train/9/Sailboat_68__23_07_13_H3_veleroMarisol_c3.png,outputs/spectrograms/mel/shipsear_clip30_ov0.5_d191918efe/train/9/Sailboat_68__23_07_13_H3_veleroMarisol_c3.png,outputs/spectrograms/demon/shipsear_clip30_ov0.5_d191918efe/train/9/Sailboat_68__23_07_13_H3_veleroMarisol_c3.png
Sailboat_68__23_07_13_H3_veleroMarisol,4,/datasets/audio/shipsear/train/Sailboat_68__23_07_13_H3_veleroMarisol.wav,60.0,90.0,9,train,Sailboat,shipsear,outputs/spectrograms/stft/shipsear_clip30_ov0.5_d191918efe/train/9/Sailboat_68__23_07_13_H3_veleroMarisol_c4.png,outputs/spectrograms/mel/shipsear_clip30_ov0.5_d191918efe/train/9/Sailboat_68__23_07_13_H3_veleroMarisol_c4.png,outputs/spectrograms/demon/shipsear_clip30_ov0.5_d191918efe/train/9/Sailboat_68__23_07_13_H3_veleroMarisol_c4.png
Sailboat_68__23_07_13_H3_veleroMarisol,5,/datasets/audio/shipsear/train/Sailboat_68__23_07_13_H3_veleroMarisol.wav,75.0,105.0,9,train,Sailboat,shipsear,outputs/spectrograms/stft/shipsear_clip30_ov0.5_d191918efe/train/9/Sailboat_68__23_07_13_H3_veleroMarisol_c5.png,outputs/spectrograms/mel/shipsear_clip30_ov0.5_d191918efe/train/9/Sailboat_68__23_07_13_H3_veleroMarisol_c5.png,outputs/spectrograms/demon/shipsear_clip30_ov0.5_d191918efe/train/9/Sailboat_68__23_07_13_H3_veleroMarisol_c5.png
Sailboat_68__23_07_13_H3_veleroMarisol,6,/datasets/audio/shipsear/train/Sailboat_68__23_07_13_H3_veleroMarisol.wav,90.0,120.0,9,train,Sailboat,shipsear,outputs/spectrograms/stft/shipsear_clip30_ov0.5_d191918efe/train/9/Sailboat_68__23_07_13_H3_veleroMarisol_c6.png,outputs/spectrograms/mel/shipsear_clip30_ov0.5_d191918efe/train/9/Sailboat_68__23_07_13_H3_veleroMarisol_c6.png,outputs/spectrograms/demon/shipsear_clip30_ov0.5_d191918efe/train/9/Sailboat_68__23_07_13_H3_veleroMarisol_c6.png
Sailboat_68__23_07_13_H3_veleroMarisol,7,/datasets/audio/shipsear/train/Sailboat_68__23_07_13_H3_veleroMarisol.wav,105.0,135.0,9,train,Sailboat,shipsear,outputs/spectrograms/stft/shipsear_clip30_ov0.5_d191918efe/train/9/Sailboat_68__23_07_13_H3_veleroMarisol_c7.png,outputs/spectrograms/mel/shipsear_clip30_ov0.5_d191918efe/train/9/Sailboat_68__23_07_13_H3_veleroMarisol_c7.png,outputs/spectrograms/demon/shipsear_clip30_ov0.5_d191918efe/train/9/Sailboat_68__23_07_13_H3_veleroMarisol_c7.png
Sailboat_68__23_07_13_H3_veleroMarisol,8,/datasets/audio/shipsear/train/Sailboat_68__23_07_13_H3_veleroMarisol.wav,120.0,150.0,9,train,Sailboat,shipsear,outputs/spectrograms/stft/shipsear_clip30_ov0.5_d191918efe/train/9/Sailboat_68__23_07_13_H3_veleroMarisol_c8.png,outputs/spectrograms/mel/shipsear_clip30_ov0.5_d191918efe/train/9/Sailboat_68__23_07_13_H3_veleroMarisol_c8.png,outputs/spectrograms/demon/shipsear_clip30_ov0.5_d191918efe/train/9/Sailboat_68__23_07_13_H3_veleroMarisol_c8.png
Sailboat_68__23_07_13_H3_veleroMarisol,9,/datasets/audio/shipsear/train/Sailboat_68__23_07_13_H3_veleroMarisol.wav,135.0,165.0,9,train,Sailboat,shipsear,outputs/spectrograms/stft/shipsear_clip30_ov0.5_d191918efe/train/9/Sailboat_68__23_07_13_H3_veleroMarisol_c9.png,outputs/spectrograms/mel/shipsear_clip30_ov0.5_d191918efe/train/9/Sailboat_68__23_07_13_H3_veleroMarisol_c9.png,outputs/spectrograms/demon/shipsear_clip30_ov0.5_d191918efe/train/9/Sailboat_68__23_07_13_H3_veleroMarisol_c9.png
Sailboat_68__23_07_13_H3_veleroMarisol,10,/datasets/audio/shipsear/train/Sailboat_68__23_07_13_H3_veleroMarisol.wav,150.0,180.0,9,train,Sailboat,shipsear,outputs/spectrograms/stft/shipsear_clip30_ov0.5_d191918efe/train/9/Sailboat_68__23_07_13_H3_veleroMarisol_c10.png,outputs/spectrograms/mel/shipsear_clip30_ov0.5_d191918efe/train/9/Sailboat_68__23_07_13_H3_veleroMarisol_c10.png,outputs/spectrograms/demon/shipsear_clip30_ov0.5_d191918efe/train/9/Sailboat_68__23_07_13_H3_veleroMarisol_c10.png
Sailboat_68__23_07_13_H3_veleroMarisol,11,/datasets/audio/shipsear/train/Sailboat_68__23_07_13_H3_veleroMarisol.wav,165.0,195.0,9,train,Sailboat,shipsear,outputs/spectrograms/stft/shipsear_clip30_ov0.5_d191918efe/train/9/Sailboat_68__23_07_13_H3_veleroMarisol_c11.png,outputs/spectrograms/mel/shipsear_clip30_ov0.5_d191918efe/train/9/Sailboat_68__23_07_13_H3_veleroMarisol_c11.png,outputs/spectrograms/demon/shipsear_clip30_ov0.5_d191918efe/train/9/Sailboat_68__23_07_13_H3_veleroMarisol_c11.png
Sailboat_68__23_07_13_H3_veleroMarisol,12,/datasets/audio/shipsear/train/Sailboat_68__23_07_13_H3_veleroMarisol.wav,180.0,210.0,9,train,Sailboat,shipsear,outputs/spectrograms/stft/shipsear_clip30_ov0.5_d191918efe/train/9/Sailboat_68__23_07_13_H3_veleroMarisol_c12.png,outputs/spectrograms/mel/shipsear_clip30_ov0.5_d191918efe/train/9/Sailboat_68__23_07_13_H3_veleroMarisol_c12.png,outputs/spectrograms/demon/shipsear_clip30_ov0.5_d191918efe/train/9/Sailboat_68__23_07_13_H3_veleroMarisol_c12.png
Sailboat_68__23_07_13_H3_veleroMarisol,13,/datasets/audio/shipsear/train/Sailboat_68__23_07_13_H3_veleroMarisol.wav,195.0,225.0,9,train,Sailboat,shipsear,outputs/spectrograms/stft/shipsear_clip30_ov0.5_d191918efe/train/9/Sailboat_68__23_07_13_H3_veleroMarisol_c13.png,outputs/spectrograms/mel/shipsear_clip30_ov0.5_d191918efe/train/9/Sailboat_68__23_07_13_H3_veleroMarisol_c13.png,outputs/spectrograms/demon/shipsear_clip30_ov0.5_d191918efe/train/9/Sailboat_68__23_07_13_H3_veleroMarisol_c13.png
Sailboat_68__23_07_13_H3_veleroMarisol,14,/datasets/audio/shipsear/train/Sailboat_68__23_07_13_H3_veleroMarisol.wav,210.0,240.0,9,train,Sailboat,shipsear,outputs/spectrograms/stft/shipsear_clip30_ov0.5_d191918efe/train/9/Sailboat_68__23_07_13_H3_veleroMarisol_c14.png,outputs/spectrograms/mel/shipsear_clip30_ov0.5_d191918efe/train/9/Sailboat_68__23_07_13_H3_veleroMarisol_c14.png,outputs/spectrograms/demon/shipsear_clip30_ov0.5_d191918efe/train/9/Sailboat_68__23_07_13_H3_veleroMarisol_c14.png
Sailboat_68__23_07_13_H3_veleroMarisol,15,/datasets/audio/shipsear/train/Sailboat_68__23_07_13_H3_veleroMarisol.wav,225.0,255.0,9,train,Sailboat,shipsear,outputs/spectrograms/stft/shipsear_clip30_ov0.5_d191918efe/train/9/Sailboat_68__23_07_13_H3_veleroMarisol_c15.png,outputs/spectrograms/mel/shipsear_clip30_ov0.5_d191918efe/train/9/Sailboat_68__23_07_13_H3_veleroMarisol_c15.png,outputs/spectrograms/demon/shipsear_clip30_ov0.5_d191918efe/train/9/Sailboat_68__23_07_13_H3_veleroMarisol_c15.png
Sailboat_68__23_07_13_H3_veleroMarisol,16,/datasets/audio/shipsear/train/Sailboat_68__23_07_13_H3_veleroMarisol.wav,240.0,270.0,9,train,Sailboat,shipsear,outputs/spectrograms/stft/shipsear_clip30_ov0.5_d191918efe/train/9/Sailboat_68__23_07_13_H3_veleroMarisol_c16.png,outputs/spectrograms/mel/shipsear_clip30_ov0.5_d191918efe/train/9/Sailboat_68__23_07_13_H3_veleroMarisol_c16.png,outputs/spectrograms/demon/shipsear_clip30_ov0.5_d191918efe/train/9/Sailboat_68__23_07_13_H3_veleroMarisol_c16.png
Sailboat_68__23_07_13_H3_veleroMarisol,17,/datasets/audio/shipsear/train/Sailboat_68__23_07_13_H3_veleroMarisol.wav,255.0,285.0,9,train,Sailboat,shipsear,outputs/spectrograms/stft/shipsear_clip30_ov0.5_d191918efe/train/9/Sailboat_68__23_07_13_H3_veleroMarisol_c17.png,outputs/spectrograms/mel/shipsear_clip30_ov0.5_d191918efe/train/9/Sailboat_68__23_07_13_H3_veleroMarisol_c17.png,outputs/spectrograms/demon/shipsear_clip30_ov0.5_d191918efe/train/9/Sailboat_68__23_07_13_H3_veleroMarisol_c17.png
Sailboat_68__23_07_13_H3_veleroMarisol,18,/datasets/audio/shipsear/train/Sailboat_68__23_07_13_H3_veleroMarisol.wav,267.0,297.0,9,train,Sailboat,shipsear,outputs/spectrograms/stft/shipsear_clip30_ov0.5_d191918efe/train/9/Sailboat_68__23_07_13_H3_veleroMarisol_c18.png,outputs/spectrograms/mel/shipsear_clip30_ov0.5_d191918efe/train/9/Sailboat_68__23_07_13_H3_veleroMarisol_c18.png,outputs/spectrograms/demon/shipsear_clip30_ov0.5_d191918efe/train/9/Sailboat_68__23_07_13_H3_veleroMarisol_c18.png
Trawler_28__19_07_13_NuevoRiaAldan_train,0,/datasets/audio/shipsear/train/Trawler_28__19_07_13_NuevoRiaAldan_train.wav,0.0,30.0,10,train,Trawler,shipsear,outputs/spectrograms/stft/shipsear_clip30_ov0.5_d191918efe/train/10/Trawler_28__19_07_13_NuevoRiaAldan_train_c0.png,outputs/spectrograms/mel/shipsear_clip30_ov0.5_d191918efe/train/10/Trawler_28__19_07_13_NuevoRiaAldan_train_c0.png,outputs/spectrograms/demon/shipsear_clip30_ov0.5_d191918efe/train/10/Trawler_28__19_07_13_NuevoRiaAldan_train_c0.png
Trawler_28__19_07_13_NuevoRiaAldan_train,1,/datasets/audio/shipsear/train/Trawler_28__19_07_13_NuevoRiaAldan_train.wav,15.0,45.0,10,train,Trawler,shipsear,outputs/spectrograms/stft/shipsear_clip30_ov0.5_d191918efe/train/10/Trawler_28__19_07_13_NuevoRiaAldan_train_c1.png,outputs/spectrograms/mel/shipsear_clip30_ov0.5_d191918efe/train/10/Trawler_28__19_07_13_NuevoRiaAldan_train_c1.png,outputs/spectrograms/demon/shipsear_clip30_ov0.5_d191918efe/train/10/Trawler_28__19_07_13_NuevoRiaAldan_train_c1.png
Trawler_28__19_07_13_NuevoRiaAldan_train,2,/datasets/audio/shipsear/train/Trawler_28__19_07_13_NuevoRiaAldan_train.wav,30.0,60.0,10,train,Trawler,shipsear,outputs/spectrograms/stft/shipsear_clip30_ov0.5_d191918efe/train/10/Trawler_28__19_07_13_NuevoRiaAldan_train_c2.png,outputs/spectrograms/mel/shipsear_clip30_ov0.5_d191918efe/train/10/Trawler_28__19_07_13_NuevoRiaAldan_train_c2.png,outputs/spectrograms/demon/shipsear_clip30_ov0.5_d191918efe/train/10/Trawler_28__19_07_13_NuevoRiaAldan_train_c2.png
Trawler_28__19_07_13_NuevoRiaAldan_train,3,/datasets/audio/shipsear/train/Trawler_28__19_07_13_NuevoRiaAldan_train.wav,45.0,75.0,10,train,Trawler,shipsear,outputs/spectrograms/stft/shipsear_clip30_ov0.5_d191918efe/train/10/Trawler_28__19_07_13_NuevoRiaAldan_train_c3.png,outputs/spectrograms/mel/shipsear_clip30_ov0.5_d191918efe/train/10/Trawler_28__19_07_13_NuevoRiaAldan_train_c3.png,outputs/spectrograms/demon/shipsear_clip30_ov0.5_d191918efe/train/10/Trawler_28__19_07_13_NuevoRiaAldan_train_c3.png
Trawler_28__19_07_13_NuevoRiaAldan_train,4,/datasets/audio/shipsear/train/Trawler_28__19_07_13_NuevoRiaAldan_train.wav,60.0,90.0,10,train,Trawler,shipsear,outputs/spectrograms/stft/shipsear_clip30_ov0.5_d191918efe/train/10/Trawler_28__19_07_13_NuevoRiaAldan_train_c4.png,outputs/spectrograms/mel/shipsear_clip30_ov0.5_d191918efe/train/10/Trawler_28__19_07_13_NuevoRiaAldan_train_c4.png,outputs/spectrograms/demon/shipsear_clip30_ov0.5_d191918efe/train/10/Trawler_28__19_07_13_NuevoRiaAldan_train_c4.png
Trawler_28__19_07_13_NuevoRiaAldan_train,5,/datasets/audio/shipsear/train/Trawler_28__19_07_13_NuevoRiaAldan_train.wav,75.0,105.0,10,train,Trawler,shipsear,outputs/spectrograms/stft/shipsear_clip30_ov0.5_d191918efe/train/10/Trawler_28__19_07_13_NuevoRiaAldan_train_c5.png,outputs/spectrograms/mel/shipsear_clip30_ov0.5_d191918efe/train/10/Trawler_28__19_07_13_NuevoRiaAldan_train_c5.png,outputs/spectrograms/demon/shipsear_clip30_ov0.5_d191918efe/train/10/Trawler_28__19_07_13_NuevoRiaAldan_train_c5.png
Trawler_28__19_07_13_NuevoRiaAldan_train,6,/datasets/audio/shipsear/train/Trawler_28__19_07_13_NuevoRiaAldan_train.wav,80.0,110.0,10,train,Trawler,shipsear,outputs/spectrograms/stft/shipsear_clip30_ov0.5_d191918efe/train/10/Trawler_28__19_07_13_NuevoRiaAldan_train_c6.png,outputs/spectrograms/mel/shipsear_clip30_ov0.5_d191918efe/train/10/Trawler_28__19_07_13_NuevoRiaAldan_train_c6.png,outputs/spectrograms/demon/shipsear_clip30_ov0.5_d191918efe/train/10/Trawler_28__19_07_13_NuevoRiaAldan_train_c6.png
Tugboat_15__10_07_13_radaUno_Pasa,0,/datasets/audio/shipsear/train/Tugboat_15__10_07_13_radaUno_Pasa.wav,0.0,30.0,11,train,Tugboat,shipsear,outputs/spectrograms/stft/shipsear_clip30_ov0.5_d191918efe/train/11/Tugboat_15__10_07_13_radaUno_Pasa_c0.png,outputs/spectrograms/mel/shipsear_clip30_ov0.5_d191918efe/train/11/Tugboat_15__10_07_13_radaUno_Pasa_c0.png,outputs/spectrograms/demon/shipsear_clip30_ov0.5_d191918efe/train/11/Tugboat_15__10_07_13_radaUno_Pasa_c0.png
Tugboat_15__10_07_13_radaUno_Pasa,1,/datasets/audio/shipsear/train/Tugboat_15__10_07_13_radaUno_Pasa.wav,15.0,45.0,11,train,Tugboat,shipsear,outputs/spectrograms/stft/shipsear_clip30_ov0.5_d191918efe/train/11/Tugboat_15__10_07_13_radaUno_Pasa_c1.png,outputs/spectrograms/mel/shipsear_clip30_ov0.5_d191918efe/train/11/Tugboat_15__10_07_13_radaUno_Pasa_c1.png,outputs/spectrograms/demon/shipsear_clip30_ov0.5_d191918efe/train/11/Tugboat_15__10_07_13_radaUno_Pasa_c1.png
Tugboat_15__10_07_13_radaUno_Pasa,2,/datasets/audio/shipsear/train/Tugboat_15__10_07_13_radaUno_Pasa.wav,30.0,60.0,11,train,Tugboat,shipsear,outputs/spectrograms/stft/shipsear_clip30_ov0.5_d191918efe/train/11/Tugboat_15__10_07_13_radaUno_Pasa_c2.png,outputs/spectrograms/mel/shipsear_clip30_ov0.5_d191918efe/train/11/Tugboat_15__10_07_13_radaUno_Pasa_c2.png,outputs/spectrograms/demon/shipsear_clip30_ov0.5_d191918efe/train/11/Tugboat_15__10_07_13_radaUno_Pasa_c2.png
Tugboat_15__10_07_13_radaUno_Pasa,3,/datasets/audio/shipsear/train/Tugboat_15__10_07_13_radaUno_Pasa.wav,45.0,75.0,11,train,Tugboat,shipsear,outputs/spectrograms/stft/shipsear_clip30_ov0.5_d191918efe/train/11/Tugboat_15__10_07_13_radaUno_Pasa_c3.png,outputs/spectrograms/mel/shipsear_clip30_ov0.5_d191918efe/train/11/Tugboat_15__10_07_13_radaUno_Pasa_c3.png,outputs/spectrograms/demon/shipsear_clip30_ov0.5_d191918efe/train/11/Tugboat_15__10_07_13_radaUno_Pasa_c3.png
Tugboat_15__10_07_13_radaUno_Pasa,4,/datasets/audio/shipsear/train/Tugboat_15__10_07_13_radaUno_Pasa.wav,60.0,90.0,11,train,Tugboat,shipsear,outputs/spectrograms/stft/shipsear_clip30_ov0.5_d191918efe/train/11/Tugboat_15__10_07_13_radaUno_Pasa_c4.png,outputs/spectrograms/mel/shipsear_clip30_ov0.5_d191918efe/train/11/Tugboat_15__10_07_13_radaUno_Pasa_c4.png,outputs/spectrograms/demon/shipsear_clip30_ov0.5_d191918efe/train/11/Tugboat_15__10_07_13_radaUno_Pasa_c4.png
Tugboat_15__10_07_13_radaUno_Pasa,5,/datasets/audio/shipsear/train/Tugboat_15__10_07_13_radaUno_Pasa.wav,75.0,105.0,11,train,Tugboat,shipsear,outputs/spectrograms/stft/shipsear_clip30_ov0.5_d191918efe/train/11/Tugboat_15__10_07_13_radaUno_Pasa_c5.png,outputs/spectrograms/mel/shipsear_clip30_ov0.5_d191918efe/train/11/Tugboat_15__10_07_13_radaUno_Pasa_c5.png,outputs/spectrograms/demon/shipsear_clip30_ov0.5_d191918efe/train/11/Tugboat_15__10_07_13_radaUno_Pasa_c5.png
Tugboat_15__10_07_13_radaUno_Pasa,6,/datasets/audio/shipsear/train/Tugboat_15__10_07_13_radaUno_Pasa.wav,90.0,120.0,11,train,Tugboat,shipsear,outputs/spectrograms/stft/shipsear_clip30_ov0.5_d191918efe/train/11/Tugboat_15__10_07_13_radaUno_Pasa_c6.png,outputs/spectrograms/mel/shipsear_clip30_ov0.5_d191918efe/train/11/Tugboat_15__10_07_13_radaUno_Pasa_c6.png,outputs/spectrograms/demon/shipsear_clip30_ov0.5_d191918efe/train/11/Tugboat_15__10_07_13_radaUno_Pasa_c6.png
Tugboat_15__10_07_13_radaUno_Pasa,7,/datasets/audio/shipsear/train/Tugboat_15__10_07_13_radaUno_Pasa.wav,105.0,135.0,11,train,Tugboat,shipsear,outputs/spectrograms/stft/shipsear_clip30_ov0.5_d191918efe/train/11/Tugboat_15__10_07_13_radaUno_Pasa_c7.png,outputs/spectrograms/mel/shipsear_clip30_ov0.5_d191918efe/train/11/Tugboat_15__10_07_13_radaUno_Pasa_c7.png,outputs/spectrograms/demon/shipsear_clip30_ov0.5_d191918efe/train/11/Tugboat_15__10_07_13_radaUno_Pasa_c7.png
Tugboat_15__10_07_13_radaUno_Pasa,8,/datasets/audio/shipsear/train/Tugboat_15__10_07_13_radaUno_Pasa.wav,112.721242,142.721242,11,train,Tugboat,shipsear,outputs/spectrograms/stft/shipsear_clip30_ov0.5_d191918efe/train/11/Tugboat_15__10_07_13_radaUno_Pasa_c8.png,outputs/spectrograms/mel/shipsear_clip30_ov0.5_d191918efe/train/11/Tugboat_15__10_07_13_radaUno_Pasa_c8.png,outputs/spectrograms/demon/shipsear_clip30_ov0.5_d191918efe/train/11/Tugboat_15__10_07_13_radaUno_Pasa_c8.png
